id,smiles,preds_above_cutoff
CHEMBL1096896,CCNC(=O)[C@H]1O[C@@H](n2cnc3c(NCC(c4ccccc4)c4ccccc4)nc(C(=O)NCCNC(=O)NC4CCN(c5ccccn5)CC4)nc32)[C@H](O)[C@@H]1O,"['Adenosine A2a receptor', 'Adenosine A1 receptor']"
CHEMBL1200869,Cc1ncc([N+](=O)[O-])n1CCO.Cl,['Thioredoxin reductase']
CHEMBL1201190,Cl.Cl.O=C(O)COCCN1CCN([C@H](c2ccccc2)c2ccc(Cl)cc2)CC1,[]
CHEMBL1205,CS(=O)(=O)O.Cc1c(O)cccc1C(=O)N[C@@H](CSc1ccccc1)[C@H](O)CN1C[C@H]2CCCC[C@H]2C[C@H]1C(=O)NC(C)(C)C,[]
CHEMBL1237124,C=C1c2c(Cl)ccc(O)c2C(=O)C2=C(O)[C@]3(O)C(=O)C(C(N)=O)=C(O)[C@@H](N(C)C)[C@@H]3[C@@H](O)[C@H]12,['Multidrug translocase mdfA']
CHEMBL126075,COc1cc(C(=O)OCCCN2CCCN(CCCOC(=O)c3cc(OC)c(OC)c(OC)c3)CC2)cc(OC)c1OC,['Equilibrative nucleoside transporter 2']
CHEMBL127592,CN(C(=O)CN(CCO)CC(=O)N(C)C(C)(C)Cc1ccccc1)C(C)(C)Cc1ccccc1,[]
CHEMBL1419,CC(C)CC(N(C)C)C1(c2ccc(Cl)cc2)CCC1,"['Serotonin transporter', 'Norepinephrine transporter', 'Dopamine transporter']"
CHEMBL1633,CN1CCC(=C2c3ccccc3CC(=O)c3sccc32)CC1.O=C(O)/C=C/C(=O)O,[]
CHEMBL1908841,Nc1nc(=O)c2c([nH]1)NC[C@H](CNc1ccc(C(=O)N[C@@H](CCC(=O)O)C(=O)O)cc1)N2C=O,['GAR transformylase']
CHEMBL2010601,CC(C)(C)c1cc(C(C)(C)C)c(NC(=O)c2c[nH]c3ccccc3c2=O)cc1O,['NRK-49F']
CHEMBL2064032,CNCc1cc(-c2ccccc2F)n(S(=O)(=O)c2cccnc2)c1.O=C(O)/C=C/C(=O)O,[]
CHEMBL2107011,COc1cc2[nH]c(C)c(CCN3CCN(c4ccccc4)CC3)c2cc1OC,[]
CHEMBL2387541,CCCc1cc(O)c2c(c1)OC(C)(C)[C@@H]1CCC(C)=C[C@@H]21,"['Cannabinoid CB2 receptor', 'Cannabinoid CB1 receptor', 'Cannabinoid CB2 receptor', 'Transient receptor potential cation channel subfamily V member 2', 'Cannabinoid receptor', 'Transient receptor potential cation channel subfamily V member 2']"
CHEMBL3137327,CC/C=C\C/C=C\C/C=C\C/C=C\C/C=C\C/C=C\CCC(=O)O.CC/C=C\C/C=C\C/C=C\C/C=C\C/C=C\CCCC(=O)O.CC/C=C\C/C=C\C/C=C\C/C=C\C/C=C\CCCCC(=O)O.CC/C=C\C/C=C\C/C=C\C/C=C\C/C=C\CCCCCC(=O)O.CC/C=C\C/C=C\C/C=C\C/C=C\CCCCCCC(=O)O.CC/C=C\C/C=C\C/C=C\CCCCCCCC(=O)O.CCCCC/C=C\C/C=C\C/C=C\C/C=C\C/C=C\CCC(=O)O.CCCCC/C=C\C/C=C\C/C=C\CCCCC(=O)O.CCCCC/C=C\C/C=C\CCCCCCCC(=O)O,[]
CHEMBL3833371,CC(C)OC(=O)[C@@H](C)N[P@@](=O)(OC[C@H]1O[C@@H](n2ccc(=O)[nH]c2=O)[C@](C)(Cl)[C@@H]1O)Oc1ccccc1,['Hepatitis C virus']
CHEMBL3948730,CC(C)Oc1ccc(-c2nn([C@@H](C)c3oc4ccc(F)cc4c(=O)c3-c3cccc(F)c3)c3ncnc(N)c23)cc1F,[]
CHEMBL3989731,C[C@H](N)Cc1cccc(O)c1,[]
CHEMBL4297288,Cc1ccc(=O)n(-c2ccc(O)cc2)c1,['Macrophage migration inhibitory factor']
CHEMBL4297392,O=C(NCc1ccc(Oc2ccccc2)cc1)c1nc(-c2cc(Br)c(O)c(Br)c2)no1,[]
CHEMBL4297495,C[N+](C)(C)CCOP(=O)([O-])OCCCCCCCCCCCCCCCCCCc1ccc([131I])cc1,[]
CHEMBL4526356,C[C@]12CC[C@@H]3c4ccc(B(O)O)cc4C[C@@H](CCCCCCCCC[S+]([O-])CCCC(F)(F)C(F)(F)F)[C@H]3[C@@H]1CC[C@@H]2O,[]
CHEMBL46058,CCCl,['Pectobacterium carotovorum']
CHEMBL46286,COC(=O)C[C@](O)(CCCC(C)(C)O)C(=O)O[C@@H]1C(OC)=C[C@]23CCCN2CCc2cc4c(cc2[C@H]13)OCO4,"['A549', 'OVCAR-3']"
CHEMBL4650215,C[C@H](Nc1ccc2c(c1)OCCn1cc(N3C(=O)OC[C@H]3C(F)F)nc1-2)C(N)=O,[]
CHEMBL4650368,COc1ncc(C)c(-c2ccc3c(c2)[nH]c(=O)c2cnn([C@H]4CCOC4)c23)c1C,"[""High affinity cGMP-specific 3',5'-cyclic phosphodiesterase 9A""]"
CHEMBL470670,CC(C)[C@@H]1CC[C@@H](C)C[C@H]1O,[]
CHEMBL477772,Cc1ccc(Nc2nccc(N(C)c3ccc4c(C)n(C)nc4c3)n2)cc1S(N)(=O)=O,"['Vascular endothelial growth factor receptor 2', 'HUVEC', 'Fibroblast growth factor receptor 3', 'Platelet-derived growth factor receptor beta', 'Platelet-derived growth factor receptor alpha', 'Dual specificity mitogen-activated protein kinase kinase 1', '3-phosphoinositide dependent protein kinase-1', 'Ephrin type-B receptor 4', 'Tyrosine-protein kinase YES', 'Proto-oncogene tyrosine-protein kinase MER', 'Proto-oncogene tyrosine-protein kinase ROS', 'Serine/threonine-protein kinase PAK 1', 'HGC-27', 'Serine/threonine-protein kinase MST1', 'KG-1', 'Tyrosine-protein kinase BRK', 'Serine/threonine-protein kinase 10', 'J82', 'Tyrosine-protein kinase FGR', 'Tyrosine-protein kinase ABL2', 'NUAK family SNF1-like kinase 1', 'C8166', 'Tyrosine-protein kinase TXK', 'U-266', 'Tyrosine-protein kinase TEC', 'TGF-beta receptor type II', 'Ephrin type-A receptor 4', 'SK-MES-1', 'Ephrin type-B receptor 2', 'Mitogen-activated protein kinase; ERK1/ERK2', 'MSTO-211H', 'Serine/threonine-protein kinase SIK2', 'RT-112', 'NCI-H2122', 'DU-4475', 'SK-LU-1', 'UMUC3', 'AN3-CA', 'CFPAC-1', 'KU812 cell line', 'LAMA-84', 'Calu-6', 'NOMO-1', 'Serine/threonine-protein kinase SIK1', 'Bone morphogenetic protein receptor type-1A', 'MAP/microtubule affinity-regulating kinase 4', 'Ca9-22', 'NOS-1', 'HuTu80', 'KS-1', 'SW 954', 'NUAK family SNF1-like kinase 2', 'BB30-HNC', 'SNU-423', 'TE-8', 'LXF-289 cell line', 'KGN', 'ETK-1', 'A4-Fuk', 'Dual specificity mitogen-activated protein kinase kinase 6', 'SW872', 'SH-4', 'EM-2', 'SW 962', 'MZ1-PC', 'Tyrosine-protein kinase LCK', 'GB-1', 'CGTH-W-1', 'GI-1', 'NCI-H747', 'HH', 'SF-126', 'VA-ES-BJ', 'SW780', 'RT-4', 'ES6', 'Tyrosine-protein kinase CTK', 'NMC-G1', 'MZ2-MEL', 'SW1088', 'MLMA', 'A704', 'LB831-BLC', 'HOS-TE85', 'Mitogen-activated protein kinase kinase kinase 10', 'K5', 'A204', 'HCE-4', 'c-Jun N-terminal kinase 3', 'C2BBe1', 'C-33-A', 'D-263MG', 'MZ7-mel', 'MPP-89', 'SK-N-FI', 'MeWo', 'GAMG', 'KALS-1', 'HCC2218', 'TGBC1TKB', 'D-502MG', 'MFH-ino', 'CAS-1', 'TE-15', 'LB771-HNC', 'MC-IXC', 'CAL-54', 'Serine/threonine-protein kinase NEK9', 'Activin receptor type-2A', 'PF-382', 'HMV-2 cell line', 'ESS-1', 'NCI-H2170', 'GDM-1', 'IST-SL2', 'D-247MG', 'D-336MG', 'CP66-MEL', 'Serine/threonine-protein kinase 36', 'RL95-2', 'SK-MEL-24', 'Multidrug resistance-associated protein 4', 'LB373-MEL-D', 'HCC1395', 'NCI-H1573', 'DK-MG', 'Dual specificity testis-specific protein kinase 1', 'EW-24', 'SK-CO-1', 'SW684', 'EHEB', 'EB2', 'CCF-STTG1', 'Activin receptor type-2B', 'EB-3', 'cAMP-dependent protein kinase beta-1 catalytic subunit', 'HT55', 'Ferrochelatase, mitochondrial', 'MFE-296', 'BOKU', 'Phosphatidylinositol-4-phosphate 3-kinase C2 domain-containing subunit gamma', 'TT', 'TI-73', 'SW948', 'ECC10', 'Serine/threonine-protein kinase Nek5', 'Wee1-like protein kinase 2', 'NCI-H716', 'Serine/threonine-protein kinase Nek11', 'Uncharacterized aarF domain-containing protein kinase 1', 'Mixed lineage kinase domain-like protein', 'Cyclin-dependent kinase-like 1', 'cAMP-dependent protein kinase, gamma catalytic subunit', 'KBM5', 'Cereblon/BCR/ABL', 'GIST882', 'Renca', 'Cyclin A2', 'DOPA decarboxylase']"
CHEMBL4802156,CC(=O)N(C)C1CCN(c2cccc(-c3ccc4nc(-c5cccnc5N)n(-c5ccc(C6(N)CCC6)cc5)c4n3)c2)CC1,['Serine/threonine-protein kinase AKT']
CHEMBL598797,C#Cc1cccc(Nc2ncnc3cc(OC)c(OCCCCCCC(=O)NO)cc23)c1,['Epidermal growth factor receptor erbB1']
CHEMBL608533,CO[C@@H]1[C@H](N(C)C(=O)c2ccccc2)C[C@H]2O[C@]1(C)n1c3ccccc3c3c4c(c5c6ccccc6n2c5c31)C(=O)NC4,"['Protein kinase C (PKC)', 'Protein kinase C (PKC)', 'Serine/threonine-protein kinase/endoribonuclease IRE2']"
CHEMBL626,CN(C/C=C/c1ccccc1)Cc1cccc2ccccc12,['Dehydrosqualene desaturase']
CHEMBL652,O=C(NCC1CCCCN1)c1cc(OCC(F)(F)F)ccc1OCC(F)(F)F,[]
CHEMBL673,C#CCN(C)Cc1ccccc1,"['Monoamine oxidase B', 'Monoamine oxidase A', 'Monoamine oxidase A']"
CHEMBL768,COC(=O)CCc1ccc(OCC(O)CNC(C)C)cc1,[]
CHEMBL86715,OC(CCN1CCCC1)(c1ccccc1)C1CCCCC1,[]
CHEMBL973,C/C(O)=C(\C#N)C(=O)Nc1ccc(C(F)(F)F)cc1,"['Dihydroorotate dehydrogenase', 'Dihydroorotate dehydrogenase', 'Dihydroorotate dehydrogenase']"
CHEMBL101,CCCCC1C(=O)N(c2ccccc2)N(c2ccccc2)C1=O,[]
CHEMBL1027,Cc1ccsc1C(=CCCN1CCC[C@@H](C(=O)O)C1)c1sccc1C,"['GABA transporter 1', 'GABA transporter 1']"
CHEMBL1054,NS(=O)(=O)c1cc2c(cc1Cl)NC(C(Cl)Cl)NS2(=O)=O,['Carbonic anhydrase II']
CHEMBL1075,CCOC(=O)Nc1ccc2c(c1)N(C(=O)CCN1CCOCC1)c1ccccc1S2,['Nuclear receptor subfamily 1 group I member 3']
CHEMBL1138,O=C1[C@H](CC[C@H](O)c2ccc(F)cc2)[C@@H](c2ccc(O)cc2)N1c1ccc(F)cc1,['Niemann-Pick C1-like protein 1']
CHEMBL1200750,CC(CN1c2ccccc2Sc2ccccc21)N(C)C.Cl,['Sodium channel protein type V alpha subunit']
CHEMBL1208,CCn1nc(C(=O)O)c(=O)c2cc3c(cc21)OCO3,[]
CHEMBL1215331,N#Cc1ccc(N2N=C3c4ccc(C(=O)O)cc4CC[C@@H]3[C@@H]2C2CCCC2)cc1Cl,['Mineralocorticoid receptor']
CHEMBL1237055,CN1CC[C@]23c4c5ccc(O)c4O[C@H]2C(=O)CC[C@H]3[C@H]1C5.Cl,['Opioid receptor']
CHEMBL1256786,COc1ccc(CC(C)NCC(O)c2ccc(O)c(NC=O)c2)cc1,['Beta-2 adrenergic receptor']
CHEMBL1257015,COc1ccc(C(=O)NCc2cccnc2)cc1C(=O)NCc1cccnc1,[]
CHEMBL129482,Oc1cc(O)c2c(c1)O[C@@H](c1ccc(O)c(O)c1)[C@@H](O)C2,['Synaptojanin-2']
CHEMBL134561,COc1cc(Cc2cnc(N)nc2N)c2c(c1OC)OC(C1CC1)C=C2,"['Dihydrofolate reductase', 'Dihydrofolate reductase']"
CHEMBL1441,CCc1cc(C(N)=S)ccn1,[]
CHEMBL195560,Oc1ccc(C2=COc3cc(O)ccc3C2)cc1,"['Estrogen receptor alpha', 'Estrogen receptor beta']"
CHEMBL2040682,CC(C)C(=O)OCC(=O)[C@@]12O[C@H](C3CCCCC3)O[C@@H]1C[C@H]1[C@@H]3CCC4=CC(=O)C=C[C@]4(C)[C@H]3[C@@H](O)C[C@@]12C,[]
CHEMBL2103832,CN1CCN(c2cccc3[nH]c(=O)oc23)CC1,['Poly [ADP-ribose] polymerase-1']
CHEMBL2103842,C[C@@H]1COC(Nc2ccc3ncnc(Nc4ccc(OCc5nccs5)c(Cl)c4)c3c2)=N1,"['Epidermal growth factor receptor erbB1', 'Receptor protein-tyrosine kinase erbB-2']"
CHEMBL2104149,CCC(=O)n1c(=O)n(C2CCN(CCC(C#N)(c3ccccc3)c3ccccc3)CC2)c2ccccc21,[]
CHEMBL2105401,O=c1oc2ccccc2c(O)c1C(CC(O)c1ccc(Cl)cc1)c1ccc(Cl)s1,[]
CHEMBL2107319,Cl.N[C@@H](CCC(=O)N[C@@H](CS(=O)(=O)CCOP(=O)(N(CCCl)CCCl)N(CCCl)CCCl)C(=O)N[C@@H](C(=O)O)c1ccccc1)C(=O)O,[]
CHEMBL2107366,Cc1cccc([C@H](C)c2c[nH]c(=S)[nH]2)c1C,[]
CHEMBL2387742,C=C(C)[C@@H]1CCC(C)=C[C@H]1c1c(O)cc(CCC)cc1O,['Transient receptor potential cation channel subfamily V member 2']
CHEMBL3188993,O=C(O)/C=C/C(=O)O.OCCOCCN1CCN(C2=Nc3ccccc3Sc3ccccc32)CC1.OCCOCCN1CCN(C2=Nc3ccccc3Sc3ccccc32)CC1,[]
CHEMBL32838,CO[C@@H]1[C@H](OC(=O)/C=C/C=C/C=C/C=C/C(=O)O)CC[C@]2(CO2)[C@H]1[C@@]1(C)O[C@@H]1CC=C(C)C,[]
CHEMBL356388,CCOC(=O)c1cnc2c(cnn2CC)c1NN=C(C)C,[]
CHEMBL3822503,C[N+](C)(C)CCCOc1ccc(-c2c3nc(cc4ccc([nH]4)c(-c4ccc(OCCC[N+](C)(C)C)cc4)c4nc(cc5ccc2[nH]5)C=C4)C=C3)cc1.[Cl-].[Cl-],[]
CHEMBL3905910,CN1CC[C@@H](c2c(O)cc(O)c3c(=O)cc(-c4ccc(C(F)(F)F)cc4Cl)oc23)[C@@H]1CO,"['CDK9/cyclin T1', 'Cyclin-dependent kinase 4/cyclin D1', 'CDK2/Cyclin A2']"
CHEMBL409153,C[C@@H](c1nc(-c2ccc(C#N)cc2)cs1)[C@](O)(Cn1cncn1)c1cc(F)ccc1F,"['Cytochrome P450 51', 'Lanosterol 14-alpha demethylase']"
CHEMBL41,CNCCC(Oc1ccc(C(F)(F)F)cc1)c1ccccc1,['Serotonin transporter']
CHEMBL412142,Cc1cnc(-c2cnc(NCCNc3ccc(C#N)cn3)nc2-c2ccc(Cl)cc2Cl)[nH]1,"['G-361', 'NCI-H2122', 'COLO-829', 'LB2518-MEL', 'DBTRG-05MG', 'KYSE-180', 'D-247MG', 'D-392MG', 'NCI-H1755', 'HCC1395', 'SW1417', 'NCI-H64', 'NCI-H2452']"
CHEMBL41286,CC(=O)Oc1cccc2c1C(=O)c1c(OC(C)=O)cc(C(=O)O)cc1C2=O,[]
CHEMBL4297402,Cc1nnnn1N=Cc1ccc(O)c(C(c2ccc(O)cc2)c2cc(C=Nn3nnnc3C)ccc2O)c1,[]
CHEMBL4298150,CCc1cc(/C(C)=N/OCc2ccc(C3CCCCC3)c(C(F)(F)F)c2)ccc1CN1CC(C(=O)O)C1.CCc1cc(/C(C)=N/OCc2ccc(C3CCCCC3)c(C(F)(F)F)c2)ccc1CN1CC(C(=O)O)C1.O=C(O)/C=C/C(=O)O,[]
CHEMBL435381,COc1ccc(-c2c(Cl)ncn2-c2ccc(S(N)(=O)=O)cc2)cc1F,"['Cyclooxygenase-2', 'Cyclooxygenase-1']"
CHEMBL451,CNC1=Nc2ccc(Cl)cc2C(c2ccccc2)=[N+]([O-])C1,['Trypanothione reductase']
CHEMBL455136,CNC(=O)[C@@H](c1ccccc1)N1CCc2cc(OC)c(OC)cc2[C@@H]1CCc1ccc(C(F)(F)F)cc1,"['Orexin receptor 2', 'Orexin receptor 1']"
CHEMBL500,CC(C)NCC(O)COc1cccc2[nH]ccc12,"['Adrenergic receptor beta', 'Cytochrome P450 2D2']"
CHEMBL529,CC[C@H]1OC(=O)[C@H](C)[C@@H](O[C@H]2C[C@@](C)(OC)[C@@H](O)[C@H](C)O2)[C@H](C)[C@@H](O[C@@H]2O[C@H](C)C[C@H](N(C)C)[C@H]2O)[C@](C)(O)C[C@@H](C)CN(C)[C@H](C)[C@@H](O)[C@]1(C)O,['Motilin receptor']
CHEMBL5314456,Nc1ncnc2c1ncn2[C@H]1O[C@H]2COP(=O)(S)O[C@H]3[C@@H](O)[C@H](COP(=O)(S)O[C@@H]2[C@@H]1F)O[C@@H]3n1cc(F)c2c(=O)[nH]cnc21,"['Stimulator of interferon genes protein', 'Stimulator of interferon genes protein']"
CHEMBL5314969,CC(C)Oc1ccc(C(=O)Nc2ccc(Oc3cc4cnn(C)c4cc3-c3cn[nH]c3)c(F)c2)c(=O)n1-c1ccc(F)cc1,"['NON-PROTEIN TARGET', 'Hepatocyte growth factor receptor', 'Tyrosine-protein kinase receptor UFO']"
CHEMBL55214,NCCCCCC(O)(P(=O)(O)O)P(=O)(O)O,[]
CHEMBL559,N[C@H](Cc1cc(I)c(Oc2cc(I)c(O)c(I)c2)c(I)c1)C(=O)O,"['Thyroid hormone receptor beta-1', 'Thyroid hormone receptor alpha']"
CHEMBL591665,O=C1O[C@H]([C@@H](O)CO)C([O-])=C1O.[Na+],[]
CHEMBL661,Cc1nnc2n1-c1ccc(Cl)cc1C(c1ccccc1)=NC2,[]
CHEMBL834,NCCC(O)(P(=O)(O)O)P(=O)(O)O,[]
CHEMBL855,Cc1ccc(/C(=C\CN2CCCC2)c2ccccn2)cc1,[]
CHEMBL93836,CCCC(CCC)C(N)=O,['Alcohol dehydrogenase']
CHEMBL1055,NS(=O)(=O)c1cc(C2(O)NC(=O)c3ccccc32)ccc1Cl,['Carbonic anhydrase II']
CHEMBL1200574,[Cl-].[Na+],['Carbonic anhydrase V']
CHEMBL1200806,COc1ccc2cc([C@H](C)C(=O)[O-])ccc2c1.[Na+],['Aldo-keto reductase family 1 member C2']
CHEMBL1214598,CCOC(=O)c1c(CSc2ccccc2)n(C)c2cc(Br)c(O)c(CN(C)C)c12,[]
CHEMBL1233524,CN(C)CCN(C)[C@H]1COc2ccccc2-c2c(C3CCCCC3)c3ccc(C(=O)O)cc3n2C1,['Hepatitis C virus']
CHEMBL128748,COc1ccc(/C=C/C(=O)/C=C(O)/C=C/c2ccc(OC)c(OC)c2)cc1OC,[]
CHEMBL1476245,CN[C@H](C)CCC=C(C)C,['Solute carrier family 22 member 1']
CHEMBL1522,CN1CCN(C(=O)O[C@H]2c3nccnc3C(=O)N2c2ccc(Cl)cn2)CC1,[]
CHEMBL1562779,CCCCCCCCCCCCCCOc1ccc(C(=O)O)o1,[]
CHEMBL1627367,C[C@]12CC[C@@H]3c4ccc(O)cc4CC[C@H]3[C@@H]1C[C@@H](F)[C@@H]2O,"['Estrogen receptor alpha', 'Estrogen receptor beta', 'Estradiol 17-beta-dehydrogenase 1', 'Steryl-sulfatase', 'Estrogen receptor', 'Estrogen receptor alpha', 'Estrogen receptor beta', 'Sulfotransferase 1A1']"
CHEMBL208427,O=C(O)c1cccc(-c2cccc(NCCNC[C@H](O)c3cccc(Cl)c3)c2)c1,"['Beta-3 adrenergic receptor', 'Beta-1 adrenergic receptor']"
CHEMBL2105085,CC(C)=CCC/C(C)=C/CC/C(C)=C/CCC(=O)OC/C=C(\C)CCC=C(C)C,['Squalene monooxygenase']
CHEMBL2106572,Cc1ccc(N2CCNCC2)c(S(=O)(=O)O)c1,[]
CHEMBL212432,N/C(=N\C(=O)c1nc(Cl)c(N)nc1N)NCCCCc1ccc(OCC(O)CO)cc1,['Amiloride-sensitive sodium channel alpha-subunit']
CHEMBL226335,C[C@@H]1O[C@@H](OC[C@H]2O[C@@H](Oc3c(-c4ccc(O)c(O)c4)oc4cc(O)cc(O)c4c3=O)[C@H](O)[C@@H](O)[C@@H]2O)[C@H](O)[C@H](O)[C@H]1O,[]
CHEMBL25105,N=C(N)c1ccc(OCCCCCCOc2ccc(C(=N)N)cc2)cc1,"['Trypanosoma brucei rhodesiense', 'Pneumocystis carinii', 'Acrosin', 'Leishmania guyanensis', 'S-100 protein beta chain', 'Acid-sensing ion channel 2']"
CHEMBL269864,O=c1[nH]cnc2c(CN3C[C@H](CO)[C@@H](O)C3)c[nH]c12,"['Purine nucleoside phosphorylase', 'Purine nucleoside phosphorylase']"
CHEMBL3125702,CC(C)[C@@H](CS(=O)(=O)C(C)C)N1C(=O)[C@@](C)(CC(=O)O)C[C@H](c2cccc(Cl)c2)[C@H]1c1ccc(Cl)cc1,"['p53-binding protein Mdm-2', 'Tumour suppressor p53/oncoprotein Mdm2', 'SJSA-1']"
CHEMBL3127326,COC(=O)N[C@H](C(=O)N1CCC[C@H]1C(=O)Nc1ccc([C@@H]2CC[C@@H](c3ccc(NC(=O)[C@@H]4CCCN4C(=O)[C@@H](NC(=O)OC)C(C)C)cc3)N2c2ccc(C(C)(C)C)cc2)cc1)C(C)C,['Hepatitis C virus']
CHEMBL32,COc1c(N2C[C@@H]3CCCN[C@@H]3C2)c(F)cc2c(=O)c(C(=O)O)cn(C3CC3)c12,"['Staphylococcus aureus', 'DNA gyrase', 'Mycobacterium smegmatis', 'Topoisomerase IV subunit A', 'Streptococcus pneumoniae', 'Mycobacterium intracellulare', 'Mycobacterium marinum']"
CHEMBL328190,Oc1ccc2c(c1)CC[C@H](c1ccccc1)[C@@H]2c1ccc(OCCN2CCCC2)cc1,"['Estrogen receptor alpha', 'Estrogen receptor beta', 'Estrogen receptor']"
CHEMBL3414626,CC(C)N(C[C@H]1O[C@@H](n2cnc3c(N)ncnc32)[C@H](O)[C@@H]1O)[C@H]1C[C@@H](CCc2nc3cc(C(C)(C)C)ccc3[nH]2)C1,"['Histone-lysine N-methyltransferase, H3 lysine-79 specific']"
CHEMBL3544914,CC(C)(CO)c1cc2cc(NC(=O)C3(c4ccc5c(c4)OC(F)(F)O5)CC3)c(F)cc2n1C[C@@H](O)CO,['Cystic fibrosis transmembrane conductance regulator']
CHEMBL3670800,Cc1cc(C(=O)N(C)C)cc(NC(=O)[C@H]2CCC(=O)N2C2CCN(Cc3ccc(Cl)c(C)c3)CC2)n1,['C-C chemokine receptor type 3']
CHEMBL3707306,N#Cc1c(N(CC(=O)[O-])CC(=O)[O-])sc(C(=O)[O-])c1CC(=O)[O-].[Sr+2].[Sr+2],[]
CHEMBL386630,C[C@]12CC[C@H]3[C@@H](CCC4=CC(=O)CC[C@@]43C)[C@@H]1CC[C@@H]2O,"['Cytochrome P450 19A1', 'Testis-specific androgen-binding protein']"
CHEMBL3989948,CC#Cc1cncc(-c2ccc3c(c2)[C@@]2(N=C(C)C(N)=N2)[C@]2(CC[C@H](OC)CC2)C3)c1,['Beta-secretase 1']
CHEMBL4205422,O=C(O)CC[C@H]1CC[C@@](c2cc(F)ccc2F)(S(=O)(=O)c2ccc(Cl)cc2)CC1,['Gamma-secretase']
CHEMBL4297296,C/C1=C/C[C@@H](/C(C)=C/c2csc(C)n2)OC(=O)C[C@H](O)C(C)(C)C(=O)[C@H](C)[C@@H](O)[C@@H](C)/C=C/C1,[]
CHEMBL4297301,[2H]C([2H])([2H])[N+](CCO)(C([2H])([2H])[2H])C([2H])([2H])[2H],[]
CHEMBL4297485,Cc1ccncc1N1CCN(c2ccnc(Cl)c2)C1=O,"['P2X purinoceptor 7', 'Cytochrome P450 17A1']"
CHEMBL4297622,C[C@@H]1OC(=O)N[C@@H]1C(=O)N[C@@H](Cc1cscn1)C(=O)N1CCC[C@H]1C,[]
CHEMBL4594410,COc1ccc(S(=O)(=O)NCc2cc(CN3CCCC3)c(O)c(CN3CCCC3)c2)cc1.O=S(=O)(O)O,[]
CHEMBL499915,CC1(C)[C@@H](OC(=O)CCC(=O)O)CC[C@]2(C)[C@H]3C(=O)C=C4[C@@H]5C[C@@](C)(C(=O)O)CC[C@]5(C)CC[C@@]4(C)[C@]3(C)CC[C@@H]12,[]
CHEMBL5095057,CC1=C(c2cc(F)cc(F)c2)[C@H](c2ccc(/C=C/CN3CC(CF)C3)cc2)Oc2cc(O)ccc21,['Estrogen receptor alpha']
CHEMBL5095398,COc1nsc(NC(=O)N2C[C@H]3C[C@H](N(C)c4ncnc5[nH]ccc45)C[C@H]3C2)n1,"['Tyrosine-protein kinase JAK2', 'Tyrosine-protein kinase JAK1']"
CHEMBL5314944,C[C@@H](O)[C@@H](C(N)=O)N1C[C@@]2(CCCN2C(=O)OC(C)(C)C)C1=O,[]
CHEMBL645,CC(C)NCC(O)COc1ccc(COCCOC(C)C)cc1,[]
CHEMBL75435,C[C@H](C(=O)O)c1cccc(C(=O)c2ccccc2)c1,"['Cyclooxygenase-2', 'Cyclooxygenase-1', 'Aldo-keto-reductase family 1 member C3', 'Interleukin-8 receptors, CXCR1/CXCR2', 'Prostaglandin G/H synthase (cyclooxygenase)']"
CHEMBL1184904,C=CCNc1c(O)cc2c(O)c1C[C@@H](C)C[C@H](OC)[C@H](O)[C@@H](C)/C=C(\C)[C@H](OC(N)=O)[C@@H](OC)/C=C\C=C(/C)C(=O)N2,['SK-BR-3']
CHEMBL1186894,CC(=O)[C@]1(N)Cc2c(O)c3c(c(O)c2[C@@H](O[C@H]2C[C@H](O)[C@H](O)CO2)C1)C(=O)c1ccccc1C3=O,[]
CHEMBL1200472,Fc1ccccc1C1=NCC(=S)N(CC(F)(F)F)c2ccc(Cl)cc21,[]
CHEMBL1201003,Br.CN1CCC[C@@H]1Cc1c[nH]c2ccc(CCS(=O)(=O)c3ccccc3)cc12,['Serotonin 6 (5-HT6) receptor']
CHEMBL1201109,CC1(C)O[C@@H]2C[C@H]3[C@@H]4CCC5=CC(=O)C=C[C@]5(C)[C@H]4[C@@H](O)C[C@]3(C)[C@]2(C(=O)CO)O1,"['Nuclear receptor subfamily 1 group I member 2', 'Progesterone receptor']"
CHEMBL1201163,CCC(=O)N(c1ccccc1)C1(COC)CCN(CCc2cccs2)CC1.O=C(O)CC(O)(CC(=O)O)C(=O)O,[]
CHEMBL1235646,C=C1CS[C@H]([C@H](NC(=O)CCCC[C@@H](N)C(=O)O)C(=O)O)N=C1C(=O)O,[]
CHEMBL124162,CCC(=O)O[C@]1(CC)C(=O)OCc2c1cc1n(c2=O)Cc2cc3ccccc3nc2-1,"['A549', 'Caov-3 cell line', 'KATO III stomach cancer cell lines', 'LNCaP C4-2']"
CHEMBL1512949,O=C(CN1CCN(Cc2ccc3c(c2)OCO3)CC1)N1c2ccccc2Sc2ccccc21,[]
CHEMBL1559,Clc1ccc(COC(Cn2ccnc2)c2ccc(Cl)cc2Cl)c(Cl)c1.O=[N+]([O-])O,"['Arachidonate 15-lipoxygenase, type II', 'Bile salt export pump', '7-alpha-hydroxycholest-4-en-3-one 12-alpha-hydroxylase', 'Peripheral myelin protein 22', 'Alternaria solani', 'Fusarium solani', 'Trichophyton longifusum', 'Cytochrome P450 121']"
CHEMBL1593566,CC1(C)[C@H](C(=O)O[C@H](C#N)c2cccc(Oc3ccccc3)c2)[C@@H]1C=C(Br)Br,[]
CHEMBL159776,CC(C)N(CCNC(=O)CN1CCCC1=O)C(C)C,[]
CHEMBL16073,CCOc1ccc(NC(C)=O)cc1,[]
CHEMBL1644698,O=[N+]([O-])[O-].[Na+],['Carbonic anhydrase V']
CHEMBL20883,O=c1[nH]c(=O)n(C2CCCO2)cc1F,[]
CHEMBL2103849,CCCOc1ccc(S(=O)(=O)NCCC2CCCN2C)cc1-c1nc2c(CCC)nn(C)c2c(=O)[nH]1,"['Phosphodiesterase 5A', 'Aorta']"
CHEMBL2105684,Cn1cnc2c(F)c(Nc3ccc(Br)cc3Cl)c(C(=O)NOCCO)cc21.O=S(=O)(O)O,"['H-EMC-SS', 'COLO-741', 'CP50-MEL-B', 'SW948', 'NCI-H2291']"
CHEMBL2107834,COC(=O)N(C)c1c(N)nc(-c2nn(Cc3ccccc3F)c3ncccc23)nc1N,"['Heart', 'Soluble guanylate cyclase alpha1/beta1 complex']"
CHEMBL2364618,CC(C)(O)c1ccccc1-c1ccc2[nH]c(/C=C/c3ccc(C(F)(F)F)cc3)nc2c1,['Vanilloid receptor']
CHEMBL252557,O=C(O)CO,"['Olfactory receptor 51E2', 'Solute carrier family 22 member 6', 'GABA receptor alpha-1 subunit']"
CHEMBL290916,CC1=NN(c2ccccc2)C(=O)C1,[]
CHEMBL3184791,CN[C@@H]1[C@H](O[C@H]2[C@H](O[C@H]3[C@H](O)[C@@H](O)[C@H](N=C(N)N)[C@@H](O)[C@@H]3N=C(N)N)O[C@@H](C)[C@]2(O)C=O)O[C@@H](CO)[C@H](O)[C@H]1O.CN[C@@H]1[C@H](O[C@H]2[C@H](O[C@H]3[C@H](O)[C@@H](O)[C@H](N=C(N)N)[C@@H](O)[C@@H]3N=C(N)N)O[C@@H](C)[C@]2(O)C=O)O[C@@H](CO)[C@H](O)[C@H]1O.O=S(=O)(O)O.O=S(=O)(O)O.O=S(=O)(O)O,['Ribosome']
CHEMBL3318007,O=C(O)[C@H]1C2CCC(CC2)[C@@H]1Nc1nc(-c2c[nH]c3ncc(F)cc23)ncc1F,"['Influenza A virus (A/PR/8/34(H1N1))', 'Polymerase basic protein 2']"
CHEMBL3581647,Cc1sc2c(c1C)C(c1ccc(Cl)cc1)=N[C@@H](CC(=O)Nc1ccc(O)cc1)c1nnc(C)n1-2,"['Bromodomain-containing protein 4', 'Bromodomain-containing protein 3', 'HPBALL']"
CHEMBL359965,C=CCS[S+]([O-])CC=C,[]
CHEMBL3608680,Cc1nsc(-c2nnc3n2CCN(C(=O)c2ccc(F)cc2)[C@@H]3C)n1,['Neurokinin 3 receptor']
CHEMBL3989865,C/C=C(/C)C(=O)O[C@H]1C(C)=C2[C@H]([C@@H]1OC(=O)CCCCCCC)[C@@](C)(OC(C)=O)C[C@H](OC(=O)CCCCCCCCCCCNC(=O)C[C@H](N)C(=O)N[C@@H](CCC(=O)N[C@@H](CCC(=O)N[C@@H](CCC(=O)N[C@@H](CCC(=O)O)C(=O)O)C(=O)O)C(=O)O)C(=O)O)[C@@]1(O)[C@H]2OC(=O)[C@@]1(C)O,[]
CHEMBL3989939,O=C(Nc1cnn2ccc(N3CCC[C@@H]3c3cc(F)ccc3F)nc12)N1CC[C@H](O)C1.O=S(=O)(O)O,['Nerve growth factor receptor Trk-A']
CHEMBL5095033,COc1ccc2c(Oc3ccc4c(C(=O)Nc5ccccc5N)cccc4c3)ccnc2c1,[]
CHEMBL52125,CCN(CC)CCCN1c2ccccc2Sc2ccc(Cl)cc21,"['Trypanothione reductase', 'BK polyomavirus', 'Calmodulin', '2,3-bisphosphoglycerate-independent phosphoglycerate mutase']"
CHEMBL5314954,CN1CCN(C(=O)N(CCCCCCC(=O)NO)c2ccc(-c3ccc4cnn(C)c4c3)cc2)CC1,"['Histone deacetylase 1', 'Histone deacetylase 6']"
CHEMBL58323,COC[C@@H](NC(C)=O)C(=O)NCc1ccccc1,['Calpain 1']
CHEMBL83,CC/C(=C(\c1ccccc1)c1ccc(OCCN(C)C)cc1)c1ccccc1,"['Estrogen receptor alpha', 'Estrogen-related receptor gamma', 'MCF7S', '3-beta-hydroxysteroid-delta(8),delta(7)-isomerase', 'C-8 sterol isomerase', 'Leukemia cells', 'Anti-estrogen binding site (AEBS)', 'MCF-12A', 'Estrogen-related receptor gamma', 'HEC-1-A']"
CHEMBL975,O=S(=O)([O-])CCS.[Na+],[]
CHEMBL119604,OCCNCCO,"['GABA-B receptor', 'Ornithine decarboxylase']"
CHEMBL1201213,CCC(NC(C)C)C(O)c1ccc(O)c(O)c1,[]
CHEMBL1201288,O=C1CN(/N=C/c2ccc(-c3ccc([N+](=O)[O-])cc3)o2)C(=O)N1,['Unchecked']
CHEMBL1279,CN[C@@H]1CCc2[nH]c3ccc(C(N)=O)cc3c2C1,[]
CHEMBL1539,COc1ncnc(NS(=O)(=O)c2ccc(N)cc2)c1OC,[]
CHEMBL1626223,CN1CCCN=C1/C=C/c1cccs1,[]
CHEMBL1651998,CC1(O)CCC(C(C)(C)O)CC1,[]
CHEMBL1705373,COc1c(O[C@@H]2O[C@H](CO)[C@@H](O)[C@H](O)[C@H]2O)cc2c(c1OC)-c1ccc(SC)c(=O)cc1C(NC(C)=O)CC2,[]
CHEMBL1989587,CC(=O)OCC(=O)[C@@]12OC(C)(C)O[C@@H]1C[C@H]1[C@@H]3CC(C=O)=C4C=C(OCCCl)CC[C@]4(C)[C@@]3(F)[C@@H](O)C[C@@]12C,[]
CHEMBL2096648,N[13C](N)=O,"['GABA-B receptor', 'Olfactory receptor 51E2', 'Gamma-amino-N-butyrate transaminase', 'Carbonic anhydrase V', 'GABA receptor gamma-1 subunit', 'Gamma-amino-N-butyrate transaminase']"
CHEMBL2103743,C[C@@H]1CCN(C(=O)CC#N)C[C@@H]1N(C)c1ncnc2[nH]ccc12.O=C(O)CC(O)(CC(=O)O)C(=O)O,['Tyrosine-protein kinase JAK3']
CHEMBL2105616,CC(=O)N[C@@H](CC(=O)N[C@@H](CCC(=O)O)C(=O)O)C(=O)O,"['Glutamate carboxypeptidase II', 'Glutamate carboxypeptidase II', 'NAALADase II']"
CHEMBL2106851,CN1CC[C@]23c4c5ccc(OC(=O)c6cccnc6)c4O[C@H]2[C@@H](OC(=O)c2cccnc2)C=C[C@H]3[C@H]1C5,[]
CHEMBL2107312,CC(C)C(=O)O[C@@H](OC(=O)NC[C@H](CC(=O)O)c1ccc(Cl)cc1)C(C)C,[]
CHEMBL29411,Cc1ccc(C(C)C)c(O)c1,[]
CHEMBL32479,Cc1nnc2n1-c1sc(Br)cc1C(c1ccccc1Cl)=NC2,[]
CHEMBL3301681,CCOC1O[C@H]([C@@H](COCc2ccccc2)OCc2ccccc2)[C@H](OCc2ccccc2)[C@H]1O,[]
CHEMBL3527000,O=c1[nH]nc2c3c(cccc13)Oc1ccc(CN3CCC(O)CC3)cc1-2,['Poly [ADP-ribose] polymerase-1']
CHEMBL3693786,O=C(CCCCCCNC(=O)c1cnc(N(c2ccccc2)c2ccccc2Cl)nc1)NO,"['Histone deacetylase 1', 'Histone deacetylase 6']"
CHEMBL3989705,CCC(=O)[O-].O.[Na+],[]
CHEMBL413376,Cc1ccc(C(=O)Nc2ccc(S(=O)(=O)[O-])c3cc(S(=O)(=O)[O-])cc(S(=O)(=O)[O-])c23)cc1NC(=O)c1cccc(NC(=O)Nc2cccc(C(=O)Nc3cc(C(=O)Nc4ccc(S(=O)(=O)[O-])c5cc(S(=O)(=O)[O-])cc(S(=O)(=O)[O-])c45)ccc3C)c2)c1.[Na+].[Na+].[Na+].[Na+].[Na+].[Na+],['Insulin receptor']
CHEMBL4297321,CS(=O)(=O)OCCN(CCBr)c1c(C(=O)NCCOP(=O)(O)O)cc([N+](=O)[O-])cc1[N+](=O)[O-],[]
CHEMBL4297599,N[C@@H](CC(=O)Nc1ccn([C@@H]2O[C@H](CO)[C@@H](O)[C@@H]2O)c(=O)n1)C(=O)O,"['Chitin synthase 1', 'Sialidase']"
CHEMBL4650361,C[C@@H](N)COc1ccc(-c2cnc3ccc(N[C@H](C)c4cccc(F)c4)nn23)cc1.O=C(O)CCCCC(=O)O,['Calcium-dependent protein kinase 1']
CHEMBL4784510,COc1cc(F)c([C@@H]2CNC(=O)[C@H]2NC(=O)Nc2ccccc2)c(F)c1,"['Lipoxin A4 receptor', 'Formyl peptide receptor 1', 'Formyl peptide receptor 2']"
CHEMBL506110,CC1(C)S[C@@H]2[C@H](NC(=O)[C@H](N)c3ccccc3)C(=O)N2[C@H]1C(=O)OCOC(=O)[C@@H]1N2C(=O)C[C@H]2S(=O)(=O)C1(C)C,[]
CHEMBL510095,CC(C)=CCC[C@](C)(O[C@@H]1O[C@H](CO)[C@@H](O)[C@H](O)[C@H]1O)[C@H]1CC[C@]2(C)[C@@H]1[C@H](O)C[C@@H]1[C@@]3(C)CC[C@H](O)C(C)(C)[C@@H]3[C@@H](O[C@@H]3O[C@H](CO)[C@@H](O)[C@H](O)[C@H]3O[C@@H]3O[C@@H](C)[C@H](O)[C@@H](O)[C@H]3O)C[C@]12C,[]
CHEMBL521078,CO[C@@]12[C@H](COC(N)=O)C3=C(C(=O)C(C)=C(N)C3=O)N1C[C@H]1[C@@H]2N1C,[]
CHEMBL5314409,CC(C)N1CCN(Cc2cnc(-c3cc(-c4cccc5[nH]ccc45)cc4[nH]ncc34)o2)CC1.Cl,[]
CHEMBL5314967,CN(c1c([N+](=O)[O-])cc([N+](=O)[O-])cc1[N+](=O)[O-])[N+](=O)[O-],[]
CHEMBL658,CCC(=O)N(c1ccccc1)C1(COC)CCN(CCc2cccs2)CC1,[]
CHEMBL76688,CC(C)(C)C(=O)Oc1ccc(S(=O)(=O)Nc2ccccc2C(=O)NCC(=O)O)cc1,"['Pancreatic elastase', 'Leukocyte proteinase 3', 'Neutrophil elastase']"
CHEMBL929,CC(C)Nc1cccnc1N1CCN(C(=O)c2cc3cc(NS(C)(=O)=O)ccc3[nH]2)CC1.CS(=O)(=O)O,['Human immunodeficiency virus type 1 reverse transcriptase']
CHEMBL1095284,N[C@@H](C(=O)N[C@@H]1C(=O)N2C(C(=O)O)=C(CSc3c[nH]nn3)CS[C@H]12)c1ccc(O)cc1,[]
CHEMBL1160571,O=P(O)(O)OP(=O)(O)O,"['Fructose-bisphosphate aldolase A', 'Mevalonate pyrophosphate decarboxylase']"
CHEMBL1181731,COCCOCCOCCOCCOC(=O)OC[n+]1ccc(N/C(=N/CCCCCCOc2ccc(Cl)cc2)NC#N)cc1,[]
CHEMBL1200374,C=C1C[C@@H]2[C@H](CC[C@]3(C)C(=O)CC[C@@H]23)[C@@]2(C)C=CC(=O)C=C12,['Cytochrome P450 19A1']
CHEMBL1200561,COc1cc2nc(N3CCN(C(=O)C4COc5ccccc5O4)CC3)nc(N)c2cc1OC.CS(=O)(=O)O,[]
CHEMBL1435,Cc1nnc(SCC2=C(C(=O)O)N3C(=O)[C@@H](NC(=O)Cn4cnnn4)[C@H]3SC2)s1,"['Solute carrier family 22 member 6', 'Solute carrier family 22 member 8']"
CHEMBL1577,CN1C(CCl)Nc2cc(Cl)c(S(N)(=O)=O)cc2S1(=O)=O,['Carbonic anhydrase II']
CHEMBL1697,COc1ccc([C@@H]2Sc3ccccc3N(CCN(C)C)C(=O)[C@@H]2OC(C)=O)cc1.Cl,[]
CHEMBL1796998,FS(F)(F)(F)(F)F,[]
CHEMBL191958,CNCCn1c(=O)c2cc(OC)c(OC)cc2c2cnc3cc4c(cc3c21)OCO4,['RPMI 8402']
CHEMBL2104255,CCCCCCCCCCCC[N+](CCO)(CCO)Cc1ccccc1.[Cl-],"['MOLT-4', 'COLO 205', 'OVCAR-3', 'LOX IMVI', 'ACHN', 'NCI-H23', '786-0']"
CHEMBL232211,Cc1cc(-c2ccccc2)nnc1N1CCN(c2ncccn2)CC1,['Smoothened homolog']
CHEMBL3039530,O=c1ccc2c([C@@H](O)CNCCCCCCOCC(F)(F)c3ccccc3)ccc(O)c2[nH]1,"['Beta-2 adrenergic receptor', 'Beta-1 adrenergic receptor']"
CHEMBL3120793,CC(C)OC(=O)[C@H](C)N[P@+]([O-])(OC[C@H]1O[C@@](C#N)(c2ccc3c(N)ncnn23)[C@](C)(O)[C@@H]1OC(=O)C(C)C)Oc1ccccc1,[]
CHEMBL3182444,O=C(O)C1(Cc2cccc(Nc3nccs3)n2)CCC(Oc2cccc(Cl)c2F)CC1,"['Aurora kinase B/Inner centromere protein', 'Acyl-CoA dehydrogenase family member 10']"
CHEMBL334533,CCCCCCC(C)(C)c1cc(O)c2c(c1)OC(C)(C)[C@H]1CC=C(CO)C[C@H]21,"['Cannabinoid CB2 receptor', 'Cannabinoid CB1 receptor', 'Cannabinoid CB1 receptor', 'Cannabinoid CB2 receptor', 'Cannabinoid receptor']"
CHEMBL3740500,CC(C)[C@]12O[C@H]1[C@@H]1O[C@]13[C@]1(O[C@H]1C[C@H]1C4=C(CC[C@@]13C)C(=O)OC4)[C@@H]2OCOP(=O)([O-])[O-].[Na+].[Na+],[]
CHEMBL429736,CC[C@H](C)[C@@H]1C(=O)N[C@H](C2Cc3ccccc3C2)C(=O)N1[C@@H](C(=O)N1CCOCC1)c1coc(C)n1,['Oxytocin receptor']
CHEMBL472,COc1ccc(Cl)cc1C(=O)NCCc1ccc(S(=O)(=O)NC(=O)NC2CCCCC2)cc1,"['NACHT, LRR and PYD domains-containing protein 3', 'Mesenchymal stem cells', 'Sulfonylurea receptor 1']"
CHEMBL4802160,COC[C@H]1CN(C(=O)[C@]2(F)CN(C3CCCC3)C[C@H]2c2ccc(OC)cc2)C[C@@H]1c1ccc(C(F)(F)F)cc1N1CCC(C(=O)O)CC1,[]
CHEMBL5095086,O=C(CCC(F)(F)F)N1CCC2(CC1)CC(C(F)(F)F)=NO2,[]
CHEMBL5314366,COc1ccc2[nH]c([S@@+]([O-])Cc3ncc(C)c(OC)c3C)nc2c1.COc1ccc2[nH]c([S@@+]([O-])Cc3ncc(C)c(OC)c3C)nc2c1.O.O.O.[Mg+2],[]
CHEMBL5314605,CNC(=O)c1cc2c(Oc3ccc(NC(=O)C4(C(=O)Nc5ccc(F)cc5)CC4)cc3)ccnc2cc1OC.CNC(=O)c1cc2c(Oc3ccc(NC(=O)C4(C(=O)Nc5ccc(F)cc5)CC4)cc3)ccnc2cc1OC.O=C(O)/C=C/C(=O)O,['Hepatocyte growth factor receptor']
CHEMBL5314958,NC[C@@]1(CC(=O)O)[C@@H]2CC[C@H]3C[C@@H]2[C@@H]1C3,[]
CHEMBL85231,CN(C)CC(Oc1ccccc1)Oc1ccccc1,[]
CHEMBL1090771,NC(=O)[C@@H](CCC(F)(F)F)N(Cc1ccc(-c2ncon2)cc1F)S(=O)(=O)c1ccc(Cl)cc1,['Nuclear receptor ROR-gamma']
CHEMBL1200845,CC1(C)O[C@@H]2C[C@H]3[C@@H]4CCC5=CC(=O)CC[C@]5(C)[C@@]4(F)[C@@H](O)C[C@]3(C)[C@]2(C(=O)CCl)O1,"['Nuclear receptor subfamily 1 group I member 2', 'Progesterone receptor']"
CHEMBL1200914,CCOc1ccccc1OCCN[C@H](C)Cc1ccc(OC)c(S(N)(=O)=O)c1.Cl,"['Alpha-1a adrenergic receptor', 'Alpha-1b adrenergic receptor', 'Alpha-1d adrenergic receptor']"
CHEMBL1208155,COc1cccc(-c2c(C)n(Cc3c(F)cccc3C(F)(F)F)c(=O)n(C[C@H](NCCCC(=O)O)c3ccccc3)c2=O)c1F,"['Gonadotropin-releasing hormone receptor', 'Gonadotropin-releasing hormone receptor']"
CHEMBL121663,Cc1cc(N)c2ccccc2[n+]1CCCCCCCCCC[n+]1c(C)cc(N)c2ccccc21.[Cl-].[Cl-],"['Plasmodium falciparum', 'CCRF-CEM', 'MOLT-4', 'SR', 'NCI-H522', 'U-251', 'LOX IMVI', 'SK-MEL-5', 'NCI-H23', '786-0', 'IGROV-1', 'SF-268', 'CAKI-1', 'SF-539', 'RXF 393', 'HOP-92', 'UO-31', 'Malme-3M', 'UACC-257', 'Arachidonate 15-lipoxygenase, type II', 'Peripheral myelin protein 22', 'Peripheral myelin protein 22', 'Small conductance calcium-activated potassium channel protein 3', 'Glutathione-S-transferase']"
CHEMBL1234579,[N-]=[N+]=O,['Carbonic anhydrase V']
CHEMBL1631694,CSc1ccc(OCc2ncc([N+](=O)[O-])n2C)cc1,[]
CHEMBL1756,C[C@]12CC[C@@H]3c4ccc(OC(=O)N(CCCl)CCCl)cc4CC[C@H]3[C@@H]1CC[C@@H]2OP(=O)(O)O,[]
CHEMBL1908305,C[C@@H](O)[C@H]1C(=O)N2C(C(=O)O)=C(S[C@H]3CC[S@@+]([O-])C3)S[C@H]12,"['Beta-lactamase', 'Beta-lactamase TEM']"
CHEMBL2017179,Cc1cc(C)c2c(c1)[C@@H](N(Cc1cc(C(F)(F)F)cc(C(F)(F)F)c1)c1nnn(C)n1)CCCN2C[C@H]1CC[C@H](C(=O)O)CC1,[]
CHEMBL2079587,C[C@]12Cc3c[nH]nc3C[C@@H]1CC[C@@H]1[C@@H]2CC[C@@]2(C)[C@H]1CC[C@]2(C)O,[]
CHEMBL2104745,CC(C)CCC(=O)CC1c2ccccc2C(=O)N1c1ccc2ccc(Cl)nc2n1,[]
CHEMBL2106798,CC1(C)CC(C)(C)CC(C)(N)C1.CS(=O)(=O)O,[]
CHEMBL2107772,C[C@@H](c1ccc(-c2ccccc2)c(F)c1)c1cc(NC(=N)N2CCOCC2)on1,[]
CHEMBL283800,CN(CC(=O)O)C(=N)N,"['Betaine transporter', 'GABA receptor alpha-1 subunit']"
CHEMBL324846,CCCCCCCC(=O)O,"['Peptidyl-glycine alpha-amidating monooxygenase', 'Solute carrier family 22 member 20']"
CHEMBL3348932,CC(C)N(CC[C@H](c1ccccc1)c1cc(CO)ccc1O)C(C)C,['Estrogen receptor']
CHEMBL3544919,N=C(N)NCCC[C@H](N)C(=O)NCCCN1CCN(CCCNC(=O)[C@@H](N)CCCNC(=N)N)CC1,"['Polyamine oxidase', 'Deoxyhypusine synthase']"
CHEMBL363449,CC1CCc2c(N3CCC(O)CC3)c(F)cc3c(=O)c(C(=O)O)cn1c23,['Mycobacterium smegmatis']
CHEMBL3707223,CCOC(=O)C[N+]1(C)CC[C@@H](OC(=O)[C@](O)(c2ccccc2)C2CCCC2)C1.[Br-],"['Muscarinic acetylcholine receptor M1', 'Muscarinic acetylcholine receptor M3']"
CHEMBL3707370,CCC1(CC)C(=O)CCNC1=O,[]
CHEMBL4297101,Cc1oc(=O)oc1COC(=O)N1CC[C@@H](N2CC/C(=C\C3=C(C(=O)[O-])N4C(=O)[C@@H](NC(=O)/C(=N/O)c5nsc(N)n5)[C@H]4SC3)C2=O)C1.[Na+],[]
CHEMBL4297333,CCCCCCCCCCCCCCCCOC[C@H](COP(=O)([O-])OCC[N+](C)(C)C)OCCCCC(=O)O,[]
CHEMBL447868,O=C([O-])c1ccccc1O.[Na+],[]
CHEMBL4594279,CS(=O)(=O)O.O=C(Cc1ccc(-c2ccc(OCCN3CCOCC3)cc2)cn1)NCc1ccccc1,[]
CHEMBL4594289,CCOC(=O)[C@H](C)N[P@](=O)(CO[C@@H]1C=C(F)[C@H](n2cnc3c(N)ncnc32)O1)Oc1ccccc1.O=C(O)CC(O)(CC(=O)O)C(=O)O,['Human immunodeficiency virus 1']
CHEMBL4802253,Cl.NCc1ccc2c(c1)nc(CN1C(=O)C3(CC3)c3ccc(F)cc31)n2CCCC(F)(F)F,"['Human respiratory syncytial virus', 'Fusion glycoprotein F0']"
CHEMBL5095066,C=CC(=O)N1C[C@H](C)N(c2nc(=O)n(-c3c(C4CC4)ncnc3C3CC3)c3nc(-c4c(N)cccc4F)c(F)cc23)C[C@H]1C,['GTPase KRas']
CHEMBL513909,CC[C@@H]1C(=O)N(C)c2cnc(Nc3ccc(C(=O)NC4CCN(C)CC4)cc3OC)nc2N1C1CCCC1,"['Serine/threonine-protein kinase PLK1', 'Serine/threonine-protein kinase PLK3']"
CHEMBL5314961,N#Cc1ccc(N2N=C3c4ccc(C(=O)N5CCC(O)CC5)nc4CC[C@@H]3[C@@H]2C2CCCC2)cc1Cl,[]
CHEMBL571546,O=C(Cc1ccc(-c2ccc(OCCN3CCOCC3)cc2)cn1)NCc1ccccc1,"['Ramos', 'K-562R', 'L3.6pl']"
CHEMBL571987,CCc1nn(CCO)c(CC)c1Oc1cc(C#N)cc(C#N)c1,[]
CHEMBL576982,CC(C)(C)c1cc(NC(=O)Nc2ccc(-c3cn4c(n3)sc3cc(OCCN5CCOCC5)ccc34)cc2)no1,"['Tyrosine-protein kinase receptor FLT3', 'MV4-11', 'MOLM-13']"
CHEMBL593429,NC(=O)NC1NC(=O)NC1=O,[]
CHEMBL783,CC(C)[C@H]1CC[C@H](C(=O)N[C@H](Cc2ccccc2)C(=O)O)CC1,[]
CHEMBL9509,COc1cc(C2Oc3cc([C@H]4Oc5cc(O)cc(O)c5C(=O)[C@@H]4O)ccc3OC2CO)ccc1O,[]
CHEMBL1082462,CC(C)(CC(=O)N1CCCC1)NCC(=O)N1C[C@@H](F)C[C@H]1C#N,['Dipeptidyl peptidase IV']
CHEMBL1200932,C[C@H](O)C(=O)Nc1c(I)c(C(=O)NC(CO)CO)c(I)c(C(=O)NC(CO)CO)c1I,[]
CHEMBL1200959,CN1CCC(CN2c3ccccc3Sc3ccccc32)C1,[]
CHEMBL1202,Cl.O=C(O)c1cn(C2CC2)c2cc(N3CCNCC3)c(F)cc2c1=O,"['DNA gyrase', 'Mycobacterium smegmatis', 'Topoisomerase IV subunit A', 'Mycobacterium intracellulare']"
CHEMBL1341,COC(F)(F)C(Cl)Cl,[]
CHEMBL2051955,C[C@@H]1CC(=O)NN=C1c1ccc(NN=C(C#N)C#N)cc1,[]
CHEMBL2107328,CCC(CC)COC(=O)[C@@H]1C[C@H]2C[C@@H](Oc3cccc(Cl)c3-c3nnn[nH]3)CC[C@H]2CN1,['Glutamate receptor ionotropic kainate 1']
CHEMBL290429,CCC(=O)N(c1ccccc1)C1(C(=O)OC)CCN(CCc2ccccc2)CC1,[]
CHEMBL35228,COc1ccc2nc3cc(Cl)ccc3c(Nc3cc(CN4CCCC4)c(O)c(CN4CCCC4)c3)c2n1,['Plasmodium falciparum']
CHEMBL3545303,CC1=NN(c2ccc(C)c(C)c2)C(=O)/C1=N\Nc1cccc(-c2cccc(-c3nnn[nH]3)c2)c1O,[]
CHEMBL4080062,O=C(Nc1cccc(C(F)(F)F)c1)c1cccc2cc(Oc3cc(CO)ncn3)ccc12,['Vascular endothelial growth factor receptor 2']
CHEMBL4297380,CCCCCc1ccc(-c2cc3cn([C@H]4C[C@H](O)[C@@H](COC(=O)[C@@H](N)C(C)C)O4)c(=O)nc3o2)cc1.Cl,[]
CHEMBL5095207,COc1cc(/C=C/C(=O)/C=C/C=C/c2cc(OC)c(O)c(OC)c2)cc(OC)c1,[]
CHEMBL5095210,O=C1CC[C@H](N2Cc3cc(N4CCN(CC5CCN(c6ccc([C@@H]7c8ccc(O)cc8CC[C@@H]7c7ccccc7)cc6)CC5)CC4)ccc3C2=O)C(=O)N1,[]
CHEMBL5095405,CN1CCN(C(=O)[C@H](CCCN[C@@H]2C[C@H]2c2ccc(F)cc2)NC(=O)c2ccc(-n3ccnn3)cc2)CC1.Cc1ccc(S(=O)(=O)O)cc1.Cc1ccc(S(=O)(=O)O)cc1,[]
CHEMBL5095424,COc1ncc(-c2nc3c(n2C(C)C)[C@H](c2ccc(Cl)cc2)N(c2cc(Cl)cn(C)c2=O)C3=O)c(OC)n1.O=C(O)CCC(=O)O,['p53-binding protein Mdm-2']
CHEMBL5314410,C#Cc1cccc(Nc2ncnc3cc(OC)c(NC(=O)N4C[C@H]5CCN(C)[C@H]5C4)cc23)c1,['Epidermal growth factor receptor erbB1']
CHEMBL5314565,CCCCCCCCCC1=C(C)C(=O)C(C)=C(C)C1=O,"['Beta-ketoacyl-ACP-synthase III', 'Macrophage-expressed gene 1 protein']"
CHEMBL6246,O=c1oc2c(O)c(O)cc3c(=O)oc4c(O)c(O)cc1c4c23,"['Phosphoglycerate kinase', 'Translin-associated protein X', 'Casein kinase 2']"
CHEMBL889,O=P(O)(NCCCl)NCCCl,[]
CHEMBL942,CC(=O)Oc1ccc(C(c2ccc(OC(C)=O)cc2)c2ccccn2)cc1,['Cytochrome P450 26A1']
CHEMBL119385,O=c1ncn2nc(Sc3ccc(F)cc3F)ccc2c1-c1c(Cl)cccc1Cl,"['MAP kinase p38 alpha', 'MAP kinase p38', 'MAP kinase p38 beta']"
CHEMBL1200727,[82Rb+].[Cl-],[]
CHEMBL1200758,CC1(C)S[C@@H]2[C@H](NC(=O)[C@H](N)c3ccccc3)C(=O)N2[C@H]1C(=O)[O-].[Na+],[]
CHEMBL1200848,CCCCCC(=O)O[C@]1(C(C)=O)CC[C@H]2[C@@H]3CCC4=CC(=O)CC[C@]4(C)[C@H]3CC[C@@]21C,[]
CHEMBL1204187,CC1(C)CC(=O)N(CCCCN2CCN(c3ncccn3)CC2)C(=O)C1.Cl,['Serotonin 1a (5-HT1a) receptor']
CHEMBL1372950,CO[C@]12C[C@@H](COC(=O)c3cncc(Br)c3)CN(C)[C@@H]1Cc1cn(C)c3cccc2c13,[]
CHEMBL1466172,Cc1ncc([N+](=O)[O-])n1CCOC(=O)c1ccccc1,"['Beta-glucuronidase', 'Pancreatic alpha-amylase']"
CHEMBL1502,COc1ccnc(C[S+]([O-])c2nc3cc(OC(F)F)ccc3[nH]2)c1OC,"['Potassium-transporting ATPase', 'Histone-lysine N-methyltransferase 2A/WDR5', 'NAD(+) hydrolase SARM1']"
CHEMBL1625607,CN1CCc2c(c3ccccc3n2Cc2ccccc2)C1,[]
CHEMBL1631540,Cc1ccc2c(N3CCN(CCc4cccc(N5CCNC5=O)c4)CC3)cccc2n1,"['Serotonin 1a (5-HT1a) receptor', 'Serotonin transporter', 'Serotonin 1d (5-HT1d) receptor', 'Serotonin 1b (5-HT1b) receptor']"
CHEMBL1673408,CN1CCN(c2ccc(N3C[C@H](CO)OC3=O)cc2F)C=N1,[]
CHEMBL1851943,CCCCc1nc2cc(/C=C/C(=O)NO)ccc2n1CCN(CC)CC,['Histone deacetylase 1']
CHEMBL1889140,CCCN1CCCC[C@H]1C(=O)Nc1c(C)cccc1C.Cl,[]
CHEMBL217092,CN1CCN(CCOc2cc(OC3CCOCC3)c3c(Nc4c(Cl)ccc5c4OCO5)ncnc3c2)CC1,"['Vascular endothelial growth factor receptor 2', 'Tyrosine-protein kinase SRC', 'NCI-H661', 'BV-173', 'LAMA-84', 'BB30-HNC', 'ETK-1', 'ES4', 'SH-4', 'EM-2', 'C2BBe1', 'MFH-ino', 'PF-382', 'GDM-1', 'IST-SL2', 'RL95-2', 'EW-24', 'BOKU', 'NCI-H1436']"
CHEMBL220050,C[C@@H](C(=O)N1CCOCC1)N1CC[C@H](NS(=O)(=O)/C=C/c2ccc(Cl)s2)C1=O,['Coagulation factor X']
CHEMBL2356648,Cl.Cl.Cl.N=C(N)NCCCCCCC(=O)NC(O)C(=O)NCCCCNCCCN,[]
CHEMBL253371,CCN(CCCc1ccccc1)CCCc1ccccc1,"['Sigma opioid receptor', 'Sigma-1 receptor', 'Sigma intracellular receptor 2', 'Synaptic vesicular amine transporter']"
CHEMBL3182621,Cc1cc(C(=O)NOCCO)c(Nc2ccc(I)cc2F)n(C)c1=O,['Dual specificity mitogen-activated protein kinase kinase 1']
CHEMBL31891,COc1cc(Cc2cnc(N)nc2N)cc(OC)c1Br,"['Dihydrofolate reductase', 'Dihydrofolate reductase', 'Dihydrofolate reductase', 'Dihydrofolate reductase', 'Dihydrofolate reductase']"
CHEMBL3260505,CCc1cnc(N2CCC(c3nc(COc4ccc(-n5cnnn5)cc4)cs3)CC2)nc1,['Glucose-dependent insulinotropic receptor']
CHEMBL329123,CCCc1c(OCCCOc2cc(O)c(-c3ccc(F)cc3)cc2CC)cccc1Oc1ccccc1C(=O)O,"['Leukotriene B4 receptor 1', 'Leukotriene B4 receptor']"
CHEMBL3526802,O=C(CBr)N1CC([N+](=O)[O-])([N+](=O)[O-])C1,[]
CHEMBL3621969,COc1ccc(C(=O)NC2(C(=O)O)Cc3ccccc3C2)cc1OCCc1cccc(C)c1,['C-X-C chemokine receptor type 5']
CHEMBL3989928,CC(=O)[O-].CCCCCOc1ccc(-c2ccc(-c3ccc(C(=O)N[C@H]4C[C@@H](O)[C@@H](OCC[N+](C)(C)C)NC(=O)[C@@H]5[C@@H](O)[C@@H](C)CN5C(=O)[C@H]([C@@H](C)O)NC(=O)[C@H]([C@H](O)[C@@H](O)c5ccc(O)cc5)NC(=O)[C@@H]5C[C@@H](O)CN5C(=O)[C@H]([C@@H](C)O)NC4=O)cc3)cc2)cc1,[]
CHEMBL4094440,NS(=O)(=O)c1cncc(-c2nc(NCc3ccccn3)c3c(-c4ccccc4)cccc3n2)c1,[]
CHEMBL4227736,Cc1ccc(C(=O)Oc2ccc(C(CN(C)C)C3(O)CCCCC3)cc2)cc1,[]
CHEMBL4297203,O=C(CN[C@@H]1CCNC1)N1CCC[C@H]1B(O)O.O=C(O)C(O)C(O)C(=O)O,[]
CHEMBL4297273,Cl.N[C@H]1C[C@@H](C(=O)O)CC1=C(F)F,['Betaine transporter']
CHEMBL4297332,CCOCCCCCCN1C[C@H](O)[C@@H](O)[C@@H](O)[C@H]1C.O=C(O)[C@H](O)[C@@H](O)C(=O)O,['Beta-glucocerebrosidase']
CHEMBL4297343,CCCCCC=CCC=CCCCCCCC(O)C(=O)O,"['Candida parapsilosis', 'Crithidia fasciculata', 'Phomopsis obscurans']"
CHEMBL4475463,O=C(O)c1ccc2c(c1)CCCC(c1ccc(Cl)cc1Cl)=C2c1ccc(O[C@H]2CCN(CCCF)C2)cc1,['Estrogen receptor alpha']
CHEMBL450449,COc1cc2c(cc1O)CCN[C@]21CS[C@@H]2c3c(OC(C)=O)c(C)c4c(c3[C@H](COC1=O)N1[C@@H]2[C@H]2c3c(cc(C)c(OC)c3O)C[C@@H]([C@@H]1O)N2C)OCO4,[]
CHEMBL4650323,C=CC(=O)N1CCC[C@@H](n2c(=O)n(-c3ccc(Oc4ccccc4)cc3)c3c(N)nccc32)C1,"['Tyrosine-protein kinase BTK', 'Tyrosine-protein kinase ITK/TSK', 'Tyrosine-protein kinase BMX', 'Rec1', 'Platelet glycoprotein VI (GPVI)']"
CHEMBL57,Cc1ccnc2c1NC(=O)c1cccnc1N2C1CC1,['Human immunodeficiency virus type 1 reverse transcriptase']
CHEMBL605846,COc1ccc(CC(C)(C)NC[C@H](O)c2cc(O)cc3c2OCC(=O)N3)cc1,['Beta-2 adrenergic receptor']
CHEMBL863,N[C@@H](CS)C(=O)O,"['Aminopeptidase A', 'Gamma-amino-N-butyrate transaminase', 'GABA receptor alpha-1 subunit']"
CHEMBL94657,C/C(=C\c1csc(C)n1)[C@@H]1C[C@@H]2O[C@]2(C)CCC[C@H](C)[C@H](O)[C@@H](C)C(=O)C(C)(C)[C@@H](O)CC(=O)O1,"['1A9', '1A9/ptx-10', '1A9/ptx-22']"
CHEMBL986,CC1=C(/C=C/C(C)=C/C=C/C(C)=C/CO)C(C)(C)CCC1,[]
CHEMBL1194,CCCNC(C)C(=O)Nc1ccccc1C,[]
CHEMBL1201118,CO[C@@]1(NC(=O)CSCC#N)C(=O)N2C(C(=O)[O-])=C(CSc3nnnn3C)CS[C@@H]21.[Na+],[]
CHEMBL1201236,C[C@@](Cc1ccc(O)c(O)c1)(NN)C(=O)O,[]
CHEMBL1201759,O=C(O)CCCN1CCC(O[C@@H](c2ccc(Cl)cc2)c2ccccn2)CC1.O=S(=O)(O)c1ccccc1,[]
CHEMBL1295,Clc1ccc(CCC(Cn2ccnc2)Sc2c(Cl)cccc2Cl)cc1,"['Bile salt export pump', '7-alpha-hydroxycholest-4-en-3-one 12-alpha-hydroxylase', 'Naegleria gruberi', 'Lanosterol 14-alpha demethylase', 'Eukaryotic peptide chain release factor GTP-binding subunit', 'Cytochrome P450 121']"
CHEMBL1770248,CCOc1ccc(Cc2cc([C@]34OC[C@](CO)(O3)[C@@H](O)[C@H](O)[C@H]4O)ccc2Cl)cc1,"['Sodium/glucose cotransporter 2', 'Low affinity sodium-glucose cotransporter', 'Sodium/glucose cotransporter 2', 'SGLT1 protein']"
CHEMBL191482,CC(C)[C@H](C(=O)Nc1ccc(C(=O)NO)cc1)c1ccccc1,[]
CHEMBL2103825,CCCCCCCCCCCCCCCCOc1nc2ccc(C)cc2c(=O)o1,['Vitamin K epoxide reductase complex subunit 1']
CHEMBL2105953,CO/N=C(\C(=O)N[C@@H]1C(=O)N2C(C(=O)O)=C(Cn3nnc(C)n3)CS[C@H]12)c1csc(N)n1,"['Solute carrier family 22 member 6', 'Solute carrier family 22 member 8', 'Solute carrier family 22 member 11', 'PER-2 beta-lactamase']"
CHEMBL223402,O=C(Nc1ccccc1F)N[C@H]1N=C(c2ccccc2)c2ccccc2NC1=O,"['Cholecystokinin B receptor', 'Cholecystokinin A receptor']"
CHEMBL2386889,Cn1cc(-c2cnn3c(N)c(Br)c([C@@H]4CCCNC4)nc23)cn1,"['Serine/threonine-protein kinase Chk1', 'Cyclin-dependent kinase 2/cyclin A']"
CHEMBL332750,CCOc1ccc(-c2nc(-c3cccc(C(=O)O)n3)cs2)cc1OCC,[]
CHEMBL33720,CNCC(O)c1ccc(O)cc1,[]
CHEMBL345714,Cc1cnc(C(=O)O)c[n+]1[O-],[]
CHEMBL3642985,Cc1nc(C#Cc2ccc(-c3cc(F)cc(C#N)c3)nc2)cs1,"['Metabotropic glutamate receptor 5', 'Metabotropic glutamate receptor 5']"
CHEMBL3991932,Cc1ccc(-n2nc(C(C)(C)C)cc2NC(=O)NCc2cc(F)ccc2Oc2ccc3c(cnn3CCO)c2)cc1,['MAP kinase p38 alpha']
CHEMBL435128,CC(C)c1nc(COC(N)=O)n(Cc2ccncc2)c1Sc1cc(Cl)cc(Cl)c1,[]
CHEMBL447955,C[C@@H](O[C@H]1CC[C@@H]2CN(C3=CC(=O)CC3)C[C@H]2[C@@H]1c1ccc(F)cc1)c1cc(C(F)(F)F)cc(C(F)(F)F)c1,['Neurokinin 1 receptor']
CHEMBL4650312,O=C(O)CCc1ccc(S(=O)(=O)CCc2c(CCNS(=O)(=O)Cc3ccccc3C(F)(F)F)n(C(c3ccccc3)c3ccccc3)c3ccc(Cl)cc23)cc1,['Blood']
CHEMBL50300,O=C(O)CP(=O)(O)O,"['5-enolpyruvylshikimate-3-phosphate synthase', 'Mevalonate pyrophosphate decarboxylase']"
CHEMBL59,NCCc1ccc(O)c(O)c1,[]
CHEMBL657,CN(C)CCOC(c1ccccc1)c1ccccc1,[]
CHEMBL891,Cc1onc(-c2ccccc2Cl)c1C(=O)N[C@@H]1C(=O)N2[C@@H]1SC(C)(C)[C@@H]2C(=O)O,[]
CHEMBL1200625,[89Sr+2].[Cl-].[Cl-],[]
CHEMBL1200794,CN1CC[C@]23c4c5ccc(O)c4O[C@H]2C(=O)CC[C@@]3(O)[C@H]1C5.Cl,"['Opioid receptor', 'Opioid receptors; mu & kappa']"
CHEMBL1200974,CN(C)CCOC(c1ccc(Cl)cc1)c1ccccn1.O=C(O)/C=C\C(=O)O,[]
CHEMBL1201785,CCCCCCOC(=O)CCC(=O)CN.Cl,[]
CHEMBL120563,CN(C)C(=S)SSC(=S)N(C)C,"['Beta-lactamase', 'Fusarium moniliforme', 'Lysyl oxidase homolog 4']"
CHEMBL14,C[N+](C)(C)CCOC(N)=O.[Cl-],"['Acetylcholine receptor protein alpha chain', 'Choline trimethylamine-lyase']"
CHEMBL1421,Cc1nc(Nc2ncc(C(=O)Nc3c(C)cccc3Cl)s2)cc(N2CCN(CCO)CC2)n1,"['Tyrosine-protein kinase SRC', 'Tyrosine-protein kinase ABL', 'Tyrosine-protein kinase LCK', 'KG-1', 'Serine/threonine-protein kinase SIK2', 'LAMA-84', 'Serine/threonine-protein kinase SIK1', 'Serine/threonine-protein kinase SIK3', 'Breakpoint cluster region protein', 'Dual specificity testis-specific protein kinase 1']"
CHEMBL1503,COc1ccc2[nH]c([S+]([O-])Cc3ncc(C)c(OC)c3C)nc2c1,"['Potassium-transporting ATPase', 'Potassium-transporting ATPase', 'Histone-lysine N-methyltransferase 2A/WDR5', 'NAD(+) hydrolase SARM1']"
CHEMBL1592,CCOC(=O)[C@H](CCc1ccccc1)N[C@@H](C)C(=O)N1Cc2ccccc2C[C@H]1C(=O)O,['Angiotensin-converting enzyme']
CHEMBL1699,CC12CC3CC(C)(C1)CC(N)(C3)C2.Cl,[]
CHEMBL2021422,CC(C)c1cccc(C(C)C)c1OCOP(=O)([O-])[O-].[Na+].[Na+],[]
CHEMBL2104482,O=Cc1c(O)cccc1OCc1ccc(C(=O)O)cc1,['Hydroxyacid oxidase 1']
CHEMBL2110962,CC(Cc1ccccc1)NCCCCl,[]
CHEMBL2147475,COc1cc(-n2cnc3cc(-c4ccc(Cl)cc4)sc3c2=O)ccc1OC[C@H](OP(=O)(O)O)C1CC1,[]
CHEMBL224060,Cn1nnc2ccc([C@H](c3ccc(Cl)cc3)n3cncn3)cc21,[]
CHEMBL225072,Nc1nc2[nH]cc(CCc3ccc(C(=O)N[C@@H](CCC(=O)O)C(=O)O)cc3)c2c(=O)[nH]1,"['KB', 'Thymidylate synthase', 'GAR transformylase', 'Folate receptor beta', 'Proton-coupled folate transporter', 'Folate transporter 1', 'R2', 'Thymidylate synthase/GAR transformylase/AICAR transformylase']"
CHEMBL2408045,CNC(=O)CN1CCC(Oc2cc3c(Nc4cccc(Cl)c4F)ncnc3cc2OC)CC1,['Epidermal growth factor receptor erbB1']
CHEMBL3184986,CC(=O)[O-].CC(=O)[O-].O.O.[Zn+2],[]
CHEMBL3707214,O=C(ON1CCOCC1)c1ccccc1O,[]
CHEMBL3707224,CCOC(=O)C[N+]1(C)CC[C@@H](OC(=O)[C@](O)(c2ccccc2)C2CCCC2)C1,['Muscarinic acetylcholine receptor M3']
CHEMBL3707347,CC(C)(Sc1ccncc1-c1ccc(C#N)c2ccccc12)C(=O)O,['Solute carrier family 22 member 12']
CHEMBL3780740,COc1ccc(Oc2cc(N(C)CCOc3ccc(CC4SC(=O)NC4=O)cc3)ncn2)cc1.O=S(=O)(O)O,['Peroxisome proliferator-activated receptor gamma']
CHEMBL4088896,C[C@H](CN1CCOCC1)n1/c(=N\C(N)=O)[nH]c2cc(/C=C3\c4ccccc4COc4cc(F)ccc43)ccc21,['Mineralocorticoid receptor']
CHEMBL42055,OCCN1CCN(CC/C=C2\c3ccccc3Sc3ccc(C(F)(F)F)cc32)CC1,[]
CHEMBL454801,COC1=C(OC)C(=O)C(C/C=C(\C)CC/C=C(\C)CC/C=C(\C)CC/C=C(\C)CC/C=C(\C)CC/C=C(\C)CC/C=C(\C)CC/C=C(\C)CC/C=C(\C)CCC=C(C)C)=C(C)C1=O,[]
CHEMBL4796560,CCN(Cc1ccccc1)c1ccc(/N=N/c2ccc(NC(=O)C[N+](CC)(CC)CC)cc2)cc1,[]
CHEMBL5077961,Nc1nc(-c2cccc(-n3ccc4cc(C5CC5)cc(F)c4c3=O)c2CO)c2cc(C3=CCN(C4COC4)CC3)[nH]c2n1,"['Tyrosine-protein kinase BTK', 'OCI-Ly10']"
CHEMBL5095223,CNC(=O)c1ccc(N2CCN(Cc3ccc4nc(C)c(=O)[nH]c4c3F)CC2)c(F)n1,['Poly [ADP-ribose] polymerase-1']
CHEMBL5314581,CC(C)[C@H](N)C(=O)SCC/C=C/[C@@H]1CC(=O)NCc2nc(cs2)C(=O)NC(C)(C)C(=O)N[C@@H](C(C)C)C(=O)O1,[]
CHEMBL606258,CO[C@H]1C[C@H](O[C@H]2[C@H](C)[C@@H](O[C@@H]3O[C@H](C)C[C@H](N(C)C)[C@H]3O)[C@@H](C)C[C@@]3(CO3)C(=O)[C@H](C)[C@@H](O)[C@@H](C)[C@@H](C)OC(=O)[C@@H]2C)O[C@@H](C)[C@@H]1O,"['Bacterial 70S ribosome', 'Streptococcus pneumoniae']"
CHEMBL74,O=C([O-])c1cc(=O)c2c(OCC(O)COc3cccc4oc(C(=O)[O-])cc(=O)c34)cccc2o1.[Na+].[Na+],['G-protein coupled receptor 35']
CHEMBL843,CN(CCOc1ccc(CC2SC(=O)NC2=O)cc1)c1ccccn1.O=C(O)/C=C\C(=O)O,['Peroxisome proliferator-activated receptor gamma']
CHEMBL1078549,C[C@@]12C[C@@]3(O)O[C@@H](O1)[C@]1(COC(=O)c4ccccc4)[C@@H]3C[C@]12O[C@@H]1O[C@H](CO)[C@@H](O)[C@H](O)[C@H]1O,['N9']
CHEMBL1094966,CC(C)(C)NCC(O)c1ccc(O)c(CO)n1,[]
CHEMBL1096885,CCCCC(=O)OCC(=O)[C@]1(O)Cc2c(O)c3c(c(O)c2[C@@H](O[C@H]2C[C@H](NC(=O)C(F)(F)F)[C@H](O)[C@H](C)O2)C1)C(=O)c1c(OC)cccc1C3=O,[]
CHEMBL1200688,CCOC(=O)CCC(=O)O[C@H]1[C@H](O[C@@H]2[C@@H](C)[C@H](O[C@H]3C[C@@](C)(OC)[C@@H](O)[C@H](C)O3)[C@@H](C)C(=O)O[C@H](CC)[C@@](C)(O)[C@H](O)[C@@H](C)C(=O)[C@H](C)C[C@@]2(C)O)O[C@H](C)C[C@@H]1N(C)C,['Streptococcus pneumoniae']
CHEMBL1201222,C[C@@H](Cc1ccccc1)NC(=O)[C@@H](N)CCCCN,[]
CHEMBL1230191,O=P(O)(O)OP(=O)(O)OP(=O)(O)O,"['Fructose-bisphosphate aldolase A', 'Mevalonate pyrophosphate decarboxylase']"
CHEMBL1330596,CC(N)(Cc1ccc(O)cc1)C(=O)O,[]
CHEMBL135400,CN1CCN(C(=O)OC2c3nccnc3C(=O)N2c2ccc(Cl)cn2)CC1,[]
CHEMBL136737,Cc1ncc(CNC(=O)N(CCCl)N=O)c(N)n1,[]
CHEMBL1477036,CCCCC(CC)COC(=O)CC(C(=O)OCC(CC)CCCC)S(=O)(=O)O,[]
CHEMBL1531,C#C[C@]1(O)CC[C@H]2[C@@H]3CCC4=CC(=O)CC[C@@H]4[C@H]3C(=C)C[C@@]21CC,['Progesterone receptor']
CHEMBL160519,CCC(NC(C)C)C(O)c1ccc(O)c2[nH]c(=O)ccc12,[]
CHEMBL1626,CN1CCC[C@@H]1CCO[C@](C)(c1ccccc1)c1ccc(Cl)cc1,['Muscarinic acetylcholine receptor M1']
CHEMBL165,Oc1ccc(/C=C/c2cc(O)cc(O)c2)cc1,[]
CHEMBL1682,OC[C@@H](O)[C@@H](O)[C@H](O)[C@@H](O)CO,[]
CHEMBL1719,CN(C)CC/C=C1/c2ccccc2COc2ccc(CC(=O)O)cc21.Cl,[]
CHEMBL1818341,CC(C)CNCc1ccc(-c2ccccc2S(=O)(=O)N2CCCC2)cc1,['Vasopressin V1b receptor']
CHEMBL2088033,CNC(=O)[C@@H](Cc1ccccc1F)CN1CCC2(CC1)OCCc1cc(F)sc12,['Nociceptin receptor']
CHEMBL2103822,CCC(=O)NC[C@@H]1C[C@H]1c1cccc2c1CCO2,"['Melatonin receptor 1A', 'Melatonin receptor 1B']"
CHEMBL2106085,O=C([O-])C1N=C(c2ccccc2)c2cc(Cl)ccc2NC1=O.[K+],[]
CHEMBL2107313,CCN(CC)CCN1C(=O)c2c(c3c4cccc(Cl)c4n([C@@H]4O[C@H](CO)[C@@H](OC)[C@H](O)[C@H]4O)c3c3[nH]c4c(Cl)cccc4c23)C1=O,['L1210']
CHEMBL2107797,C#CC1(O)CC[C@H]2[C@@H]3CCC4=CC(=O)CC[C@@H]4[C@H]3CC[C@@]21CC,['Progesterone receptor']
CHEMBL2107822,Cc1ccc(-c2ncccn2)c(C(=O)N2C[C@H](COc3ccc(F)cn3)CC[C@H]2C)c1,"['Orexin receptor 2', 'Orexin receptor 1', 'Orexin receptor 1']"
CHEMBL248095,COC1=C[C@@H]2[C@@H]3Cc4ccc(OC)c(O)c4[C@]2(CCN3C)CC1=O,['Opioid receptors; delta & kappa']
CHEMBL294951,CN1CCC(=C2c3ccccc3CCc3sccc32)CC1,[]
CHEMBL3140370,CN1CCN(CCCCN2C(=O)CN(/N=C/c3ccc(-c4ccc(Cl)cc4)o3)C2=O)CC1.Cl.Cl,['Potassium voltage-gated channel subfamily H member 2']
CHEMBL3183549,CC(=C(CCOP(=O)(O)O)SC(=O)c1ccccc1)N(C=O)Cc1cnc(C)nc1N,['Transketolase']
CHEMBL3185958,CCN(CC)CCOc1ccc(C(=C(Cl)c2ccccc2)c2ccccc2)cc1.O=C(O)CC(O)(CC(=O)O)C(=O)O,[]
CHEMBL3544909,C=C1CC[C@H](O)C/C1=C/C=C1\CCC[C@]2(C)[C@@H]([C@H](C)CCCC(C)(C)O)CC[C@@H]12.O,['Vitamin D receptor']
CHEMBL371064,CCCN1CCN(c2ccc(C(=O)NC3(C(=O)NCC#N)CCCCC3)cc2)CC1,"['Cathepsin S', 'Cathepsin K', 'Cathepsin K', 'Cathepsin S', 'Osteoclasts', 'A20']"
CHEMBL3833377,O=C([O-])[C@H](O)[C@@H](O)[C@H](O)[C@H](O)CO.O=C([O-])[C@H](O)[C@@H](O)[C@H](O)[C@H](O)CO.[Zn+2],[]
CHEMBL3989921,CCOc1cc2ncc(C#N)c(Nc3ccc(OCc4ccccn4)c(Cl)c3)c2cc1NC(=O)/C=C/CN(C)C.O=C(O)/C=C\C(=O)O,"['Epidermal growth factor receptor erbB1', 'Receptor protein-tyrosine kinase erbB-2', 'Receptor protein-tyrosine kinase erbB-4']"
CHEMBL4297404,COc1ccc(CC2OC(=O)NC2=O)cc1C(=O)NCc1ccc(C(F)(F)F)cc1,[]
CHEMBL4297479,C[C@@H](O)c1nnc([C@H]2C[C@H](NC(=O)c3cc(-c4ccccc4)no3)C2)o1,[]
CHEMBL4298144,O=C(CNC(=O)c1ccc(C2=NO[C@@](c3cc(Cl)cc(C(F)(F)F)c3)(C(F)(F)F)C2)c2ccccc12)NCC(F)(F)F,[]
CHEMBL4650343,Cc1cc(Nc2cc3ncccc3c(N[C@@H]3C[C@H]4CC[C@@H](C3)N4CCC#N)n2)n[nH]1,[]
CHEMBL495498,CC(C)Cc1sc(N)nc1-c1ccc(P(=O)(O)O)o1,"['Fructose-1,6-bisphosphatase', 'Fructose-1,6-bisphosphatase']"
CHEMBL498416,Nc1ccccc1C(=O)C[C@H](N)C(=O)O,[]
CHEMBL5314583,C[C@@H](NC(=O)N1C(=O)[C@H](Cc2ccnc(N)c2)[C@H]1C(=O)O)C1CCCCC1,[]
CHEMBL682,CCN(CC)Cc1cc(Nc2ccnc3cc(Cl)ccc23)ccc1O,['Plasmodium falciparum']
CHEMBL703,C[N+](C)(C)CCOC(=O)CCC(=O)OCC[N+](C)(C)C,[]
CHEMBL87708,CN(CCCN1c2ccccc2CCc2ccccc21)CC(=O)c1ccc(Cl)cc1,[]
CHEMBL902,NC(N)=Nc1nc(CSCC/C(N)=N/S(N)(=O)=O)cs1,"['Carbonic anhydrase II', 'Carbonic anhydrase I']"
CHEMBL112797,CCCCP(=O)(O)CCCN,"['GABA-B receptor', 'GABA B receptor', 'GABA-B receptor 1']"
CHEMBL1172928,C[C@@H]1NC(C)(C)CO[C@@]1(O)c1cccc(Cl)c1,[]
CHEMBL1200737,CCCCCCCCCCCCCCCC(=O)OC[C@H](COP(=O)([O-])OCC[N+](C)(C)C)OC(=O)CCCCCCCCCCCCCCC,[]
CHEMBL1200778,C[C@@H](CN1CC(=O)NC(=O)C1)N1CC(=O)NC(=O)C1.Cl,['Cereblon isoform 4']
CHEMBL1200935,Br.NC(=O)C(c1ccccc1)(c1ccccc1)[C@@H]1CCN(CCc2ccc3c(c2)CCO3)C1,[]
CHEMBL1201229,CN(CCCCCCCCCCN(C)C(=O)Oc1cccc([N+](C)(C)C)c1)C(=O)Oc1cccc([N+](C)(C)C)c1,[]
CHEMBL1207366,O=C(O)C1C/C(=C2/CCN(c3ccccc3)C2=O)c2ccc(Cl)cc2N1,[]
CHEMBL1224,Cc1ccc(/C(=C\CN2CCCC2)c2cccc(/C=C/C(=O)O)n2)cc1,[]
CHEMBL1234886,O=O,"['Olfactory receptor 51E2', 'Carbonic anhydrase V']"
CHEMBL1254990,C[C@H](CC(=O)O)[C@H]1CC[C@H]2[C@@H]3[C@@H](O)C[C@@H]4C[C@H](O)CC[C@]4(C)[C@H]3CC[C@]12C,"['G-protein coupled bile acid receptor 1', 'Multidrug resistance-associated protein 4']"
CHEMBL1980391,COc1cc2c(cc1F)C(c1ccccc1Cl)=Nc1c(n[nH]c1C)N2,[]
CHEMBL203321,CCCCCCCCCCCCCCCCOCCCOP(=O)(O)CO[C@H](CO)Cn1ccc(N)nc1=O,"['Vaccinia virus', 'Vaccinia virus Copenhagen', 'Ectromelia virus Moscow']"
CHEMBL2104398,OCC(O)[C@@H](O)[C@H](O)[C@H](O)CO[C@H]1O[C@H](CO)[C@@H](O)[C@H](O)[C@H]1O,[]
CHEMBL2107820,COc1ccc(NC(=O)[C@H](CCCCN)NC(=O)c2cc(NC(=O)[C@H](CCCCN)NC(=O)c3cc(NC(=O)[C@H](CCCCN)NC(=O)c4cc(NC(=O)[C@@H](N)CCCCN)ccc4OC)ccc3OC)ccc2OC)cc1C(N)=O,[]
CHEMBL2110912,O=C(OCCN1CCCCC1)C1(C2CCCCC2)CCCCC1,[]
CHEMBL222813,CC(=O)N[C@H]1[C@H]([C@H](O)[C@H](O)CO)OC(C(=O)O)=C[C@@H]1NC(=N)N,"['Influenza A virus', 'Neuraminidase', 'Neuraminidase', 'Influenza A virus (H5N1)', 'Sialidase 2', 'unidentified influenza virus', 'Influenza B virus (B/Lee/40)', 'Neuraminidase', 'Neuraminidase', 'Neuraminidase', 'Neuraminidase']"
CHEMBL33864,O=C(O)CCCCC1CCSS1,[]
CHEMBL363387,O=C(O)Cn1cc(Cc2nc3c(F)c(F)cc(F)c3s2)c2ccccc21,"['Aldose reductase', 'Aldehyde reductase']"
CHEMBL3707350,C=CC(=O)N1CC[C@@H](Oc2nc(Nc3ccc(N4CCC(N5CCN(C)CC5)CC4)cc3)c(C(N)=O)nc2CC)C1.CS(=O)(=O)O,['Epithelial cells']
CHEMBL396416,N[C@@H](CSCC(=O)O)C(=O)O,['GABA receptor alpha-1 subunit']
CHEMBL427216,Cc1ccc(S(=O)(=O)NC(=O)NN2CC3CCCC3C2)cc1,[]
CHEMBL4284447,Cc1nc(Nc2ncc(N3CCN(C)[C@H](C)C3)c(Nc3cc(C)n(C)n3)n2)cc(C2CC2)c1F,[]
CHEMBL429317,Cc1cc(/C(=C/Nc2ccc(Cl)cc2)C(=O)Nc2ccc(Cl)cc2)on1,[]
CHEMBL4301787,CN(C[C@H](O)[C@@H](O)[C@H](O)[C@H](O)CO)C(=S)S,[]
CHEMBL4521078,Cc1noc(C)c1-c1cnc2c(-c3ccc(C(=O)O)cc3)cn([C@@H](C)c3ccccn3)c2c1,"['Bromodomain-containing protein 4', 'Myc proto-oncogene protein']"
CHEMBL4583691,Cc1ccc(NC(=O)c2ccnc(C(F)(F)F)c2)cc1-c1cc(OCCO)nc(N2CCOCC2)c1,"['Serine/threonine-protein kinase B-raf', 'Serine/threonine-protein kinase RAF']"
CHEMBL4650362,Cc1cc(N2CCN(c3ccc(C(=O)Nc4ccc(F)cc4)cc3)CC2)ccc1OC[C@@H]1CO[C@@](Cn2cncn2)(c2ccc(F)cc2F)C1,[]
CHEMBL508102,CCOC(=O)n1ccn(C)c1=S,[]
CHEMBL5314432,CC(C)C[C@@H](C(=O)N1C[C@]2(C[C@H]1C#N)C(=O)Nc1ccccc12)N(C)C(=O)c1cc2c(F)cc(F)c(F)c2[nH]1,[]
CHEMBL5314920,C=CC(=O)N[C@H]1CCC[C@H]1NC(=O)c1sc2nccc3c2c1NC(=O)N3c1cnc(CC(C)C)cc1C,"['Tyrosine-protein kinase BTK', 'Tyrosine-protein kinase TEC']"
CHEMBL5314957,CCCOc1ccc([C@@H]2COc3c(ccc4c3CCC(C)(C)O4)C2)c(O)c1,[]
CHEMBL597,Cc1ccc(N(CC2=NCCN2)c2cccc(O)c2)cc1,"['Alpha-1a adrenergic receptor', 'Adrenergic receptor alpha']"
CHEMBL7010,CCNC1C2CCC(C2)C1c1ccccc1,['Dopamine transporter']
CHEMBL1073,Cc1cnc(C(=O)NCCc2ccc(S(=O)(=O)NC(=O)NC3CCCCC3)cc2)cn1,[]
CHEMBL1187011,CCCCCCCCCCCC[N+](C)(C)CCOc1ccccc1,[]
CHEMBL1194666,CCN(CC)C(C)C(=O)c1ccccc1,[]
CHEMBL1200731,[Cl-].[K+],['Carbonic anhydrase V']
CHEMBL1213352,C#CCN1C(=O)CN=C(c2ccccc2)c2cc(Cl)ccc21,[]
CHEMBL136800,O=C(c1ccc2nccnc2c1)N1CCCCC1,[]
CHEMBL1466,O=c1oc2ccccc2c(O)c1Cc1c(O)c2ccccc2oc1=O,['Quinone reductase 1']
CHEMBL1555,Br.COc1ccc2c3c1O[C@H]1C[C@@H](O)C=C[C@@]31CCN(C)C2,[]
CHEMBL15562,c1cncnc1,['Alcohol dehydrogenase']
CHEMBL157366,CCCCC/C=C\C/C=C\CCCCCCCC(=O)OC(COC(C)=O)COC(=O)CCCCCCCCCCCCCCC,[]
CHEMBL1788384,CC(=O)Nc1cc([As]2SCC(CO)S2)ccc1O,[]
CHEMBL181954,CO[C@@H](Cc1ccc(OCCCOc2ccc(Oc3ccccc3)cc2)cc1)C(=O)O,"['Peroxisome proliferator-activated receptor gamma', 'Peroxisome proliferator-activated receptor alpha', 'PPAR alpha/gamma']"
CHEMBL2105040,CNCC(O)c1cc(OC)c(O)c(OC)c1,[]
CHEMBL2105131,CN(CC1(C)CCCO1)S(=O)(=O)c1ccc(Cl)c(S(N)(=O)=O)c1,[]
CHEMBL2106167,NS(=O)(=O)c1cc2c(cc1Cl)CN(C1CCCCC1)C2=O,"['Carbonic anhydrase II', 'Carbonic anhydrase I', 'Carbonic anhydrase XII']"
CHEMBL3716552,COc1cc(OCc2csc(-c3ccc(C(=O)N(C)C)cc3)n2)c2cc(-c3cn4nc(OC)sc4n3)oc2c1,['Proteinase activated receptor 4']
CHEMBL372205,C[C@H](CN(C(=O)c1ccc(C#N)cc1)c1ccccn1)N1CCN(c2cccc3c2OCCO3)CC1,[]
CHEMBL4091374,O=C(O)CCCc1cc2cc(Cl)ccc2n1S(=O)(=O)c1ccc2ncsc2c1,[]
CHEMBL4297364,CC[N+]1(C)[C@@H]2CC(OC(=O)[C@H](CO)c3ccccc3)C[C@H]1[C@@H]1O[C@@H]12,[]
CHEMBL4297510,O=C(NCCS)c1cccc(C(=O)NCCS)c1,"['Histone deacetylase 6', 'Histone deacetylase']"
CHEMBL4466233,CC(=O)N1CCC(Nc2cc(C(=O)NC[C@H](O)CN3CCc4ccccc4C3)ncn2)CC1,['PRMT5/MEP50 complex']
CHEMBL4594348,C=CC(=O)N1CCC[C@@H](c2ccc(C(N)=O)c3[nH]ccc23)C1,['Tyrosine-protein kinase BTK']
CHEMBL4594414,COc1c(O)c(C)c(CCCCCCCCCC[P+](c2ccccc2)(c2ccccc2)c2ccccc2)c(O)c1OC,[]
CHEMBL4802250,Cl.N[C@@H](CC(=O)Nc1ccn([C@@H]2O[C@H](CO)[C@@H](O)[C@@H]2O)c(=O)n1)C(=O)O,['Chitin synthase 1']
CHEMBL5314606,[2H]C([2H])([2H])C(/C=C/C=C(C)/C=C/C1=C(C)CCCC1(C)C)=C\CO,[]
CHEMBL5314952,C=CC(=O)Nc1cc(Nc2nccc(-c3cn(C)c4ccccc34)n2)c(OC)cc1OCCN(C)C,"['Epidermal growth factor receptor erbB1', 'NCI-H1975']"
CHEMBL707,COc1cc2nc(N3CCN(C(=O)C4COc5ccccc5O4)CC3)nc(N)c2cc1OC,"['Adrenergic receptor alpha-1', 'Alpha-1a adrenergic receptor', 'Alpha-1b adrenergic receptor', 'Alpha-1d adrenergic receptor', 'Alpha-1b adrenergic receptor']"
CHEMBL88153,COc1ccc(C(CC(N)=O)N2C(=O)c3ccccc3C2=O)cc1OC1CCCC1,['Phosphodiesterase 4']
CHEMBL94454,CN(c1nccc(=O)[nH]1)C1CCN(c2nc3ccccc3n2Cc2ccc(F)cc2)CC1,['Tankyrase-1']
CHEMBL1077,Nc1c(CC(=O)O)cccc1C(=O)c1ccc(Br)cc1,['Cyclooxygenase']
CHEMBL1159650,CCC(=O)O[C@]1(C(=O)CCl)[C@@H](C)C[C@H]2[C@@H]3CCC4=CC(=O)C=C[C@]4(C)[C@@]3(F)[C@@H](O)C[C@@]21C,"['Nuclear receptor subfamily 1 group I member 2', 'Progesterone receptor']"
CHEMBL1189,CCNCC,['Polyamine oxidase']
CHEMBL1200721,C[C@]12CC[C@@H]3c4ccc(OC(=O)N(CCCl)CCCl)cc4CC[C@H]3[C@@H]1CC[C@@H]2OP(=O)([O-])[O-].[Na+].[Na+],[]
CHEMBL1201148,C[C@H]1C[C@H]2[C@@H]3CCC4=CC(=O)C=C[C@]4(C)[C@H]3C(=O)C[C@]2(C)[C@@]1(O)C(=O)CO,['Nuclear receptor subfamily 1 group I member 2']
CHEMBL1256696,CCN(CC)CCOCCOC(=O)C1(c2ccccc2)CCCC1.O=C(O)CC(O)(CC(=O)O)C(=O)O,[]
CHEMBL132767,CCN(CC)c1cc(C)nc2ncnn12,[]
CHEMBL1499,C[C@]12CCC(=O)C=C1CC[C@@H]1[C@@H]2C(=O)C[C@@]2(C)[C@H]1CC[C@]2(O)C(=O)CO,['Corticosteroid binding globulin']
CHEMBL184412,CCCCc1oc2ccc(NS(C)(=O)=O)cc2c1C(=O)c1ccc(OCCCN(CCCC)CCCC)cc1,[]
CHEMBL2,COc1cc2nc(N3CCN(C(=O)c4ccco4)CC3)nc(N)c2cc1OC,[]
CHEMBL2105661,CCNCCS(=O)(=O)NC[C@@]1(c2ccccc2)SC(NC(=O)C(C)(C)C)=NN1C(=O)C(C)(C)C,[]
CHEMBL2105683,COc1ccc2cc([C@H](C)C(=O)OCCS(C)(=O)=O)ccc2c1,[]
CHEMBL2107350,CCOC(=O)C1=C(COCCN)NC(C)=C(C(=O)OC)[C@@H]1c1ccccc1Cl.O=C(O)C[C@H](O)C(=O)O,[]
CHEMBL2107360,CCCCCCCCCCCCCCCC(=O)OC1CCCn2c1nc(C)c(CCN1CCC(c3noc4cc(F)ccc34)CC1)c2=O,[]
CHEMBL2107614,CCOC(=O)[C@@]1(OC(=O)C(Cl)Cl)CC[C@H]2[C@@H]3CCC4=CC(=O)C=C[C@]4(C)[C@H]3[C@@H](O)C[C@@]21C,"['Nuclear receptor subfamily 1 group I member 2', 'Progesterone receptor']"
CHEMBL2338329,Cc1nc(C(=O)NCC(=O)O)c(O)c2ccc(Oc3ccccc3)cc12,"['Thyroid hormone receptor beta-1', 'Egl nine homolog 1', 'Thyroid hormone receptor alpha', 'Hypoxia-inducible factor prolyl hydroxylase 1', 'Prolyl 4-hydroxylase']"
CHEMBL3421729,C[C@H]1c2cccc(CCC(C)(C)O)c2C[C@H](CO)N1C(=O)Cc1c(Cl)cccc1Cl,['Dopamine D1 receptor']
CHEMBL3666807,C[C@H](NC(=O)C(C)(F)F)[C@H](Oc1ccc2c(cnn2-c2cccc(C(=O)N[C@@H]3CCOC3)c2)c1)c1ccc2c(c1)OCCO2,['Glucocorticoid receptor']
CHEMBL3707246,CC(C)Oc1ccc(-c2nc(-c3cccc4c3CC[C@@H]4NCCO)no2)cc1C#N.Cl,['Sphingosine 1-phosphate receptor Edg-1']
CHEMBL375492,CC(=O)Nc1ccc(/C=N/NC(N)=S)cc1,[]
CHEMBL3960488,Cn1cc(-c2ccc(=O)n(Cc3cccc(-c4ncc(OCCN5CCOCC5)cn4)c3)n2)cn1,['Hepatocyte growth factor receptor']
CHEMBL3989555,Cc1cccc(CN2CCN(C(c3ccccc3)c3ccc(Cl)cc3)CC2)c1.Cl.Cl.O,[]
CHEMBL4297314,C1COCN1,[]
CHEMBL477278,N[C@@H](Cc1ccc(OCC[18F])cc1)C(=O)O,"['L-type amino acid transporter 1', 'Voltage-gated calcium channel alpha2/delta subunit 1']"
CHEMBL5314414,CC1(C)CCC2(CC1)N[C@@H](C(=O)N[C@@H]1CC[C@@H](C(N)=O)OC1)[C@H](c1ccnc(Cl)c1F)[C@]21C(=O)Nc2ccc(Cl)cc21.Cc1ccc(S(=O)(=O)O)cc1,"['p53-binding protein Mdm-2', 'Neurogenic locus notch homolog protein 1']"
CHEMBL559478,O=C(Oc1ccc(Br)cc1)N1CCN2CCC1CC2,"['Neuronal acetylcholine receptor protein alpha-7 subunit', 'Neuronal acetylcholine receptor subunit alpha-3']"
CHEMBL6437,CN1CCN2c3ccccc3Cc3ccccc3C2C1,['Dopamine D5 receptor']
CHEMBL685,COC(=O)Nc1nc2cc(C(=O)c3ccccc3)ccc2[nH]1,"['Tubulin alpha chain', 'LT12 tumor cell line']"
CHEMBL1094636,NC(=O)c1cccc2cn(-c3ccc([C@@H]4CCCNC4)cc3)nc12,['Poly [ADP-ribose] polymerase-1']
CHEMBL1256722,C[C@H]1C=C(c2csc(SC3=C(C(=O)O)N4C(=O)[C@H]([C@@H](C)O)[C@H]4[C@H]3C)n2)CN1,"['Beta-lactamase TEM', 'Fe(3+)-pyochelin receptor']"
CHEMBL1533310,Cl.Cl.NCCc1c[nH]cn1,"['Histamine H3 receptor', 'Histamine H3 receptor', 'Histamine H4 receptor', 'Histidinol dehydrogenase', 'Histidinol dehydrogenase', 'Histidine decarboxylase']"
CHEMBL159,CC[C@]1(O)C[C@@H]2CN(CCc3c([nH]c4ccccc34)[C@@](C(=O)OC)(c3cc4c(cc3OC)N(C)[C@H]3[C@@](O)(C(=O)OC)[C@H](OC(C)=O)[C@]5(CC)C=CCN6CC[C@]43[C@@H]65)C2)C1,"['HCT-116/VM46', 'SNU-475']"
CHEMBL1729803,CCN(CC)CCn1c(=O)c(Cc2ccc(OC)cc2)nc2ccccc21,[]
CHEMBL1889091,CN1CCN(C(c2ccccc2)c2ccc(Cl)cc2)CC1.Cl,['Murine leukemia virus']
CHEMBL1909452,CN[C@@H]1[C@@H](O[C@H]2O[C@H](CO)[C@@H](N)[C@H](O)[C@H]2O)OC2C[C@@H](N)[C@@H](O[C@H]3[C@H](O)[C@@H](O)[C@H](N)C[C@@H]3N)OC2[C@@H]1O,"['Bacterial 70S ribosome', 'Ribosomal RNA A-site', 'Human immunodeficiency virus type 1 REV']"
CHEMBL2165620,O=C(O)c1ccc(NC(=O)[C@H](CC2CCCC2)n2cnc(C(F)(F)F)c2)nc1,[]
CHEMBL253582,OC[C@H]1O[C@@](CO)(O[C@H]2O[C@H](CO)[C@@H](O)[C@H](O)[C@H]2O)[C@@H](O)[C@@H]1O,[]
CHEMBL259084,O=C(O)c1ccc(Nc2ncc3c(n2)-c2ccc(Cl)cc2C(c2c(F)cccc2F)=NC3)cc1,"['Serine/threonine-protein kinase Aurora-A', 'Casein kinase II alpha', 'CaM-kinase kinase beta', 'Ephrin type-A receptor 4', 'Serine/threonine-protein kinase Aurora-A']"
CHEMBL291657,C#CCN(c1nc(-c2cc(C)c(OC)cc2Cl)c(C)s1)[C@@H](CC1CC1)c1ccc(C)c(F)c1,[]
CHEMBL296522,COc1cc(N)c(Cl)cc1C(=O)NC1CCN2CCCC1C2,"['Serotonin 3 (5-HT3) receptor', 'Serotonin 4 (5-HT4) receptor', 'Serotonin 4 (5-HT4) receptor', 'Serotonin 4 (5-HT4) receptor', 'Serotonin 3a (5-HT3a) receptor', 'Serotonin 3 receptor (5HT3)']"
CHEMBL3039514,COC(=O)N[C@H](C(=O)N1CCC[C@H]1c1nc(-c2ccc3c(c2)O[C@@H](c2ccccc2)n2c-3cc3cc(-c4c[nH]c([C@@H]5CCCN5C(=O)[C@@H](NC(=O)OC)C(C)C)n4)ccc32)c[nH]1)C(C)C,"['Hepatitis C virus', 'Nonstructural protein 5A']"
CHEMBL3140361,CC[C@@H](CO)NCCN[C@@H](CC)CO.Cl.Cl,[]
CHEMBL3301606,CC1(C)CN(C(=O)c2ccc(-c3cccc4nc(NC(=O)C5CC5)nn34)cc2)C1,"['Tyrosine-protein kinase JAK2', 'Tyrosine-protein kinase JAK1', 'Tyrosine-protein kinase JAK3']"
CHEMBL3924151,CNC(=N)NCCC[C@H](NC(=O)[C@H](CC(C)C)NC(=O)NNC(=O)[C@H](Cc1ccccc1)NC(=O)[C@@H](NC(=O)[C@H](CC(N)=O)NC(=O)[C@@H]1C[C@@H](O)CN1C(=O)[C@@H](Cc1ccc(O)cc1)NC(C)=O)[C@@H](C)O)C(=O)N[C@@H](Cc1c[nH]c2ccccc12)C(N)=O,[]
CHEMBL396778,C[C@H](NCc1ccc(OCc2cccc(F)c2)cc1)C(N)=O,[]
CHEMBL3989401,NCCC(O)(P(=O)([O-])O)P(=O)([O-])O.O.O.O.O.O.[Na+].[Na+],[]
CHEMBL4167360,Cc1cc([C@H](C)Nc2nccc(N3C(=O)OC[C@@H]3[C@@H](C)F)n2)ncc1-c1ccnc(C(F)(F)F)c1,['Isocitrate dehydrogenase [NADP] cytoplasmic']
CHEMBL4297212,Cl.NC(=O)OC[C@H](N)Cc1ccccc1,[]
CHEMBL453514,CO[C@@H]1[C@@H](O[C@@H]2O[C@H](C)[C@@H](O[C@H]3C[C@@](C)(O)[C@@H](O)[C@H](C)O3)[C@H](N(C)C)[C@H]2O)[C@@H](CC=O)C[C@@H](C)[C@@H](O[C@H]2CC[C@H](N(C)C)[C@@H](C)O2)/C=C/C=C/C[C@@H](C)OC(=O)C[C@H]1O,['Bacterial 70S ribosome']
CHEMBL4594377,C(=C/[C@H]1CCNC1)\c1cncnc1.O=C(O)CC(O)(CC(=O)O)C(=O)O,['Neuronal acetylcholine receptor subunit alpha-6/beta-2']
CHEMBL507419,Cc1ccc(S(=O)(=O)NC(=O)NC2CCCCC2)cc1N,[]
CHEMBL5095031,CCCCCCN(CCOc1ccc(CCCCNC(=N)NC(=O)c2nc(Cl)c(N)nc2N)cc1)C[C@H](O)C(O)[C@H](O)[C@H](O)CO,[]
CHEMBL5095236,C=CC(=O)N1CCN(c2nc(OC[C@@H]3CCCN3C)nc3c(F)c(-c4nc(N)cc(C)c4C(F)(F)F)c(Cl)cc23)[C@@H](C)C1,"['GTPase KRas', 'NCI-H1373']"
CHEMBL572881,CC1(C)CNc2cc(NC(=O)c3cccnc3NCc3ccncc3)ccc21,"['Vascular endothelial growth factor receptor 2', 'Vascular endothelial growth factor receptor 1', 'HGC-27', 'KG-1', 'Kasumi 1', 'DOHH-2', 'NCI-H2122', 'BV-173', 'AN3-CA', 'KU812 cell line', 'LAMA-84', 'NOMO-1', 'GOTO', 'NOS-1', 'HAL-01', 'EW-16', 'SNU1', 'QIMR-WIL', 'CTV-1', 'TE-12', 'SK-MEL-1', 'LB2241-RCC', 'CTB-1', 'SK-NEP-1', 'SH-4', 'EM-2', 'SW 962', 'NB69', 'ES1', 'CGTH-W-1', 'NEC8', 'BE-13', 'SW1088', 'SK-N-DZ', 'NCI-H1648', 'EW-3', 'K5', 'A204', 'Ephrin type-A receptor 6', 'HD-MY-Z', 'D-263MG', 'NB10', 'MZ7-mel', 'EW-13', 'SK-PN-DW', 'G-402', 'IST-MES1', 'D-502MG', 'MFH-ino', 'SHP77', 'LS-513', 'KMOE-2', 'KP-N-YS', 'NCI-H720', 'LAN-6', 'H-EMC-SS', 'NB14', 'D-392MG', 'CESS', 'NY', 'SK-MEL-24', 'LB373-MEL-D', 'HCC1599', 'NB7', 'RO82-W-1', 'HuO9', 'DK-MG', 'OAW-28', 'EW-24', 'COR-L279', 'ZR-75-30', 'WSU-NHL', 'MOLT-13', 'LC-1F', 'SW948', 'ECC10', 'NCI-H1436', 'YH-13', 'KNS-62', 'BALL-1', 'cAMP-dependent protein kinase, gamma catalytic subunit', 'Fibroblast growth factor receptor 1', 'Aryl hydrocarbon receptor']"
CHEMBL1200759,Cl.O=C1CN2Cc3c(ccc(Cl)c3Cl)N=C2N1,[]
CHEMBL1200895,NNCCc1ccccc1.O=S(=O)(O)O,[]
CHEMBL1201197,C[C@H](N)C(=O)N[C@@H](C)C(=O)N[C@H]1[C@@H]2CN(c3nc4c(cc3F)c(=O)c(C(=O)O)cn4-c3ccc(F)cc3F)C[C@@H]21,[]
CHEMBL1201235,C[N+]1(C)[C@@H]2CC[C@H]1C[C@@H](OC(=O)C(O)c1ccccc1)C2,[]
CHEMBL1206245,COc1cc(OC)c(/C=C/S(=O)(=O)Cc2ccc(OC)c(OP(=O)(O)O)c2)c(OC)c1,[]
CHEMBL12208,Cc1cc(=O)oc2cc(O)ccc12,[]
CHEMBL1256772,CCN(CC)CCNC(=O)c1cc(S(C)(=O)=O)ccc1OC.Cl,[]
CHEMBL1513,CCCCC1=NC2(CCCC2)C(=O)N1Cc1ccc(-c2ccccc2-c2nnn[nH]2)cc1,"['Type-1 angiotensin II receptor', 'Type-1A angiotensin II receptor']"
CHEMBL1536,C=C1CC[C@H](O)C/C1=C/C=C1\CCC[C@]2(C)[C@@H]([C@H](C)/C=C/[C@H](C)C(C)C)CC[C@@H]12,[]
CHEMBL1569545,O=C(O)Cn1c2ccccc2c(=O)c2ccccc21,['Aldose reductase']
CHEMBL1572,CCN[C@@H]1C[C@H](N)[C@@H](O[C@H]2OC(CN)=CC[C@H]2N)[C@H](O)[C@H]1O[C@H]1OC[C@](C)(O)[C@H](NC)[C@H]1O,['Bacterial 70S ribosome']
CHEMBL1601,O=C(O)C1=C(CSc2nnnn2CS(=O)(=O)O)CS[C@@H]2[C@H](NC(=O)[C@H](O)c3ccccc3)C(=O)N12,[]
CHEMBL1631723,CC1(C)Oc2cc3oc(=O)ccc3cc2C[C@@H]1OC/C=C/c1ccccc1,[]
CHEMBL1773943,O=C(O)c1c[nH]cn1,['Histidine decarboxylase']
CHEMBL1983350,CC(C)(C)C(O)/C=C/c1ccc2c(c1)OCO2,[]
CHEMBL2104608,CC1(C)C(C=C(Cl)Cl)C1C(=O)OC(C#N)c1ccc(F)c(Oc2ccccc2)c1,[]
CHEMBL2106049,[C],['Carbonic anhydrase V']
CHEMBL2107779,C/C(=N\NC(=N)N)c1cc(NC(=O)CCCCCCCCC(=O)Nc2cc(/C(C)=N/NC(=N)N)cc(/C(C)=N/NC(=N)N)c2)cc(/C(C)=N/NC(=N)N)c1,['Furin']
CHEMBL2107831,CCCCCCO[C@@H](C)c1cccc(-c2csc(NC(=O)c3cc(Cl)c(/C=C(\C)C(=O)O)c(Cl)c3)n2)c1OC,[]
CHEMBL215303,C[C@H]1NCc2cc(-c3ccc4c(=O)c(C(=O)O)cn(C5CC5)c4c3OC(F)F)ccc21,[]
CHEMBL2181927,CCOc1ncc(C)c2c1[C@H](c1ccc(C#N)cc1OC)C(C(N)=O)=C(C)N2,[]
CHEMBL225304,N=C(N)NN,"['Arginase-1', 'Gamma-amino-N-butyrate transaminase']"
CHEMBL2360841,CNC1=Nc2ccc(Cl)cc2C(c2ccc[nH]2)=NC1,[]
CHEMBL262101,c1ccc2c(c1)-c1nc-2nc2[nH]c(nc3nc(nc4[nH]c(n1)c1ccccc41)-c1ccccc1-3)c1ccccc21,[]
CHEMBL311350,CCn1cc(C(=O)O)c(=O)c2cnc(N3CCCC3)nc21,[]
CHEMBL313971,COc1cc(CNC(=O)CCCC/C=C\C(C)C)ccc1O,[]
CHEMBL3545414,CS(=O)(=O)O.N#CC1(c2ccc(NC(=O)c3cccnc3NCc3ccncc3)cc2)CCCC1,[]
CHEMBL38434,Cc1c(-c2ccc(-c3ccccc3F)cc2)nc2ccc(F)cc2c1C(=O)O,"['ADMET', 'Dihydroorotate dehydrogenase', 'Vesicular stomatitis virus', 'PC4 and SFRS1-interacting protein']"
CHEMBL38827,CCCCN(CCCC)CC(O)c1cc(Cl)cc2c1-c1ccc(Cl)cc1/C2=C/c1ccc(Cl)cc1,[]
CHEMBL3900554,Cc1c(-c2c(F)cc(C(N)=O)c3[nH]c4c(c23)CC[C@H](C(C)(C)O)C4)cccc1-n1c(=O)c2cccc(F)c2n(C)c1=O,"['Tyrosine-protein kinase BTK', 'Tyrosine-protein kinase TEC']"
CHEMBL3989715,C/C(=C\C(=O)OCCCCCCCCC(=O)[O-])C[C@@H]1OC[C@H](C[C@@H]2O[C@H]2[C@@H](C)[C@H](C)O)[C@@H](O)[C@H]1O.C/C(=C\C(=O)OCCCCCCCCC(=O)[O-])C[C@@H]1OC[C@H](C[C@@H]2O[C@H]2[C@@H](C)[C@H](C)O)[C@@H](O)[C@H]1O.O.O.[Ca+2],[]
CHEMBL4297360,CCCCOP(=O)(O)OC[C@H]1O[C@@H](n2cc(C)c(=O)[nH]c2=O)C[C@@H]1OP(=O)(O)OCCCC,['Thymidylate synthase thyX']
CHEMBL4297365,[131Cs],['Carbonic anhydrase V']
CHEMBL4594442,Cc1cc(-c2nnc(N)nc2-c2ccc(F)cc2)cc(Cl)n1,[]
CHEMBL507282,Nc1ccn([C@H]2C[C@H](O)[C@@H](COP(=O)(O)OP(=O)(O)OP(=O)(O)OP(=O)(O)OC[C@H]3O[C@@H](n4ccc(=O)[nH]c4=O)[C@H](O)[C@@H]3O)O2)c(=O)n1,['Purinergic receptor P2Y2']
CHEMBL5095022,CC(C)S(=O)(=O)N[C@H]1COC[C@H]1Oc1ccc(-c2ccc(C#N)s2)cc1,"['Glutamate receptor ionotropic, AMPA 2']"
CHEMBL5095407,COc1cc2c(cc1OCCCCCOc1cc3c(cc1OC)C(=O)N1C=C(C)C[C@H]1[C@H](O)N3C(=O)OCc1ccc(NC(=O)[C@H](C)NC(=O)[C@@H](NC(=O)COCCOCCNS(=O)(=O)NC(=O)OC[C@@H]3[C@@H]4CCC#CCC[C@@H]43)C(C)C)cc1)N=C[C@@H]1CC(C)=CN1C2=O,[]
CHEMBL514201,C[C@@H]1CN(Cc2ccc(F)cc2)[C@@H](C)CN1C(=O)c1cc2c(C(=O)C(=O)N(C)C)cn(C)c2cc1Cl,[]
CHEMBL5314620,Fc1ccccc1Cc1nc(-c2nc(C(F)(F)F)n[nH]2)cn2ccnc12,[]
CHEMBL771,N[C@@H]1CONC1=O,"['Olfactory receptor 51E2', 'Betaine transporter', 'Gamma-amino-N-butyrate transaminase', 'GABA receptor gamma-1 subunit', 'Gamma-amino-N-butyrate transaminase']"
CHEMBL818,N=C(N)NCc1cccc(I)c1,[]
CHEMBL832,O=C1C(CC[S+]([O-])c2ccccc2)C(=O)N(c2ccccc2)N1c1ccccc1,[]
CHEMBL957,COc1ccccc1Oc1c(NS(=O)(=O)c2ccc(C(C)(C)C)cc2)nc(-c2ncccn2)nc1OCCO,"['Endothelin receptor ET-A', 'Endothelin receptor ET-B', 'Endothelin receptor ET-A', 'Endothelin receptor ET-B']"
CHEMBL1082723,C[C@H]1Cc2c([nH]c3cc(Cl)c(F)cc23)[C@@]2(N1)C(=O)Nc1ccc(Cl)cc12,[]
CHEMBL1200855,CC1(C)S[C@@H]2[C@H](NC(=O)[C@H](C(=O)[O-])c3ccsc3)C(=O)N2[C@H]1C(=O)[O-].[Na+].[Na+],[]
CHEMBL1213351,CCC(=O)O[C@](Cc1ccccc1)(c1ccccc1)[C@H](C)CN(C)C,[]
CHEMBL1357,CC(O)C(=O)[O-].[Na+],[]
CHEMBL13817,CC(C)(N)C(=O)N[C@H](COCc1ccccc1)C(=O)N1CCC2(CC1)CN(S(C)(=O)=O)c1ccccc12,['Ghrelin receptor']
CHEMBL152632,O=C1NCCN1c1ncc([N+](=O)[O-])s1,[]
CHEMBL1702,CNCC[C@@H](Oc1ccccc1C)c1ccccc1.Cl,"['Serotonin transporter', 'Norepinephrine transporter']"
CHEMBL1851805,CCN(CC)CC(=O)Oc1ccc(NC(C)=O)cc1,[]
CHEMBL2103851,S=C(NCc1ccc2c(c1)OCO2)N1CCN(c2ncnc3c2oc2ccccc23)CC1,[]
CHEMBL2106615,CC(=O)O.Cc1c(-c2ccc(O)cc2)n(Cc2ccc(OCCN3CCCCCC3)cc2)c2ccc(O)cc12,"['Estrogen receptor alpha', 'Estrogen receptor beta']"
CHEMBL262777,CN[C@H](CC(C)C)C(=O)N[C@H]1C(=O)N[C@@H](CC(N)=O)C(=O)N[C@H]2C(=O)N[C@H]3C(=O)N[C@H](C(=O)N[C@H](C(=O)O)c4cc(O)cc(O)c4-c4cc3ccc4O)[C@H](O)c3ccc(c(Cl)c3)Oc3cc2cc(c3O[C@@H]2O[C@H](CO)[C@@H](O)[C@H](O)[C@H]2O[C@H]2C[C@](C)(N)[C@H](O)[C@H](C)O2)Oc2ccc(cc2Cl)[C@H]1O,[]
CHEMBL3137306,N[C@H](CCC(=O)N[C@H](Cc1c[nH]c2ccccc12)C(=O)O)C(=O)O,[]
CHEMBL3393588,O=C(c1cccnc1)N1CCN2C(=O)c3ccncc3[C@]12c1ccc(Cl)cc1,['Respiratory syncytial virus']
CHEMBL3545309,C=C[C@]1(C)C[C@@H](OC(=O)CS[C@@H]2CC[C@@H](N)C[C@H]2O)[C@]2(C)[C@H](C)CC[C@]3(CCC(=O)[C@H]32)[C@@H](C)[C@@H]1O.CC(=O)O,[]
CHEMBL3578202,O=C(O)CCc1ccc(O)c(CN(CCN(CC(=O)O)Cc2cc(CCC(=O)NCCCCCC(=O)NCCCC[C@H](NC(=O)N[C@@H](CCC(=O)O)C(=O)O)C(=O)O)ccc2O)CC(=O)O)c1,['Glutamate carboxypeptidase II']
CHEMBL37676,Cc1c(C)c2c(c(C)c1O)CCC(C)(C)O2,['Rattus norvegicus']
CHEMBL3989855,CN[C@@H](C)[C@@H](O)c1ccccc1.CN[C@@H](C)[C@@H](O)c1ccccc1.O=S(=O)(O)O,[]
CHEMBL3989966,CC(=O)OP(=O)([O-])N(C[C@H]1CN(c2cc(F)c(N3C=CC(=O)CC3)c(F)c2F)C(=O)O1)c1ccon1.[Na+],[]
CHEMBL4069597,Cc1nc(N(C)C(=O)Cc2ccc(-c3ccccn3)cc2)sc1S(N)(=O)=O,"['Carbonic anhydrase II', 'Carbonic anhydrase I', 'Carbonic anhydrase IX', 'Carbonic anhydrase XII', 'Carbonic anhydrase VA', 'Carbonic anhydrase VB']"
CHEMBL4076467,COc1c(/C=C/c2ccc(NS(C)(=O)=O)cc2)cc(-n2ccc(=O)[nH]c2=O)cc1C(C)(C)C,['Hepatitis C virus']
CHEMBL424,O=C(O)c1ccccc1O,[]
CHEMBL4297405,NS(=O)(=O)OC[C@H]1C[C@@H](Nc2ccnc3cc(-c4cccc(SC(F)(F)F)c4)nn23)[C@H](O)[C@@H]1O,['NEDD8 activating enzyme']
CHEMBL4297583,Cc1nc2cc(C(=O)N(C)C)cc(O[C@H]3CCOc4cc(F)cc(F)c43)c2[nH]1,[]
CHEMBL4298138,C[C@H]1CNC(=O)c2cnn3ccc(nc23)N[C@H](C)c2cc(F)ccc2O1,"['Tyrosine-protein kinase JAK2', 'Nerve growth factor receptor Trk-A']"
CHEMBL457077,O=C(/C=C/c1ccc(O)c(O)c1/C=C/c1ccc(O)c(O)c1)O[C@H](Cc1ccc(O)c(O)c1)C(=O)O,[]
CHEMBL476,CN(C)/N=N/c1[nH]cnc1C(N)=O,['GM892A cell line']
CHEMBL4792487,Cc1nnc(-c2c[nH]c(=O)[nH]c2=O)cc1[C@H]1C[C@@H]1C(C)C,"[""5'-nucleotidase""]"
CHEMBL5095068,COc1cc(N2CCC3(CCN(C)CC3)CC2)ccc1Nc1ncc(Cl)c(Nc2ccccc2P(C)(C)=O)n1,['ALK tyrosine kinase receptor']
CHEMBL5095200,Nc1nc(=O)c2ncn([C@@H]3O[C@@H]4CO[P@@](=O)(S)O[C@H]5[C@H](F)[C@H](n6cnc7c(N)ncnc76)O[C@@H]5CO[P@@](=O)(S)O[C@@H]3[C@@H]4F)c2[nH]1,['Stimulator of interferon genes protein']
CHEMBL5095422,CCNCC[C@H](O)CNCCCCNC[C@@H](O)CCNCC.Cl.Cl.Cl.Cl,[]
CHEMBL5314478,CC(C)S(=O)(=O)N1CC(CC#N)(n2cc(-c3ncnc4[nH]ccc34)c(N)n2)C1,"['Tyrosine-protein kinase JAK2', 'Tyrosine-protein kinase JAK1', 'Tyrosine-protein kinase JAK3']"
CHEMBL537669,COC(=O)[C@@H]1[C@H]2C[C@H]3c4[nH]c5ccccc5c4CCN3C[C@@H]2CC[C@@H]1O.Cl,"['Adrenergic receptor alpha-2', 'Endonuclease 4', 'Mesenteric artery']"
CHEMBL554,CS(=O)(=O)CCNCc1ccc(-c2ccc3ncnc(Nc4ccc(OCc5cccc(F)c5)c(Cl)c4)c3c2)o1,"['Epidermal growth factor receptor erbB1', 'Receptor protein-tyrosine kinase erbB-2', 'BT-474', 'NCI-N87', 'AU565']"
CHEMBL556262,C[C@@H](O)[C@H]1C(=O)N2C(C(=O)O)=C([C@H]3CCCO3)S[C@H]12,"['Beta-lactamase TEM', 'BlaVIM-1']"
CHEMBL572284,COc1ccc(/C=C\c2cc(OC)c(OC)c(OC)c2)cc1NC(=O)[C@@H](N)CO,"['HMEC-1', 'Colon 26', 'MCF7-DOX']"
CHEMBL576127,O=C1NCC2(CCN(CCc3ccccc3)CC2)O1,['Sigma opioid receptor']
CHEMBL625,c1ccc2[nH]c(-c3cscn3)nc2c1,"['Unchecked', 'Methionine aminopeptidase']"
CHEMBL766,CC1(C)C[C@@H]1C(=O)N/C(=C\CCCCSC[C@H](N)C(=O)O)C(=O)O,['Renal dipeptidase']
CHEMBL1095777,CCc1cc2c(cc1CC)CC(NC[C@H](O)c1ccc(O)c3[nH]c(=O)ccc13)C2,"['Beta-2 adrenergic receptor', 'Beta-1 adrenergic receptor']"
CHEMBL1195136,CC1(C)CC(=O)c2c(C(F)(F)F)nn(-c3ccc(C(N)=O)c(N[C@H]4CC[C@H](OC(=O)CN)CC4)c3)c2C1,[]
CHEMBL1200689,[N]=O,"['Olfactory receptor 51E2', 'Carbonic anhydrase V']"
CHEMBL15023,O=C(CCCN1CCC(O)(c2cccc(C(F)(F)F)c2)CC1)c1ccc(F)cc1,['N-acetyltransferase Eis']
CHEMBL1620,CN(C)CCOC(c1ccccc1)c1ccccc1.Cl,[]
CHEMBL1790006,Cc1cc2nc3ccc(N(C)C)cc3[s+]c2cc1N.[Cl-],['Internal ribosome entry site (IRES)']
CHEMBL2062774,CCOc1noc2cc(OCCC3CCN(c4ccc(C)nn4)CC3)ccc12,"['Human rhinovirus 16', 'Human poliovirus 2']"
CHEMBL2104325,O=C1c2ccc(Br)cc2C(=O)C1c1ccccc1,[]
CHEMBL2105749,NC(=O)c1ccc2c(c1O)[C@]13CCN(CC4CC4)[C@H](C2)[C@]1(O)CCC(=O)C3.O=C(O)C[C@H](O)C(=O)O,"['Mu opioid receptor', 'Delta opioid receptor']"
CHEMBL2105842,CC(=O)OCC(=O)[C@@]1(O)[C@H](C)C[C@H]2[C@@H]3C=C(C)C4=Cc5c(cnn5-c5ccccc5)C[C@]4(C)[C@H]3[C@@H](O)C[C@@]21C,['3-hydroxy-3-methylglutaryl-coenzyme A reductase']
CHEMBL2146124,CO/N=C(\C(=O)N[C@@H]1C(=O)N2C(C(=O)[O-])=C(COC(N)=O)CS[C@H]12)c1ccco1.[Na+],"['Solute carrier family 22 member 8', 'Solute carrier family 22 member 11', 'PER-2 beta-lactamase']"
CHEMBL277522,O=C(O)CCC(=O)c1ccc(-c2ccccc2)cc1,[]
CHEMBL3189072,CCCCS(=O)(=O)N[C@@H](Cc1ccc(OCCCCC2CCNCC2)cc1)C(=O)O.Cl.O,[]
CHEMBL319669,CONC(=N)c1ccc(-c2ccc(-c3ccc(C(=N)NOC)cc3)o2)cc1,['Trypanosoma brucei rhodesiense']
CHEMBL3349001,CC[C@H](CC#N)OC(=O)N[C@@H](C)c1cccc(NC(=O)Nc2ccc(-c3cnco3)c(OC)c2)c1,[]
CHEMBL3545278,CCCCCS(=O)(=O)NC(=O)c1ccc2nc(C)n(Cc3ccc(Cl)cc3Cl)c2c1,[]
CHEMBL3545350,Cc1nccn1Cc1cc(-c2ccc(F)c(C(F)F)c2)cnn1,[]
CHEMBL3833389,C[C@@H](CC(C(=O)N1CCCC1)(c1ccccc1)c1ccccc1)N1CCOCC1,[]
CHEMBL3989918,CCc1noc(CC)c1C(=O)O[C@H]1C(C)=C[C@]23C(=O)[C@@H](C=C(CO)[C@@H](O)[C@]12O)[C@H]1[C@@H](C[C@H]3C)C1(C)C,[]
CHEMBL4297602,O=c1[nH]c(=O)c(Cc2cccc(C(F)(F)F)c2)c([C@H]2CC[C@H](c3ccccc3)CC2)[nH]1,['Glucocorticoid receptor']
CHEMBL4297664,CC[C@@]1(OC(=O)[C@@H](NC(=O)[C@H](Cc2c[nH]cn2)NC(=S)Nc2ccc(O[C@H]3O[C@@H](C)[C@@H](O)[C@@H](OC)[C@@H]3O)cc2)C(C)C)C(=O)OCc2c1cc1n(c2=O)Cc2cc3ccccc3nc2-1.Cl,[]
CHEMBL447686,CC(=O)Oc1c(OC(C)=O)c(C=O)c2c(OC(C)=O)c(-c3c(C)cc4c(C(C)C)c(OC(C)=O)c(OC(C)=O)c(C=O)c4c3OC(C)=O)c(C)cc2c1C(C)C,[]
CHEMBL51149,COc1ccc(CCN(C)CCCC(C#N)(c2cc(OC)c(OC)c(OC)c2)C(C)C)cc1OC,"['P-glycoprotein 1', 'BHK-21', 'S1B1-20', 'Trachea', 'Breast cancer cell lines']"
CHEMBL5315045,O=C(COc1ccc(Cl)c(F)c1)NC12CCC(NC(=O)COc3ccc(Cl)c(F)c3)(CC1)[C@@H](OCOP(=O)(O)O)C2,[]
CHEMBL549963,CN(C)c1ccc2c(c1)Sc1cc(N(C)C)ccc1N2,['NADPH oxidase 1']
CHEMBL644,CC(CN(C)C)CN1c2ccccc2CCc2ccccc21,"['Cytochrome P450 2D6', 'Muscarinic acetylcholine receptor M1', 'Histamine H1 receptor', 'Sodium channel alpha subunits; brain (Types I, II, III)', 'Muscarinic acetylcholine receptor M5', 'Norepinephrine transporter', 'Solute carrier family 22 member 2', 'Calmodulin', '2,3-bisphosphoglycerate-independent phosphoglycerate mutase', 'Calmodulin']"
CHEMBL742,CNC1(c2ccccc2Cl)CCCCC1=O,['Norepinephrine transporter']
CHEMBL85164,CN(C)C(=O)COC(=O)Cc1ccc(OC(=O)c2ccc(NC(=N)N)cc2)cc1.CS(=O)(=O)O,[]
CHEMBL990,CN(Cc1ccc(C(C)(C)C)cc1)Cc1cccc2ccccc12,[]
CHEMBL117287,COCCCN1CCC(NC(=O)c2cc(Cl)c(N)c3c2OCC3)CC1,"['Serotonin 4 (5-HT4) receptor', 'Serotonin 4 (5-HT4) receptor']"
CHEMBL1276138,O=C(c1ccc2nonc2c1)N1CCCCC1,[]
CHEMBL1619785,CC1(C)S[C@@H]2[C@H](NC(=O)[C@H](N)c3ccccc3)C(=O)N2[C@H]1C(=O)OC1OC(=O)c2ccccc21,[]
CHEMBL1712923,Nc1nc(N)nc(-c2cc(Cl)ccc2Cl)n1.O=C(O)/C=C\C(=O)O,[]
CHEMBL1880349,OCC1OC(O)CC(O)C1O,[]
CHEMBL1908350,CCCC(=O)O[C@H]1[C@H](C)O[C@@H](O[C@H]2[C@H](N(C)C)[C@@H](O)[C@H](O[C@H]3[C@@H](CC=O)C[C@@H](C)[C@@H](O)/C=C/C=C/C[C@@H](C)OC(=O)C[C@@H](O)[C@@H]3OC)O[C@@H]2C)C[C@@]1(C)OC(=O)CC,['Bacterial 70S ribosome']
CHEMBL1921847,Cc1cc(C)cc([C@@H]2CCCN2Cc2ccc(Oc3ccc(C(N)=O)cc3F)cc2)c1,[]
CHEMBL2105745,O=C(CCCc1ccccc1)OCC(COC(=O)CCCc1ccccc1)OC(=O)CCCc1ccccc1,[]
CHEMBL2105907,CC1(C)S[C@@H]2[C@H](NC(=O)[C@H](N=[N+]=[N-])c3ccccc3)C(=O)N2[C@H]1C(=O)O,[]
CHEMBL2107816,[Cl][223Ra][Cl],[]
CHEMBL219586,Cc1nc(-c2ccc(C(F)(F)F)cc2)sc1C(=O)NCc1ccc(OC(C)(C)C(=O)O)cc1,"['Peroxisome proliferator-activated receptor gamma', 'Peroxisome proliferator-activated receptor alpha', 'Peroxisome proliferator-activated receptor delta', 'Peroxisome proliferator-activated receptor alpha']"
CHEMBL258940,CN1CCC(Nc2ncc3ncnc(Nc4ccc(F)c(Cl)c4)c3n2)CC1,[]
CHEMBL267936,CNC1(C)C2CCC(C2)C1(C)C,['Influenza A virus (A/PR/8/34(H1N1))']
CHEMBL274070,CC[C@@]1(O)C(=O)OCc2c1cc1n(c2=O)Cc2cc3c(N)cccc3nc2-1,[]
CHEMBL279014,CCN(CC)CCNc1ccc(C)c2sc3ccccc3c(=O)c12,['MSTO-211H']
CHEMBL282468,C[N+](C)(C)CCO.[Cl-],"['Choline transporter', 'Choline trimethylamine-lyase']"
CHEMBL331378,C[C@H](CSC(=O)c1ccccc1)C(=O)N1C[C@@H](Sc2ccccc2)C[C@H]1C(=O)O,[]
CHEMBL3544932,CCS(=O)(=O)c1cccc(-c2cc(C(=O)NC3CCN(C)CC3)c(C)c3[nH]c4ncc(C)cc4c23)c1,['General transcription and DNA repair factor IIH helicase subunit XPD']
CHEMBL3622533,COc1ccc(-c2nc(N3CCOCC3)c3sc(CN(C)c4ncc(C(=O)NO)cn4)cc3n2)cn1,"['HCT-116', 'PI3-kinase p110-alpha subunit', 'Histone deacetylase 1', 'MV4-11', 'OCI-AML-3', 'Histone deacetylase 1/2/3', 'SU-DHL-8']"
CHEMBL4297218,CCOC(=O)Cn1nc(C(F)(F)F)cc1-c1ccc(-c2cccc(S(C)(=O)=O)c2)cc1,[]
CHEMBL4297319,CN1CC2CCCC(C1)C2OC(=O)C(O)(c1ccccc1)C1CCCC1.Cl,[]
CHEMBL4297346,COc1ccc2c(c1)nc([S+]([O-])Cc1ncc(C)c(OC)c1C)n2S(=O)(=O)c1ccc(OCC(=O)O)cc1,[]
CHEMBL4298128,Cc1nn(C)cc1S(=O)(=O)NC(=O)c1ccc(-n2ccc(OCC(C)(C)C(F)(F)F)n2)nc1N1C[C@@H](C)CC1(C)C,[]
CHEMBL460785,Cl.OC[C@H]1NC[C@H](O)[C@@H](O)[C@@H]1O,"['Alpha-L-fucosidase 1', 'Lactase-glycosylceramidase']"
CHEMBL5095042,C[C@@]12C=CC[C@H]1[C@@H]1CCC3=C[C@@H](O)CC[C@]3(C)[C@H]1CC2,[]
CHEMBL5095253,N#Cc1cc(Cl)cc(Oc2c(C(F)(F)F)ncn(Cc3cc(C(F)(F)F)c(=O)[nH]n3)c2=O)c1,[]
CHEMBL5314428,CNC(=O)c1cc2c(Oc3ccc(NC(=O)C4(C(=O)Nc5ccc(F)cc5)CC4)cc3)ccnc2cc1OC,"['Vascular endothelial growth factor receptor 2', 'Hepatocyte growth factor receptor']"
CHEMBL553,C#Cc1cccc(Nc2ncnc3cc(OCCOC)c(OCCOC)cc23)c1,['Epidermal growth factor receptor erbB1']
CHEMBL586702,FC(F)c1nc2ccccc2n1-c1nc(N2CCOCC2)nc(N2CCOCC2)n1,[]
CHEMBL87493,CCNC(C)Cc1cccc(C(F)(F)F)c1,[]
CHEMBL940,NCC1(CC(=O)O)CCCCC1,"['Voltage-gated calcium channel alpha2/delta subunit 1', 'Voltage-dependent calcium channel alpha2delta subunit']"
CHEMBL979,CCCC(C)(COC(N)=O)COC(N)=O,[]
CHEMBL1200710,CN(C)CCCN1c2ccccc2CCc2ccc(Cl)cc21.Cl,"['Saccharomyces cerevisiae', 'Arachidonate 15-lipoxygenase, type II', 'Histamine H1 receptor', 'Endonuclease 4', 'Galanin receptor 3', 'Histamine H1 receptor', 'Serotonin transporter', 'Norepinephrine transporter', 'Sodium channel alpha subunit', 'Calmodulin', '2,3-bisphosphoglycerate-independent phosphoglycerate mutase']"
CHEMBL1201027,C[N+]1(C)CCC(OC(=O)C(O)(c2ccccc2)C2CCCC2)C1.[Br-],['Muscarinic acetylcholine receptor M3']
CHEMBL1201032,CN(C)CCc1c[nH]c2ccc(Cn3cncn3)cc12.O=C(O)c1ccccc1,[]
CHEMBL1277001,CC(C)S(=O)(=O)NC[C@H](C)c1ccc(-c2ccc(CCNS(C)(=O)=O)cc2)cc1,"['Glutamate receptor ionotropic, AMPA 2', 'Glutamate receptor ionotropic, AMPA 4']"
CHEMBL1730,CO/N=C(\C(=O)N[C@@H]1C(=O)N2C(C(=O)O)=C(COC(C)=O)CS[C@H]12)c1csc(N)n1,"['Solute carrier family 22 member 6', 'Solute carrier family 22 member 8', 'Solute carrier family 22 member 11', 'PER-2 beta-lactamase']"
CHEMBL2103830,COc1cc(Nc2ncc(F)c(Nc3ccc4c(n3)N(COP(=O)(O)O)C(=O)C(C)(C)O4)n2)cc(OC)c1OC,"['Focal adhesion kinase 1', 'Dual specificity protein kinase CLK2', 'Proto-oncogene tyrosine-protein kinase ROS', 'Tyrosine-protein kinase ZAP-70', 'NUAK family SNF1-like kinase 1', 'Non-receptor tyrosine-protein kinase TNK1', 'Serine/threonine-protein kinase SIK2', 'NCI-H2122', 'Mitogen-activated protein kinase kinase kinase 11', 'Homeodomain-interacting protein kinase 1', 'Serine/threonine-protein kinase 16', 'Serine/threonine-protein kinase SIK1', 'Serine/threonine-protein kinase 33', 'Serine/threonine-protein kinase NEK9', 'Wee1-like protein kinase 2', 'Serine/threonine-protein kinase Nek11', 'Uncharacterized aarF domain-containing protein kinase 1', 'Signal transducer and activator of transcription 5A', 'Cyclin-dependent kinase-like 1']"
CHEMBL2103870,Cc1ccc(NC(=O)C2(c3ccc4c(c3)OC(F)(F)O4)CC2)nc1-c1cccc(C(=O)O)c1,['Cystic fibrosis transmembrane conductance regulator']
CHEMBL2107457,COc1ccc(C(=O)NCc2ccc(OCCN(C)C)cc2)cc1OC,[]
CHEMBL2111047,CCCC(Cc1ccccc1)N1CCCC1,[]
CHEMBL278172,CCOC(=O)c1ccc(N)cc1,[]
CHEMBL284092,CC1(C)CC(=O)N(CCCCN2CCN(c3ncccn3)CC2)C(=O)C1,['Serotonin 1a (5-HT1a) receptor']
CHEMBL38700,Nc1nc(=O)n([C@@H]2C=C[C@H](CO)O2)cc1F,"['Human immunodeficiency virus 1', 'Hepatoma cell line']"
CHEMBL3989750,N[C@H]1C(O)O[C@H](CO)[C@@H](O)[C@@H]1O.N[C@H]1C(O)O[C@H](CO)[C@@H](O)[C@@H]1O.O=S(=O)(O)O,['Ribosome']
CHEMBL4297352,C[C@]1(CS(=O)(=O)N2CCC(Oc3ccc(Cl)cn3)CC2)NC(=O)NC1=O,"['Matrix metalloproteinase 13', 'Matrix metalloproteinase 14']"
CHEMBL429910,CCOc1ccc(Cc2cc([C@@H]3O[C@H](CO)[C@@H](O)[C@H](O)[C@H]3O)ccc2Cl)cc1,"['Sodium/glucose cotransporter 2', 'Low affinity sodium-glucose cotransporter']"
CHEMBL4650329,Cc1c(-c2[nH]c3ccc(C4CCN(CC(N)=O)CC4)cc3c2C(C)C)cn2ncnc2c1C,['Toll-like receptor 8']
CHEMBL4650894,CCCc1c(-c2ccccc2)nn(-c2ccccn2)c1O,[]
CHEMBL488093,Cc1ncc(CSSCc2cnc(C)c(O)c2CO)c(CO)c1O,[]
CHEMBL501122,CCO/N=C(\C(=O)N[C@@H]1C(=O)N2C(C(=O)[O-])=C(Sc3nc(-c4cc[n+](C)cc4)cs3)CS[C@H]12)c1nsc(NP(=O)(O)O)n1,[]
CHEMBL512306,CCN(CC)C(=O)Cc1c(-c2ccc(OCCF)cc2)nn2c(C)cc(C)nc12,['Peripheral-type benzodiazepine receptor']
CHEMBL62381,CCCC(=O)[O-].[Na+],['Solute carrier family 22 member 20']
CHEMBL64130,CC(=O)c1cc2c(o1)C(=O)c1ccccc1C2=O,[]
CHEMBL1183691,c1ccc(-c2nn(-c3ccccc3)[n+](-c3ccc(-c4ccc(-[n+]5nc(-c6ccccc6)nn5-c5ccccc5)cc4)cc3)n2)cc1,['Porphyromonas gingivalis']
CHEMBL1201174,N[C@@H](CC(=O)N1CCn2c(nnc2C(F)(F)F)C1)Cc1cc(F)c(F)cc1F.O.O=P(O)(O)O,"['Dipeptidyl peptidase IV', 'Dipeptidyl peptidase IV']"
CHEMBL1201207,C[C@H]1C[C@H]2[C@@H]3CCC4=CC(=O)C=C[C@]4(C)[C@@]3(F)[C@@H](O)C[C@]2(C)[C@@]1(O)C(=O)COP(=O)(O)O,['Solute carrier organic anion transporter family member 1A2']
CHEMBL1201770,C[N+]1(CC2CC2)CC[C@]23c4c5ccc(O)c4O[C@H]2C(=O)CC[C@@]3(O)[C@H]1C5.[Br-],[]
CHEMBL1447,CCC[C@@H]1C[C@@H](C(=O)N[C@@H]([C@H]2O[C@H](SC)[C@H](O)[C@@H](O)[C@H]2O)[C@@H](C)O)N(C)C1,[]
CHEMBL155886,CCCCCCCCCCCCCCC[C@@H](O)[C@H](CO)NC(C)=O,['Neutral ceramidase']
CHEMBL167691,CNC(=O)N(N(CCCl)S(C)(=O)=O)S(C)(=O)=O,[]
CHEMBL1957038,Oc1ccc(C2=Cc3ccc(O)cc3OC2)cc1,"['Estrogen receptor alpha', 'Estrogen receptor beta']"
CHEMBL2062264,CNC[C@H](O)c1cccc(O)c1.O=C(O)C(O)C(O)C(=O)O,[]
CHEMBL2103872,Cn1c(N)c(NC(=O)NCCN)c[n+]1CC1=C(C(=O)O)N2C(=O)[C@@H](NC(=O)/C(=N\OC(C)(C)C(=O)[O-])c3nsc(N)n3)[C@H]2SC1,[]
CHEMBL22242,CCN1CCC[C@H]1CNC(=O)c1c(OC)ccc(Br)c1OC,['Dopamine D2 receptor']
CHEMBL233248,C=CCN=C=S,"['Transient receptor potential cation channel subfamily A member 1', 'Sclerotinia sclerotiorum']"
CHEMBL2364621,CC(=O)c1c(C)c2cnc(Nc3ccc(N4CCNCC4)cn3)nc2n(C2CCCC2)c1=O.O=S(=O)(O)CCO,"['Cyclin-dependent kinase 4/cyclin D1', 'Cyclin-dependent kinase 4/cyclin D', 'NCI-H2122']"
CHEMBL3545065,CN(C)C(C(=O)Nc1ccc2c(=O)[nH]ccc2c1)c1ccsc1,['Rho-associated protein kinase 2']
CHEMBL3989904,CC[C@H]1OC(=O)[C@H](C)C(=O)[C@H](C)[C@@H](O[C@@H]2O[C@H](C)C[C@H](N(C)C)[C@H]2O)[C@](C)(OCC=Cc2cnc3ccccc3c2)C[C@@H](C)C(=O)[C@H](C)[C@H]2NC(=O)O[C@@]21C,['Streptococcus pneumoniae']
CHEMBL3989971,CC[C@H]1C[C@@H](C(=O)NCCNC(=O)CCOCCOCCOCCOCCOCCOCCOCCOCCOCCOCCOCCOC)C[C@@H](O[C@@H]2O[C@H](CO)[C@H](O)[C@H](O[C@@H](CC3CCCCC3)C(=O)O)[C@H]2NC(C)=O)[C@@H]1O[C@@H]1O[C@@H](C)[C@@H](O)[C@@H](O)[C@@H]1O,[]
CHEMBL418995,O=C(O)CCCCCCNC1c2ccccc2CCc2ccccc21,[]
CHEMBL4298143,Cc1cccc2c(OC(=O)N(CCOCCO)CCN(C)C(=O)OCc3ccc(NC(=O)[C@H](CCCNC(N)=O)NC(=O)[C@@H](NC(=O)OCCOCCN4C(=O)C=CC4=O)C(C)C)cc3)cc3c(c12)[C@H](CCl)CN3C(=O)c1cn2cc(NC(=O)c3ccc(O)cc3)ccc2n1,['Telomeric repeat-binding factor 2']
CHEMBL4475199,Cl.Cl.Cl.O=C(NCc1ncccc1F)c1coc(CCNCCc2nc3ccccc3[nH]2)n1,"['Solute carrier family 40 member 1', 'Solute carrier family 40 member 1']"
CHEMBL4594446,O=C(c1cc(Cl)c(O)c(Cl)c1)N1CS(=O)(=O)c2ccccc21,[]
CHEMBL4650226,Cc1n[nH]c(C)c1CCCOc1cc(C(=O)O)ccc1F.Cl,[]
CHEMBL5095025,Cn1/c(=N\C#N)n(-c2ccc(C(C)(C)C#N)nc2)c2c3cc(-c4cnc(N)c(C(F)(F)F)c4)ccc3ncc21,[]
CHEMBL51085,O=c1c2ccccc2[se]n1-c1ccccc1,[]
CHEMBL5314924,Cc1ccc([C@H]2C[C@@H]2COc2cc(NCc3nnc(C)s3)nc(C)n2)nc1,['Phosphodiesterase 10A']
CHEMBL1084172,O=C(O)C(c1ccccc1)(c1ccccc1)c1ccccc1.OCc1cc([C@@H](O)CNCCCCCCOCCOCc2c(Cl)cccc2Cl)ccc1O,[]
CHEMBL11,CN(C)CCCN1c2ccccc2CCc2ccccc21,"['Prelamin-A/C', 'Inositol monophosphatase 1', 'Serotonin 2a (5-HT2a) receptor', 'Cytochrome P450 2D6', 'Serotonin 2c (5-HT2c) receptor', 'Norepinephrine transporter', 'Saccharomyces cerevisiae', 'Arachidonate 15-lipoxygenase, type II', 'Alpha-1a adrenergic receptor', 'Dopamine D1 receptor', 'Histamine H1 receptor', 'Alpha-1d adrenergic receptor', 'Muscarinic acetylcholine receptor M1', 'Muscarinic acetylcholine receptor M4', 'Muscarinic acetylcholine receptor M5', 'Galactocerebrosidase', 'Alpha-2c adrenergic receptor', 'Regulator of G-protein signaling 4', 'Alpha-1a adrenergic receptor', 'Histamine H2 receptor', 'Peripheral myelin protein 22', 'Cerebroside-sulfatase', 'Nuclear factor NF-kappa-B p105 subunit', 'Dopamine D5 receptor', 'Thrombopoietin', 'Alpha-1b adrenergic receptor', 'Histamine H2 receptor', 'Prion protein', 'Ileum', 'Endonuclease 4', 'Galanin receptor 3', 'Bile salt export pump', 'Trypanothione reductase', 'Serotonin 2b (5-HT2b) receptor', 'Histamine H1 receptor', 'Sodium channel alpha subunits; brain (Types I, II, III)', 'Serotonin 1e (5-HT1e) receptor', 'Solute carrier family 22 member 1', 'Serotonin (5-HT) receptor', 'Peripheral myelin protein 22', 'Serotonin transporter', 'Multidrug and toxin extrusion protein 1', 'Muscarinic acetylcholine receptor M5', 'Nociceptin receptor', 'Solute carrier family 22 member 2', 'Solute carrier family 22 member 3', 'Norepinephrine transporter', 'Potassium channel subfamily K member 2', 'Solute carrier family 22 member 1', 'Aldehyde oxidase', 'Solute carrier family 22 member 2', 'Acetylcholine receptor protein alpha chain', 'Adenylate cyclase', 'Protein arginine N-methyltransferase 1', 'BK polyomavirus', 'Sodium channel alpha subunit', 'Calmodulin', 'Serotonin 2c (5-HT2c) receptor', 'HEC-1-A', 'Endothiapepsin', 'GC3/Cl', '2,3-bisphosphoglycerate-independent phosphoglycerate mutase', 'Human herpesvirus 5 chemokine receptor', 'Calmodulin', 'Melanocortin receptor (M1 and M4)', 'Nuclear receptor subfamily 2 group E member 1', 'Cytochrome P450 2D2', 'Serum albumin', 'Serotonin (5-HT) receptor', 'Rev responsive element (RRE) RNA', 'NACHT, LRR and PYD domains-containing protein 1']"
CHEMBL1171754,O=C(c1ccc(Oc2ccc(F)cc2)nc1)N1CCCN(C2CCC2)CC1,['Histamine H3 receptor']
CHEMBL1200776,C[C@@H](NCCCc1cccc(C(F)(F)F)c1)c1cccc2ccccc12.Cl,"['Calcium sensing receptor', 'Calcium sensing receptor']"
CHEMBL1200866,FC(F)(F)C(F)(F)C(F)(F)C(F)(F)C(F)(F)C(F)(F)C(F)(F)C(F)(F)Br,[]
CHEMBL1201018,N[C@@H](C(=O)N[C@@H]1C(=O)N2C(C(=O)O)=C(Cl)CS[C@H]12)c1ccccc1.O,[]
CHEMBL1201262,CNCC(O)c1ccc(OC(=O)C(C)(C)C)c(OC(=O)C(C)(C)C)c1,[]
CHEMBL153479,Nc1c(Br)cc(Br)cc1CN[C@H]1CC[C@H](O)CC1,[]
CHEMBL1712170,CCOc1ccc2c3c1O[C@H]1[C@@H](O)C=C[C@H]4[C@@H](C2)N(C)CC[C@@]341,[]
CHEMBL1722,COC(=O)C(c1ccccc1)C1CCCCN1.Cl,['Dopamine transporter']
CHEMBL1956820,COc1ccc2c(O[C@@H]3C[C@H]4C(=O)N[C@]5(P(=O)(O)Cc6c(F)cccc6F)C[C@H]5CCCCCCC[C@H](NC(=O)OC5CCCC5)C(=O)N4C3)cc(-c3csc(NC(C)C)n3)nc2c1Cl,['Hepatitis C virus']
CHEMBL2016681,CC(C)(C)S(=O)(=O)N[C@H]1CC[C@H](C(=O)Nc2ccc(C(F)(F)F)cn2)CC1,[]
CHEMBL2397415,Cc1cc(C[C@@H](NC(=O)N2CCC(c3cc4ccccc4[nH]c3=O)CC2)C(=O)N2CCN(C3CCN(C)CC3)CC2)cc2cn[nH]c12,"['Calcitonin gene-related peptide type 1 receptor', 'Calcitonin gene-related peptide 1', 'Callithrix jacchus']"
CHEMBL286398,CC(O)CO,['GABA-B receptor']
CHEMBL299175,COc1cc(CC2NCCc3cc(O)c(O)cc32)cc(OC)c1OC,['Adrenergic receptor alpha']
CHEMBL313972,C[C@H](Cc1ccc(O)c(O)c1)[C@@H](C)Cc1ccc(O)c(O)c1,[]
CHEMBL3545010,CCN1CCC(c2cccc(S(C)(=O)=O)c2F)CC1,['Dopamine receptor']
CHEMBL3545369,NS(=O)(=O)NCCNc1nonc1/C(=N/O)Nc1ccc(F)c(Br)c1,"['Indoleamine 2,3-dioxygenase', 'Tryptophan 2,3-dioxygenase', 'Indoleamine 2,3-dioxygenase 2']"
CHEMBL3545391,CC#C[C@]1(O)CCC2C3CCC4=CC(=O)CCC4=C3[C@@H](c3ccc4c(c3)OCO4)C[C@@]21C,[]
CHEMBL3682589,O=C(O)c1ccc(S(=O)(=O)N(Cc2ccc(OC(F)(F)F)cc2)c2ncc3ccccc3c2C2CC2)cc1,['Transient receptor potential cation channel subfamily M member 8']
CHEMBL374478,CO[C@H]1/C=C/O[C@@]2(C)Oc3c(C)c(O)c4c(O)c(c(/C=N/N5CCN(C)CC5)c(O)c4c3C2=O)NC(=O)/C(C)=C\C=C\[C@H](C)[C@H](O)[C@@H](C)[C@@H](O)[C@@H](C)[C@H](OC(C)=O)[C@@H]1C,['Solute carrier organic anion transporter family member 1A4']
CHEMBL397976,O=C1CC[C@@H](C(=O)O)N1,"['Phytophthora infestans', 'Dihydroorotase']"
CHEMBL4210847,CCOCCn1nc(C(=O)NS(C)(=O)=O)c2nc(N(C)CC)nc(Nc3cc(C)ccn3)c21,[]
CHEMBL4297184,Cc1ccc(-c2nc(N)nc3c2nnn3Cc2cccc(CO[C@H]3CCOC3)n2)o1,"['Adenosine A2a receptor', 'Adenosine A1 receptor', 'Phosphodiesterase 8B']"
CHEMBL4297307,N=C1N(O)[C@@H](COC(N)=O)[C@@H]2N=C(N)N[C@]23N1CCC3(O)O,['Sodium channel protein type IV alpha subunit']
CHEMBL4297345,CCN(CC)C(=O)c1ccc(C2=CC3(CCNCC3)Oc3ccccc32)c(O)c1.Cl,[]
CHEMBL4300465,[Ra],['Carbonic anhydrase V']
CHEMBL4303404,Cc1noc2c1-c1ccccc1C(c1ccc(Cl)cc1)=N[C@H]2CC(N)=O,['Bromodomain-containing protein 4']
CHEMBL4597200,Cl[TeH]1(Cl)(Cl)OCCO1,[]
CHEMBL482950,CC[C@@H](C)Nc1nc(C)nc2c(-c3ccc(OC)nc3C)c(C)nn12,['Corticotropin releasing factor receptor 1']
CHEMBL483321,COCC(=O)NC/C=C/c1ccc2ncnc(Nc3ccc(Oc4ccc(C)nc4)c(C)c3)c2c1,['Receptor protein-tyrosine kinase erbB-2']
CHEMBL5095203,COC(=O)N[C@H](C(=O)N1CCC[C@H]1c1ncc(-c2ccc(-c3ccc(-c4ccc5nc([C@@H]6CCCN6C(=O)[C@@H](NC(=O)OC)C(C)C)[nH]c5c4)c4c3[C@@H]3CC[C@H]4C3)cc2)[nH]1)C(C)C,"['Hepatitis C virus', 'Nonstructural protein 5A']"
CHEMBL5095227,O=C1CC[C@H](N2C(=O)c3cccc4c(Cc5ccc(CN6CCOCC6)cc5)ccc2c34)C(=O)N1,[]
CHEMBL517427,COC(=O)C1=C(C#N)NC(C)=C(C(=O)OC(C)C)C1c1cccc([N+](=O)[O-])c1,"['Voltage-gated L-type calcium channel alpha-1D subunit', 'Voltage-gated L-type calcium channel alpha-1C subunit']"
CHEMBL5314592,Cc1n[nH]c(C)c1-c1cnn(C2(CC#N)CN(c3cc(F)c(C(=O)N[C@@H](C)C(F)(F)F)cc3F)C2)c1.O=P(O)(O)O,[]
CHEMBL535650,Cl.OC(c1cc(C(F)(F)F)nc2c(C(F)(F)F)cccc12)C1CCCCN1,"['Plasmodium falciparum', 'Plasmodium vivax', 'Plasmodium malariae']"
CHEMBL960,Cc1oncc1C(=O)Nc1ccc(C(F)(F)F)cc1,['Unchecked']
CHEMBL116,CC(C)CN(C[C@@H](O)[C@H](Cc1ccccc1)NC(=O)O[C@H]1CCOC1)S(=O)(=O)c1ccc(N)cc1,"['Human immunodeficiency virus 1', 'Human immunodeficiency virus type 1 protease']"
CHEMBL1201203,CN1[C@@H]2CC[C@H]1C[C@@H](OC(c1ccccc1)c1ccccc1)C2,"['Dopamine transporter', 'Muscarinic acetylcholine receptor M1']"
CHEMBL1233528,CC[C@@H]1C(=O)N(C)c2cnc(Nc3ccc(C(=O)N[C@H]4CC[C@H](N5CCN(CC6CC6)CC5)CC4)cc3OC)nc2N1C(C)C,[]
CHEMBL123558,CN1CCN(CCCCN2C(=O)CN(/N=C/c3ccc(-c4ccc(Cl)cc4)o3)C2=O)CC1,['Potassium voltage-gated channel subfamily H member 2']
CHEMBL1440,CN(C)[C@@H]1C(O)=C(C(N)=O)C(=O)[C@@]2(O)C(O)=C3C(=O)c4c(O)cccc4[C@@](C)(O)[C@H]3C[C@@H]12,['Mycobacterium smegmatis']
CHEMBL1451,C[C@]12C=CC(=O)C=C1CC[C@H]1[C@@H]3C[C@@H](O)[C@](O)(C(=O)CO)[C@@]3(C)C[C@H](O)[C@@]12F,"['Glucocorticoid receptor', 'Nuclear receptor subfamily 1 group I member 2', 'Progesterone receptor']"
CHEMBL1516474,CCCCCNC(=N)N/N=C/c1c[nH]c2ccc(OC)cc12.O=C(O)/C=C\C(=O)O,[]
CHEMBL1574,CC(C)(N)Cc1ccccc1,[]
CHEMBL1873475,C=CC(=O)N1CCC[C@@H](n2nc(-c3ccc(Oc4ccccc4)cc3)c3c(N)ncnc32)C1,"['Tyrosine-protein kinase BTK', 'Tyrosine-protein kinase ITK/TSK']"
CHEMBL2105224,CN1CC[C@]23c4c5ccc(OCCN6CCOCC6)c4O[C@H]2[C@@H](O)C=C[C@H]3[C@H]1C5,[]
CHEMBL2105667,Cc1cc(F)ccc1[C@H]1C[C@@H](N2CCN3C(=O)CC[C@H]3C2)CCN1C(=O)N(C)[C@H](C)c1cc(C(F)(F)F)cc(C(F)(F)F)c1,['Neurokinin 1 receptor']
CHEMBL2107381,CC(=O)OC[C@H]1O[C@@H](n2ccc(=O)[nH]c2=O)[C@H](OC(C)=O)[C@@H]1OC(C)=O,[]
CHEMBL2146123,C=C1c2cccc(O)c2C(=O)C2=C(O)[C@]3(O)C(=O)C(C(N)=O)=C(O)[C@@H](N(C)C)[C@@H]3[C@@H](O)[C@H]12.Cl,[]
CHEMBL2146146,CN1[C@@H]2CC[C@H]1C[C@@H](OC(=O)C(CO)c1ccccc1)C2.O=S(=O)(O)O,[]
CHEMBL23013,N=C(N)c1ccc(OCCCOc2ccc(C(=N)N)cc2)cc1,"['Trypanosoma brucei rhodesiense', 'Pneumocystis carinii', 'Acrosin', 'S-100 protein beta chain']"
CHEMBL286738,NS(=O)(=O)Oc1ccc2c3c(c(=O)oc2c1)CCCCC3,['Steryl-sulfatase']
CHEMBL29757,N[C@H](CC(=O)O)C(=O)O,"['Glutamate receptor ionotropic kainate 2', 'Excitatory amino acid transporter 3', 'Glutamate receptor ionotropic kainate 3', 'Metabotropic glutamate receptor 8', 'Glutamate receptor AMPA 1/2', 'GABA receptor alpha-1 subunit']"
CHEMBL3544986,CCC[C@H](N[C@@H](C)C(=O)N1[C@H](C(=O)O)C[C@@H]2CCCC[C@@H]21)C(=O)OCC.N=C(N)NCCC[C@H](N)C(=O)O,[]
CHEMBL3545307,Cc1ccc(C(=O)Nc2ccc(Oc3cc4cnn(C)c4cc3-c3cn[nH]c3)c(F)c2)c(=O)n1-c1ccc(F)cc1,"['NON-PROTEIN TARGET', 'Hepatocyte growth factor receptor', 'Tyrosine-protein kinase receptor UFO']"
CHEMBL3697617,Cc1cc(Oc2ncccc2C(F)(F)F)ccc1-c1c(C)c(=O)[nH]c(=O)n1C,['Dopamine D1 receptor']
CHEMBL3707387,O.O=O.[O-][Cl+][O-].[O-][Cl+][O-].[O-][Cl+][O-].[O-][Cl+][O-],[]
CHEMBL3928407,N#Cc1c(N)nc(N)nc1N[C@H](c1nc2c(F)ccc(Cl)c2c(=O)n1-c1cccnc1)C1CC1,"['PI3-kinase p110-delta subunit', 'PI3-kinase p110-gamma subunit']"
CHEMBL3989693,CC(C)(C)NC[C@H](O)c1ccc(O)c(CO)c1.CC(C)(C)NC[C@H](O)c1ccc(O)c(CO)c1.O=C(O)C(O)C(O)C(=O)O,['Beta-2 adrenergic receptor']
CHEMBL3989759,CC[C@@]1(O)C(=O)OCc2c1cc1n(c2=O)Cc2c-1nc1cc(F)c(C)c3c1c2[C@@H](N)CC3.CS(=O)(=O)O.O.O,[]
CHEMBL3989908,CC(C)(O)CNc1nc(Nc2ccnc(C(F)(F)F)c2)nc(-c2cccc(C(F)(F)F)n2)n1,"['Isocitrate dehydrogenase [NADP] cytoplasmic', 'Isocitrate dehydrogenase [NADP], mitochondrial']"
CHEMBL3989951,O[C@H](C[C@H]1c2c(F)cccc2-c2cncn21)[C@H]1CC[C@H](O)CC1,"['Indoleamine 2,3-dioxygenase', 'Tryptophan 2,3-dioxygenase']"
CHEMBL4297354,Cc1nc(C)c(-c2ccc(C3CCC(CC(=O)O)CC3)cc2)nc1C(N)=O,['Diacylglycerol O-acyltransferase 1']
CHEMBL4297436,Cc1nc(-c2cccnc2)sc1C(=O)Nc1ccccc1-c1cn2c(CN3CCOCC3)csc2n1,[]
CHEMBL4297450,COc1cc(CO)ccc1O,[]
CHEMBL4297452,C[N+](C)(C)CCO.[O-]c1ccc(Cc2cc3cccccc-3c2)cc1[C@@H]1O[C@H](CO)[C@@H](O)[C@H](O)[C@H]1O,['Sodium/glucose cotransporter 2']
CHEMBL4297915,Cc1ccc(S(=O)(=O)NO)o1,['Carbonic anhydrase II']
CHEMBL430488,COc1ccc2c(c1)N(C(=O)OC(C)C)[C@@H](CSC)C(=S)N2,[]
CHEMBL44426,Cc1c(-c2ccc(O)cc2)n(Cc2ccc(OCCN3CCCCC3)cc2)c2ccc(O)cc12,"['Estrogen receptor alpha', 'Estrogen receptor beta']"
CHEMBL460282,CS(=O)(=O)OC[C@@H](OS(C)(=O)=O)[C@@H](O)[C@H](O)[C@@H](COS(C)(=O)=O)OS(C)(=O)=O,[]
CHEMBL4650222,CN(CCCn1nnc2cc(CNC[C@H](O)c3ccc(O)c4[nH]c(=O)ccc34)ccc21)[C@H]1CC[C@H](OC(=O)C(O)(c2cccs2)c2cccs2)CC1.O=C1NS(=O)(=O)c2ccccc21,['Beta-2 adrenergic receptor']
CHEMBL513922,CCN(Cc1ccccc1)C(=O)Cn1c(=O)n(C)c2cnc(-c3ccccc3)nc21,['Peripheral-type benzodiazepine receptor']
CHEMBL519260,CCNC(=O)/C=C(C)/C=C/C=C(C)/C=C/c1c(C)cc(OC)c(C)c1C,[]
CHEMBL527,CN1C(C(=O)Nc2ccccn2)=C(O)c2ccccc2S1(=O)=O,[]
CHEMBL1229517,CCCS(=O)(=O)Nc1ccc(F)c(C(=O)c2c[nH]c3ncc(-c4ccc(Cl)cc4)cc23)c1F,"['Serine/threonine-protein kinase B-raf', 'Serine/threonine-protein kinase RAF', 'Serine/threonine-protein kinase A-Raf']"
CHEMBL1229908,CCN(CC)C(=O)c1ccc(O)c(OC)c1,[]
CHEMBL1305,c1ccc(CN(CC2=NCCN2)c2ccccc2)cc1,[]
CHEMBL152452,CC(=O)N[C@H]1[C@H]([C@@H](O)[C@@H](O)CO)O[C@@](O)(C(=O)O)C[C@@H]1O,[]
CHEMBL1722209,Cc1ccc(O)c([C@H](CCN(C(C)C)C(C)C)c2ccccc2)c1.O=C(O)C(O)C(O)C(=O)O,[]
CHEMBL1738972,CC[N+](CC)(CC(=O)Nc1c(C)cccc1C)Cc1ccccc1,[]
CHEMBL2022968,CN1CCN(Cc2ccc(Nc3ncc(Cl)c(Nc4ccccc4S(=O)(=O)N(C)C)n3)cc2)CC1,['ALK tyrosine kinase receptor']
CHEMBL2105467,Nc1ccn([C@@H]2O[C@H](CO)[C@@H](O)/C2=C\F)c(=O)n1,"['U-266', 'A2058', 'MSTO-211H', 'NCI-H661', 'NCI-H2122', 'SAOS-2', 'SNU-5', 'AU565', 'NCI-H596', 'COLO-829', 'PLC-PRF-5', 'REH', 'MeWo', 'D283 Med', 'SHP77', 'NCI-H2009', 'LS-513', 'LNCaP-Clone-FGC', 'RPMI-8866', 'SK-MEL-24', 'DMS-79', 'MDA-MB-415', 'AM-38', 'HCC1599', 'NCI-H1651', 'COLO-741', 'SK-CO-1', 'JEG-3', 'NCI-H2052', 'HT55', 'WSU-NHL', 'SW948', 'SW1463', 'KMS-12-PE', 'K562/VCR', 'BALL-1', 'P31-FUJ', 'MAXF401 cell line', 'WI-38 VA13', 'HEL 299', '9L', 'WISH', 'MCF10', 'DC3F', 'Solute carrier organic anion transporter family member 1A4', 'Shiga toxin 1 variant A subunit']"
CHEMBL216913,CC(/C=N/NC(=N)N)=N\NC(=N)N,[]
CHEMBL24924,O=C1c2ccccc2C(=O)C1c1ccc(F)cc1,[]
CHEMBL3112741,O=C(NC1CCNCC1)[C@@H]1CC[C@@H]2CN1C(=O)N2OS(=O)(=O)O,"['Beta-lactamase', 'Beta-lactamase']"
CHEMBL3301603,CCc1nc(C(N)=O)c(Nc2ccc(N3CCC(N4CCN(C)CC4)CC3)c(OC)c2)nc1NC1CCOCC1.CCc1nc(C(N)=O)c(Nc2ccc(N3CCC(N4CCN(C)CC4)CC3)c(OC)c2)nc1NC1CCOCC1.O=C(O)/C=C/C(=O)O,['Proto-oncogene tyrosine-protein kinase ROS']
CHEMBL3527416,C[C@@H]1O[C@@H](OC[C@H]2O[C@@H](Oc3c(-c4ccc(O)c(O)c4)oc4cc(OCCO)cc(O)c4c3=O)[C@H](O)[C@@H](O)[C@@H]2O)[C@H](O)[C@H](O)[C@H]1O,[]
CHEMBL370143,NC[C@@H]1O[C@H](O[C@H]2[C@@H](O)[C@H](O[C@@H]3[C@@H](O)[C@H](N)C[C@H](N)[C@H]3O[C@H]3O[C@H](CO)[C@@H](O)[C@H](O)[C@H]3N)O[C@@H]2CO)[C@H](N)[C@@H](O)[C@@H]1O,"['Bacterial 70S ribosome', 'Ribosomal RNA A-site', 'Ribosome', 'Human immunodeficiency virus type 1 REV', 'Rev responsive element (RRE) RNA']"
CHEMBL3707183,C=C[C@H]1CN2CC[C@H]1C[C@@H]2[C@@H](O)c1ccnc2ccc(OC)cc12.C=C[C@H]1CN2CC[C@H]1C[C@@H]2[C@@H](O)c1ccnc2ccc(OC)cc12.O.O.O=S(=O)(O)O,['Plasmodium falciparum']
CHEMBL4297330,CC(C)=CCCC(C)=CCCC(C)=CCCC1(C)CCc2cc(O)ccc2O1,[]
CHEMBL4571075,O=C1N[C@H](c2cncc(C#Cc3ccccc3)c2)[C@@H](c2ccccc2Cl)O1,['Metabotropic glutamate receptor 5']
CHEMBL4650353,Cl.N[C@@]1(c2ccccc2Cl)CCC[C@@H](O)C1=O,[]
CHEMBL4802251,CN(C)CC[C@H](NC(=O)c1cc2c(cnn2C(C)(C)C)cc1Oc1ccc(F)cc1F)C(N)=O,[]
CHEMBL482767,O=C(Nc1cccc(Cl)c1)Nc1ncc(CCNc2ncnc3ccsc23)s1,['Serine/threonine-protein kinase Aurora-A']
CHEMBL5095197,[2H]C([2H])([2H])C([2H])([2H])C([2H])([2H])OC(C(=O)OC1CCNCC1)(c1ccccc1)c1ccccc1,['Muscarinic acetylcholine receptor M3']
CHEMBL5314411,C#Cc1cccc(Nc2ncnc3cc(OC)c(NC(=O)N4CCN(CC)CC4)cc23)c1,['Epidermal growth factor receptor erbB1']
CHEMBL5314560,Cl.N#Cc1cccc(-c2ccc3ncc(-c4cc(F)cc(F)c4)c(N4CCC(N)CC4)c3c2)c1O,['Maternal embryonic leucine zipper kinase']
CHEMBL574,Cc1ccc(S(N)(=O)=O)cc1,"['Carbonic anhydrase II', 'Carbonic anhydrase I']"
CHEMBL61511,O=P1(N(CCCl)CCCl)NC(OO)CCO1,[]
CHEMBL76,CCN(CC)CCCC(C)Nc1ccnc2cc(Cl)ccc12,"['Plasmodium falciparum', 'Plasmodium malariae', 'Riboflavin-binding protein']"
CHEMBL799,O=C1CCc2cc(OCCCCc3nnnn3C3CCCCC3)ccc2N1,[]
CHEMBL8030,Cc1cccc(Oc2cnc(=O)[nH]c2)c1,[]
CHEMBL841,CN(C)C(=O)C(CCN1CCC(O)(c2ccc(Cl)cc2)CC1)(c1ccccc1)c1ccccc1,"['C-C chemokine receptor type 1', 'Human herpesvirus 5 chemokine receptor']"
CHEMBL94081,C=CCOc1ccc(CC(=O)O)cc1Cl,[]
CHEMBL953,CCN(CC)C(=O)/C(C#N)=C/c1cc(O)c(O)c([N+](=O)[O-])c1,"['Catechol O-methyltransferase', 'Alpha-ketoglutarate-dependent dioxygenase FTO']"
CHEMBL1096562,COC(=O)CCC(=O)CN,[]
CHEMBL1165,CCOC(=O)[C@H](CCc1ccccc1)N[C@@H](C)C(=O)N1Cc2cc(OC)c(OC)cc2C[C@H]1C(=O)O,[]
CHEMBL1194287,CN(C)CCN(Cc1ccc(Cl)cc1)c1ccccn1,[]
CHEMBL1237135,CNCCCC12CCC(c3ccccc31)c1ccccc12.Cl,[]
CHEMBL1242,Nc1ccc(/N=N/c2ccccc2)c(N)n1,[]
CHEMBL1278,CNS(=O)(=O)CCc1ccc2[nH]cc(C3CCN(C)CC3)c2c1,"['Serotonin 1d (5-HT1d) receptor', 'Serotonin 1b (5-HT1b) receptor']"
CHEMBL1365576,Clc1ccc(Sc2cc(Cl)c(Cl)cc2Cl)cc1,[]
CHEMBL1469,O=C(O)CCCc1ccccc1,[]
CHEMBL1516,CCCc1nc(C(C)(C)O)c(C(=O)O)n1Cc1ccc(-c2ccccc2-c2nnn[nH]2)cc1,['Angiotensin II type 1a (AT-1a) receptor']
CHEMBL1525826,COc1nccnc1NS(=O)(=O)c1ccc(N)cc1,[]
CHEMBL1615281,NS(=O)(=O)c1ccc(NC(=O)Nc2ccc(F)cc2)cc1,"['Carbonic anhydrase II', 'Carbonic anhydrase I', 'Carbonic anhydrase IX', 'Carbonic anhydrase XII', 'Uncharacterized protein Rv1284/MT1322', 'PROBABLE TRANSMEMBRANE CARBONIC ANHYDRASE (CARBONATE DEHYDRATASE) (CARBONIC DEHYDRATASE)']"
CHEMBL1783256,CCCNC(=O)c1nnc2c(-c3cc(OC)ccc3OC)cccc2c1N,['GABA-A receptor; alpha-2/beta-3/gamma-2']
CHEMBL2106548,COC(C(=O)N[C@@H]1C(=O)N2[C@@H]1SC(C)(C)[C@@H]2C(=O)O)c1ccc(Cl)c(Cl)c1,[]
CHEMBL2107811,CO/N=C1\CN(c2nc3c(cc2F)c(=O)c(C(=O)O)cn3C2CC2)CC12CNC2,[]
CHEMBL2142890,CC(=O)NC(CCC(=O)O)C(=O)O,"['Glutamate carboxypeptidase II', 'Beta-lactamase VIM-4']"
CHEMBL2204263,O=C(CNC(=O)c1cccc(C(F)(F)F)c1)NC1CN([C@H]2CC[C@@](O)(c3cncs3)CC2)C1,['C-C chemokine receptor type 2']
CHEMBL267431,COC[C@]1(OC)CC[C@H]2[C@@H]3CCC4=CC(=O)CCC4=C3[C@@H](c3ccc(/C=N/O)cc3)C[C@@]21C,[]
CHEMBL28318,Cc1c(C(C)C)c(=O)n(-c2ccccc2)n1C,[]
CHEMBL3183453,CO[C@@H]1[C@@H](OC(N)=O)[C@@H](O)[C@H](Oc2ccc3c([O-])c(NC(=O)c4ccc(O)c(CC=C(C)C)c4)c(=O)oc3c2C)OC1(C)C.[Na+],"['DNA gyrase subunit B', 'DNA topoisomerase 4 subunit B', 'Microtubule-associated proteins 1A/1B light chain 3A', 'Microtubule-associated proteins 1A/1B light chain 3B']"
CHEMBL3544983,COc1cc2c(Nc3ccc(Cl)c(Cl)c3F)ncnc2cc1OC[C@@H]1C[C@@H]2CN(C)C[C@@H]2C1,"['Vascular endothelial growth factor receptor 2', 'Epidermal growth factor receptor erbB1', 'Receptor protein-tyrosine kinase erbB-2', 'Ephrin type-B receptor 4', 'Ephrin type-A receptor 2']"
CHEMBL3622821,CC[C@@H]1CN(C(=O)NCC(F)(F)F)C[C@@H]1c1cnc2cnc3[nH]ccc3n12,"['Tyrosine-protein kinase JAK2', 'Tyrosine-protein kinase JAK1', 'Tyrosine-protein kinase JAK3']"
CHEMBL3975522,CC(C)[C@H](N)C(=O)OCC[C@H](NC(=O)[C@@H]1SCCN1S(=O)(=O)c1ccc(-c2ccccc2)cc1)c1ccc(F)cc1,[]
CHEMBL4297216,Cc1cnc(Nc2ccc(OCCN3CCCC3)cc2)nc1Nc1cccc(S(=O)(=O)NC(C)(C)C)c1.Cl.Cl.O,"['Vascular endothelial growth factor receptor 2', 'Tyrosine-protein kinase JAK2', 'Hepatocyte growth factor receptor', 'Tyrosine-protein kinase JAK3', 'Serine/threonine-protein kinase Aurora-A', 'Tyrosine-protein kinase SRC', 'Tyrosine-protein kinase ABL', 'ALK tyrosine kinase receptor', 'Focal adhesion kinase 1', 'Platelet-derived growth factor receptor beta', 'BaF3', 'Tyrosine-protein kinase receptor RET', 'Tyrosine-protein kinase receptor UFO', 'Platelet-derived growth factor receptor alpha', 'Dual specificity mitogen-activated protein kinase kinase 1', 'Glycogen synthase kinase-3 alpha', 'Serine/threonine-protein kinase TBK1', 'Tyrosine kinase non-receptor protein 2', 'Inhibitor of nuclear factor kappa B kinase epsilon subunit', 'Tyrosine-protein kinase Lyn', 'Tyrosine-protein kinase FYN', 'Ephrin type-A receptor 2', 'Mitogen-activated protein kinase kinase kinase kinase 2', 'Tyrosine-protein kinase YES', 'Proto-oncogene tyrosine-protein kinase MER', 'Tyrosine-protein kinase receptor TYRO3', 'Serine/threonine-protein kinase TAO1', 'Serine/threonine-protein kinase 2', 'Activin receptor type-1', 'Serine/threonine-protein kinase c-TAK1', 'Cyclin-dependent kinase 7', 'Proto-oncogene tyrosine-protein kinase ROS', 'Inhibitor of nuclear factor kappa B kinase alpha subunit', 'Receptor protein-tyrosine kinase erbB-4', 'Casein kinase II alpha (prime)', 'Adaptor-associated kinase', 'Serine/threonine-protein kinase RIPK2', 'Tyrosine-protein kinase BRK', 'Serine/threonine-protein kinase GAK', 'Serine/threonine-protein kinase Nek1', 'Mixed lineage kinase 7', 'Macrophage-stimulating protein receptor', 'CaM kinase II gamma', 'LIM domain kinase 2', 'MAP kinase p38 gamma', 'Ribosomal protein S6 kinase alpha 1', 'Tyrosine-protein kinase ZAP-70', 'Serine/threonine-protein kinase TNNI3K', 'Tyrosine-protein kinase FER', 'Serine/threonine-protein kinase 10', 'Calcium-dependent protein kinase 1', 'Dual specificity mitogen-activated protein kinase kinase 2', 'Vascular endothelial growth factor receptor', 'Tyrosine-protein kinase FGR', 'Serine/threonine-protein kinase Aurora-C', 'Tyrosine-protein kinase ABL2', 'NUAK family SNF1-like kinase 1', 'Phosphorylase kinase gamma subunit 2', 'Tyrosine-protein kinase CSK', 'CaM-kinase kinase beta', 'Tyrosine-protein kinase TXK', 'Tyrosine-protein kinase FES', 'TGF-beta receptor type II', 'Serine/threonine-protein kinase receptor R3', 'Ephrin type-A receptor 4', 'Non-receptor tyrosine-protein kinase TNK1', 'H9c2', 'Testis-specific serine/threonine-protein kinase 1', 'Dual specificity mitogen-activated protein kinase kinase 5', 'Ephrin type-B receptor 2', 'CaM kinase II alpha', 'Mitogen-activated protein kinase kinase kinase kinase 3', 'Serine/threonine-protein kinase SIK2', 'Ribosomal protein S6 kinase alpha 6', 'CaM kinase I delta', 'Ribosomal protein S6 kinase alpha 4', 'Serine/threonine-protein kinase ULK1', 'BMP-2-inducible protein kinase', 'Mitogen-activated protein kinase kinase kinase 11', 'Phosphatidylinositol-5-phosphate 4-kinase type-2 gamma', 'Activin receptor type-1B', 'Tyrosine-protein kinase Srms', 'Serine/threonine-protein kinase 16', 'Protein kinase N1', 'Ephrin type-A receptor 3', 'Serine/threonine-protein kinase SIK1', 'Bone morphogenetic protein receptor type-1A', 'Ephrin type-A receptor 1', 'MAP/microtubule affinity-regulating kinase 4', 'Interleukin-1 receptor-associated kinase 3', 'Serine/threonine-protein kinase MARK1', 'Ephrin type-B receptor 3', 'Serine/threonine-protein kinase 33', 'Serine/threonine-protein kinase PCTAIRE-1', 'Serine/threonine-protein kinase MST4', 'Muscle, skeletal receptor tyrosine protein kinase', 'Ephrin type-B receptor 6', 'SPS1/STE20-related protein kinase YSK4', 'NUAK family SNF1-like kinase 2', 'Bone morphogenetic protein receptor type-1B', 'Citron Rho-interacting kinase', 'Ephrin type-A receptor 8', 'Serine/threonine-protein kinase SIK3', 'Ephrin type-A receptor 5', 'beta-catenin-B-cell lymphoma 9 protein complex', 'Serine/threonine protein kinase NLK', 'Ephrin type-B receptor 1', 'Serine/threonine-protein kinase TAO2', 'Mitogen-activated protein kinase 15', 'Protein kinase 6', 'Ephrin type-A receptor 7', 'Mitogen-activated protein kinase kinase kinase 2', 'Tyrosine-protein kinase CTK', 'BR serine/threonine-protein kinase 2', 'Phosphorylase kinase gamma subunit 1', 'Breakpoint cluster region protein', 'Serine/threonine-protein kinase ULK3', 'Mitogen-activated protein kinase kinase kinase 10', 'Ephrin type-A receptor 6', 'Phosphatidylinositol-4-phosphate 5-kinase type-1 gamma', 'Serine/threonine-protein kinase ULK2', 'Serine/threonine-protein kinase LATS2', 'Tyrosine-protein kinase receptor Tie-1', 'Uncharacterized protein FLJ45252', 'Serine/threonine-protein kinase PCTAIRE-2', 'Serine/threonine-protein kinase NEK6', 'Bone morphogenetic protein receptor type-2', 'Mitogen-activated protein kinase kinase kinase 3', 'Serine/threonine-protein kinase NEK9', 'Myotonin-protein kinase', 'Dual specificity mitogen-activated protein kinase kinase 3', 'Activin receptor type-2A', 'Serine/threonine-protein kinase Sgk3', 'Serine/threonine-protein kinase PAK 3', 'G protein-coupled receptor kinase 4', 'Serine/threonine-protein kinase PAK7', 'Serine/threonine-protein kinase 36', 'Serine/threonine-protein kinase SRPK3', 'Multidrug resistance-associated protein 4', 'Phosphatidylinositol-5-phosphate 4-kinase type-2 beta', 'Myosin light chain kinase', 'Serine/threonine-protein kinase PAK6', 'Chaperone activity of bc1 complex-like, mitochondrial', 'Serine/threonine-protein kinase 25', 'Serine/threonine-protein kinase RIO1', 'Mitogen-activated protein kinase kinase kinase 4', 'Dual specificity testis-specific protein kinase 1', 'Myosin light chain kinase family member 4', 'Phosphatidylinositol-4-phosphate 5-kinase type-1 alpha', 'Serine/threonine-protein kinase RIO3', 'CaM kinase I gamma', 'Cyclin-dependent kinase-like 2', 'Activin receptor type-2B', 'Serine/threonine-protein kinase PCTAIRE-3', 'Ankyrin repeat and protein kinase domain-containing protein 1', 'cAMP-dependent protein kinase beta-1 catalytic subunit', 'Casein kinase I isoform alpha-like', 'Peripheral plasma membrane protein CASK', 'Ferrochelatase, mitochondrial', 'Receptor-interacting serine/threonine-protein kinase 4', 'Serine/threonine-protein kinase NEK7', 'Serine/threonine-protein kinase 35', 'Phosphatidylinositol-4-phosphate 3-kinase C2 domain-containing subunit gamma', 'Uncharacterized aarF domain-containing protein kinase 4', 'Serine/threonine-protein kinase tousled-like 1', 'Serine/threonine-protein kinase SBK1', 'Serine/threonine-protein kinase OSR1', 'Mitotic checkpoint serine/threonine-protein kinase BUB1', 'AMP-activated protein kinase, gamma-2 subunit', 'Dual serine/threonine and tyrosine protein kinase', 'Serine/threonine-protein kinase Nek3', 'Serine/threonine-protein kinase 32A', 'Serine/threonine-protein kinase 32B', 'Serine/threonine-protein kinase Nek5', 'Serine/threonine-protein kinase tousled-like 2', 'Wee1-like protein kinase 2', 'Myosin-IIIB', 'Serine/threonine-protein kinase MRCK gamma', 'Cyclin-dependent kinase-like 5', 'Serine/threonine-protein kinase PFTAIRE-2', 'Serine/threonine-protein kinase Nek11', 'Ribosomal protein S6 kinase 2', 'Uncharacterized aarF domain-containing protein kinase 1', 'Tubulin alpha-1 chain', 'PNT1A', 'Serine/threonine-protein kinase 38', 'Cyclin-dependent kinase-like 3', 'Mixed lineage kinase domain-like protein', 'Phospholipase C-gamma-1', 'Serine/threonine-protein kinase 32C', 'Cyclin-dependent kinase-like 1', 'cAMP-dependent protein kinase, gamma catalytic subunit', 'Calcium/calmodulin-dependent protein kinase type 1B', 'Serine/threonine-protein kinase WNK2', 'KBM5', 'SNF-related serine/threonine-protein kinase', 'Serine/threonine-protein kinase WNK3', 'Photosystem Q(B) protein', 'Nuclear receptor subfamily 2 group E member 1', 'Serine/threonine-protein kinase/endoribonuclease IRE2', 'GIST882', 'Acyl-CoA dehydrogenase family member 10', 'Venus kinase receptor 2', 'CL97', 'CDK1/Cyclin E', 'Cell division control protein 2 homolog', 'GIST48', 'Cholinesterase', 'UCLA P-3', 'Pseudopodium-enriched atypical kinase 1', 'GIST430', 'Pyridoxal kinase', 'Human papillomavirus type 11', 'Insulin-like growth factor II receptor', 'Transient receptor potential cation channel subfamily M member 6', 'Macrophage-stimulating protein receptor', 'Cyclin A2', 'DOPA decarboxylase', 'Receptor-interacting serine/threonine-protein kinase 2']"
CHEMBL4297370,O=c1cc(NCCCN[C@@H]2CCOc3c(Br)cc(Br)cc32)[nH]c2ccsc12,[]
CHEMBL446452,c1ccc2c(Cc3c[nH]c4ccccc34)c[nH]c2c1,['Subtilisin/kexin type 9']
CHEMBL4594268,COc1cccc2c1CCOC2C1=NCCN1.O=S(=O)(O)O,[]
CHEMBL471498,O=C(O)[C@H](CC(=O)N1C[C@H]2CCCC[C@H]2C1)Cc1ccccc1,[]
CHEMBL486193,CC(=O)OC/C=C(C)/C=C/C=C(C)/C=C/C1=C(C)CCCC1(C)C,[]
CHEMBL523367,COc1cc(C(C#N)(CCCN(C)CCc2ccccc2)C(C)C)cc(OC)c1OC,['BHK-21']
CHEMBL5314412,CC1(C)COc2ccc(F)cc2CN2c3nc4c(cnn4cc3OC[C@H]2C(F)F)C(=O)N1,['Nerve growth factor receptor Trk-A']
CHEMBL5314415,CC1(C)CCC2(CC1)N[C@@H](C(=O)N[C@@H]1CC[C@@H](C(N)=O)OC1)[C@H](c1ccnc(Cl)c1F)[C@]21C(=O)Nc2ccc(Cl)cc21,"['p53-binding protein Mdm-2', 'Neurogenic locus notch homolog protein 1']"
CHEMBL5314554,CCC[C@@H](CCO)Nc1nc(N)nc(C)c1Cc1ccc(CN(CC(=O)O)CC(F)(F)F)cc1OC,[]
CHEMBL574737,CN[C@@H]1C[C@H]2O[C@@](C)([C@@H]1OC)n1c3ccccc3c3c4c(c5c6ccccc6n2c5c31)C(=O)N[C@H]4O,"['Protein kinase C alpha', 'Protein kinase C theta', 'Protein kinase C (PKC)', 'Ribosomal protein S6 kinase 2']"
CHEMBL726,OCCN1CCN(CCCN2c3ccccc3Sc3ccc(C(F)(F)F)cc32)CC1,[]
CHEMBL814,COCCCC/C(=N\OCCN)c1ccc(C(F)(F)F)cc1,[]
CHEMBL819,Cc1onc(-c2ccccc2)c1C(=O)N[C@@H]1C(=O)N2[C@@H]1SC(C)(C)[C@@H]2C(=O)O,[]
CHEMBL87992,CC(=O)O[C@H]1Cc2ccccc2N(C(N)=O)c2ccccc21,[]
CHEMBL1060,O=P([O-])([O-])O.[Na+].[Na+],[]
CHEMBL1159717,CC(C)(C)NCC(O)c1ccccc1Cl,[]
CHEMBL118722,CCCC(=O)OCC(COC(=O)CCC)OC(=O)CCC,[]
CHEMBL1200395,Cc1ccccc1C(OCCN(C)C)c1ccccc1.O=C(O)CC(O)(CC(=O)O)C(=O)O,[]
CHEMBL1200927,CN(C)CC[C@@H](c1ccc(Cl)cc1)c1ccccn1.O=C(O)/C=C\C(=O)O,['Dopamine transporter']
CHEMBL1201067,CC(O)C(=O)O.OC(CCN1CCCCC1)(c1ccccc1)C1CC2C=CC1C2,[]
CHEMBL1204644,CN(CC(=O)O)C(=N)NP(=O)(O)O,[]
CHEMBL1231871,O=C=O,"['Olfactory receptor 51E2', 'Carbonic anhydrase V']"
CHEMBL1256987,CC(=O)O[C@H]1C[C@@]2(C)[C@@H](C[C@@H](O)[C@H]3[C@@]4(C)CC[C@@H](O)[C@@H](C)[C@@H]4CC[C@@]32C)/C1=C(\CCC=C(C)C)C(=O)[O-].[Na+],[]
CHEMBL1490,OC(CCN1CCCCC1)(c1ccccc1)C1CCCCC1,[]
CHEMBL2106794,NC(=O)N/N=C1\C=Cc2ccccc2C1=O,[]
CHEMBL2110730,CSCC[C@H](N)C(=O)N[C@@]1(C(=O)O)CS(=O)(=O)[C@H]2[C@H](C(=O)O)[C@H]21,[]
CHEMBL2110780,CC(C)(C)NCC(O)c1ccc(O)c(NC(N)=O)c1,"['Beta-2 adrenergic receptor', 'Adrenergic receptor beta']"
CHEMBL2348292,O=C(O)CCc1cc(I)c(Oc2ccc(O)cc2)c(I)c1,"['Thyroid hormone receptor beta-1', 'Thyroid hormone receptor alpha']"
CHEMBL278020,CN(C)C(=O)Oc1cccc([N+](C)(C)C)c1,[]
CHEMBL3039505,CC(C)(C)c1ccc(S(=O)(=O)[N-]c2ccc(Cl)cc2C(=O)c2cc[n+]([O-])cc2)cc1.[Na+],['C-C chemokine receptor type 9']
CHEMBL3351077,NC(=O)c1cc[n+](CC2=C(C(=O)[O-])N3C(=O)[C@@H](NC(=O)[C@@H](c4ccccc4)S(=O)(=O)O)[C@H]3SC2)cc1,[]
CHEMBL3930624,O=C(c1cc(Cc2n[nH]c(=O)c3ccccc23)ccc1F)N1CCn2nc(C(F)(F)F)nc2C1,"['Poly [ADP-ribose] polymerase-1', 'Poly [ADP-ribose] polymerase 3']"
CHEMBL4113131,C[C@@H]1CN(C(=O)c2ccc(NC(=O)c3cc(O[C@H](C)c4c(Cl)ccc(F)c4Cl)c(N)nn3)cc2)C[C@H](C)N1,[]
CHEMBL42403,OB(O)O,['Olfactory receptor 51E2']
CHEMBL4297190,Cc1cc2cc(Oc3ccnc(Nc4cccc(CS(=O)(=O)NCCN(C)C)c4)n3)ccc2[nH]1,[]
CHEMBL4297509,CCNCCc1ccc(CN(CC)c2cc(OC)ccc2[C@@H]2CCc3cc(O)ccc3C2)cc1,[]
CHEMBL4297654,N=C(N)NC(=N)N,"['Arginase-1', 'Gamma-amino-N-butyrate transaminase']"
CHEMBL4594269,CN(C)CC1CCOC1(c1ccccc1)c1ccccc1.Cl,[]
CHEMBL4594298,COc1cc2c(cc1OC)CN(CCc1ccc(-n3nnc(-c4cc(OC)c(OC)cc4NC(=O)c4cc(=O)c5ccccc5o4)n3)cc1)CC2,"['P-glycoprotein 1', 'ATP-binding cassette sub-family G member 2']"
CHEMBL4651180,COc1ccc(-c2c(-c3ccc(C#N)c(F)c3)nc(N3CCC(N)CC3)n(C)c2=O)cc1F,[]
CHEMBL500826,CCC(=O)[O-].[Na+],[]
CHEMBL5314418,CS(=O)(=O)O.CS(=O)(=O)O.Cc1c(F)c(N)c2c(=O)cc(-c3ccc(NC(=O)[C@@H](N)CCCCN)c(F)c3)oc2c1F,[]
CHEMBL566534,CO[C@H]1O[C@@H]2O[C@@]3(C)CC[C@H]4[C@H](C)CC[C@@H]([C@H]1C)[C@@]24OO3,[]
CHEMBL716,OCCOCCN1CCN(C2=Nc3ccccc3Sc3ccccc32)CC1,[]
CHEMBL1200375,O=C([O-])CN(CCN(CC(=O)[O-])CC(=O)[O-])CC(=O)[O-].[Ca+2].[Na+].[Na+],[]
CHEMBL1200530,CO[C@@]1(NC(=O)Cc2cccs2)C(=O)N2C(C(=O)[O-])=C(COC(N)=O)CS[C@@H]21.[Na+],[]
CHEMBL1200641,COc1ccc(C[C@@H]2c3cc(OC)c(OC)cc3CC[N@+]2(C)CCC(=O)OCCCCCOC(=O)CC[N@@+]2(C)CCc3cc(OC)c(OC)cc3[C@H]2Cc2ccc(OC)c(OC)c2)cc1OC.O=S(=O)([O-])c1ccccc1.O=S(=O)([O-])c1ccccc1,[]
CHEMBL1237054,CO[C@H](C(=O)[C@@H](O)[C@@H](C)O)[C@@H]1Cc2cc3cc(O[C@H]4C[C@@H](O[C@@H]5C[C@@H](O)[C@H](O)[C@@H](C)O5)[C@H](O)[C@@H](C)O4)c(C)c(O)c3c(O)c2C(=O)[C@H]1O[C@H]1C[C@@H](O[C@@H]2C[C@@H](O)[C@@H](O[C@@H]3C[C@](C)(O)[C@H](O)[C@@H](C)O3)[C@@H](C)O2)[C@H](O)[C@@H](C)O1,[]
CHEMBL130,O=C(N[C@H](CO)[C@H](O)c1ccc([N+](=O)[O-])cc1)C(Cl)Cl,[]
CHEMBL134713,COc1ccc(/C=C2\CCCN=C2c2cccnc2)c(OC)c1,['Nicotinic acetylcholine receptor alpha8 subunit']
CHEMBL1512580,FC(F)(F)c1cccc(C2=CCN(CCc3ccc4ccccc4c3)CC2)c1,[]
CHEMBL1614658,NC(=O)OC[C@@H]1[C@H](NC(=O)/C(=N\OCC(=O)O)c2csc(N)n2)C(=O)N1S(=O)(=O)O,[]
CHEMBL2141712,COc1ccc(COc2cc3oc(=O)c4cc(C(C)O)ccc4c3cc2OC)cc1,[]
CHEMBL2360464,Nc1nc2[nH]cc(CCc3ccc(C(=O)N[C@@H](CCC(=O)[O-])C(=O)[O-])cc3)c2c(=O)[nH]1.[Na+].[Na+],['KB']
CHEMBL299613,COc1cc2c(cc1O)CC[C@@H]1[C@@H]2CC[C@]2(C)[C@@H](O)CC[C@@H]12,"['A549', 'HCT-116', 'K562', 'MOLT-4', 'DU-145', 'SR', 'SW-620', 'NCI-H522', 'COLO 205', 'OVCAR-3', 'U-251', 'LOX IMVI', 'MDA-MB-435', 'ACHN', 'UACC-62', 'SK-MEL-5', 'KM12', 'NCI-H23', '786-0', 'IGROV-1', 'SF-268', 'M14', 'CAKI-1', 'SF-539', 'RXF 393', 'UO-31', 'HOP-62', 'SF-295', 'Malme-3M', 'Tubulin beta chain', 'Panel (Carcinoma cell lines)']"
CHEMBL3544975,COc1cc(N)c(Cl)cc1C(=O)NCC1CCN(CC[C@H](OC(N)=O)c2ccc(F)cc2)CC1,"['Serotonin 4 (5-HT4) receptor', 'Serotonin 4 (5-HT4) receptor']"
CHEMBL3545027,COC(=O)Nc1nc2cc(C3(O)c4ccccc4C(=O)N3c3cc(Cl)ccc3C)ccc2[nH]1,"['Serine/threonine-protein kinase B-raf', 'Serine/threonine-protein kinase RAF']"
CHEMBL3545360,COc1cc(N2CCC(N3CCN(C)CC3)CC2)ccc1Nc1ncnc(Nc2ccccc2S(=O)(=O)C(C)C)n1,['ALK tyrosine kinase receptor']
CHEMBL3707289,CC(C)C[C@H]1C(=O)N2CCC[C@H]2[C@]2(O)O[C@](NC(=O)[C@@H]3C[C@@H]4c5cccc6[nH]cc(c56)C[C@H]4N(C)C3)(C(C)C)C(=O)N12.CS(=O)(=O)O,[]
CHEMBL3707392,O=C1c2cc(-c3ccc(OC(F)(F)F)cc3)ccc2OCCN1Cc1ncccn1,"['Sodium channel protein type IX alpha subunit', 'Sodium channel protein type V alpha subunit', 'Sodium channel protein type I alpha subunit']"
CHEMBL3989843,N[C@@H]1C[C@H]1c1ccccc1.N[C@H]1C[C@@H]1c1ccccc1,"['Lysine-specific histone demethylase 1', 'Lysine-specific histone demethylase 1B']"
CHEMBL3989870,CNCc1ccc(-c2cc(-c3nc(-c4ccc(S(=O)(=O)C(C)C)cc4)cnc3N)on2)cc1,['Serine-protein kinase ATR']
CHEMBL407874,Nc1nc(OCc2ccccc2)c2nc[nH]c2n1,['6-O-methylguanine-DNA methyltransferase']
CHEMBL424278,CO[C@@H]1[C@H](OC(=O)NC(=O)CCl)CC[C@]2(CO2)[C@H]1[C@@]1(C)O[C@@H]1CC=C(C)C,['AEC']
CHEMBL4297315,N=C(N)c1ccc2nc(-c3cc(CC(=O)N[C@@H](CC(=O)O)C(=O)O)cc(-c4cc(S(N)(=O)=O)ccc4O)c3O)[nH]c2c1,[]
CHEMBL4297418,Nc1nc(NC2CC2)c2ncn([C@H]3C=C[C@@H](COC(=O)CO)C3)c2n1,"['Human herpesvirus 4', 'Moloney murine sarcoma virus', 'Murine cytomegalovirus']"
CHEMBL4297442,OC[C@H]1O[C@@H](S[C@@H]2O[C@H](CO)[C@H](O)[C@H](n3cc(-c4cccc(F)c4)nn3)[C@H]2O)[C@H](O)[C@@H](n2cc(-c3cccc(F)c3)nn2)[C@H]1O,"['Galectin-3', 'Galectin-3', 'Galectin-1', 'Galectin-9']"
CHEMBL4297499,CC(C)C(=O)OC[C@@]1(N=[N+]=[N-])O[C@@H](n2ccc(N)nc2=O)[C@@H](C)[C@@H]1OC(=O)C(C)C,[]
CHEMBL4297522,CCN1C(=O)N(c2c(F)c(OC)cc(OC)c2F)Cc2cnc3[nH]c(CN4CCOCC4)cc3c21,['Fibroblast growth factor receptor 1']
CHEMBL4298167,O=C(Nc1nc2cccc(-c3ccc(CN4CCS(=O)(=O)CC4)cc3)n2n1)C1CC1.O=C(O)/C=C\C(=O)O,['Tyrosine-protein kinase JAK2']
CHEMBL4446357,C[C@@]1(O)CCC[C@H]1n1c(=O)c(C(F)F)cc2cnc(NC3CCN(S(C)(=O)=O)CC3)nc21,[]
CHEMBL4594379,N[C@@H](Cc1ccc(OP(=O)(O)O)c(O)c1)C(=O)O,[]
CHEMBL4650231,CN1CCC2(CC1)NCC(=O)N2Cc1ccccc1.Cl.Cl.O,[]
CHEMBL485253,CCC(CO)NC(=O)[C@@H]1C=C2c3cccc4c3c(cn4C)C[C@H]2N(C)C1,['Serotonin 1e (5-HT1e) receptor']
CHEMBL577711,CCCC(CCC)C(=O)Nc1ccn([C@@H]2O[C@H](CO)[C@@H](O)C2(F)F)c(=O)n1,[]
CHEMBL790,N=C(NCCCCCCNC(=N)NC(=N)Nc1ccc(Cl)cc1)NC(=N)Nc1ccc(Cl)cc1,"['POU domain, class 2, transcription factor 1']"
CHEMBL93645,O=C(O)COC(=O)Cc1ccccc1Nc1c(Cl)cccc1Cl,['Interleukin-8']
CHEMBL1079905,CCCn1cnc2c1c(=O)n(CCCCC(C)=O)c(=O)n2C,[]
CHEMBL1085699,COC(=O)C1=C(C)NC(C)=C(C(=O)OCCN2CCN(C(c3ccccc3)c3ccccc3)CC2)C1c1cccc([N+](=O)[O-])c1,"['Alpha-1a adrenergic receptor', 'Alpha-1b adrenergic receptor', 'Alpha-1d adrenergic receptor', 'Voltage-gated L-type calcium channel alpha-1C subunit', 'Potassium channel subfamily K member 2']"
CHEMBL1183717,C=CCNc1nc(NCC=C)nc(N2CCN(C(c3ccc(F)cc3)c3ccc(F)cc3)CC2)n1,[]
CHEMBL1200459,O=P([O-])([O-])O.[K+].[K+],[]
CHEMBL1200491,Cl.NC1=NCC2c3ccccc3Cc3ccccc3N12,[]
CHEMBL1200885,Cc1[nH]cnc1CN1CCc2c(c3ccccc3n2C)C1=O.Cl,['Serotonin 3 (5-HT3) receptor']
CHEMBL1200941,Cc1ncc(C[n+]2csc(CCO)c2C)c(N)n1.Cl.[Cl-],"['Transketolase', 'Microcystis aeruginosa', 'Thiamine transporter ThiT']"
CHEMBL1201156,CNCCC=C1c2ccccc2CCc2ccccc21.Cl,['Norepinephrine transporter']
CHEMBL1206690,CCC(=O)NS(=O)(=O)c1ccc(-c2c(-c3ccccc3)noc2C)cc1,[]
CHEMBL1236924,O=S(=O)(Nc1cc(Cl)c(Oc2cnc3ccccc3c2)c(Cl)c1)c1ccc(Cl)cc1Cl,[]
CHEMBL1256818,Br.COc1ccc2c(c1)[C@]13CCCC[C@@H]1[C@H](C2)N(C)CC3.O,['Delta opioid receptor']
CHEMBL1451633,O=C(OCCOCCO)c1ccccc1Nc1cccc(C(F)(F)F)c1,[]
CHEMBL1473,CCC(=O)O[C@]1(C(=O)SCF)[C@H](C)C[C@H]2[C@@H]3C[C@H](F)C4=CC(=O)C=C[C@]4(C)[C@@]3(F)[C@@H](O)C[C@@]21C,['Glucocorticoid receptor']
CHEMBL173373,CCOC(=O)C(C)=O,[]
CHEMBL1740071,C[n+]1ccc(C(=O)NCc2ccccc2)cc1,[]
CHEMBL1741,CC[C@H]1OC(=O)[C@H](C)[C@@H](O[C@H]2C[C@@](C)(OC)[C@@H](O)[C@H](C)O2)[C@H](C)[C@@H](O[C@@H]2O[C@H](C)C[C@H](N(C)C)[C@H]2O)[C@](C)(OC)C[C@@H](C)C(=O)[C@H](C)[C@@H](O)[C@]1(C)O,"['Motilin receptor', 'Streptococcus pneumoniae']"
CHEMBL1768,CC(C[N+](C)(C)C)OC(N)=O.[Cl-],['Choline trimethylamine-lyase']
CHEMBL2105804,Cc1cc(C)c2c3ccccc3n(Cc3cccc([C@@H](C(=O)N[C@@H](CO)c4ccccc4)C4CCCC4)c3)c2n1,[]
CHEMBL2110627,CCOC(=O)[C@H](CCc1ccccc1)N[C@H]1CS[C@H](c2cccs2)CN(CC(=O)O)C1=O,[]
CHEMBL2111076,CC(N)CCCC(C)(C)O,[]
CHEMBL2142592,CN(C(=O)c1ccc(F)cc1C(F)(F)F)C1CCN(c2nnc(-c3ccnn3C)c3ccccc23)CC1,['Smoothened homolog']
CHEMBL2364607,O=C(O)/C=C/C(=O)O.O=C(c1ccc(F)c(F)c1Nc1ccc(I)cc1F)N1CC(O)([C@@H]2CCCCN2)C1.O=C(c1ccc(F)c(F)c1Nc1ccc(I)cc1F)N1CC(O)([C@@H]2CCCCN2)C1,[]
CHEMBL2374220,COC(=O)N[C@H](C(=O)N1CC2(CC2)C[C@H]1c1nc(-c2ccc3c(c2)C(F)(F)c2cc(-c4ccc5[nH]c([C@@H]6[C@H]7CC[C@H](C7)N6C(=O)[C@@H](NC(=O)OC)C(C)C)nc5c4)ccc2-3)c[nH]1)C(C)C,['Nonstructural protein 5A']
CHEMBL261772,C=C1c2c(Cl)ccc(O)c2C(=O)C2=C(O)[C@]3(O)C(=O)C(C(N)=O)=C(O)[C@@H](N(C)C)[C@@H]3[C@@H](O)[C@H]12.O=C(O)c1cc(S(=O)(=O)O)ccc1O,[]
CHEMBL290106,Oc1c(Cl)cc(Cl)cc1Sc1cc(Cl)cc(Cl)c1O,['GMP synthase [glutamine-hydrolyzing]']
CHEMBL3301610,CCN1CCN(Cc2ccc(Nc3ncc(F)c(-c4cc(F)c5nc(C)n(C(C)C)c5c4)n3)nc2)CC1,"['Cyclin-dependent kinase 4/cyclin D1', 'MOLM-13', 'Cyclin-dependent kinase 4', 'CDK2/Cyclin A2', 'Cyclin-dependent kinase 1/cyclin B1', 'Cyclin-dependent kinase 6', 'CDK4/Cyclin D3', 'CDK6/cyclin D3', 'Cyclin-dependent kinase 7/ cyclin H', 'CDK6/cyclin D1', 'Cyclin-dependent kinase 1/ G1/S-specific cyclin-D3', 'Uncharacterized aarF domain-containing protein kinase 1', 'Cyclin-Y/Cyclin-dependent kinase 16']"
CHEMBL3317856,O=c1ccc2ncc(=O)n3c2n1C[C@H]3CN1CCC(NCc2cc3c(cn2)OCCC3)CC1,['Topoisomerase IV']
CHEMBL348000,O=C(O)c1cc(-c2ccccc2)nc2ccccc12,[]
CHEMBL3544984,O=C(c1ccccc1Cl)c1cccnc1-c1nnn(Cc2cc(C(F)(F)F)cc(C(F)(F)F)c2)c1-c1ccncc1,[]
CHEMBL3597634,Cc1c(F)cccc1CCCCOc1ccc(C#Cc2ccc(F)c3c(CCCC(=O)O)c(C)n(CCCC(=O)O)c23)cc1,"['Cysteinyl leukotriene receptor 1', 'Cysteinyl leukotriene receptor 2', 'Arachidonate 12-lipoxygenase', 'Cysteinyl leukotriene receptor 2']"
CHEMBL3833327,CC(=O)Nc1ccc(C(=O)O)cc1.CC(=O)Nc1ccc(C(=O)O)cc1.CC(=O)Nc1ccc(C(=O)O)cc1.CC(O)CN(C)C.CC(O)CN(C)C.CC(O)CN(C)C.O=c1[nH]cnc2c1ncn2[C@@H]1O[C@H](CO)[C@@H](O)[C@H]1O,[]
CHEMBL385517,N#C[C@@H]1C[C@@H]2C[C@@H]2N1C(=O)[C@@H](N)C12CC3CC(CC(O)(C3)C1)C2,['Dipeptidyl peptidase IV']
CHEMBL3989543,CC[C@]1(O)C[C@@H]2CN(CCc3c([nH]c4ccccc34)[C@@](C(=O)OC)(c3cc4c(cc3OC)N(C)[C@H]3[C@@](O)(C(N)=O)[C@H](O)[C@]5(CC)C=CCN6CC[C@]43[C@@H]65)C2)C1.O=S(=O)(O)O,['COLO 320']
CHEMBL4213970,CS[C@@]1(C(=O)Nc2ccc3[nH]nc(-c4ccc(OC(C)C)nc4)c3c2)CCN(CC(=O)N2CC=C(c3ccc(-c4ncn(C)n4)cc3)CC2)C1,"['MAP kinase ERK2', 'MAP kinase ERK1']"
CHEMBL4297398,CCCc1c(OCc2ccc([C@H](O)c3cccc(C(=O)O)c3)cc2)ccc(C(C)=O)c1O,[]
CHEMBL4298140,Cc1cc(Nc2cc(N)ncn2)c(=O)n2c1C(=O)NC21CCCCC1.Cl,['MAP kinase signal-integrating kinase 2']
CHEMBL4298174,Nc1cncc(-c2cn3ccnc3c(Nc3ccc(N4CCN(C5COC5)CC4)cc3)n2)n1.Nc1cncc(-c2cn3ccnc3c(Nc3ccc(N4CCN(C5COC5)CC4)cc3)n2)n1.O=C(O)CCC(=O)O.O=C(O)CCC(=O)O.O=C(O)CCC(=O)O,['CD63 antigen']
CHEMBL443052,OB1OCc2cc(F)ccc21,[]
CHEMBL457,Cc1ccc(C)c(OCCCC(C)(C)C(=O)O)c1,[]
CHEMBL488937,Cc1c(N)cccc1Cn1ccc(OCCc2cccs2)cc1=O,[]
CHEMBL5095217,CC1CN(S(=O)(=O)Nc2cc(O[C@H](C)[C@@H](O)CO)nc(SCc3ccc(F)cc3)n2)C1,['Interleukin-8 receptor B']
CHEMBL5314439,CO[C@H]1/C=C/O[C@@]2(C)Oc3c(C)c(O)c4c(c3C2=O)C2=NC3(CCN(CCn5c([N+](=O)[O-])cnc5C)CC3)NC2=C(NC(=O)/C(C)=C\C=C\[C@H](C)[C@H](O)[C@@H](C)[C@@H](O)[C@H](C)[C@H](OC(C)=O)[C@H]1C)C4=O,[]
CHEMBL63323,O=C(O)c1cccnc1Nc1cccc(C(F)(F)F)c1,['H4']
CHEMBL830,NCCCC(N)(C(=O)O)C(F)F,[]
CHEMBL100259,O=c1ccn([C@@H]2O[C@H](CO)[C@@H](O)[C@H]2O)c(=O)[nH]1,"['S180', 'HEL 299', 'AZ-521 cell line', 'Ribonuclease pancreatic', 'Orotidine phosphate decarboxylase']"
CHEMBL110,O=C(Cn1ccnc1[N+](=O)[O-])NCc1ccccc1,[]
CHEMBL1161681,O=NO,[]
CHEMBL1200492,CCc1nn(CCCN2CCN(c3cccc(Cl)c3)CC2)c(=O)n1CCOc1ccccc1.Cl,[]
CHEMBL1200666,C=C1/C(=C\C=C2/CCC[C@]3(C)[C@@H]([C@H](C)/C=C/[C@@H](O)C4CC4)CC[C@@H]23)C[C@@H](O)C[C@@H]1O,['Vitamin D receptor']
CHEMBL1201271,CC(C)(C)c1ccc(CN2CCN(C(c3ccccc3)c3ccc(Cl)cc3)CC2)cc1,[]
CHEMBL1743323,CO[C@]12CC[C@@]3(C[C@@H]1[C@](C)(O)C(C)(C)C)[C@H]1Cc4ccc(O)c5c4[C@@]3(CCN1)[C@H]2O5,"['Kappa opioid receptor', 'Opioid receptors; mu & delta']"
CHEMBL1908351,Cc1cnc(NCCCN(C)C)c2c1[nH]c1ccc3cc(O)ccc3c12,[]
CHEMBL193240,O=C(Nc1c(Cl)cncc1Cl)c1ccc(OC(F)F)c(OCC2CC2)c1,"['Phosphodiesterase 4B', 'Phosphodiesterase 4', 'Phosphodiesterase 4D', 'Phosphodiesterase 4A', 'Phosphodiesterase 4C']"
CHEMBL2037002,O=[N+]([O-])c1nccn1CC(O)C[18F],['Thioredoxin reductase']
CHEMBL2103873,CCCNS(=O)(=O)Nc1ncnc(OCCOc2ncc(Br)cn2)c1-c1ccc(Br)cc1,"['Endothelin receptor ET-A', 'Endothelin receptor ET-B']"
CHEMBL2104345,O=C(CCn1cnc2c(=O)[nH]cnc21)Nc1ccc(C(=O)O)cc1,[]
CHEMBL2105158,COc1cc(C(=O)c2ccc(Cl)cc2)cc(OC)c1OCCN1CCOCC1,[]
CHEMBL2105698,CN1CC[C@H](c2c(O)cc(O)c3c(=O)cc(-c4ccccc4Cl)oc23)[C@H](O)C1.Cl,"['CDK9/cyclin T1', 'Cyclin-dependent kinase 4/cyclin D1', 'CDK2/Cyclin A2', 'Caco-2', 'Glycogen synthase kinase-3', 'Cyclin-dependent kinase-like 5', 'CDK2/Cyclin O', 'UoC-B1', 'LX-1', 'CDK1/Cyclin E', 'Cell division control protein 2 homolog']"
CHEMBL2107757,N#CCC/C(O)=C(\C#N)C(=O)Nc1ccc(C(F)(F)F)cc1,['Dihydroorotate dehydrogenase']
CHEMBL2206196,NC[C@@H]1O[C@H](O[C@H]2[C@@H](O)[C@H](O[C@@H]3[C@@H](O)[C@H](N)C[C@H](N)[C@H]3O[C@H]3O[C@H](CO)[C@@H](O)[C@H](O)[C@H]3N)O[C@@H]2CO)[C@H](N)[C@@H](O)[C@@H]1O.O=S(=O)(O)O,"['Ribosomal RNA A-site', 'Ribosome', 'Human immunodeficiency virus type 1 REV', 'Rev responsive element (RRE) RNA']"
CHEMBL27759,Nc1ccccc1NC(=O)c1ccc(CNC(=O)OCc2cccnc2)cc1,"['HCT-116', 'U-266', 'NCI-H661', 'NCI-H2122', 'SW48', '697', 'LAMA-84', 'HAL-01', 'QIMR-WIL', 'ONS-76', 'HT-144', 'TE-8', 'LXF-289 cell line', 'LB2241-RCC', 'COLO-829', 'ES4', 'CTB-1', 'SW 962', 'NCI-H82', 'NB69', 'ES1', 'NEC8', 'HH', 'NCI-H1355', 'VA-ES-BJ', 'BE-13', 'NB13', 'GT3TKB', 'LS-411N', 'KE-37', 'GR-ST', 'J-RT3-T3-5', 'K5', 'NCI-H209', 'ATN-1', 'DSH1', 'LU-134-A', 'D-263MG', 'NB10', 'NB5', 'MZ7-mel', 'HC-1', 'SK-PN-DW', 'TE-5', 'KALS-1', 'HCC2218', 'LB2518-MEL', 'LP-1', 'MHH-NB-11', 'NCI-H1155', 'IST-SL1', 'D-502MG', 'MFH-ino', 'NB6', 'SHP77', 'COLO-684', 'MN-60', 'LS-513', 'LB771-HNC', 'SBC-1', 'MRK-nu-1', 'MMAC-SF', 'LU-139', 'NCI-H1092', 'KM-H2', 'NCI-H720', 'DJM-1', 'LAN-6', 'Lu-65', 'KNS-81-FD', 'GDM-1', 'NB17', 'Panc1005', 'HDLM-2', 'RPMI-8866', 'BC1 cell line', 'COLO-320-HSR', 'COR-L88', 'CP66-MEL', 'NCCIT', 'NB14', 'JIYOYE', 'CESS', 'NB12', 'NCI-H1304', 'NCI-H510A', 'BC-3', 'COLO-678', 'TGW', 'DMS-79', 'LOUCY', 'LB373-MEL-D', 'HCC1599', 'DG-75', 'NB7', 'EW-24', 'D-542MG', 'SCC-3', 'COR-L279', 'Histone deacetylase', 'SCH', 'EB-3', 'CHP-126', 'SK-MM-2', 'NCI-H1882', 'CAL-148', 'WSU-NHL', 'MOLT-13', 'NCI-H64', 'LC-1F', 'NCI-H345', 'SCLC-21H', 'DMS-153', 'NCI-H2141', 'CPC-N', 'NCI-H1436', 'ECC4', 'MHH-CALL-2', 'NCI-H2196', 'NCI-H1694', 'LU-165', 'NCI-H524', 'NCI-H1522', 'NCI-H748', 'NCI-H719', 'MDA-MB-134-VI', 'CW-2', 'NCI-H2227', 'NCI-H2107']"
CHEMBL298359,COC1=C(C)C(=O)C2=C(C1=O)[C@@H](COC(N)=O)[C@@]1(OC)[C@H]3N[C@H]3CN21,[]
CHEMBL3114577,NCC(=O)Nc1cncc(-c2nn3c(=O)cc(N4CCNCC4)nc3s2)c1,['Integrin alpha-IIb']
CHEMBL3137330,C[C@H]1CO[C@@H]2Cn3cc(C(=O)NCc4ccc(F)cc4F)c(=O)c([O-])c3C(=O)N12.[Na+],[]
CHEMBL31965,C=CC(=O)Nc1cc2c(Nc3ccc(F)c(Cl)c3)ncnc2cc1OCCCN1CCOCC1,['Epidermal growth factor receptor erbB1']
CHEMBL3989568,CN(C)[C@@H]1C([O-])=C(C(N)=O)C(=O)[C@@]2(O)C(O)=C3C(=O)c4c(O)cccc4[C@@](C)(O)[C@H]3[C@H](O)[C@@H]12.CN(C)[C@@H]1C([O-])=C(C(N)=O)C(=O)[C@@]2(O)C(O)=C3C(=O)c4c(O)cccc4[C@@](C)(O)[C@H]3[C@H](O)[C@@H]12.[Ca+2],[]
CHEMBL416,COc1c2occc2cc2ccc(=O)oc12,[]
CHEMBL4297389,O=C1[C@H](C/C=C(\CO)c2ccc(F)cc2)[C@@H](c2ccc(O)cc2)N1c1ccc(F)cc1,[]
CHEMBL4297403,CCOC(=O)[C@H](Cc1ccc(F)cc1)NC(=O)[C@@H](N)Cc1ccc(N(CCCl)CCCl)cc1.Cl,[]
CHEMBL4297627,C[C@@H]1CCc2ncc(F)cc2[C@H]2CCCN2c2ccn3ncc(c3n2)C(=O)N1,['Nerve growth factor receptor Trk-A']
CHEMBL4650279,C=CC(=O)Nc1cc2c(Nc3ccc(OCc4ccccn4)c(Cl)c3)ncnc2cc1OCCN1CCOCC1,"['Epidermal growth factor receptor erbB1', 'Receptor protein-tyrosine kinase erbB-2']"
CHEMBL485747,OCCCc1ccc(O)c(O)c1,[]
CHEMBL493439,CC[C@H]1CN2CCc3cc(OC)c(OC)cc3[C@@H]2C[C@@H]1C[C@H]1NCCc2cc(OC)c(OC)cc21.Cl.Cl,"['Ebolavirus', 'Human coronavirus OC43']"
CHEMBL5095037,CNc1nc(N)nc2c1ncn2[C@@H]1O[C@H](COP(=O)(N[C@@H](C)C(=O)OC(C)C)Oc2ccccc2)[C@@H](O)[C@@]1(C)F.CNc1nc(N)nc2c1ncn2[C@@H]1O[C@H](COP(=O)(N[C@@H](C)C(=O)OC(C)C)Oc2ccccc2)[C@@H](O)[C@@]1(C)F.O=S(=O)(O)O,['P2X purinoceptor 3']
CHEMBL5095040,O=C(O)c1nc2ccccc2n([C@@H]2C[C@H]3CCC[C@@H](C2)N3C2C[C@H]3CCC[C@@H](C2)C3)c1=O,"['Mu opioid receptor', 'Kappa opioid receptor', 'Opioid growth factor receptor-like protein 1']"
CHEMBL5095183,Oc1ccc2c3c(cnc2c1)-c1ccc(C(F)(F)F)cc1O[C@@H]3c1ccc(OCCN2CC(CF)C2)cc1,['Estrogen receptor alpha']
CHEMBL5095237,COc1nc(-c2cccc(-c3cccc(-c4cnc(CNC[C@@H]5CCC(=O)N5)c(OC)n4)c3Cl)c2Cl)cnc1CNC[C@@H]1CCC(=O)N1,['Programmed cell death protein 1/Programmed cell death 1 ligand 1']
CHEMBL5095414,COc1cc2c(cc1OCc1cc(COc3cc4c(cc3OC)C(=O)N3c5ccccc5C[C@H]3[C@H](S(=O)(=O)O)N4)cc(NC(=O)[C@H](C)NC(=O)[C@H](C)NC(=O)CCCCC(=O)NCCN3C(=O)C=CC3=O)c1)NC[C@@H]1Cc3ccccc3N1C2=O,[]
CHEMBL52440,COc1ccc2c(c1)[C@]13CCCC[C@@H]1[C@H](C2)N(C)CC3,[]
CHEMBL5314558,CC(C)(C)[Si]([18F])(c1ccc(C(=O)NC[C@@H](NC(=O)CC[C@@H](C(=O)O)N2CCN(CC(=O)O)CCN(CC(=O)O)CCN(CC(=O)O)CC2)C(=O)N[C@H](CCCCNC(=O)CCC(=O)NCCC[C@@H](NC(=O)CC[C@H](NC(=O)N[C@@H](CCC(=O)O)C(=O)O)C(=O)O)C(=O)O)C(=O)O)cc1)C(C)(C)C,[]
CHEMBL5314564,C=CC(=O)Nc1cc(Nc2nccc(Nc3cc(Cl)c(F)cc3C(C)(C)O)n2)c(OC)cc1N1CC[C@@H](N(C)C)C1,['Epidermal growth factor receptor erbB1']
CHEMBL5314927,CCOc1ccc(Cc2cc([C@]34OC[C@]([C@@H](C)O)(O3)[C@@H](O)[C@H](O)[C@H]4O)ccc2Cl)cc1,"['Sodium/glucose cotransporter 2', 'Low affinity sodium-glucose cotransporter', 'Sodium/glucose cotransporter 2', 'SGLT1 protein']"
CHEMBL549,CN(C)CCCC1(c2ccc(F)cc2)OCc2cc(C#N)ccc21,"['Serotonin transporter', 'Serotonin transporter']"
CHEMBL612,C[C@H](N)Cc1ccccc1,[]
CHEMBL637,COc1ccc(C(CN(C)C)C2(O)CCCCC2)cc1,"['Serotonin transporter', 'Norepinephrine transporter']"
CHEMBL83626,CC(C)(Sc1cc(C(C)(C)C)c(O)c(C(C)(C)C)c1)Sc1cc(C(C)(C)C)c(OC(=O)CCC(=O)O)c(C(C)(C)C)c1,['Vascular cell adhesion protein 1']
CHEMBL87543,CC(C)N1CCC(N(C(=O)Cc2ccccc2)c2ccc(Cl)cc2)CC1,[]
CHEMBL108821,N[C@@H]1CN(c2c(F)cc3c(=O)c(C(=O)O)cn([C@@H]4C[C@@H]4F)c3c2Cl)CC12CC2,[]
CHEMBL1169490,Nc1ccn([C@H]2C[C@H](O)[C@@H](CO)S2)c(=O)n1,[]
CHEMBL1200570,CNC[C@H](O)[C@@H](O)[C@H](O)[C@H](O)CO,"['Beta-glucocerebrosidase', 'Lactase-glycosylceramidase']"
CHEMBL1200940,CCN(CC)CCNC(=O)c1cc(Cl)c(N)cc1OC.Cl.O,[]
CHEMBL1454,c1ccc([C@H]2CN3CCSC3=N2)cc1,[]
CHEMBL153983,CC(C)(Oc1ccc(Cl)cc1)C(=O)OCCCOC(=O)c1cccnc1,[]
CHEMBL1599,CC(=O)OCC1=C(C(=O)O)N2C(=O)[C@@H](NC(=O)CSc3ccncc3)[C@H]2SC1,"['Solute carrier family 22 member 6', 'Solute carrier family 22 member 8', 'Solute carrier family 22 member 11']"
CHEMBL1615777,N=C(N)NCc1cccc([123I])c1,[]
CHEMBL166,Nc1nc(N)nc(Nc2ccc([As]3SCC(CO)S3)cc2)n1,[]
CHEMBL1684984,CS(=O)(=O)N1CCc2c(-c3cnc(N)nc3)nc(N3CCOCC3)nc21,['PI3-kinase p110-alpha/p85-alpha']
CHEMBL1697844,O=C(OC[C@H]1O[C@](O)(COC(=O)c2cccnc2)[C@@H](OC(=O)c2cccnc2)[C@@H]1OC(=O)c1cccnc1)c1cccnc1,[]
CHEMBL1744447,CC(C)c1nc(N(C)S(C)(=O)=O)nc(-c2ccc(F)cc2)c1/C=C/[C@@H](O)C[C@@H](O)CC(=O)[O-].CC(C)c1nc(N(C)S(C)(=O)=O)nc(-c2ccc(F)cc2)c1/C=C/[C@@H](O)C[C@@H](O)CC(=O)[O-].[Ca+2],"['HMG-CoA reductase', 'Hepatocyte']"
CHEMBL17962,N[C@@H](Cc1c[nH]cn1)C(=O)O,"['L-type amino acid transporter 1', 'Betaine transporter', 'GABA receptor gamma-1 subunit', 'Histidine decarboxylase']"
CHEMBL2095209,CC/C=C\C/C=C\C/C=C\C/C=C\C/C=C\CCCC(=O)OCC,[]
CHEMBL2106489,[15OH2],['Carbonic anhydrase V']
CHEMBL2110809,CCCCSc1ccc(C(SCCN(C)C)c2ccccc2)cc1,[]
CHEMBL2111030,CN(C)CCCN1c2ccccc2Sc2cccnc21,['Histamine H1 receptor']
CHEMBL346178,CC(=O)N(C)C1(c2ccccc2)CCN(CCC[C@]2(c3ccc(Cl)c(Cl)c3)CCCN(C(=O)c3ccccc3)C2)CC1,"['Neurokinin 2 receptor', 'Neurokinin 3 receptor']"
CHEMBL3707393,N#Cc1ccc([C@H]2CCc3cncn32)c(F)c1.O=P(O)(O)O,[]
CHEMBL4297422,CC(C)(C(=O)NCC(F)(F)C(F)(F)F)C(=O)N[C@@H]1C(=O)Nc2ccccc2-c2ccccc21,[]
CHEMBL4297508,CC(C)C[C@@H](C(=O)Nc1ccn(C[C@@H](O)CO)n1)N1CC(Oc2ccccc2Cl)=CC1=O,[]
CHEMBL4594246,CCC(CC)C(=O)OCOC(=O)C1=C(S[C@H]2CC[S+]([O-])C2)S[C@@H]2[C@@H]([C@@H](C)O)C(=O)N12,[]
CHEMBL4594434,C[C@H](NC(=O)/C(C#N)=C/C=C/c1cccc(Br)n1)c1ccccc1,"['U-266', 'Voltage-gated potassium channel subunit Kv7.2']"
CHEMBL464792,CC(/C=C/C=C(\C)C(=O)O)=C\C=C\C=C(C)\C=C\C=C(/C)C(=O)O,[]
CHEMBL501680,C=CC1=C(C)/C(=C/c2[nH]c(Cc3[nH]c(/C=C4\NC(=O)C(C)=C4C=C)c(C)c3CCC(=O)O)c(CCC(=O)O)c2C)NC1=O,[]
CHEMBL514,O=NN(CCCl)C(=O)NC1CCCCC1,[]
CHEMBL5314417,Cc1cc(OC/C=C(/c2ccc(F)cc2)c2ccc(C#CCN3CCOCC3)cc2)ccc1OCC(=O)[O-].[Na+],[]
CHEMBL5314951,CC(C)c1ccccc1[C@@H]1CCCN1C1CC2(CCN(c3ccc(C(=O)NS(=O)(=O)c4ccc(NC[C@H]5CC[C@](C)(O)CC5)c([N+](=O)[O-])c4)c(Oc4cnc5[nH]ccc5c4)c3)CC2)C1,['Apoptosis regulator Bcl-2']
CHEMBL590,CC1=CC(=O)c2ccccc2C1=O,[]
CHEMBL606260,CC1(C)S[C@@H]2[C@H](NC(=O)C(C(=O)[O-])c3ccccc3)C(=O)N2[C@H]1C(=O)[O-].[Na+].[Na+],[]
CHEMBL1093458,CC/C(=C(\c1ccc(O)cc1)c1ccc(OCCNC)cc1)c1ccccc1,"['Estrogen receptor alpha', 'Estrogen receptor beta', 'Estrogen-related receptor gamma', 'Estrogen receptor alpha']"
CHEMBL1096237,COC(=O)O[C@@]12CO[C@@H]1C[C@H](O)[C@@]1(C)C(=O)[C@H](OC(C)=O)C3=C(C)[C@@H](OC(=O)[C@H](O)[C@@H](NC(=O)c4ccccc4)c4ccccc4)C[C@@](O)([C@@H](OC(=O)c4ccccc4)[C@H]21)C3(C)C,[]
CHEMBL1200339,CNC[C@H](O)c1cccc(O)c1.Cl,[]
CHEMBL1201281,O=C(O)CCC(=O)OC[C@@H](NC(=O)C(Cl)Cl)[C@H](O)c1ccc([N+](=O)[O-])cc1,[]
CHEMBL122,CS(=O)(=O)c1ccc(C2=C(c3ccccc3)C(=O)OC2)cc1,"['Cyclooxygenase-2', 'Cyclooxygenase-1', 'Cyclooxygenase-1', 'Cyclooxygenase-2', 'Cyclooxygenase-2', 'Dipeptidyl peptidase 3']"
CHEMBL1801250,O=C(NO)c1cnc(N2C[C@@H]3[C@H](C2)[C@H]3NCc2ccc3cc(F)ccc3n2)nc1,"['HCT-116', 'Histone deacetylase', 'HEK-293T']"
CHEMBL206468,OC[C@H]1CNC[C@@H](O)[C@@H]1O,"['Beta-glucocerebrosidase', 'Lactase-glycosylceramidase', 'Glycogen debranching enzyme']"
CHEMBL2105719,COc1cc2ncnc(Nc3ccc(F)c(Cl)c3)c2cc1NC(=O)/C=C/CN1CCCCC1.O,['Epidermal growth factor receptor erbB1']
CHEMBL2105829,CCOC(=O)C1=C(c2ccc(-n3c(C)nc4cnccc43)cc2)NC(C)=C(C(=O)Nc2ccccn2)[C@H]1c1ccccc1Cl,['Platelet activating factor receptor']
CHEMBL2107760,COc1ccccc1Oc1c(NS(=O)(=O)/C=C/c2ccccc2)nc(-c2ncccn2)nc1OC,"['Endothelin receptor ET-A', 'Endothelin receptor ET-B']"
CHEMBL2107762,CCCN(c1ccncc1F)n1cc(C)c2ccccc21,[]
CHEMBL2218878,COc1cc(NCc2ccc3nc(N)nc(N)c3c2C)cc(OC)c1OC.O=C(O)[C@H]1O[C@H](O)[C@H](O)[C@@H](O)[C@@H]1O,[]
CHEMBL276568,C/C=C/C1=C(C(=O)O)N2C(=O)[C@@H](NC(=O)[C@H](N)c3ccc(O)cc3)[C@H]2SC1,[]
CHEMBL288441,COc1cc(Nc2c(C#N)cnc3cc(OCCCN4CCN(C)CC4)c(OC)cc23)c(Cl)cc1Cl,"['Tyrosine-protein kinase SRC', 'Dual specificity mitogen-activated protein kinase kinase 1', 'ECC10', 'Src-transformed']"
CHEMBL3989504,N[C@@H]1CN(c2c(F)cc3c(=O)c(C(=O)O)cn([C@@H]4C[C@@H]4F)c3c2Cl)CC12CC2.O,['DNA gyrase']
CHEMBL408350,C[C@@H](O)[C@@H]1NC(=O)[C@H](CCCCN)NC(=O)[C@@H](Cc2c[nH]c3ccccc23)NC(=O)[C@H](Cc2ccc(O)cc2)NC(=O)[C@@H](NC(=O)[C@@H](Cc2ccccc2)NC(=O)CN2CCN(CC(=O)O)CCN(CC(=O)O)CCN(CC(=O)O)CC2)CSSC[C@@H](C(=O)N[C@H](CO)[C@@H](C)O)NC1=O,[]
CHEMBL4297432,O=C(O)CN1C(=O)[C@@H](NC(=O)C2(C[C@@H](CCc3cccc4ccccc34)C(=O)O)CCCC2)CCc2ccccc21,[]
CHEMBL4297491,C=CCN1CC(=O)N2[C@@H](Cc3ccc(O)cc3F)C(=O)N(Cc3cccc(N4CC(N5CCN(CC)CC5)C4)n3)C[C@@H]2N1C(=O)NCc1ccccc1,[]
CHEMBL4594404,CO[C@H]1/C=C/O[C@@]2(C)Oc3c(C)c(O)c4c(O)c(c(/C=N/N5CCC(N(C)C6([C@@H]7CCN(c8c(F)cn9c(=O)c(C(=O)O)cc(C%10CC%10)c9c8C)C7)CC6)CC5)c(O)c4c3C2=O)NC(=O)/C(C)=C\C=C\[C@H](C)[C@H](O)[C@@H](C)[C@@H](O)[C@H](C)[C@H](OC(C)=O)[C@H]1C,[]
CHEMBL4650221,CC/C=C/C/C=C/C/C=C/C/C=C/C/C=C/CCCC(=O)O.CC/C=C/C/C=C/C/C=C/C/C=C/C/C=C/CCCCC(=O)O.CC/C=C/C/C=C/C/C=C/C/C=C/C/C=C/CCCCCC(=O)O,[]
CHEMBL4744254,C[C@H](NS(=O)(=O)c1cc(C(=O)Nc2ccc(F)c(C#N)c2)n(C)c1)C(F)(F)F,[]
CHEMBL5095174,O=C(O)CC1CCN(C(=O)c2ccc(Cl)c(Cn3ccc4cc(C(F)(F)F)cc(Cl)c43)c2Cl)CC1,[]
CHEMBL517712,CN1[C@@H]2CC[C@H]1C[C@@H](OC(=O)C(CO)c1ccccc1)C2,"['Muscarinic acetylcholine receptor M1', 'Trachea']"
CHEMBL68117,CN[C@H]1CN(c2ccc3c(=O)c(C(=O)O)cn(-c4nccs4)c3n2)C[C@@H]1OC,[]
CHEMBL719,C/C(=C\C(=O)OCCCCCCCCC(=O)O)C[C@@H]1OC[C@H](C[C@@H]2O[C@H]2[C@@H](C)[C@H](C)O)[C@@H](O)[C@H]1O,[]
CHEMBL75753,O=C(NCCNCC(O)COc1ccc(O)cc1)N1CCOCC1,[]
CHEMBL945,N=C(N)NC(=O)c1nc(Cl)c(N)nc1N,"['Amiloride-sensitive cation channel 3', 'Amiloride-sensitive sodium channel alpha-subunit', 'Amiloride-sensitive cation channel 2, neuronal']"
CHEMBL984,COc1cc2c(cc1OC)[C@@H](Cc1cc(OC)c(OC)c(OC)c1)[N+](C)(CCCOC(=O)CC/C=C/CCC(=O)OCCC[N+]1(C)CCc3cc(OC)c(OC)cc3[C@H]1Cc1cc(OC)c(OC)c(OC)c1)CC2.[Cl-].[Cl-],[]
CHEMBL100116,CC(C)=CCN1CCC2(C)c3cc(O)ccc3CC1C2C,['Sigma 2 receptor']
CHEMBL1200348,Clc1ccc(CSC(Cn2ccnc2)c2ccc(Cl)cc2Cl)cc1.O=[N+]([O-])O,"['Arachidonate 15-lipoxygenase, type II', '7-alpha-hydroxycholest-4-en-3-one 12-alpha-hydroxylase', 'Fusarium solani', 'Lanosterol 14-alpha demethylase', 'Trichophyton longifusum', 'Cytochrome P450 121']"
CHEMBL1200485,CNC(=O)c1cc(Oc2ccc(NC(=O)Nc3ccc(Cl)c(C(F)(F)F)c3)cc2)ccn1.Cc1ccc(S(=O)(=O)O)cc1,"['Serine/threonine-protein kinase RAF', 'Ephrin type-A receptor 4', 'Ephrin type-B receptor 2', 'Ephrin type-A receptor 8', 'ZR-75-30', 'GIST882']"
CHEMBL1200660,O[C@@H]1CO[C@H]2[C@@H]1OC[C@@H]2O,[]
CHEMBL1201171,CCCCOc1ccc(OCCCN2CCOCC2)cc1.Cl,[]
CHEMBL1201177,CC(C)(C)NC[C@H](O)COc1cccc2c1CCCC2=O.Cl,[]
CHEMBL1330588,Cc1cc(=O)[nH]c(=S)[nH]1,"['Thymidine phosphorylase', 'Thymidine phosphorylase']"
CHEMBL1509,C[C@]12CCC(=O)C=C1[C@@H]1C[C@@H]1[C@H]1[C@@H]3[C@@H]4C[C@@H]4[C@@]4(CCC(=O)O4)[C@@]3(C)CC[C@@H]12,[]
CHEMBL156791,CC(C)(C)NCC(O)COc1cc(Cl)ccc1Cl,[]
CHEMBL1650,CC(=O)OCC(=O)[C@@]1(O)CC[C@H]2[C@@H]3CCC4=CC(=O)CC[C@]4(C)[C@H]3C(=O)C[C@@]21C,[]
CHEMBL185,O=c1[nH]cc(F)c(=O)[nH]1,"['MKN-28', 'L5178Y', 'Thymidine phosphorylase', 'COLO 320DM', 'PLC-PRF-5', 'RL', 'Peripheral myelin protein 22', 'hTERT-BJ', ""Inosine-5'-monophosphate dehydrogenase"", 'HCT-29', 'S180', 'UACC-812', 'TSU', 'PNT1A', 'HEL 299', '9L', 'GTL 16 cell line', 'AZ-521 cell line', 'Dihydropyrimidine dehydrogenase', 'WISH', 'YOSHIDA', 'Shiga toxin 1 variant A subunit', 'Orotidine phosphate decarboxylase', 'E3 ubiquitin-protein ligase UHRF1']"
CHEMBL1967878,Cc1cc(Nc2ncc(F)c(NC3C4C=CC(C4)C3C(N)=O)n2)ccc1N1CCN(C)CC1,"['Vascular endothelial growth factor receptor 2', 'Tyrosine-protein kinase JAK2', 'Hepatocyte growth factor receptor', 'Tyrosine-protein kinase SYK', 'Serine/threonine-protein kinase Aurora-A', 'Tyrosine-protein kinase SRC', 'Insulin-like growth factor I receptor', 'Serine/threonine-protein kinase Aurora-B', 'Tyrosine-protein kinase LCK', 'ALK tyrosine kinase receptor', 'Macrophage colony stimulating factor receptor', 'Fibroblast growth factor receptor 3', 'c-Jun N-terminal kinase 1', 'Platelet-derived growth factor receptor beta', 'Dual specificity protein kinase CLK2', 'c-Jun N-terminal kinase 2', 'Dual specificity protein kinase CLK4', 'Tyrosine-protein kinase receptor RET', 'MAP kinase signal-integrating kinase 2', 'Maternal embryonic leucine zipper kinase', 'Protein kinase C theta', 'Tyrosine-protein kinase receptor UFO', 'Dual specificity mitogen-activated protein kinase kinase 1', 'Mitogen-activated protein kinase kinase kinase kinase 4', 'Protein kinase C delta', 'Glycogen synthase kinase-3 alpha', 'Casein kinase I delta', '3-phosphoinositide dependent protein kinase-1', 'Serine/threonine-protein kinase Chk2', 'Vascular endothelial growth factor receptor 3', 'Serine/threonine-protein kinase TBK1', 'Tyrosine kinase non-receptor protein 2', 'Inhibitor of nuclear factor kappa B kinase epsilon subunit', 'Tyrosine-protein kinase Lyn', 'Cell division cycle 7-related protein kinase', 'LIM domain kinase 1', 'Tyrosine-protein kinase FYN', 'Ephrin type-A receptor 2', 'Mitogen-activated protein kinase kinase kinase kinase 2', 'Serine/threonine-protein kinase PAK 4', 'Tyrosine-protein kinase YES', 'Serine/threonine-protein kinase PLK4', 'Proto-oncogene tyrosine-protein kinase MER', 'Tyrosine-protein kinase receptor TYRO3', 'Serine/threonine-protein kinase D2', 'Protein kinase C nu', 'Serine/threonine-protein kinase MST2', 'Misshapen-like kinase 1', 'Mitogen-activated protein kinase kinase kinase kinase 5', 'Serine/threonine-protein kinase TAO1', 'Serine/threonine-protein kinase 2', 'Tyrosine-protein kinase BLK', 'Activin receptor type-1', 'CaM kinase II delta', 'Serine/threonine-protein kinase c-TAK1', 'Cyclin-dependent kinase 7', 'Proto-oncogene tyrosine-protein kinase ROS', 'Serine/threonine-protein kinase PAK 1', 'Casein kinase I alpha', 'Serine/threonine-protein kinase 17A', 'Receptor protein-tyrosine kinase erbB-4', 'Ribosomal protein S6 kinase alpha 2', 'AMP-activated protein kinase, alpha-1 subunit', 'Serine/threonine-protein kinase PLK3', 'Protein kinase N2', 'Death-associated protein kinase 3', 'Interleukin-1 receptor-associated kinase 1', 'Serine/threonine-protein kinase NEK2', 'Homeodomain-interacting protein kinase 4', 'Serine/threonine-protein kinase MST1', 'MAP/microtubule affinity-regulating kinase 2', 'Dual-specificity tyrosine-phosphorylation regulated kinase 3', 'Serine/threonine-protein kinase RIPK2', 'Tyrosine-protein kinase BRK', 'Tyrosine-protein kinase FRK', 'Casein kinase I gamma 2', 'Serine/threonine-protein kinase PRKX', 'Serine/threonine-protein kinase Nek1', 'Mitogen-activated protein kinase kinase kinase 7', 'Mixed lineage kinase 7', 'Macrophage-stimulating protein receptor', 'BR serine/threonine-protein kinase 1', 'CaM kinase II gamma', 'Mitogen-activated protein kinase kinase kinase kinase 1', 'MAP kinase p38 gamma', 'Ribosomal protein S6 kinase alpha 1', 'Tyrosine-protein kinase ZAP-70', 'Serine/threonine-protein kinase SRPK1', 'Casein kinase I gamma 1', 'Tyrosine-protein kinase FER', 'Leukocyte tyrosine kinase receptor', 'CaM kinase II beta', 'Serine/threonine-protein kinase 10', 'Protein kinase C mu', 'G protein-coupled receptor kinase 5', 'Calcium-dependent protein kinase 1', 'Dual specificity mitogen-activated protein kinase kinase 2', 'Casein kinase I isoform gamma-3', 'Serine/threonine-protein kinase Nek4', 'Tyrosine-protein kinase FGR', 'Serine/threonine-protein kinase Aurora-C', 'Tyrosine-protein kinase ABL2', 'NUAK family SNF1-like kinase 1', 'Phosphorylase kinase gamma subunit 2', 'MAP kinase-activated protein kinase 5', 'CaM-kinase kinase beta', 'Tyrosine-protein kinase FES', 'Tyrosine-protein kinase TEC', 'TGF-beta receptor type II', 'Serine/threonine-protein kinase receptor R3', 'Ephrin type-A receptor 4', 'Non-receptor tyrosine-protein kinase TNK1', 'Testis-specific serine/threonine-protein kinase 1', 'Dual specificity mitogen-activated protein kinase kinase 5', 'Ephrin type-B receptor 2', 'CaM kinase II alpha', 'Mitogen-activated protein kinase kinase kinase kinase 3', 'Mitogen-activated protein kinase; ERK1/ERK2', 'Serine/threonine-protein kinase SIK2', 'CaM kinase I alpha', 'G protein-coupled receptor kinase 6', 'Ribosomal protein S6 kinase alpha 6', 'CaM kinase I delta', 'Ribosomal protein S6 kinase alpha 4', 'Mitogen-activated protein kinase kinase kinase 11', 'Serine/threonine-protein kinase DCLK1', 'Activin receptor type-1B', 'Homeodomain-interacting protein kinase 1', 'Tyrosine-protein kinase Srms', 'Serine/threonine-protein kinase 16', 'Protein kinase N1', 'Ephrin type-A receptor 3', 'Serine/threonine-protein kinase SIK1', 'Cyclin-dependent kinase 13', 'Bone morphogenetic protein receptor type-1A', 'Ephrin type-A receptor 1', 'MAP/microtubule affinity-regulating kinase 4', 'Interleukin-1 receptor-associated kinase 3', 'Cell division cycle 2-like protein kinase 6', 'Ephrin type-B receptor 3', 'Serine/threonine-protein kinase 33', 'Serine/threonine-protein kinase MST4', 'Ephrin type-B receptor 6', 'NUAK family SNF1-like kinase 2', 'Bone morphogenetic protein receptor type-1B', 'Citron Rho-interacting kinase', 'Serine/threonine-protein kinase SIK3', 'Ephrin type-A receptor 5', 'Serine/threonine protein kinase NLK', 'Dual specificity mitogen-activated protein kinase kinase 6', 'Ephrin type-B receptor 1', 'Serine/threonine-protein kinase TAO2', 'Mitogen-activated protein kinase kinase kinase 2', 'Tyrosine-protein kinase CTK', 'Mitogen-activated protein kinase kinase kinase 1', 'Phosphorylase kinase gamma subunit 1', 'Breakpoint cluster region protein', 'Serine/threonine-protein kinase ULK3', 'Mitogen-activated protein kinase kinase kinase 10', 'Ephrin type-A receptor 6', 'Serine/threonine-protein kinase ULK2', 'Testis-specific serine/threonine-protein kinase 2', 'Uncharacterized protein FLJ45252', 'Mitogen-activated protein kinase kinase kinase 3', 'Serine/threonine-protein kinase NEK9', 'Dual specificity mitogen-activated protein kinase kinase 3', 'Serine/threonine-protein kinase PAK 3', 'Serine/threonine-protein kinase 24', 'Serine/threonine-protein kinase 36', 'Chaperone activity of bc1 complex-like, mitochondrial', 'Dual specificity testis-specific protein kinase 1', 'cAMP-dependent protein kinase beta-1 catalytic subunit', 'Ferrochelatase, mitochondrial', 'Receptor-interacting serine/threonine-protein kinase 4', 'Serine/threonine-protein kinase 35', 'Uncharacterized aarF domain-containing protein kinase 4', 'Mitotic checkpoint serine/threonine-protein kinase BUB1', 'AMP-activated protein kinase, gamma-2 subunit', 'Serine/threonine-protein kinase Nek3', 'Serine/threonine-protein kinase 32A', 'Serine/threonine-protein kinase 32B', 'Serine/threonine-protein kinase Nek5', 'AMP-activated protein kinase, gamma-1 subunit', 'Wee1-like protein kinase 2', 'Serine/threonine-protein kinase MRCK gamma', 'Cyclin-dependent kinase-like 5', 'Serine/threonine-protein kinase Nek11', 'Ribosomal protein S6 kinase 2', 'Uncharacterized aarF domain-containing protein kinase 1', 'Cyclin-dependent kinase-like 1', 'cAMP-dependent protein kinase, gamma catalytic subunit', 'Calcium/calmodulin-dependent protein kinase type 1B', 'Serine/threonine-protein kinase WNK2', '40S ribosomal protein S27', 'Acyl-CoA dehydrogenase family member 10', 'Venus kinase receptor 2']"
CHEMBL2104688,CCCN(CCC)C(=O)C(Cc1ccc(OCCN(CC)CC)cc1)NC(=O)c1ccccc1,[]
CHEMBL2105505,Cc1ccccc1C(O)(c1ccccc1C)C1CN2CCC1CC2,[]
CHEMBL2105983,Nc1ccc(C(=O)[O-])c(O)c1.Nc1ccc(C(=O)[O-])c(O)c1.[Ca+2],[]
CHEMBL25,CC(=O)Oc1ccccc1C(=O)O,[]
CHEMBL264374,CC(C)(Oc1ccc(CCNC(=O)c2ccc(Cl)cc2)cc1)C(=O)O,"['Peroxisome proliferator-activated receptor gamma', 'Peroxisome proliferator-activated receptor alpha', 'Peroxisome proliferator-activated receptor delta']"
CHEMBL3402567,COc1c(NC(=O)C(=O)c2ccc(OCCN3CCOCC3)c3ccccc23)cc(C(C)(C)C)cc1NS(C)(=O)=O.Cl,['Scavenger receptor class B member 1']
CHEMBL3545157,O=c1sn(-c2cccc3ccccc23)c(=O)n1Cc1ccccc1,"['Sortase A', 'Regulator of G-protein signaling 8']"
CHEMBL3545311,COc1cc(N2CCC(N3CCN(C)CC3)CC2)ccc1Nc1ncc(Cl)c(Nc2ccccc2P(C)(C)=O)n1,['ALK tyrosine kinase receptor']
CHEMBL3786673,CC/C=C\C/C=C\C/C=C\C/C=C\C/C=C\C/C=C\CCC(=O)NCCNC(=O)c1ccccc1O,[]
CHEMBL402548,CO[C@@H](C(=O)N1Cc2[nH]nc(NC(=O)c3ccc(N4CCN(C)CC4)cc3)c2C1)c1ccccc1,"['Nerve growth factor receptor Trk-A', 'Serine/threonine-protein kinase Aurora-A', 'Tyrosine-protein kinase SRC', 'Serine/threonine-protein kinase Aurora-B', 'Tyrosine-protein kinase receptor RET', 'Tyrosine-protein kinase ITK/TSK', 'Tyrosine kinase non-receptor protein 2', 'Mitogen-activated protein kinase kinase kinase kinase 2', 'Serine/threonine-protein kinase PAK 4', 'Tyrosine-protein kinase YES', 'Serine/threonine-protein kinase PLK4', 'Serine/threonine-protein kinase MST2', 'Activin receptor type-1', 'Cyclin-dependent kinase 7', 'Serine/threonine-protein kinase PAK 1', 'Serine/threonine-protein kinase NEK2', 'Macrophage-stimulating protein receptor', 'Mitogen-activated protein kinase kinase kinase kinase 1', 'Tyrosine-protein kinase FER', 'G protein-coupled receptor kinase 5', 'Serine/threonine-protein kinase Aurora-C', 'NUAK family SNF1-like kinase 1', 'CaM-kinase kinase beta', 'TGF-beta receptor type II', 'Ephrin type-A receptor 4', 'Ephrin type-B receptor 2', 'Serine/threonine-protein kinase SIK2', 'Serine/threonine-protein kinase DCLK1', 'Serine/threonine-protein kinase 16', 'Serine/threonine-protein kinase SIK1', 'Cyclin-dependent kinase 13', 'Bone morphogenetic protein receptor type-1A', 'MAP/microtubule affinity-regulating kinase 4', 'AMP-activated protein kinase, alpha-2 subunit', 'Serine/threonine-protein kinase MARK1', 'Ephrin type-B receptor 3', 'Serine/threonine-protein kinase 33', 'Serine/threonine-protein kinase PCTAIRE-1', 'Serine/threonine-protein kinase MST4', 'NUAK family SNF1-like kinase 2', 'Citron Rho-interacting kinase', 'Ephrin type-A receptor 5', 'Mitogen-activated protein kinase 15', 'BR serine/threonine-protein kinase 2', 'Eukaryotic translation initiation factor 2-alpha kinase 1', 'Breakpoint cluster region protein', 'Uncharacterized protein FLJ45252', 'Serine/threonine-protein kinase NEK9', 'Activin receptor type-2A', 'Cyclin-dependent kinase 3', 'Serine/threonine-protein kinase PAK 3', 'Myosin light chain kinase', 'Dual specificity testis-specific protein kinase 1', 'cAMP-dependent protein kinase beta-1 catalytic subunit', 'AMP-activated protein kinase, gamma-2 subunit', 'Serine/threonine-protein kinase Nek3', 'AMP-activated protein kinase, gamma-1 subunit', 'Wee1-like protein kinase 2', 'Cyclin-dependent kinase-like 5', 'General transcription and DNA repair factor IIH helicase subunit XPD', 'Cyclin-dependent kinase-like 3', 'cAMP-dependent protein kinase, gamma catalytic subunit', 'LIM domain kinase 1/2', 'Transient receptor potential cation channel subfamily M member 6']"
CHEMBL405,CC(N)Cc1ccccc1,[]
CHEMBL4297524,Cc1cn(-c2cc(NC(=O)c3ccc(C)c(Nc4nccc(-c5cnccn5)n4)c3)cc(C(F)(F)F)c2)cn1,"['Tyrosine-protein kinase SYK', 'Tyrosine-protein kinase ABL', 'Bcr/Abl fusion protein', 'PCSK9/LDLR', 'KBM5', 'GIST882']"
CHEMBL4298043,Cl.O.O.O=C(CN1CCC(CN2Cc3ccccc3C2=O)CC1)c1ccc(F)cc1,[]
CHEMBL475534,CCOC(=O)C1=C(C)NC(C)=C(C(=O)OC)C1c1cccc([N+](=O)[O-])c1,"['Voltage-gated L-type calcium channel alpha-1D subunit', 'Voltage-gated L-type calcium channel alpha-1C subunit', 'Voltage-gated L-type calcium channel alpha-1C subunit', 'Voltage-gated L-type calcium channel']"
CHEMBL483158,COc1cc(Nc2ncc3c(n2)-c2ccc(Cl)cc2C(c2c(F)cccc2OC)=NC3)ccc1C(=O)O,"['Ephrin type-A receptor 4', 'Acyl-CoA dehydrogenase family member 10', 'Serine/threonine-protein kinase Aurora-A']"
CHEMBL494,CC#CCC(C)[C@H](O)/C=C/[C@@H]1[C@H]2C/C(=C/CCCC(=O)O)C[C@H]2C[C@H]1O,[]
CHEMBL609980,NCCO[N+](=O)[O-],"['GABA-B receptor', 'Ornithine decarboxylase']"
CHEMBL65067,O=C(C(c1ccccc1)c1ccccc1)N1CCN(CC(O)COc2cccc3ncccc23)CC1,[]
CHEMBL114503,O=[Se](=O)([O-])[O-].[Na+].[Na+],['Carbonic anhydrase V']
CHEMBL1200729,O=C([O-])CCC(=O)OC[C@@H](NC(=O)C(Cl)Cl)[C@H](O)c1ccc([N+](=O)[O-])cc1.[Na+],[]
CHEMBL1200800,CC(=O)[O-].CC(=O)[O-].[Ca+2],[]
CHEMBL1208642,O=S(O)(O)=S,"['Carbonic anhydrase II', 'Carbonic anhydrase V']"
CHEMBL1287853,Cc1cnc(Nc2ccc(OCCN3CCCC3)cc2)nc1Nc1cccc(S(=O)(=O)NC(C)(C)C)c1,"['Vascular endothelial growth factor receptor 2', 'Tyrosine-protein kinase JAK2', 'Tyrosine-protein kinase JAK1', 'Hepatocyte growth factor receptor', 'Tyrosine-protein kinase JAK3', 'Nerve growth factor receptor Trk-A', 'Serine/threonine-protein kinase Aurora-A', 'Tyrosine-protein kinase SRC', 'Fibroblast growth factor receptor 1', 'Tyrosine-protein kinase ABL', 'Interleukin-1 receptor-associated kinase 4', 'Rho-associated protein kinase 2', 'Serine/threonine-protein kinase Aurora-B', 'Tyrosine-protein kinase LCK', 'ALK tyrosine kinase receptor', 'Macrophage colony stimulating factor receptor', 'Cyclin-dependent kinase 2', 'Focal adhesion kinase 1', 'Fibroblast growth factor receptor 3', 'Tyrosine-protein kinase TYK2', 'c-Jun N-terminal kinase 1', 'Platelet-derived growth factor receptor beta', 'Inhibitor of nuclear factor kappa B kinase beta subunit', 'Dual specificity protein kinase CLK2', 'c-Jun N-terminal kinase 2', 'Dual specificity protein kinase CLK4', 'BaF3', 'Cyclin-dependent kinase 1', 'Vascular endothelial growth factor receptor 1', 'Tyrosine-protein kinase receptor RET', 'MAP kinase signal-integrating kinase 2', 'Cyclin-dependent kinase 9', 'Maternal embryonic leucine zipper kinase', 'Protein kinase C theta', 'Tyrosine-protein kinase receptor UFO', 'Platelet-derived growth factor receptor alpha', 'Dual specificity mitogen-activated protein kinase kinase 1', 'Mitogen-activated protein kinase kinase kinase kinase 4', 'Protein kinase C delta', 'Casein kinase II alpha', 'Glycogen synthase kinase-3 alpha', 'Casein kinase I delta', 'Tyrosine-protein kinase TIE-2', '3-phosphoinositide dependent protein kinase-1', 'Serine/threonine-protein kinase Chk2', 'Vascular endothelial growth factor receptor 3', 'Serine/threonine-protein kinase TBK1', 'Neurotrophic tyrosine kinase receptor type 2', 'Tyrosine kinase non-receptor protein 2', 'Inhibitor of nuclear factor kappa B kinase epsilon subunit', 'Dual specificity protein kinase CLK3', 'Tyrosine-protein kinase Lyn', 'LIM domain kinase 1', 'Tyrosine-protein kinase FYN', 'Ephrin type-A receptor 2', 'Mitogen-activated protein kinase kinase kinase kinase 2', 'Serine/threonine-protein kinase PAK 4', 'NT-3 growth factor receptor', 'Tyrosine-protein kinase YES', 'Serine/threonine-protein kinase PLK4', 'Proto-oncogene tyrosine-protein kinase MER', 'Tyrosine-protein kinase receptor TYRO3', 'Serine/threonine-protein kinase D2', 'Protein kinase C nu', 'Serine/threonine-protein kinase MST2', 'Protein tyrosine kinase 2 beta', 'Casein kinase I epsilon', 'Serine/threonine-protein kinase/endoribonuclease IRE1', 'MAP kinase-interacting serine/threonine-protein kinase MNK1', 'Tyrosine-protein kinase HCK', 'Misshapen-like kinase 1', 'Dual specificty protein kinase CLK1', 'Mitogen-activated protein kinase kinase kinase kinase 5', 'Serine/threonine-protein kinase TAO1', 'Serine/threonine-protein kinase 2', 'Tyrosine-protein kinase BLK', 'Activin receptor type-1', 'CaM kinase II delta', 'Serine/threonine-protein kinase c-TAK1', 'Cyclin-dependent kinase 7', 'Serine/threonine-protein kinase WEE1', 'Proto-oncogene tyrosine-protein kinase ROS', 'Serine/threonine-protein kinase PAK 1', 'Casein kinase I alpha', 'Inhibitor of nuclear factor kappa B kinase alpha subunit', 'Serine/threonine-protein kinase 17A', 'Receptor protein-tyrosine kinase erbB-4', 'Ribosomal protein S6 kinase alpha 2', 'AMP-activated protein kinase, alpha-1 subunit', 'Serine/threonine-protein kinase PLK3', 'Protein kinase N2', 'Death-associated protein kinase 3', 'Interleukin-1 receptor-associated kinase 1', 'Casein kinase II alpha (prime)', 'Serine/threonine-protein kinase NEK2', 'Homeodomain-interacting protein kinase 4', 'Serine/threonine-protein kinase MST1', 'MAP/microtubule affinity-regulating kinase 2', 'Adaptor-associated kinase', 'Serine/threonine-protein kinase RIPK2', 'Tyrosine-protein kinase BRK', 'Discoidin domain-containing receptor 2', 'Serine/threonine-protein kinase GAK', 'TRAF2- and NCK-interacting kinase', 'Serine/threonine-protein kinase LATS1', 'Tyrosine-protein kinase FRK', 'Casein kinase I gamma 2', 'PI4-kinase beta subunit', 'Serine/threonine-protein kinase PRKX', 'Serine/threonine-protein kinase Nek1', 'Mixed lineage kinase 7', 'Macrophage-stimulating protein receptor', 'Tyrosine-protein kinase BMX', 'BR serine/threonine-protein kinase 1', 'CaM kinase II gamma', 'Mitogen-activated protein kinase kinase kinase kinase 1', 'LIM domain kinase 2', 'Ebolavirus', 'MAP kinase p38 gamma', 'Ribosomal protein S6 kinase alpha 1', 'NCI-H1650', 'Tyrosine-protein kinase ZAP-70', 'Serine/threonine-protein kinase SRPK1', 'Serine/threonine-protein kinase TNNI3K', 'MAP kinase p38 delta', 'Tyrosine-protein kinase FER', 'Leukocyte tyrosine kinase receptor', 'CaM kinase II beta', 'Serine/threonine-protein kinase 10', 'Protein kinase C mu', 'G protein-coupled receptor kinase 5', 'Mitogen-activated protein kinase 7', 'Calcium-dependent protein kinase 1', 'Dual specificity mitogen-activated protein kinase kinase 2', 'Casein kinase I isoform gamma-3', 'Serine/threonine-protein kinase Nek4', 'Vascular endothelial growth factor receptor', 'Tyrosine-protein kinase FGR', 'Serine/threonine-protein kinase Aurora-C', 'Tyrosine-protein kinase ABL2', 'NUAK family SNF1-like kinase 1', 'Phosphorylase kinase gamma subunit 2', 'Tyrosine-protein kinase CSK', 'MAP kinase-activated protein kinase 5', 'CaM-kinase kinase beta', 'Tyrosine-protein kinase TXK', 'U-266', 'Tyrosine-protein kinase FES', 'Tyrosine-protein kinase TEC', 'TGF-beta receptor type II', 'Serine/threonine-protein kinase receptor R3', 'Protein kinase C (PKC)', 'Bile salt export pump', 'Ephrin type-A receptor 4', 'Serine/threonine-protein kinase 17B', 'Non-receptor tyrosine-protein kinase TNK1', 'Serine/threonine-protein kinase TAO3', 'H9c2', 'Testis-specific serine/threonine-protein kinase 1', 'Dual specificity mitogen-activated protein kinase kinase 5', 'Cyclophilin A', 'Ephrin type-B receptor 2', 'CaM kinase II alpha', 'Mitogen-activated protein kinase kinase kinase kinase 3', 'Serine/threonine-protein kinase SIK2', 'Platelet-derived growth factor receptor', 'CaM kinase I alpha', 'G protein-coupled receptor kinase 6', 'Ribosomal protein S6 kinase alpha 6', 'CaM kinase I delta', 'Ribosomal protein S6 kinase alpha 4', 'Serine/threonine-protein kinase ULK1', 'BMP-2-inducible protein kinase', 'Mitogen-activated protein kinase kinase kinase 11', 'Mitogen-activated protein kinase kinase kinase 9', 'Phosphatidylinositol-5-phosphate 4-kinase type-2 gamma', 'Serine/threonine-protein kinase DCLK1', 'Myosin light chain kinase, smooth muscle', 'Activin receptor type-1B', 'Homeodomain-interacting protein kinase 1', 'Tyrosine-protein kinase Srms', 'Eukaryotic translation initiation factor 2-alpha kinase 4', 'Serine/threonine-protein kinase haspin', 'Dual specificity tyrosine-phosphorylation-regulated kinase 4', 'Serine/threonine-protein kinase 16', 'HMEC-1', 'LAMA-84', 'Protein kinase N1', 'Ephrin type-A receptor 3', 'Serine/threonine-protein kinase SIK1', 'Cyclin-dependent kinase 13', 'Bone morphogenetic protein receptor type-1A', 'Ephrin type-A receptor 1', 'Interferon-induced, double-stranded RNA-activated protein kinase', 'MAP/microtubule affinity-regulating kinase 4', 'AMP-activated protein kinase, alpha-2 subunit', 'Interleukin-1 receptor-associated kinase 3', 'Cell division cycle 2-like protein kinase 6', 'Tyrosine-protein kinase ABL', 'Serine/threonine-protein kinase MARK1', 'Ephrin type-B receptor 3', 'Serine/threonine-protein kinase 33', 'Serine/threonine-protein kinase PCTAIRE-1', 'Serine/threonine-protein kinase MST4', 'Muscle, skeletal receptor tyrosine protein kinase', 'Ephrin type-B receptor 6', 'SPS1/STE20-related protein kinase YSK4', 'NUAK family SNF1-like kinase 2', 'Bone morphogenetic protein receptor type-1B', 'Citron Rho-interacting kinase', 'Ephrin type-A receptor 8', 'Serine/threonine-protein kinase SIK3', 'Ephrin type-A receptor 5', 'beta-catenin-B-cell lymphoma 9 protein complex', 'Serine/threonine protein kinase NLK', 'Dual specificity mitogen-activated protein kinase kinase 6', 'Ephrin type-B receptor 1', 'Serine/threonine-protein kinase TAO2', 'Serine/threonine-protein kinase PAK 2', 'Mitogen-activated protein kinase 15', 'Protein kinase 6', 'PLC-PRF-5', 'Ephrin type-A receptor 7', 'CHO-K1', 'Mitogen-activated protein kinase kinase kinase 2', 'Tyrosine-protein kinase CTK', 'BR serine/threonine-protein kinase 2', 'Eukaryotic translation initiation factor 2-alpha kinase 1', 'Homeodomain-interacting protein kinase 3', 'OCI-AML-3', 'Mitogen-activated protein kinase kinase kinase 1', 'Phosphorylase kinase gamma subunit 1', 'CaM kinase IV', 'Breakpoint cluster region protein', 'Serine/threonine-protein kinase ULK3', 'Mitogen-activated protein kinase kinase kinase 10', 'Ephrin type-A receptor 6', 'Phosphatidylinositol-4-phosphate 5-kinase type-1 gamma', 'Serine/threonine-protein kinase ULK2', 'Serine/threonine-protein kinase LATS2', 'CaM-kinase kinase alpha', 'SK-N-FI', 'MeWo', 'Tyrosine-protein kinase receptor Tie-1', 'PITSLRE serine/threonine-protein kinase CDC2L2', 'STE20/SPS1-related proline-alanine-rich protein kinase', 'Uncharacterized protein FLJ45252', 'Serine/threonine-protein kinase PCTAIRE-2', 'Death-associated protein kinase 2', 'Insulin receptor-related protein', 'G protein-coupled receptor kinase 7', 'Serine/threonine-protein kinase NEK6', 'Bone morphogenetic protein receptor type-2', 'Multifunctional protein ADE2', 'Mitogen-activated protein kinase kinase kinase 3', 'myosin light chain kinase 2', 'Serine/threonine-protein kinase NEK9', 'Myotonin-protein kinase', 'Serine/threonine-protein kinase DCLK3', 'Dual specificity mitogen-activated protein kinase kinase 3', 'Activin receptor type-2A', 'Serine/threonine-protein kinase Sgk3', 'Cyclin-dependent kinase 3', 'Serine/threonine-protein kinase PAK 3', 'Mast/stem cell growth factor receptor Kit', 'Serine/threonine-protein kinase 24', 'Maver1', 'Histamine H2 receptor', 'Rhodopsin kinase', 'G protein-coupled receptor kinase 4', 'Serine/threonine-protein kinase PAK7', 'Serine/threonine-protein kinase PFTAIRE-1', 'Mitogen-activated protein kinase 6', 'Serine/threonine-protein kinase 36', 'Serine/threonine-protein kinase SRPK3', 'Multidrug resistance-associated protein 4', 'Serine/threonine-protein kinase MRCK beta', 'Serine/threonine-protein kinase ICK', 'Phosphatidylinositol-5-phosphate 4-kinase type-2 beta', 'Myosin light chain kinase', 'Serine/threonine-protein kinase PAK6', 'Chaperone activity of bc1 complex-like, mitochondrial', 'Serine/threonine-protein kinase 25', 'Serine/threonine-protein kinase 11', 'EL4', 'Serine/threonine-protein kinase RIO1', 'Mitogen-activated protein kinase kinase kinase 4', 'Transcription activator BRG1', 'K-562R', 'Dual specificity testis-specific protein kinase 1', 'Myosin light chain kinase family member 4', 'Phosphatidylinositol-4-phosphate 5-kinase type-1 alpha', 'Serine/threonine-protein kinase RIO3', 'CaM kinase I gamma', 'Cyclin-dependent kinase-like 2', 'Phosphodiesterase 1A', 'Histone-lysine N-methyltransferase 2A/WDR5', 'Activin receptor type-2B', 'Serine/threonine-protein kinase PCTAIRE-3', 'Human rhinovirus 5', 'Aminoacyl tRNA synthase complex-interacting multifunctional protein 2', 'Menin', 'Ankyrin repeat and protein kinase domain-containing protein 1', 'cAMP-dependent protein kinase beta-1 catalytic subunit', 'Serine/threonine-protein kinase SRPK2', 'HCCLM9', 'Metallo-beta-lactamase type 2', 'Casein kinase I isoform alpha-like', 'Peripheral plasma membrane protein CASK', 'Panel CNS (Carcinoma cell lines)', 'Ferrochelatase, mitochondrial', 'Receptor-interacting serine/threonine-protein kinase 4', 'Serine/threonine-protein kinase NEK7', 'Eukaryotic translation initiation factor 2 subunit 1', 'Serine/threonine-protein kinase 35', 'Mitogen-activated protein kinase kinase kinase 13', 'Phosphatidylinositol-4-phosphate 3-kinase C2 domain-containing subunit gamma', 'Cathepsin B-like cysteine protease', 'Phosphatidylcholine:ceramide cholinephosphotransferase 1', 'IL15-IL15 receptor', 'J774.2', 'Epithelial cells', 'PITSLRE serine/threonine-protein kinase CDC2L1', 'Uncharacterized aarF domain-containing protein kinase 4', 'Serine/threonine-protein kinase tousled-like 1', 'Serine/threonine-protein kinase SBK1', 'Serine/threonine-protein kinase OSR1', 'Putative uncharacterized serine/threonine-protein kinase SgK110', 'Mitotic checkpoint serine/threonine-protein kinase BUB1', 'AMP-activated protein kinase, gamma-2 subunit', 'Histone deacetylase', 'Alpha-glucosidase MAL12', 'Guanine nucleotide-binding protein G(i) subunit alpha-1/Regulator of G-protein signaling 12', 'Dihydrofolate reductase', 'Dual serine/threonine and tyrosine protein kinase', 'Hormonally up-regulated neu tumor-associated kinase', 'BlaVIM-1', 'Mycobacterium intracellulare', 'AMP-activated protein kinase, beta-1 subunit', 'Serine/threonine-protein kinase Nek3', 'Serine/threonine-protein kinase 32A', 'Serine/threonine-protein kinase 32B', 'Serine/threonine-protein kinase NIM1', 'Serine/threonine-protein kinase Nek5', 'AMP-activated protein kinase, gamma-1 subunit', 'Serine/threonine-protein kinase tousled-like 2', 'Wee1-like protein kinase 2', 'Myosin-IIIB', 'Serine/threonine-protein kinase PRP4 homolog', 'Ecdysone receptor', 'CNE', 'Microtubule-associated serine/threonine-protein kinase 1', 'Serine/threonine-protein kinase DCLK2', 'Photosystem Q(B) protein', 'Serine/threonine-protein kinase WNK1', 'Serine/threonine-protein kinase MRCK gamma', 'Cyclin-dependent kinase-like 5', 'Protein kinase C epsilon', 'Plasma', 'Ecdysone receptor', 'Hepatitis A virus cellular receptor 2', 'Serine/threonine-protein kinase PFTAIRE-2', 'Serine/threonine-protein kinase 38-like', 'Serine/threonine-protein kinase MAK', 'Aldo-keto reductase family 1 member C4', 'Inhibitor of NF-kappa-B kinase (IKK)', 'Echinochloa crus-galli var. formosensis', 'KM3/BTZ', 'Serine/threonine-protein kinase Nek11', 'Ribosomal protein S6 kinase 2', 'Mitogen-activated protein kinase 4', 'Uncharacterized aarF domain-containing protein kinase 1', 'Gamma-amino-N-butyrate transaminase', 'Tubulin--tyrosine ligase', 'Trypanothione reductase', 'Tubulin alpha-1 chain', 'Serine/threonine-protein kinase VRK2', 'Myosin IIIA', 'Casein kinase I', 'Interleukin-5 receptor subunit alpha', 'Casein kinase II alpha', 'Plasmodium knowlesi', 'Carbonic anhydrase 3', 'PNT1A', 'Serine/threonine-protein kinase 38', 'Mitogen-activated protein kinase kinase kinase 15', 'General transcription and DNA repair factor IIH helicase subunit XPD', 'Signal transducer and activator of transcription 5A', 'DGAT1 protein', 'Equilibrative nucleoside transporter 1', 'NCI-H647', 'Cyclin-dependent kinase-like 3', 'Thioredoxin reductase', 'Protein delta homolog 1', 'Human rhinovirus 45', 'Lasiodiplodia theobromae', 'Mixed lineage kinase domain-like protein', 'Histone acetyltransferase KAT8', 'M109', 'Phospholipase C-gamma-1', 'Delta(24)-sterol reductase', 'Mitogen-activated protein kinase 1', 'C-terminal-binding protein 2', 'Toll-like receptor 9', 'Serine/threonine-protein kinase 32C', 'Serine/threonine-protein kinase LMTK3', 'Insulin receptor', 'SK-MEL19', 'Trypanosoma vivax', 'Activin receptor type-1C', 'Tyrosine-protein kinase JAK3', 'Kallikrein 8', 'Lipoprotein lipase', 'Microtubule-associated serine/threonine-protein kinase 3', 'CD63 antigen', 'Solute carrier family 2, facilitated glucose transporter member 4', 'GABA A receptor alpha-6/beta-2/gamma-2', 'Cyclin-dependent kinase-like 1', 'cAMP-dependent protein kinase, gamma catalytic subunit', 'Calcium/calmodulin-dependent protein kinase type 1B', 'Serine/threonine-protein kinase WNK2', 'KBM5', 'LIM domain kinase 1/2', 'BCoR-BCL6', 'F460pv8/eto', 'Estrogen receptor alpha', 'SNF-related serine/threonine-protein kinase', 'Modulator of drug activity A', 'HEC-1-A', 'Somatostatin receptor', 'TNF-alpha', 'Human rhinovirus 4', 'Aspartyl/asparaginyl beta-hydroxylase', 'ALK tyrosine kinase receptor', 'PI3-kinase subunit gamma/Phosphoinositide 3-kinase regulatory subunit 5', 'Schistosoma haematobium', 'Serine/threonine-protein kinase WNK3', 'SET-2', 'Ribosomal protein S6 kinase', 'Ras-related C3 botulinum toxin substrate 1', 'Tyrosine-protein kinase BLK', 'Estrogen receptor beta', 'Neuronal acetylcholine receptor protein alpha-9 subunit', 'Nicotinic acetylcholine receptor alpha2/beta4', 'TP53-regulating kinase', 'Phomopsis obscurans', 'Carboxypeptidase G2', 'Whole blood', 'OST', 'Photosystem Q(B) protein', 'Cereblon/BCR/ABL', 'Beta-lactamase', 'V-type immunoglobulin domain-containing suppressor of T-cell activation', 'Histone acetyltransferase p300/Hypoxia-inducible factor 1-alpha', 'Microtubule-associated serine/threonine-protein kinase 4', 'HCC515', 'NCI-H1944', 'Carbonic anhydrase', 'MAXF401 cell line', 'Lung LXF 629L tumor cell line', 'Complement C5', 'Aldehyde oxidase', 'Trypsin III', 'CDK2/Cyclin O', 'Carnitine palmitoyltransferase 1A', 'Fibrinogen beta chain', 'Diplodia seriata', 'Neofusicoccum ribis', 'STE20-related kinase adapter protein alpha', 'Aldehyde dehydrogenase X', 'Serine/threonine-protein kinase VRK1', 'Melanocortin receptor (M1 and M4)', 'Glutamine synthetase, chloroplastic', 'RmtA', 'Drechslera', 'Ammonium transporter MEP2', 'Cdc2-related kinase', 'Human echovirus 11', 'Mycobacterium', 'Tetranychus urticae', 'G-protein coupled receptor 4', 'Cereblon/Lrrk2', 'Atrial natriuretic peptide receptor 3', 'YT-NU', 'Nuclear receptor subfamily 2 group E member 1', 'Tyrosine-protein kinase SYK', 'G-protein coupled estrogen receptor 1', 'Testis-specific serine/threonine-protein kinase 3', 'UoC-B1', 'Serine/threonine-protein kinase/endoribonuclease IRE2', 'Casein kinase I delta/epsilon', 'Lactoylglutathione lyase', 'GIST882', 'Skut1B', 'Plasma', '40S ribosomal protein S27', 'UDP-3-O-[3-hydroxymyristoyl] N-acetylglucosamine deacetylase', 'Acyl-CoA dehydrogenase family member 10', 'Venus kinase receptor 2', 'Picornaviridae', 'Receptor-type tyrosine-protein kinase FLT3', 'Glycine receptor subunit alpha-3', 'Eukaryotic initiation factor 4A-I', 'Proto-oncogene tyrosine-protein kinase receptor Ret', 'NU-DUL-1', 'Baculoviral IAP repeat-containing protein 3/Mucosa-associated lymphoid tissue lymphoma translocation protein 1', 'TEL/AXL', 'Canalicular multispecific organic anion transporter 2', 'Breast cancer cell lines', 'PLC', 'Dipeptidyl peptidase 3', 'Plasmodium malariae', 'ULK3 kinase', 'CL97', 'Serine/threonine-protein kinase N3', 'CDK1/Cyclin E', 'Cell division control protein 2 homolog', 'GIST48', 'Cholinesterase', 'Scavenger receptor type A', 'AEC', 'C-X-C chemokine receptor type 2', 'Histidine kinase', 'Cathepsin Z', 'Transcription factor p65', 'Acyl-protein thioesterase 2', 'Nuclear receptor subfamily 2 group C member 2', 'Tyrosine-protein kinase receptor Tie-1', 'IDH1/IDH2', 'KOPTK1', 'Uncharacterized protein', 'Friend leukemia integration 1 transcription factor (Proto-oncogene Fli-1)/RNA-binding protein EWS', 'Protein Gpr39', 'Fumarate reductase', 'IGR-37 cell line', 'Sodium-dependent phosphate transport protein 2B', 'Tenebrio molitor', 'C2D cell line', 'C2G cell line', 'MCF10', 'Riboflavin-binding protein', 'CAKI-2', 'DC3F', 'Solute carrier organic anion transporter family member 1A4', 'GABA receptor alpha-1 subunit', 'Serotonin 1b (5-HT1b) receptor', 'UCLA P-3', 'GABA receptor alpha-3 subunit', 'Fibroblast growth factor receptor 1', 'YOSHIDA', 'WALKER', 'Taste receptor type 2 member 31', 'PAM212', 'HES', 'cAMP-dependent protein kinase alpha-catalytic subunit', 'Serine/threonine-protein kinase MST2', 'Pseudopodium-enriched atypical kinase 1', 'MLF', 'Integrin subunit alpha 2b/beta-3', 'Shiga toxin 1 variant A subunit', 'Simplexvirus', 'Serine/threonine-protein kinase Aurora-A', 'GIST430', 'Kynureninase', 'Acetylcholine receptor protein delta chain', 'Spodoptera littoralis', 'Endothelin receptor, ET-A/ET-B', 'Pyridoxal kinase', 'Human papillomavirus type 11', 'Kinesin-like protein KIF15', 'Trichinella spiralis', 'Valsa mali', 'Insulin-like growth factor II receptor', 'Alpha-(1,3)-fucosyltransferase 7', 'Sulfonylurea receptor 1', 'Beta-1,4-galactosyltransferase 1', 'NAD-dependent deacetylase HST2', 'Sclerostin', 'Transient receptor potential cation channel subfamily M member 6', 'Hepatocyte growth factor receptor', 'Guanyl-specific ribonuclease T1', 'Macrophage-stimulating protein receptor', 'Alternaria tenuis', 'Tyrosine--tRNA ligase', 'Hepatocyte growth factor', 'Cyclin A2', 'Cytokinin dehydrogenase 2', 'Sarcoplasmic/endoplasmic reticulum calcium ATPase 3', 'Pectobacterium carotovorum', 'Ecdysone receptor', 'NACHT, LRR and PYD domains-containing protein 1', 'E3 ubiquitin-protein ligase UHRF1', 'Lectin', 'Heme oxygenase 2', 'DOPA decarboxylase', 'G-protein coupled receptor family C group 6 member A', 'Receptor-interacting serine/threonine-protein kinase 2', 'Peroxidase', 'NTRK1/NTRK2', 'Aryl hydrocarbon receptor', 'SCN9A/SCN1B', 'SCN2A/SCN1B', 'JC polyomavirus', 'Choline trimethylamine-lyase', 'Group XIIA secretory phospholipase A2', 'Phaeosphaeria nodorum']"
CHEMBL1370561,Cn1c(=O)c2[nH]cnc2n(C)c1=O.Cn1c(=O)c2[nH]cnc2n(C)c1=O.NCCN,[]
CHEMBL1481,CCC1=C(C)CN(C(=O)NCCc2ccc(S(=O)(=O)NC(=O)N[C@H]3CC[C@H](C)CC3)cc2)C1=O,['Canalicular multispecific organic anion transporter 2']
CHEMBL1483877,CCOc1ccccc1C(N)=O,[]
CHEMBL1774461,CNc1ccc(/C=C/c2ccc(OCCOCCOCC[18F])nc2)cc1,[]
CHEMBL194378,CN(C)CCc1c[nH]c2cccc(OP(=O)(O)O)c12,[]
CHEMBL2087361,C#Cc1cccc(Nc2ncnc3cc4c(cc23)OCCOCCOCCO4)c1,['Epidermal growth factor receptor erbB1']
CHEMBL2103738,O.O.O.O.O=C([O-])CC(O)(CC(=O)[O-])C(=O)[O-].[Li+].[Li+].[Li+],['5-enolpyruvylshikimate-3-phosphate synthase']
CHEMBL2104700,Cc1ccc(C2(O)CCN(CCCC(=O)c3ccc(F)cc3)CC2)cc1,['N-acetyltransferase Eis']
CHEMBL2105399,Cc1nc(NS(=O)(=O)c2ccc(N)cc2)oc1C,[]
CHEMBL2110948,C[N+]1(C)CCCC1COC(=O)C(O)(c1ccccc1)c1ccccc1,[]
CHEMBL232943,COC(=O)c1c(Cl)cccc1-c1ccc([C@@H](C)NC(=O)C2(NC(=O)C(F)(F)F)CC2)c(F)c1,"['Bradykinin B1 receptor', 'Bradykinin B1 receptor']"
CHEMBL3353541,C[C@]1(C(=O)N(CCCC(=O)O)Cc2cccc(Cl)c2)CCN1C(=O)c1csc2ccccc12,['Free fatty acid receptor 2']
CHEMBL3707204,CC[N+](C)(CC)CCOC(c1ccccc1)c1ccccc1.[I-],[]
CHEMBL3734774,O=C(c1ccccn1)[C@]12Cc3cnn(-c4ccc(F)cc4)c3C=C1CCN(S(=O)(=O)c1ccc(C(F)(F)F)cc1)C2,['Glucocorticoid receptor']
CHEMBL3911164,Cc1cccc2c1NC(=O)[C@@H](NC(=O)[C@H](CCC(F)(F)F)[C@H](CCC(F)(F)F)C(N)=O)N=C2c1cccc(F)c1,"['Neurogenic locus notch homolog protein 1', 'Neurogenic locus notch homolog protein 3']"
CHEMBL3945199,CC(C)(O)c1cn(-c2ccc(-c3cc(F)c(CO)c(S(C)(=O)=O)c3)cc2F)c(C(C)(C)c2c(Cl)cccc2Cl)n1,"['LXR-beta', 'LXR-alpha', 'Retinoic acid receptor RXR-alpha/oxysterols receptor LXR-beta', 'Retinoic acid receptor RXR-alpha/oxysterols receptor LXR-alpha', 'Liver X receptor']"
CHEMBL398891,CCOc1ccc(F)c(CCNC(=S)Nc2ccc(Br)cn2)c1Cl,['Human immunodeficiency virus type 1 reverse transcriptase']
CHEMBL4297353,CCCS(=O)(=O)N1CCN(Cc2ccc(NC(=O)c3ccc(-c4cc(NC(=O)C5CC5)ccc4OC(F)(F)F)cc3)cc2)CC1,[]
CHEMBL4297497,NCc1ccc2c(c1)nc(CN1C(=O)C3(CC3)c3ccc(F)cc31)n2CCCC(F)(F)F,"['Respiratory syncytial virus', 'Human respiratory syncytial virus', 'Fusion glycoprotein F0']"
CHEMBL444172,O[C@@H](COc1cccc2ncccc12)CN1CCN([C@@H]2c3ccccc3[C@@H]3[C@H](c4ccccc42)C3(F)F)CC1,[]
CHEMBL4594280,O=C(O)CC[C@H](NC(=O)N[C@@H](CCCCNC(=O)[C@H](Cc1ccc2ccccc2c1)NC(=O)[C@H]1CC[C@H](CNC(=O)CN2CCN(CC(=O)O)CCN(CC(=O)O)CCN(CC(=O)O)CC2)CC1)C(=O)O)C(=O)O,[]
CHEMBL515564,CCCCCCCCCCCCCCCCOCCCOP(=O)(O)CO[C@H](C)Cn1cnc2c(N)ncnc21,"['Vaccinia virus', 'Human herpesvirus 5 strain AD169']"
CHEMBL519504,CO[C@@H](Cc1ccc(OCCc2nc(-c3ccccc3)oc2C)c2ccsc12)C(=O)O,"['Peroxisome proliferator-activated receptor gamma', 'Peroxisome proliferator-activated receptor alpha']"
CHEMBL1087,Cc1cccc(C)c1NC(=O)C1CCCCN1C,[]
CHEMBL1200581,CC(=O)Nc1c(I)c(NC(C)=O)c(I)c(C(=O)[O-])c1I.[Na+],[]
CHEMBL1200648,C=CC[N+]1([C@H]2C[C@H]3[C@@H]4CC[C@H]5C[C@H](O)[C@@H](N6CCOCC6)C[C@]5(C)[C@H]4CC[C@]3(C)[C@H]2OC(C)=O)CCCC1.[Br-],[]
CHEMBL1200734,CC(C)CN(C[C@@H](OP(=O)([O-])[O-])[C@H](Cc1ccccc1)NC(=O)O[C@H]1CCOC1)S(=O)(=O)c1ccc(N)cc1.[Ca+2],[]
CHEMBL1201180,O=C(O)Cc1ccccc1Nc1c(Cl)cccc1Cl.OCCN1CCCC1,[]
CHEMBL1359,C[C@@H](O)[C@H]1C(=O)N2C(C(=O)O)=C(S[C@@H]3CN[C@H](C(=O)Nc4cccc(C(=O)O)c4)C3)[C@H](C)[C@H]12,[]
CHEMBL1618,Cn1nnnc1SCC1=C(C(=O)[O-])N2C(=O)[C@@H](NC(=O)[C@H](OC=O)c3ccccc3)[C@H]2SC1.[Na+],"['Solute carrier family 22 member 6', 'Solute carrier family 22 member 8', 'Solute carrier family 22 member 11']"
CHEMBL1905872,CCCCC(CC)COC(=O)CC(C(=O)OCC(CC)CCCC)S(=O)(=O)[O-].[Na+],[]
CHEMBL1933350,CCC[C@H](c1ccc(C(=O)NCCC(=O)O)cc1)[C@H](c1ccc(Cl)cc1)c1c[nH]c2c(F)cc(C)cc12,['Glucagon receptor']
CHEMBL1947204,C=CC(=O)Nc1ccc2ncnc(Nc3ccc(OCc4cccc(F)c4)c(Cl)c3)c2c1,"['Epidermal growth factor receptor erbB1', 'Receptor protein-tyrosine kinase erbB-2']"
CHEMBL2103736,CC(C(=O)[O-])c1cccc(Oc2ccccc2)c1.CC(C(=O)[O-])c1cccc(Oc2ccccc2)c1.O.O.[Ca+2],[]
CHEMBL2105499,Cc1cnc(NS(=O)(=O)c2ccc(N)cc2)nc1,[]
CHEMBL2107212,CN(CC(O)CO)C(=O)c1c(I)c(NC(=O)C(CO)CO)c(I)c(C(=O)N(C)CC(O)CO)c1I,[]
CHEMBL2107375,Cl.N=C(N)c1ncn([C@@H]2O[C@H](CO)[C@@H](O)[C@H]2O)n1,['Influenza B virus (B/Lee/40)']
CHEMBL2110596,C=CCN1Cc2ccccc2-c2ccccc2C1,[]
CHEMBL2111186,C=Cc1c(C)c2cc3nc(c(CC(=O)N[C@@H](CC(=O)O)C(=O)O)c4[nH]c(cc5nc(cc1[nH]2)C(C)=C5CC)c(C)c4C(=O)O)[C@@H](CCC(=O)O)[C@@H]3C,[]
CHEMBL2152999,Cc1c(C)c2c(c(C)c1OCC(=O)O)CC[C@@](C)(CCC[C@H](C)CCC[C@H](C)CCCC(C)C)O2,[]
CHEMBL2153191,CCCSc1nc(N2CCC[C@@H](CC(=O)O)C2)ccc1C(=O)NC1CCCCC1,['11-beta-hydroxysteroid dehydrogenase 1']
CHEMBL254193,N/N=c1/cc2c(n[nH]1)CCN(C(=O)c1ccccc1)C2,[]
CHEMBL280527,CCNc1cccnc1N1CCN(C(=O)c2cc3cc(OC)ccc3[nH]2)CC1,['Human immunodeficiency virus type 1 reverse transcriptase']
CHEMBL285347,C[C@@H](O)[C@H]1C(=O)N2C(C(=O)[O-])=C(SC3Cn4cnc[n+]4C3)[C@H](C)[C@H]12,[]
CHEMBL291157,CCn1cc(C(=O)O)c(=O)c2ccc(-c3ccncc3)cc21,[]
CHEMBL3039498,CCc1nc2c(C)nc(C)cc2n1-c1ccc(CCNC(=O)NS(=O)(=O)c2ccc(C)cc2)cc1,[]
CHEMBL3137331,CNC(=O)c1ccc(Nc2ncc(C(F)(F)F)c(NCc3nccnc3N(C)S(C)(=O)=O)n2)cc1,"['Vascular endothelial growth factor receptor 2', 'Hepatocyte growth factor receptor', 'Serine/threonine-protein kinase Aurora-A', 'Serine/threonine-protein kinase Aurora-B', 'HUVEC', 'Focal adhesion kinase 1', 'c-Jun N-terminal kinase 1', 'LoVo', 'PANC-1', 'BXPC-3', 'Serine/threonine-protein kinase PAK 4', 'Proto-oncogene tyrosine-protein kinase MER', 'Tyrosine-protein kinase receptor TYRO3', 'Protein tyrosine kinase 2 beta', 'Cyclin-dependent kinase 7', 'CaM-kinase kinase beta', 'Ephrin type-B receptor 2', 'Serine/threonine-protein kinase 16', 'Cyclin-dependent kinase 13', 'NUAK family SNF1-like kinase 2', 'Protein kinase 6', 'c-Jun N-terminal kinase 3', 'Cyclin-dependent kinase-like 5', 'HK-2', 'General transcription and DNA repair factor IIH helicase subunit XPD', 'Atrial natriuretic peptide receptor 3', 'Venus kinase receptor 2']"
CHEMBL3545165,O=C1Nc2ccccc2C(c2ccccc2)N1C1CCN(Cc2cccc(OC(F)(F)F)c2)CC1,[]
CHEMBL3703921,OC[C@H]1O[C@@H](c2cc(Cc3ccc(C4CC4)cc3)c(Cl)c3c2CCO3)[C@H](O)[C@@H](O)[C@@H]1O,['Sodium/glucose cotransporter 2']
CHEMBL3931971,COC(=O)N[C@@H](Cc1ccccc1)C(=O)N[C@@H](Cc1ccc(NS(=O)(=O)O)cc1)c1csc(-c2cccs2)n1,['Receptor-type tyrosine-protein phosphatase beta']
CHEMBL404431,CC(C)(N)CNC(=O)C[C@H]1CC[C@]2(CC1)OO[C@]1(O2)C2CC3CC(C2)CC1C3,['Plasmodium falciparum']
CHEMBL416755,CCn1cc(C(=O)O)c(=O)c2cc3c(cc21)OCO3,[]
CHEMBL4297625,CCc1ccc([C@@H]2O[C@H](CO)[C@@H](O)[C@H](O)[C@H]2O)cc1Cc1ccc2c(c1)OCCO2,"['Sodium/glucose cotransporter 2', 'Sodium/glucose cotransporter 1']"
CHEMBL4297663,Cn1c(=O)c2c(ncn2CC(=O)O)n(C)c1=O.Nc1c(Br)cc(Br)cc1CN[C@H]1CC[C@H](O)CC1,[]
CHEMBL432162,Cc1nc(C)c2c(n1)N(Cc1ccc(-c3ccccc3-c3nnn[nH]3)cc1)C(=O)CC2,['Type-1 angiotensin II receptor']
CHEMBL4594281,CN1CCN(Cc2ccc(Nc3ncc(Cl)c(Nc4ccccc4S(=O)(=O)N(C)C)n3)cc2)CC1.O=C(O)C(O)C(O)C(=O)O.O=C(O)C(O)C(O)C(=O)O,[]
CHEMBL4594454,C[C@H]1CNCCCN1S(=O)(=O)c1cccc2cncc(F)c12.Cl.O.O,[]
CHEMBL4650286,Nc1nn2cc(F)cnc2c1C(=O)Nc1cncc(F)c1N1CCC(C(=O)N2CCN(C3COC3)CC2)CC1,[]
CHEMBL46618,COC(=O)[C@H](Cc1cccc(C(=N)N)c1)[C@@H](C)NC(=O)c1ccc(-c2cc[n+]([O-])cc2)cc1,['Coagulation factor X']
CHEMBL500853,CCCCCCOC(C)c1c(C)c2cc3nc(c4c5[nH]c(cc6nc(cc1[nH]2)C(C)=C6CC)c(C)c5C(=O)C4)[C@@H](CCC(=O)O)[C@@H]3C,[]
CHEMBL526,CC(C)c1cccc(C(C)C)c1O,[]
CHEMBL547,CC1=C(/C=C/C(C)=C/C=C/C(C)=C\C(=O)O)C(C)(C)CCC1,"['Retinoid X receptor alpha', 'Retinoic acid receptor alpha', 'Retinoic acid receptor beta', 'Retinoic acid receptor gamma', 'Ornithine decarboxylase', 'Retinoid X receptor alpha', 'Cellular retinoic acid-binding protein I', 'Cellular retinoic acid-binding protein II', 'Liver microsome', 'Cellular retinoic acid-binding protein I', 'F9', 'Cytochrome P450 monooxygenase']"
CHEMBL871,CC(O)(P(=O)(O)O)P(=O)(O)O,['Mevalonate pyrophosphate decarboxylase']
CHEMBL10316,c1ccc2c(c1)OCC(C1=NCCN1)O2,"['Alpha-2c adrenergic receptor', 'Nischarin']"
CHEMBL116583,N=C=N,['Gamma-amino-N-butyrate transaminase']
CHEMBL1201745,CC(C)(Oc1ccc(C(=O)c2ccc(Cl)cc2)cc1)C(=O)[O-].C[N+](C)(C)CCO,['Estrogen-related receptor gamma']
CHEMBL1324,Cc1ccc(C(=O)c2cc(O)c(O)c([N+](=O)[O-])c2)cc1,"['Catechol O-methyltransferase', 'Catechol O-methyltransferase', 'Catechol O-methyltransferase']"
CHEMBL1451179,CCCC(O)C(CC)CO,[]
CHEMBL158,C[C@H]1[C@H](NC(=O)/C(=N\OC(C)(C)C(=O)O)c2csc(N)n2)C(=O)N1S(=O)(=O)O,[]
CHEMBL1615993,COc1ccc2[nH]c(-c3cccc(F)c3)cc(=O)c2c1OP(=O)(O)O,[]
CHEMBL168640,COC(=O)N[C@H](C(=O)NCCCC[C@@H](CO)N(CC(C)C)S(=O)(=O)c1ccc(N)cc1)C(c1ccccc1)c1ccccc1,['Human immunodeficiency virus type 1 protease']
CHEMBL2062266,COc1ccc2c3c1O[C@H]1[C@@H](O)CC[C@H]4[C@@H](C2)N(C)CC[C@@]341.O=C(O)C(O)C(O)C(=O)O,[]
CHEMBL2093999,C[C@]12CCC(=NOCCN)C[C@@H]1C(=O)C[C@@H]1[C@@H]2CC[C@]2(C)C(=O)CC[C@@H]12,[]
CHEMBL2105967,O=C(CCCCCCCC(=O)NCCO)NCCO,[]
CHEMBL233406,O=S(=O)([O-])[O-].[Na+].[Na+],['Carbonic anhydrase V']
CHEMBL2435707,CCCCOc1c(OCCCC)c(=O)c1=O,[]
CHEMBL428880,O=C(O)c1cc(=O)c2c(OCC(O)COc3cccc4oc(C(=O)O)cc(=O)c34)cccc2o1,['Malate dehydrogenase mitochondrial']
CHEMBL4297384,CCn1ncc2c(NC3CCOCC3)c(-c3nnc(Cc4sc(C)nc4C)o3)cnc21,[]
CHEMBL4297453,COc1c(C)cc2c(c1O)[C@@H]1[C@@H]3Cc4c(OC(C)=O)c(C)c5c(c4[C@H](CNC(=O)/C=C/c4cccc(C(F)(F)F)c4)N3[C@@H](O)[C@H](C2)N1C)OCO5,[]
CHEMBL4298160,Cc1ccc(S(=O)(=O)O)cc1.Cn1cc(Nc2nccc(N3C[C@H]4CC[C@@H](C3)N4C(=O)[C@@H]3CC3(F)F)n2)cn1,['Tyrosine-protein kinase JAK2']
CHEMBL4533605,O=C(NNC(=O)[C@@H]1CC[C@@H]2CN1C(=O)N2OS(=O)(=O)O)[C@@H]1CCCNC1,['Beta-lactamase']
CHEMBL5083772,Cn1cc(Nc2nccc(-c3ccc4c(c3)CN(C3COC3)CC[C@H]4NC(=O)c3cn(C(C)(C)C)nn3)n2)cn1,"['Tyrosine-protein kinase BTK', 'Early activation antigen CD69']"
CHEMBL5095182,Cl.O=C(Nc1ncc(SCCN2CCCC2)s1)[C@]1(c2ccc(S(=O)(=O)C3CC3)cc2)C[C@H]1C1CCCCC1,[]
CHEMBL5095230,NCCCC[C@H](NC(=O)C1CCCC1)C(=O)COc1c(F)ccc(F)c1F,[]
CHEMBL513301,COc1cc2c(N)nc(N3CCN(C(=O)OCC(C)(C)O)CC3)nc2c(OC)c1OC,[]
CHEMBL5314588,CCCCCCCCC(F)(F)C(F)(F)C(F)(F)C(F)(F)C(F)(F)C(F)(F)F,[]
CHEMBL660,NC12CC3CC(CC(C3)C1)C2,['Matrix protein 2']
CHEMBL100014,CCCC(=O)OCOC(=O)C(C)(C)C,[]
CHEMBL10188,CC[C@H](NC(=O)c1c(O)c(-c2ccccc2)nc2ccccc12)c1ccccc1,['Neurokinin 3 receptor']
CHEMBL1051,CC(C)OC(=O)CCC/C=C\C[C@@H]1[C@@H](CC[C@@H](O)CCc2ccccc2)[C@H](O)C[C@@H]1O,"['Prostanoid FP receptor', 'Prostanoid FP receptor']"
CHEMBL1088750,CC(C)Cn1ncc2cc(Oc3ccc(F)cc3F)c(C(=O)NCCN(C)C)cc21,[]
CHEMBL1200326,COC(=O)C1=C(C)NC(C)=C(C(=O)OCCN(C)Cc2ccccc2)C1c1cccc([N+](=O)[O-])c1.Cl,"['Voltage-gated L-type calcium channel alpha-1C subunit', 'Sus scrofa', 'Potassium channel subfamily K member 2']"
CHEMBL1200383,CN1[C@@H]2CC[C@H]1C[C@@H](OC(c1ccccc1)c1ccccc1)C2.CS(=O)(=O)O,['Dopamine transporter']
CHEMBL1200493,CN(C/C=C/c1ccccc1)Cc1cccc2ccccc12.Cl,['Dehydrosqualene desaturase']
CHEMBL1201044,Cc1ccccc1N1CCN(CCc2nnc3n2CCCC3)CC1.Cl,['Serotonin 1a (5-HT1a) receptor']
CHEMBL1214827,CC(C)c1cc(C(=O)N2Cc3ccc(CN4CCN(C)CC4)cc3C2)c(O)cc1O,['Heat shock protein HSP 90-alpha']
CHEMBL1332032,CC(=O)Oc1cc(C(F)(F)F)ccc1C(=O)O,[]
CHEMBL1521495,O=C1CN=C(c2ccccc2)c2c(sc3c2CCCC3)N1,[]
CHEMBL1706,Cl.c1ccc2c(CC3=NCCN3)cccc2c1,[]
CHEMBL1723241,CC(=O)[N-]S(=O)(=O)c1ccc(N)cc1.O.[Na+],[]
CHEMBL1788385,Cc1cc(Br)c(O)c2ncccc12,[]
CHEMBL1905073,Nc1ccc(S(=O)(=O)Nc2cnc3c(Cl)cccc3n2)cc1,[]
CHEMBL2037511,CC[C@H](C)[C@@H]1C(=O)N[C@H](C2Cc3ccccc3C2)C(=O)N1[C@@H](C(=O)N1CCOCC1)c1ccc(C)nc1C,['Oxytocin receptor']
CHEMBL2106622,N[C@@H](Cc1cc([131I])c(Oc2ccc(O)c([131I])c2)c([131I])c1)C(=O)O,"['Thyroid hormone receptor beta-1', 'Thyroid hormone receptor alpha', 'Thyroid hormone receptor beta-1']"
CHEMBL2107553,O=C1NOCC1/N=C/c1ccc(/C=N/C2CONC2=O)cc1,[]
CHEMBL2110580,COc1cccc2c1C(=O)c1c(O)c3c(c(O)c1C2=O)C[C@@](O)(C(=O)CO)C[C@@H]3O[C@H]1C[C@H](N)[C@H](OCc2ccccc2)[C@H](C)O1,[]
CHEMBL2110816,CC(CC1c2ccccc2CCc2ccccc21)CN(C)C,[]
CHEMBL2137530,c1ccc2c(CCNc3ccc(Nc4ccncc4)cc3)c[nH]c2c1,"['NCI-H2122', 'AU565', 'ES8', 'SH-4', 'NB69', 'ES1', 'NEC8', 'VA-ES-BJ', 'SW1088', 'K5', 'HCE-4', 'HD-MY-Z', 'MZ7-mel', 'CHP-212', 'CAL-33', 'BPH-1', 'MC-IXC', 'KYSE-180', 'SK-MEL-30', 'LNCaP-Clone-FGC', 'KU-19-19', 'SK-MEL-24', 'NCI-H1755', 'SW13', 'DK-MG', 'NCI-H1651', 'COLO-792', 'NCI-H1693', 'NCI-H2052', 'D-566MG', 'EPLC-272H', 'NCI-H2452', 'IMR-90', 'OC-314', 'EW-7', 'SW900']"
CHEMBL218490,CCN[C@H]1C[C@H](C)S(=O)(=O)c2sc(S(N)(=O)=O)cc21,"['Carbonic anhydrase II', 'Carbonic anhydrase IV', 'Carbonic anhydrase 15', 'Carbonic anhydrase XIII', 'Carbonic anhydrase 2', 'Astrosclerin-3', 'Alpha carbonic anhydrase', 'Carbonic anhydrase, alpha family', 'Carbonate dehydratase', 'Carbonic anhydrase', 'Delta carbonic anhydrase', 'Carbonic anhydrase', 'AGAP002992-PA', 'Carbonic anhydrase', 'Carbonic anhydrase']"
CHEMBL2338675,Nc1nc(=O)c2c([nH]1)N[C@@H]1O[C@@H]3COP(=O)(O)O[C@@H]3C(O)(O)[C@@H]1N2,[]
CHEMBL259209,CCN(CC)C(=O)C1(c2ccccc2)CC1CN,"['Serotonin transporter', 'Norepinephrine transporter']"
CHEMBL271475,O=c1[nH]c(=O)n([C@@H]2O[C@H](CO)[C@@H](O)[C@@H]2F)cc1I,"['COLO 320DM', 'S180', 'AZ-521 cell line']"
CHEMBL301742,NC[C@H](CC(=O)O)c1ccc(Cl)cc1,[]
CHEMBL3236549,CC(C)c1cc(N2CC[C@@H](N)C2)nc(N)n1,['Histamine H4 receptor']
CHEMBL3707257,O=[N+]([O-])OCCN(CCO[N+](=O)[O-])CCN(CCO[N+](=O)[O-])CCO[N+](=O)[O-],[]
CHEMBL4298155,CCOc1c([C@H](C)n2nc(C)c3c(N)ncnc32)cc(Cl)c(F)c1[C@@H]1CNC(=O)C1.Cl,[]
CHEMBL4300766,C[C@H](O)CCCCn1c(=O)c2c(ncn2C)n(C)c1=O,[]
CHEMBL450,CCC1(CC)C(=O)NC(=O)N(C)C1=O,[]
CHEMBL4585668,CS(=O)(=O)c1ccc(Oc2cc(F)cc(C#N)c2)c2c1[C@H](O)[C@H](F)[C@@H]2F,['Endothelial PAS domain-containing protein 1']
CHEMBL464,CCOC(=O)/C=C(C)/C=C/C=C(C)/C=C/c1c(C)cc(OC)c(C)c1C,[]
CHEMBL5314452,CCCn1cc(OCC(F)(F)F)c(C(=O)Nc2ccc(Oc3ccnc4cc(OC)c(OC)cc34)cn2)n1,['Hepatocyte growth factor receptor']
CHEMBL5314497,CCn1ncc2c1-c1cnc(N)c(c1)O[C@H](C)c1cc(F)ccc1-c1nn(C)nc1C2,[]
CHEMBL582857,COc1ccc(S(=O)(=O)N2C(=O)[C@@](c3ccccc3OC)(N3C[C@H](O)C[C@H]3C(=O)N(C)C)c3cc(Cl)ccc32)c(OC)c1,"['Vasopressin V1a receptor', 'Oxytocin receptor', 'Vasopressin V1b receptor']"
CHEMBL702,CCN1CCN(C(=O)N[C@@H](C(=O)N[C@@H]2C(=O)N3[C@@H]2SC(C)(C)[C@@H]3C(=O)O)c2ccccc2)C(=O)C1=O,[]
CHEMBL71752,CCOC(=O)C1=C[C@]2(CC)CCCN3CCc4c(n1c1ccccc41)[C@@H]32,['INS1(832/13)']
CHEMBL752,Nc1ncnc2c1ncn2[C@@H]1O[C@H](COP(=O)(O)O)[C@@H](O)[C@H]1O,"['P2X purinoceptor 1', ""Bis(5'-adenosyl)-triphosphatase"", 'Purinergic receptor P2Y11', 'Phospholipase C-gamma-1', 'Echinoidea']"
CHEMBL981,CC(C)(Oc1ccc(C(=O)c2ccc(Cl)cc2)cc1)C(=O)O,"['Peroxisome proliferator-activated receptor alpha', 'Fatty acid-binding protein, liver']"
CHEMBL1200937,CCN(CC)CCS(=O)(=O)[C@@H]1CCN2C(=O)c3coc(n3)CC(=O)C[C@H](O)/C=C(C)/C=C/CNC(=O)/C=C/[C@@H](C)[C@@H](C(C)C)OC(=O)[C@@H]12,[]
CHEMBL1201728,CN(C)CC(c1ccc(O)cc1)C1(O)CCCCC1.O=C(O)CCC(=O)O,[]
CHEMBL1296,CN(C)CCn1nnnc1SCC1=C(C(=O)O)N2C(=O)[C@@H](NC(=O)Cc3csc(N)n3)[C@H]2SC1,"['Solute carrier family 22 member 6', 'Solute carrier family 22 member 8']"
CHEMBL1517,CN(C)[C@@H]1C(O)=C(C(N)=O)C(=O)[C@@]2(O)C(O)=C3C(=O)c4c(O)cccc4[C@@](C)(O)[C@H]3[C@H](O)[C@@H]12,[]
CHEMBL152,Nc1ccn(C[C@@H](CO)OCP(=O)(O)O)c(=O)n1,[]
CHEMBL15770,CC1=C(CC(=O)O)c2cc(F)ccc2/C1=C\c1ccc([S+](C)[O-])cc1,[]
CHEMBL1688243,CCO[C@@H]1Cc2cc(C(F)(F)F)ccc2[C@H]1N1CCN(C2(C)CCN(C(=O)c3c(C)ncnc3C)CC2)C[C@@H]1C,['C-C chemokine receptor type 5']
CHEMBL208375,C[N+](C)(C)CCOP(=O)([O-])OCCCCCCCCCCCCCCCCCCc1ccc(I)cc1,[]
CHEMBL2096650,O.O.O.O.O.O=S([O-])([O-])=S.[Na+].[Na+],['Carbonic anhydrase II']
CHEMBL2103751,C[C@]12C=CC(=O)C=C1CC[C@@H]1[C@@H]2[C@@H](O)C[C@@]2(C)[C@H]1CC[C@]2(O)C(=O)COC(=O)CCCc1ccc(N(CCCl)CCCl)cc1,[]
CHEMBL2105631,CC[C@H](C)OC(=O)Cc1oc2ccccc2c1C(=O)c1cc(I)c(OCCN(CC)CC)c(I)c1,[]
CHEMBL2107771,C[C@H](NCc1ccc(OCc2ccccc2F)cc1)C(N)=O,[]
CHEMBL2177913,NC1=N[C@@](c2cccc(-c3cncnc3)c2)(c2ccnc(C(F)F)c2)c2cccc(F)c21,['Beta-secretase 1']
CHEMBL237500,CC#CCn1c(N2CCC[C@@H](N)C2)nc2c1c(=O)n(Cc1nc(C)c3ccccc3n1)c(=O)n2C,['Dipeptidyl peptidase IV']
CHEMBL2393130,COc1cc(OC)c2c(=O)[nH]c(-c3cc(C)c(OCCO)c(C)c3)nc2c1,"['Bromodomain-containing protein 4', 'OCI-AML-3']"
CHEMBL290194,C=CCN1CCCC1CNC(=O)c1cc2nn[nH]c2cc1OC,[]
CHEMBL3301600,C=CC(=O)Nc1cccc(Nc2nc(Nc3ccc(OCCOC)cc3)ncc2F)c1.O=S(=O)(O)c1ccccc1,[]
CHEMBL334491,CC(C)(C)N1CCC(c2ccccc2)(c2ccccc2)CC1,[]
CHEMBL33986,Oc1ccc2c(c1)[C@@]13CCCC[C@@]1(O)[C@@H](C2)N(CC1CCC1)CC3,"['Mu opioid receptor', 'Delta opioid receptor']"
CHEMBL3639788,O=C(Cc1cccc(OC(F)(F)F)c1)Nc1ccc(CCCCc2nnc(NC(=O)Cc3ccccn3)s2)nn1,"['Glutaminase kidney isoform, mitochondrial']"
CHEMBL3989826,COc1ccc2c3c1O[C@H]1C(=O)CC[C@@]4(O)[C@@H](C2)N(C)CC[C@]314.COc1ccc2c3c1O[C@H]1C(=O)CC[C@@]4(O)[C@@H](C2)N(C)CC[C@]314.O=C(O)c1ccc(C(=O)O)cc1,['Delta opioid receptor']
CHEMBL3989856,O.O.O.O.O.O.O.O.O.O.O=S(=O)([O-])[O-].[Na+].[Na+],[]
CHEMBL4298149,O=C(O)CC(O)(CC(=O)O)C(=O)O.[O-][n+]1cccc(/C(Cl)=N/OC[C@H](O)CN2CCCCC2)c1,[]
CHEMBL4650316,C[C@@H]1Cc2c([nH]c3ccccc23)[C@@H](c2c(F)cc(NC3CN(CCCF)C3)cc2F)N1CC(F)(F)CO,['Estrogen receptor alpha']
CHEMBL550936,CC(C)C(=O)OC[C@@]1(N=[N+]=[N-])O[C@@H](n2ccc(N)nc2=O)[C@H](OC(=O)C(C)C)[C@@H]1OC(=O)C(C)C,['Hepatitis C virus']
CHEMBL925,N[C@@H](Cc1ccc(O)cc1)C(=O)O,['L-type amino acid transporter 1']
CHEMBL1096979,NC(CO)C(=O)NNCc1ccc(O)c(O)c1O,[]
CHEMBL1200692,CCCc1nc(C(C)(C)O)c(C(=O)OCc2oc(=O)oc2C)n1Cc1ccc(-c2ccccc2-c2nnn[nH]2)cc1,[]
CHEMBL1200851,C[N+]1(C)[C@@H]2CC[C@H]1C[C@@H](OC(=O)C(O)c1ccccc1)C2.[Br-],[]
CHEMBL1201256,COc1cc(C(=O)NCc2ccc(OCCN(C)C)cc2)cc(OC)c1OC,[]
CHEMBL1213420,CN1c2c(oc(=O)n(-c3ccccn3)c2=O)-c2ccccc2S1(=O)=O,[]
CHEMBL136497,Nc1nc(N)nc(-c2cc(Cl)ccc2Cl)n1,['Adenylate cyclase type 10']
CHEMBL1434,CN(C)c1ccc(O)c2c1C[C@H]1C[C@H]3[C@H](N(C)C)C(O)=C(C(N)=O)C(=O)[C@@]3(O)C(O)=C1C2=O,[]
CHEMBL154111,O=C(Oc1ccccc1C(=O)O)c1ccccc1O,[]
CHEMBL161381,Nc1nc(=O)n(C2CSC(CO)O2)cc1F,['Human immunodeficiency virus 1']
CHEMBL1652606,Cc1oc(=O)oc1COC(=O)N1CC[C@@H](N2CC/C(=C\C3=C(C(=O)O)N4C(=O)[C@@H](NC(=O)/C(=N/O)c5nsc(N)n5)[C@H]4SC3)C2=O)C1,[]
CHEMBL1763,NS(=O)(=O)c1cc2c(cc1C(F)(F)F)NCNS2(=O)=O,['Carbonic anhydrase II']
CHEMBL207538,CC(=O)[C@H]1CC[C@H]2[C@@H]3CC[C@H]4C[C@H](O)CC[C@]4(C)[C@H]3CC[C@]12C,['GABA-A receptor; anion channel']
CHEMBL2104415,CO/N=C1\C[C@]2(C[C@@H]3C[C@@H](C/C=C(\C)C[C@@H](C)/C=C/C=C4\CO[C@@H]5[C@H](O)C(C)=C[C@@H](C(=O)O3)[C@]45O)O2)O[C@H](/C(C)=C/C(C)C)[C@H]1C,[]
CHEMBL2104900,O=C(OCCOCCN1CCCCC1)N1c2ccccc2Sc2cccnc21,[]
CHEMBL2218893,CN(C)C(=O)COc1ccc2c(c1)C[C@@H](NC[C@H](O)c1ccc(O)c(CCO)c1)CC2.CN(C)C(=O)COc1ccc2c(c1)C[C@@H](NC[C@H](O)c1ccc(O)c(CCO)c1)CC2.O=S(=O)(O)O,['Beta-2 adrenergic receptor']
CHEMBL2368861,CO[C@@]12CC[C@@]3(C[C@@H]1[C@](C)(O)C(C)(C)C)[C@H]1Cc4ccc(O)c5c4[C@@]3(CCN1CC1CC1)[C@H]2O5.Cl,[]
CHEMBL307697,O=[N+]([O-])c1ccc(NN=C(c2ccc(O)cc2)c2ccc(O)cc2)c([N+](=O)[O-])c1,[]
CHEMBL3542265,CC(C)OC(=O)N[C@H]1Cc2c(n(Cc3ccccn3)c3ccc(C#N)cc23)C1,[]
CHEMBL376897,C[N+]1(C)[C@@H]2C[C@@H](OC(=O)[C@H](CO)c3ccccc3)C[C@H]1[C@@H]1O[C@@H]12,[]
CHEMBL3931782,[Na+].[O-]c1c(-n2ccnn2)cnn1-c1cc(N2CCOCC2)ncn1,['Hypoxia-inducible factor prolyl 4-hydroxylase']
CHEMBL4298141,CC(=O)Oc1ccccc1C(=O)OC1=CC[C@H]2[C@H]3Cc4ccc(OC(=O)c5ccccc5OC(C)=O)c5c4[C@@]2(CCN3C)[C@H]1O5,[]
CHEMBL460026,CC/C=C\C/C=C\C/C=C\C/C=C\C/C=C\CCCC(=O)O,['Phomopsis obscurans']
CHEMBL497318,CCCCCc1cc(O)c(C/C=C(\C)CCC=C(C)C)c(O)c1,['Cannabinoid CB2 receptor']
CHEMBL502109,CCCCCCCCCCCCC[N+](C)(C)Cc1ccccc1.[Cl-],[]
CHEMBL504652,c1cncc(N2CCC3(CCCN3)C2)c1,['Neuronal acetylcholine receptor; alpha4/beta2']
CHEMBL50588,CC[C@H]1CN2CCc3cc(OC)c(OC)cc3[C@@H]2C[C@@H]1C[C@H]1NCCc2cc(OC)c(OC)cc21,"['RT-4', 'Human coronavirus OC43']"
CHEMBL5095506,Cc1cc(-c2ncnn2C)c2cccc(OCc3c(Cl)cc(F)cc3[C@H](C)NC(=O)COC(F)F)c2n1,['Bradykinin B2 receptor']
CHEMBL530,CC1(C)S[C@@H]2[C@H](/N=C/N3CCCCCC3)C(=O)N2[C@H]1C(=O)O,[]
CHEMBL5314373,C/C=C/C1=C(C(=O)O)N2C(=O)[C@@H](NC(=O)[C@H](N)c3ccc(O)cc3)[C@H]2SC1.O,[]
CHEMBL598172,COc1ccc(NC(=O)Nc2ccc(F)cc2F)cc1-c1c(Br)cnn1C,"['Serotonin 2a (5-HT2a) receptor', 'Serotonin 2c (5-HT2c) receptor']"
CHEMBL869,NC(=O)N/N=C/c1ccc([N+](=O)[O-])o1,[]
CHEMBL95,Nc1c2c(nc3ccccc13)CCCC2,['Acetylcholinesterase']
CHEMBL1079,Clc1ccc2nsnc2c1NC1=NCCN1,['Alpha-1B adrenergic receptor']
CHEMBL113178,C[Se]CC[C@H](N)C(=O)O,"['Glutamate receptor ionotropic kainate 1', 'Glutamate receptor ionotropic kainate 2', 'Betaine transporter', 'Gamma-amino-N-butyrate transaminase', 'GABA receptor alpha-1 subunit']"
CHEMBL1182714,CNCCCOc1cc(F)c(-c2c(Cl)nc3ncnn3c2N[C@@H](C)C(F)(F)F)c(F)c1,[]
CHEMBL1200436,C[C@]12COC(=O)C[C@@H]1CC[C@@H]1[C@@H]2CC[C@@]2(C)[C@H]1CC[C@]2(C)O,[]
CHEMBL1201134,CCCCC(F)(F)[C@@]1(O)CC[C@H]2[C@@H](CC(=O)[C@@H]2CCCCCCC(=O)O)O1,[]
CHEMBL1206232,COc1ccc(/C=C\c2cc(OC)c(OC)c(OC)c2)cc1OP(=O)(O)O,"['HMEC-1', 'Colon 26', 'MCF7-DOX']"
CHEMBL1231529,Cc1c(N)nc([C@H](CC(N)=O)NC[C@H](N)C(N)=O)nc1C(=O)N[C@H](C(=O)N[C@H](C)[C@@H](O)[C@H](C)C(=O)N[C@H](C(=O)NCCc1nc(-c2nc(C(=O)NCCCNCCCCNCCCN)cs2)cs1)[C@@H](C)O)[C@@H](O[C@@H]1O[C@@H](CO)[C@@H](O)[C@H](O)[C@@H]1O[C@H]1O[C@H](CO)[C@@H](O)[C@H](OC(N)=O)[C@@H]1O)c1cnc[nH]1,[]
CHEMBL125,CCCCCCCCCCCCCCCCOP(=O)([O-])OCC[N+](C)(C)C,[]
CHEMBL1375743,Cl.O.O=C1Cc2cc(CCN3CCN(c4nsc5ccccc45)CC3)c(Cl)cc2N1,"['Dopamine D2 receptor', 'Dopamine D2 receptor and Serotonin 2a receptor (D2 and 5HT2a)']"
CHEMBL1521,CCN(C(C)=O)c1cccc(-c2ccnc3c(C#N)cnn23)c1,[]
CHEMBL1589896,Oc1ccc(C(O)CNCCCCCCNCC(O)c2ccc(O)c(O)c2)cc1O,['Beta-2 adrenergic receptor']
CHEMBL1614701,Cn1cnc2c(F)c(Nc3ccc(Br)cc3Cl)c(C(=O)NOCCO)cc21,"['COLO 205', 'A-375', 'LoVo', 'Dual specificity mitogen-activated protein kinase kinase 1', 'BXPC-3', 'AGS', 'KG-1', 'T98G', 'A-427', 'NCI-H358', 'NCI-H1650', 'RPMI-7951', 'J82', 'NCI-H292', 'Daoy', 'PA-1', 'U-266', 'MKN-28', 'CAL-27', 'SK-MES-1', 'BT-20', 'A2058', 'MSTO-211H', 'RT-112', 'NCI-H2122', 'HCC1806', 'DU-4475', 'SK-LU-1', 'CA46', 'BV-173', 'MEG-01', 'SW48', '697', 'SNU-5', 'UMUC3', 'CFPAC-1', 'KU812 cell line', 'LAMA-84', 'PSN1', 'AU565', 'KYSE-520 cell line', 'SJRH30', 'NOMO-1', 'NCI-H441', 'SW982', 'NCI-H596', 'DEL', 'NCI-H526', 'RD', 'Ca9-22', 'NOS-1', 'HAL-01', 'LB1047-RCC', 'KS-1', 'ML-2', 'SW 954', 'NKM-1', 'MKN-7', 'SNU1', 'QIMR-WIL', 'ONS-76', 'A101D', 'CTV-1', 'CHL-1', 'C32', 'BB30-HNC', 'SAS', 'NCI-H1792', 'ACN', 'SNU-423', 'MKN-1', 'HT-144', 'TE-12', 'KARPAS-45', 'TE-8', 'SK-MEL-1', 'LXF-289 cell line', 'LB2241-RCC', 'COLO-829', 'A3-KAW', 'KGN', 'ETK-1', 'A4-Fuk', 'ES4', 'Calu-3', 'SK-MEL3', 'CTB-1', 'SW872', 'ES8', 'SK-NEP-1', 'SH-4', 'EM-2', 'BB65-RCC', 'NTERA-2-cl-D1', 'SW 962', 'MZ1-PC', 'NCI-H82', 'SK-N-AS', 'GI-ME-N', 'NB69', 'GB-1', 'CGTH-W-1', 'A388', 'NEC8', 'NCI-H747', 'ME-180', 'SNU-387', 'JAR', 'HH', 'NCI-H1355', 'L-540', 'TE-10', 'SF-126', 'DB', 'HT1197', 'KYSE-150 cell line', 'HuP-T3', 'VA-ES-BJ', 'SW780', 'GCIY', 'NCI-H1437', 'SCC-25', 'Becker', 'BE-13', 'NMC-G1', 'G-401', 'REH', 'MZ2-MEL', 'SW1088', '8305C', 'IST-MEL1', 'Ramos-2G6-4C10', 'GT3TKB', 'MLMA', 'EW-1', 'LS-411N', 'IA-LM', 'NCI-H1648', 'TE-9', 'Ca-Ski', 'A704', 'LB831-BLC', 'GR-ST', 'L-428', 'SCC-4', 'SW1710', 'EW-3', 'J-RT3-T3-5', 'LS-123', 'K5', 'NCI-H209', 'A204', 'HCE-4', 'HD-MY-Z', 'A253 cell line', 'C2BBe1', 'C-33-A', 'DSH1', 'D-263MG', 'HCE-T', 'NB10', 'NB5', 'LB996-RCC', 'MZ7-mel', 'BFTC-905', 'MEL-HO', 'NH-12', 'SK-N-FI', 'MeWo', 'EW-13', 'GAMG', 'LCLC-97TM1', 'HSC-2', 'HC-1', 'TE-5', 'KALS-1', 'HuP-T4', 'CHP-212', 'D283 Med', 'CAL-33', 'HCC2218', 'LB2518-MEL', 'MHH-NB-11', 'BPH-1', 'TE-6', 'YKG-1', 'HSC-3', 'SCC-15', 'NCI-H2126', 'NCI-H1155', 'KINGS-1', 'FTC-133', 'CAL-12T', 'PANC-03-27', 'TGBC1TKB', 'TCC-SUP', 'Detroit562', 'D-502MG', 'NB6', 'SHP77', 'SNU-C2B', 'NCI-H1770', 'CAL-39', 'KLE', 'CAS-1', 'BHY', 'NCI-H2009', 'MN-60', 'LS-513', 'LB771-HNC', 'KMOE-2', 'BB49-HNC', 'NCI-H2030', 'BCPAP', 'SW 1116', 'HLE', 'MC-IXC', 'KY821', '639-V', 'BHT-101', 'CAL-54', 'ES3', 'SBC-1', 'SNU-449', 'HuCCT-1', 'DBTRG-05MG', 'EFO-27', 'DOK', 'TGBC24TKB', 'KYSE-410', 'LU-139', 'P12-Ichikawa', 'KYSE-180', 'SK-MEL-30', 'IGR-1', 'LS-1034', 'GCT', 'NCI-H1092', 'HO-1-N-1', 'MHH-ES-1', 'HTC-C3', 'GP5d', 'NCI-H720', 'DJM-1', 'LAN-6', 'VMRC-RCZ', 'COLO-679', 'ESS-1', 'COR-L105', 'OAW-42', 'HT-1376', 'NCI-H2170', 'JVM-3', 'CAL-85-1', 'COLO-800', 'KYSE-140', 'OMC-1', 'Lu-65', 'KNS-81-FD', 'NB17', 'CAL-62', 'EW-11', 'RVH-421', 'TYK-nu', 'NCI-H2087', 'Panc1005', 'HN', 'VM-CUB-1', 'H-EMC-SS', 'LU-99A', 'EW-18', 'HCC38', 'HT-3', 'WM-115', 'D-247MG', 'HDLM-2', 'RPMI-8866', 'COR-L88', 'BFTC-909', 'GAK', 'CP66-MEL', 'HCC1187', 'NB14', 'DoTc2-4510', 'NCI-H650', 'D-392MG', 'NY', 'KU-19-19', 'SK-MEL-24', 'NCI-H2347', '647-V', 'COLO-678', 'KOSC-2', 'RERF-LC-MS', 'DMS-79', 'MDA-MB-415', 'CAL-120', 'NCI-H2405', 'HPAF-II', 'AM-38', 'S-117', 'EFO-21', 'RCM-1', 'LB373-MEL-D', 'NB7', 'MDA-MB-175-VII', 'SKG-IIIa', 'SW13', 'RO82-W-1', 'HSC-4', 'EGI-1', 'HCC1395', 'NCI-H1573', 'HEC-1', 'DK-MG', 'NCI-H1563', 'NCI-H1651', 'OAW-28', 'MFE-280', 'GMS-10', 'CaR-1', 'SW756', 'COLO-680N', 'NCI-H1395', 'EW-24', 'COLO-792', 'NCI-H1693', 'COLO-741', 'CP50-MEL-B', 'SK-CO-1', 'BEN', 'JEG-3', 'D-542MG', 'SW1417', 'SW684', 'NBsusSR', 'EHEB', 'HCC1419', 'RMG-I', 'D-566MG', 'SCH', 'EB-3', 'LN-405', 'EPLC-272H', 'UMC-11', 'HT55', 'SW837', 'NCI-H1793', 'ZR-75-30', 'WSU-NHL', 'NCI-H1048', 'MOLT-13', 'NCI-H2452', 'UACC-893', 'EC-GI-10', 'TI-73', 'NCI-H630', 'SW948', 'ECC10', 'MHH-CALL-2', 'SW1463', 'NCI-H1838', 'YH-13', 'KNS-62', 'TGBC11TKB', 'OC-314', 'KP-N-YN', 'CW-2', 'NCI-H1666', 'RH-18', 'NCI-H2291', 'SW900', 'BALL-1', 'SK-MEL19', 'LU-135', 'NCI-H2029']"
CHEMBL17350,C[C@@H]([C@@H](O)c1ccc(O)cc1)N1CCC(O)(c2ccccc2)CC1,['Glutamate [NMDA] receptor subunit epsilon 2']
CHEMBL1951095,CN(C)[C@@H]1C(O)=C(C(N)=O)C(=O)[C@@]2(O)C(O)=C3C(=O)c4c(O)c(NC(=O)CN5CCCC5)cc(F)c4C[C@H]3C[C@@H]12,[]
CHEMBL20684,COc1ccc(S(=O)(=O)Nc2cccnc2Nc2ccc(O)cc2)cc1,[]
CHEMBL2106388,[Ca+2].[OH-].[OH-],[]
CHEMBL2106561,CCOC(=O)NNc1ccc(N(CC)CC(C)O)nn1,[]
CHEMBL2107112,CC(C)(C)C(=O)SCC(=O)[C@@]1(O)CC[C@H]2[C@@H]3CCC4=CC(=O)CC[C@]4(C)[C@H]3[C@@H](O)C[C@@]21C,[]
CHEMBL2107773,Cc1cc(OCC(=O)O)c(C)cc1CCN[C@@H](C)[C@H](O)c1ccc(O)cc1,['Beta-2 adrenergic receptor']
CHEMBL2110954,CC1(C)CC(C)(C)CC(C)(N)C1,[]
CHEMBL3219616,CC[C@]1(c2cccc(NS(C)(=O)=O)c2)[C@@H]2CN(CC3(O)Cc4ccccc4C3)C[C@@H]21,[]
CHEMBL3545241,Cc1cc(Nc2nc(C(O)c3ccc(F)cc3)nc3ccccc23)n[nH]1,"['Serine/threonine-protein kinase Aurora-A', 'G protein-coupled receptor kinase 6']"
CHEMBL3586573,CCN1C(=O)CNc2ncc(-c3ccc(-c4nc[nH]n4)nc3C)nc21,['Serine/threonine-protein kinase mTOR']
CHEMBL3707212,CC(=O)[C@@]1(O)CC[C@H]2[C@@H]3CCC4=CC(=O)CC[C@@H]4[C@H]3CC[C@@]21C,"['Progesterone receptor', 'Corticosteroid binding globulin']"
CHEMBL3707310,Cc1cc(C2=NO[C@@](c3cc(Cl)c(Cl)c(Cl)c3)(C(F)(F)F)C2)sc1C(=O)NCC(=O)NCC(F)(F)F,['Cyclic GMP-AMP synthase']
CHEMBL3833314,O.O.O.O.O.O.[Al+3].[Cl-].[Cl-].[Cl-],[]
CHEMBL415247,CC(C)[C@@H](CN1CC[C@@](C)(c2cccc(O)c2)[C@@H](C)C1)NC(=O)[C@H]1Cc2ccc(O)cc2CN1,"['Delta opioid receptor', 'Mu opioid receptor', 'Kappa opioid receptor']"
CHEMBL4208229,O=C(Nc1ccc(OC(F)(F)Cl)cc1)c1cnc(N2CC[C@@H](O)C2)c(-c2cc[nH]n2)c1,['Tyrosine-protein kinase ABL']
CHEMBL4297608,C=C1/C(=C\C=C2/CCC[C@]3(C)[C@@H]([C@H](C)CCCC(C)(C)O)CC[C@@H]23)C[C@@H](O)[C@@H](OCCCO)[C@@H]1O,['Vitamin D receptor']
CHEMBL454,C=CCC1(CC(C)C)C(=O)NC(=O)NC1=O,[]
CHEMBL4594252,[O]=[Al][O][Al]=[O],['Carbonic anhydrase V']
CHEMBL4594305,CC(=O)N1CCC2(CC1)c1cc(C#C[C@H]3O[C@H](CO)[C@@H](O)[C@H](O)[C@@H]3O)ccc1-c1ccc(C#C[C@H]3O[C@H](CO)[C@@H](O)[C@H](O)[C@@H]3O)cc12,[]
CHEMBL529437,COC(=O)[C@H]1[C@@H](OC(=O)c2ccccc2)C[C@@H]2CC[C@H]1N2C.Cl,"['Dopamine transporter', 'Dopamine transporter']"
CHEMBL569,CCN(CC)CCOC(=O)c1ccc(N)cc1,[]
CHEMBL591118,COc1cc2c(cc1OC)[C@@H]1C[C@H](N)[C@@H](N3C[C@@H](CF)CC3=O)CN1CC2,['Dipeptidyl peptidase IV']
CHEMBL700,Nc1ccc(S(=O)(=O)Nc2ccccn2)cc1,[]
CHEMBL1200523,Cc1nnc(SCC2=C(C(=O)[O-])N3C(=O)[C@@H](NC(=O)Cn4cnnn4)[C@H]3SC2)s1.[Na+],[]
CHEMBL1200904,C#CCN(C)[C@H](C)Cc1ccccc1.Cl,[]
CHEMBL1201336,O=C1NC(c2ccccc2)(c2ccccc2)C(=O)N1COP(=O)(O)O,[]
CHEMBL1205402,COc1cc(/C=C\c2ccc(OC)c(OP(=O)(O)O)c2OP(=O)(O)O)cc(OC)c1OC,[]
CHEMBL1411979,CN(C)CCN(Cc1cccs1)c1ccccn1,[]
CHEMBL1667969,O=c1[nH]ccc2cc(OC3CCNCC3)ccc12,[]
CHEMBL17289,N#CN=C(NCCCCCCOc1ccc(Cl)cc1)Nc1ccncc1,"['NSCLC', 'HONE1 cell line', 'NUGC', 'HA22T cell line', 'YOSHIDA', 'WALKER']"
CHEMBL182066,O=C(Nc1ccc2nc(O)oc2c1)C(=O)N1CCC(Cc2ccc(F)cc2)CC1,"['Glutamate [NMDA] receptor subunit epsilon 2', 'Glutamate [NMDA] receptor', 'Glutamate NMDA receptor; GRIN1/GRIN2B', 'Glutamate [NMDA] receptor subunit epsilon 2']"
CHEMBL2104824,c1cc2c(c(NC3=NCCN3)c1)CCC2,"['Adrenergic receptor alpha-2', 'Nischarin']"
CHEMBL2105720,O=C(O)CSc1nnc(Br)n1-c1ccc(C2CC2)c2ccccc12,['Solute carrier family 22 member 12']
CHEMBL2178573,Cc1cnc(C(=O)c2ncnc3[nH]ccc23)c(NS(=O)(=O)c2ccc(Cl)c(C(F)(F)F)c2)c1,['Serine/threonine-protein kinase B-raf']
CHEMBL276832,NNc1nncc2ccccc12,[]
CHEMBL287631,NC(=O)CCC/N=C(\c1ccc(Cl)cc1)c1cc(F)ccc1O,[]
CHEMBL3039508,CC(C)(NC(=O)C1=C(O)[C@@H]2Oc3c(O)ccc4c3[C@@]23CCN(CC2CC2)[C@H](C4)[C@]3(O)C1)c1nc(-c2ccccc2)no1.Cc1ccc(S(=O)(=O)O)cc1,"['Mu opioid receptor', 'Delta opioid receptor']"
CHEMBL3545363,CC(C)(C)[C@@H]1NC(=O)O[C@@H]2CCC[C@H]2OC/C=C/C(F)(F)c2nc3ccccc3nc2O[C@@H]2C[C@@H](C(=O)N[C@]3(C(=O)NS(=O)(=O)C4(C)CC4)C[C@H]3C(F)F)N(C2)C1=O,"['Hepatitis C virus', 'Hepatitis C virus serine protease, NS3/NS4A']"
CHEMBL4297211,CC(C)(O/N=C(\C(=O)N[C@@H]1C(=O)N2C(C(=O)O)=C(C[N+]3(CCNC(=O)c4ccc(O)c(O)c4Cl)CCCC3)CS[C@H]12)c1csc(N)n1)C(=O)O.CC(C)(O/N=C(\C(=O)N[C@@H]1C(=O)N2C(C(=O)O)=C(C[N+]3(CCNC(=O)c4ccc(O)c(O)c4Cl)CCCC3)CS[C@H]12)c1csc(N)n1)C(=O)O.CC(C)(O/N=C(\C(=O)N[C@@H]1C(=O)N2C(C(=O)O)=C(C[N+]3(CCNC(=O)c4ccc(O)c(O)c4Cl)CCCC3)CS[C@H]12)c1csc(N)n1)C(=O)O.Cc1ccc(S(=O)(=O)O)cc1.Cc1ccc(S(=O)(=O)O)cc1.Cc1ccc(S(=O)(=O)O)cc1.Cc1ccc(S(=O)(=O)[O-])cc1.O.O=S(=O)([O-])[O-],[]
CHEMBL4297425,CCCCCCCCCCCCOC(=O)CCCc1nc2cc(N(CCCl)CCCl)ccc2n1C,[]
CHEMBL4297594,CC(C)OCCn1c(=S)[nH]c(=O)c2[nH]ccc21,"['Myeloperoxidase', 'Thyroid peroxidase']"
CHEMBL4297639,CC(C)CC(=O)Nc1cncc(-c2ccc3[nH]nc(-c4nc5cncc(-c6cccc(F)c6)c5[nH]4)c3c2)c1,"['Dual-specificity tyrosine-phosphorylation regulated kinase 1A', 'Dual specificity protein kinase CLK2', 'Dual specificity protein kinase CLK3']"
CHEMBL4298148,NC(=O)[C@H]1CCN(c2ncnc(N)c2F)C[C@@H]1N1CCC[C@@H](Nc2cc(Cl)cc(C(F)(F)F)c2)C1=O.O=C(O)CCC(=O)O,[]
CHEMBL449782,COc1ccc2cc1Oc1ccc(cc1)C[C@H]1c3c(cc4c(c3Oc3cc5c(cc3OC)CCN(C)[C@@H]5C2)OCO4)CCN1C,[]
CHEMBL4594286,Cl.O=C(Cc1cccc(OC(F)(F)F)c1)Nc1ccc(CCCCc2nnc(NC(=O)Cc3ccccn3)s2)nn1,"['Glutaminase kidney isoform, mitochondrial']"
CHEMBL4594352,CC[C@@]1(OC(=O)C(C)ON=C2c3cc([N+](=O)[O-])cc([N+](=O)[O-])c3-c3c2cc([N+](=O)[O-])cc3[N+](=O)[O-])C(=O)OCc2c1cc1n(c2=O)Cc2cc3c(CN(C)C)c(O)ccc3nc2-1,[]
CHEMBL4650324,O=C(NCc1cnc(C(F)(F)F)s1)c1ccc2c(c1)NC(=O)c1ccccc1S2(=O)=O,[]
CHEMBL5314586,COc1ccc(CN2C[C@@]3(CCNC(=O)C3)C2=O)cc1,[]
CHEMBL584,Cc1c(O)cccc1C(=O)N[C@@H](CSc1ccccc1)[C@H](O)CN1C[C@H]2CCCC[C@H]2C[C@H]1C(=O)NC(C)(C)C,['Human immunodeficiency virus type 1 protease']
CHEMBL594,CCOCCn1c(N2CCCN(C)CC2)nc2ccccc21,['Histamine H1 receptor']
CHEMBL6622,O=[N+]([O-])O[C@H]1CO[C@H]2[C@@H]1OC[C@H]2O[N+](=O)[O-],[]
CHEMBL67279,CC(C)[C@H](N)C(=O)N1CCC[C@H]1B(O)O,[]
CHEMBL79261,O=C1c2ccccc2S(=O)(=O)N1CCCCN1CCN(c2cc(Cl)cc3c2OCCO3)CC1,['Serotonin 7 (5-HT7) receptor']
CHEMBL836,CCOc1ccccc1OCCN[C@H](C)Cc1ccc(OC)c(S(N)(=O)=O)c1,"['Serotonin 1a (5-HT1a) receptor', 'Dopamine D2 receptor', 'Alpha-1a adrenergic receptor', 'Alpha-1b adrenergic receptor', 'Alpha-1d adrenergic receptor']"
CHEMBL11662,O=C(O)/C=C/c1ccc(Cn2ccnc2)cc1,['Thromboxane-A synthase']
CHEMBL1395,C[C@]12CCC(=O)C=C1CC[C@@H]1[C@@H]2CC[C@@]2(C)[C@H]1CC[C@]2(C)O,[]
CHEMBL1697856,CCOc1ccc(NC(=O)CC(C)O)cc1,[]
CHEMBL197194,COc1cccc(-c2ccc(NC(=O)C3=C(C(=O)O)CCC3)c(F)c2)c1,['Dihydroorotate dehydrogenase']
CHEMBL2063090,C=C[C@@H]1C[C@]1(NC(=O)[C@@H]1C[C@@H]2CN1C(=O)[C@H](C(C)(C)C)NC(=O)O[C@@H]1C[C@H]1CCCCCc1nc3ccc(OC)cc3nc1O2)C(=O)NS(=O)(=O)C1CC1,"['Unchecked', 'Hepatitis C virus', 'Hepatitis C virus serine protease, NS3/NS4A', 'Genome polyprotein']"
CHEMBL2074765,CCCCCCCCC/C=C/C=C/C(=O)NCC(=O)N[C@@H]1C(O)[C@H](O)C(Nc2ncnc3[nH]cnc23)OC1[C@H](O)CO,[]
CHEMBL2103854,CN(C)c1cc(CNCC(C)(C)C)c(O)c2c1C[C@H]1C[C@H]3[C@H](N(C)C)C(O)=C(C(N)=O)C(=O)[C@@]3(O)C(O)=C1C2=O.Cc1ccc(S(=O)(=O)O)cc1,[]
CHEMBL2105637,Nc1nc(-n2cc(C(=O)O)c(=O)c3cc(F)c(N4CC(O)C4)c(Cl)c32)c(F)cc1F,[]
CHEMBL2107175,N#Cc1c(N(CC(=O)O)CC(=O)O)sc(C(=O)O)c1CC(=O)O,[]
CHEMBL2111016,CC[N+](C)(CC)CCSC1=Nc2ccccc2N=C(c2ccc(Sc3ccccc3)cc2)C1,[]
CHEMBL221186,CN(C)CCNC(=O)COc1c2cccc1Cc1cccc(c1OCC(=O)NCCN(C)C)Cc1cccc(c1OCC(=O)NCCN(C)C)Cc1cccc(c1OCC(=O)NCCN(C)C)C2,['Glutathione S-transferase A1']
CHEMBL2219422,Cn1ncc(Cl)c1-c1cc(C(=O)N[C@H](CN)Cc2cccc(F)c2)sc1Cl,"['Serine/threonine-protein kinase AKT', 'LNCaP', 'Serine/threonine-protein kinase AKT2', 'Serine/threonine-protein kinase AKT3', 'KHOS/NP']"
CHEMBL2431768,CN[C@@H](C)C(=O)N[C@H](C(=O)N1CCC[C@H]1c1nc(C(=O)c2ccc(F)cc2)cs1)C1CCCCC1,"['Inhibitor of apoptosis protein 3', 'Baculoviral IAP repeat-containing protein 3']"
CHEMBL3137318,Cc1ccc(S(=O)(=O)O)cc1.Cn1ncnc1[C@H]1c2n[nH]c(=O)c3cc(F)cc(c23)N[C@@H]1c1ccc(F)cc1,[]
CHEMBL32800,CC(Cc1ccc(O)cc1)NCC(O)c1cc(O)cc(O)c1,"['Beta-2 adrenergic receptor', 'Beta-2 adrenergic receptor']"
CHEMBL3545043,CC(C)Oc1ccc(S(=O)(=O)N2CCN(c3ccc(-c4ncco4)c(OCC(=O)O)c3)CC2)cc1,['Prostanoid DP receptor']
CHEMBL397420,CC(=O)CC(c1ccc([N+](=O)[O-])cc1)c1c(O)c2ccccc2oc1=O,[]
CHEMBL3989569,CCCCCN(C)CCC(O)(P(=O)([O-])O)P(=O)(O)O.O.[Na+],[]
CHEMBL42336,CSCC[C@H](N)C(=O)O,"['Voltage-gated calcium channel alpha2/delta subunit 1', 'Gamma-amino-N-butyrate transaminase', 'Aminopeptidase B', 'GABA receptor alpha-1 subunit']"
CHEMBL4303729,O=C(c1c(F)ccc(NS(=O)(=O)N2CC[C@@H](F)C2)c1F)c1c[nH]c2ncc(-c3cnc(C4CC4)nc3)cc12,['Serine/threonine-protein kinase B-raf']
CHEMBL4567446,COc1cc(C(=O)N2CCC3(CC2)CC(=O)c2c(cnn2C(C)C)C3)cc(-c2ccc(C(=O)O)cc2)n1,['Acetyl-CoA carboxylase 1']
CHEMBL4649378,CC[C@H]1OC(=O)C[C@@H](O)[C@H](C)[C@@H](O[C@@H]2O[C@H](C)[C@@H](O[C@H]3C[C@@](C)(O)[C@@H](OCc4ccc(F)cc4)[C@H](C)O3)[C@H](N(C)C)[C@H]2O)[C@@H](CC=O)C[C@@H](C)C(=O)/C=C/C(C)=C/[C@@H]1CO[C@@H]1O[C@H](C)[C@@H](O)[C@@H](OC)[C@H]1OC,[]
CHEMBL4650320,CC(C)C(=O)OC[C@H]1O[C@@H](n2cc/c(=N\O)[nH]c2=O)[C@H](O)[C@@H]1O,[]
CHEMBL508360,CO[C@@H]1C/C(C)=C\[C@H]2CC[C@@H]([C@@H](C)C[C@@H](C)C(=O)[C@H](OC)[C@H](O)/C(C)=C/[C@@H](C)C(=O)C[C@@H]([C@H](C)C[C@@H]3CC[C@@H](O)[C@H](OC)C3)OC(=O)[C@@H]3CCCCN3C(=O)C(=O)[C@]3(O)O[C@@H](CC[C@H]3C)C1)N(c1ccccc1)O2,['FK506-binding protein 1A']
CHEMBL609583,O=C(NO)c1cnc(N2CCN(S(=O)(=O)c3ccc4ccccc4c3)CC2)nc1,['Histone deacetylase']
CHEMBL103,CC(=O)[C@H]1CC[C@H]2[C@@H]3CCC4=CC(=O)CC[C@]4(C)[C@H]3CC[C@]12C,['Progesterone receptor']
CHEMBL1183349,CNCC(=O)OCc1cccnc1N(C)C(=O)OC(C)[n+]1cnn(C[C@](O)(c2cc(F)ccc2F)[C@@H](C)c2nc(-c3ccc(C#N)cc3)cs2)c1,[]
CHEMBL1189432,CN(C)CC/C=C1/c2ccccc2COc2ccc(CC(=O)O)cc21,[]
CHEMBL146624,CCc1ccc(C(=O)COc2ccc(CC3SC(=O)NC3=O)cc2)nc1,['Free fatty acid receptor 1']
CHEMBL146972,NCCOP(=O)(O)O,['GABA-B receptor']
CHEMBL1607480,CN(C)[C@@H]1C(O)=C(C(N)=O)C(=O)[C@@]2(O)C(O)=C3C(=O)c4c(O)cccc4[C@@](C)(O)[C@H]3[C@H](O)[C@@H]12.Cl,[]
CHEMBL1697762,O=C(OCC(COC(=O)c1cccnc1)(COC(=O)c1cccnc1)COC(=O)c1cccnc1)c1cccnc1,[]
CHEMBL18116,Cc1cccc(N2CC(CO)OC2=O)c1,[]
CHEMBL186,CO/N=C(\C(=O)N[C@@H]1C(=O)N2C(C(=O)[O-])=C(C[N+]3(C)CCCC3)CS[C@H]12)c1csc(N)n1,[]
CHEMBL2105717,COc1cc2nccc(Oc3ccc(NC(=O)C4(C(=O)Nc5ccc(F)cc5)CC4)cc3)c2cc1OC,"['Vascular endothelial growth factor receptor 2', 'Hepatocyte growth factor receptor', 'HUVEC']"
CHEMBL2110732,COc1cc2ncnc(Nc3ccc(F)c(Cl)c3)c2cc1NC(=O)/C=C/CN1CCCCC1,['Epidermal growth factor receptor erbB1']
CHEMBL2110788,CC[N+]1(CC)CCC(OC(=O)C(O)(c2ccccc2)c2ccccc2)C1,['Muscarinic acetylcholine receptor M3']
CHEMBL2219418,C=CCN1CC[C@]23c4c5ccc(O)c4O[C@H]2[C@@H](OCCOCCOCCOCCOCCOCCOCCOC)CC[C@@]3(O)[C@H]1C5,[]
CHEMBL296419,COc1ccc(CCN2CCC(Nc3nc4ccccc4n3Cc3ccc(F)cc3)CC2)cc1,[]
CHEMBL304087,COc1cc(NC(=O)Nc2cccc(CNC(=O)O[C@H]3CCOC3)c2)ccc1-c1cnco1,"[""Inosine-5'-monophosphate dehydrogenase 2""]"
CHEMBL305906,CCCCCCCCCCCCCCCC[n+]1ccccc1,[]
CHEMBL3087515,COC(=O)N1CC[C@@H]2[C@H]1CCC[C@@]2(O)C#Cc1cccc(C)c1,['Metabotropic glutamate receptor 5']
CHEMBL3143549,Nc1nc(O)c2ncn([C@@H]3O[C@H](CO)[C@@H](O)[C@@H]3F)c2n1,[]
CHEMBL314854,CCCCCCCCc1ccc(CCC(N)(CO)CO)cc1,['Sphingosine 1-phosphate receptor Edg-1']
CHEMBL35306,C[C@@H]([C@H](N)C(=O)N[C@H](C(=O)O)[C@H]1O[C@@H](n2ccc(=O)[nH]c2=O)[C@H](O)[C@@H]1O)[C@H](O)c1ccc(O)cn1,"['Chitin synthase 1', 'Phospho-N-acetylmuramoyl-pentapeptide-transferase', 'Tyrosine--tRNA ligase']"
CHEMBL3597971,Cc1cc(C)nc(N2CC3CN(C(=O)c4c(F)cccc4-n4nccn4)CC3C2)n1,"['Orexin receptor 2', 'Orexin receptor 1']"
CHEMBL4298146,O=C(O)/C=C/C(=O)O.O=C(O)/C=C/C(=O)O.O=C(O)/C=C/C(=O)O.O=C1CCc2c(Oc3ccc4c(c3)[C@@H]3[C@H](O4)[C@H]3c3nc4cc(C(F)(F)F)ccc4[nH]3)ccnc2N1.O=C1CCc2c(Oc3ccc4c(c3)[C@@H]3[C@H](O4)[C@H]3c3nc4cc(C(F)(F)F)ccc4[nH]3)ccnc2N1,[]
CHEMBL446143,NCCC[C@H](N)C(=O)O,"['GABA-B receptor', 'N(G),N(G)-dimethylarginine dimethylaminohydrolase 1', 'Ornithine decarboxylase', 'Betaine transporter', 'Gamma-amino-N-butyrate transaminase', 'GABA receptor gamma-1 subunit', 'Arginase-1', 'GABA receptor alpha-1 subunit']"
CHEMBL4594287,COc1cc2c(cc1OC)-c1c/c(=N\c3c(C)cc(C)cc3C)n(CCNC(N)=O)c(=O)n1CC2,[]
CHEMBL469,O=C(c1ccccc1)c1ccc2n1CCC2C(=O)O,[]
CHEMBL486226,Cn1c(N2CCCCS2(=O)=O)nc(C(=O)NCc2ccc(F)cc2)c(O)c1=O,['Human immunodeficiency virus type 1 integrase']
CHEMBL505,CN(C)CCC(c1ccc(Cl)cc1)c1ccccn1,[]
CHEMBL5314363,CN1CCc2cccc3c2[C@H]1Cc1ccc(O)c(O)c1-3.Cl.Cl.O,"['Dopamine D2 receptor', 'Dopamine D1 receptor', 'Dopamine D1 receptor']"
CHEMBL5314596,CCN(CC)CCOC(=O)c1ccccc1OC(C)=O.Cl,[]
CHEMBL583,Cc1c(F)c(N2CCNC(C)C2)cc2c1c(=O)c(C(=O)O)cn2C1CC1,"['Staphylococcus aureus', 'DNA gyrase', 'Mycobacterium smegmatis', 'Topoisomerase IV subunit A', 'Rhizoctonia bataticola', 'Mycobacterium intracellulare', 'Plasmodium yoelii yoelii', 'Micrococcus luteus']"
CHEMBL593,CC(C)Nc1cccnc1N1CCN(C(=O)c2cc3cc(NS(C)(=O)=O)ccc3[nH]2)CC1,['Human immunodeficiency virus type 1 reverse transcriptase']
CHEMBL62382,C[Se]C[C@H](N)C(=O)O,"['Betaine transporter', 'Gamma-amino-N-butyrate transaminase', 'GABA receptor gamma-1 subunit']"
CHEMBL63857,O=C1OC(c2ccc(O)cc2)(c2ccc(O)cc2)c2ccccc21,[]
CHEMBL761,c1ccc2c(CC3=NCCN3)cccc2c1,['Nischarin']
CHEMBL878,Cc1ccccc1N1C(=O)c2cc(S(N)(=O)=O)c(Cl)cc2NC1C,['Carbonic anhydrase II']
CHEMBL969,O=C1CN=C(c2ccccc2)c2cc(Cl)ccc2N1CC1CC1,[]
CHEMBL1086997,CCCCN1C[C@H](O)[C@@H](O)[C@@H](O)[C@H]1CO,"['Beta-glucocerebrosidase', 'Beta-glucosidase', 'Ceramide glucosyltransferase', 'Lysosomal alpha-glucosidase', 'Sucrase-isomaltase', 'Glycogen debranching enzyme']"
CHEMBL11608,NCCc1ccc(O)cc1,[]
CHEMBL1201777,CC[C@@H](c1cccc(O)c1)[C@@H](C)CN(C)C.Cl,[]
CHEMBL1207907,CC(C)(CS(=O)(=O)O)N(Cl)Cl,[]
CHEMBL1258517,O=C(Nc1ccncc1)Nc1ccc(-c2nc(N3CCOCC3)nc(N3C4CCC3COC4)n2)cc1,"['PI3-kinase p110-alpha subunit', 'Serine/threonine-protein kinase mTOR', 'MDA-MB-361']"
CHEMBL1607273,Cl.Cl.O=C(O)COCCN1CCN(C(c2ccccc2)c2ccc(Cl)cc2)CC1,[]
CHEMBL16293,c1ccc2ccccc2c1,[]
CHEMBL2103856,CCOc1cc2c(c(F)c1OCC)C(=N)N(CC(=O)c1cc(N3CCOCC3)c(OC)c(C(C)(C)C)c1)C2,[]
CHEMBL2104273,CCN1[C@@H]2CC[C@H]1C[C@@H](OC(c1ccccc1)c1ccccc1)C2,"['Dopamine transporter', 'Muscarinic acetylcholine receptor M1']"
CHEMBL2104612,O[C@H]([C@H](O)[C@@H](O)CBr)[C@H](O)CBr,[]
CHEMBL2105764,CC1=C2C[C@H]3[C@@H](CC[C@@H]4C[C@H](NS(C)(=O)=O)CC[C@@]43C)[C@@H]2CC[C@@]2(C1)O[C@@H]1C[C@H](C)CN[C@H]1[C@H]2C.Cl,[]
CHEMBL231616,NC(=S)N/N=C/c1ncccc1N,"['MCF7', 'HCT-116', 'HT-29', 'K562', 'HL-60', 'CCRF-CEM', 'NCI-H460', 'MOLT-4', 'SR', 'HCT-15', 'RPMI-8226', 'SW-620', 'NCI-H522', 'COLO 205', 'OVCAR-3', 'U-251', 'LOX IMVI', 'T47D', 'MDA-MB-435', 'ACHN', 'UACC-62', 'SK-MEL-5', 'KM12', 'NCI-H23', '786-0', 'IGROV-1', 'SF-268', 'M14', 'CAKI-1', 'OVCAR-8', 'SF-539', 'RXF 393', 'HOP-92', 'UO-31', 'HOP-62', 'SF-295', 'Malme-3M', 'SK-MEL-2', 'UACC-257', 'TK-10', 'NCI/ADR-RES']"
CHEMBL2403318,Cn1c(C2(NC(=O)c3ccc4c(C5CCCC5)c(-c5ncc(Br)cn5)n(C)c4c3)CCC2)nc2ccc(/C=C/C(=O)O)cc21,['Hepatitis C virus']
CHEMBL30044,N=C(N)c1ccc(OCCCOc2ccc(C(=N)N)cc2Br)c(Br)c1,['Acrosin']
CHEMBL361506,N=C(N)c1ccc(OCCCCCOc2ccc(C(=N)N)cc2)cc1.O=S(=O)(O)CCO.O=S(=O)(O)CCO,"['Plasmodium falciparum', 'Trypanosoma brucei rhodesiense', 'Glutathione-S-transferase']"
CHEMBL3707374,CCCCCCCOc1ccc(CCC(N)(CO)CO)cc1C(F)(F)F.Cl,['Sphingosine 1-phosphate receptor Edg-1']
CHEMBL376359,Cn1c(=O)cc(N2CCC[C@@H](N)C2)n(Cc2ccccc2C#N)c1=O,['Dipeptidyl peptidase IV']
CHEMBL39,NCCc1c[nH]c2ccc(O)cc12,"['Myeloperoxidase', 'Serotonin 1e (5-HT1e) receptor', 'Serotonin 5a (5-HT5a) receptor', 'Serotonin receptor 2a and 2c (5HT2A and 5HT2C)', 'Serotonin (5-HT) receptor']"
CHEMBL3989564,NC[C@H]1O[C@H](O[C@H]2[C@H](O)[C@@H](O[C@H]3O[C@H](CO)[C@@H](O)[C@H](N)[C@H]3O)[C@H](N)C[C@@H]2N)[C@H](N)C[C@@H]1O.NC[C@H]1O[C@H](O[C@H]2[C@H](O)[C@@H](O[C@H]3O[C@H](CO)[C@@H](O)[C@H](N)[C@H]3O)[C@H](N)C[C@@H]2N)[C@H](N)C[C@@H]1O.O=S(=O)(O)O.O=S(=O)(O)O.O=S(=O)(O)O.O=S(=O)(O)O.O=S(=O)(O)O,['Ribosome']
CHEMBL4112929,C[C@@H]1CCC[C@H](n2cnc(-c3cc(Cl)ccc3-n3cc(Cl)nn3)cc2=O)c2cc(ccn2)-c2c(cnn2C(F)F)NC1=O,"['Plasma kallikrein', 'Coagulation factor XI']"
CHEMBL4297219,C[C@@H]1CN(C(=O)c2ccc(NC(=O)c3cc(O[C@H](C)c4c(Cl)ccc(F)c4Cl)c(N)nn3)cc2)C[C@H](C)N1.Cl.Cl,[]
CHEMBL4297278,CC[C@H](O)[C@@H](C)[C@H]1O[C@@H]1C[C@@](C)(O)/C=C/C=C(\C)[C@H]1OC(=O)C[C@H](O)CC[C@@](C)(O)[C@@H](OC(=O)N2CCN(C3CCCCCC3)CC2)/C=C/[C@@H]1C,['P19']
CHEMBL4297472,CN(C[C@H](O)[C@@H](O)[C@H](O)[C@H](O)CO)C(=S)[S-].[Na+],[]
CHEMBL4297483,CN(CCCn1nnc2cc(CNC[C@H](O)c3ccc(O)c4[nH]c(=O)ccc34)ccc21)[C@H]1CC[C@H](OC(=O)C(O)(c2cccs2)c2cccs2)CC1,"['Beta-2 adrenergic receptor', 'Muscarinic acetylcholine receptor M3']"
CHEMBL439,Nc1ccc(S(=O)(=O)Nc2ncccn2)cc1,[]
CHEMBL4650217,COc1cc(C(=O)N2CCC3(CC2)CC(=O)c2c(cnn2C(C)C)C3)cc(-c2ccc(C(=O)O)cc2)n1.NC(CO)(CO)CO,[]
CHEMBL474579,CO[C@@]1(NC(=O)C2SC(=C(C(N)=O)C(=O)O)S2)C(=O)N2C(C(=O)O)=C(CSc3nnnn3C)CS[C@@H]21,[]
CHEMBL4756595,COc1cc(F)ccc1-c1cc(Nc2cc(CS(C)(=N)=O)ccn2)ncc1F,[]
CHEMBL5090754,CC1(C)CC[C@H](Nc2ncc(C(F)(F)F)c(-c3c[nH]c4c(P(C)(C)=O)c(C#N)ccc34)n2)CN1,"['Cyclin-dependent kinase 2/cyclin E1', 'CDK12/Cyclin K', 'CDK7/Cyclin H/MNAT1', 'Cyclin-dependent kinase 7/ cyclin H', 'HCC70']"
CHEMBL5095087,Cc1cccc(Oc2cc(Oc3cccc(C)n3)cc(Oc3cccc(C)n3)c2)n1,['Macrophage migration inhibitory factor homologue']
CHEMBL5314421,CCOc1cc(CN2CCOCC2)cc2[nH]c(=O)c3c(c12)NCCC3.Cl.Cl.O.O,['Poly [ADP-ribose] polymerase-1']
CHEMBL720,OCc1ccccc1,[]
CHEMBL1004,CN(C)CCOC(C)(c1ccccc1)c1ccccn1,"['Muscarinic acetylcholine receptor M3', 'Muscarinic acetylcholine receptor M4', 'Muscarinic acetylcholine receptor M5']"
CHEMBL1118,CN(C)CC(c1ccc(O)cc1)C1(O)CCCCC1,[]
CHEMBL1183040,Cc1c(CCO)sc[n+]1CCCCCCCCCCCC[n+]1csc(CCO)c1C,[]
CHEMBL12,CN1C(=O)CN=C(c2ccccc2)c2cc(Cl)ccc21,[]
CHEMBL1200908,CCC(=O)O[C@]1(C(=O)CCl)[C@@H](C)C[C@H]2[C@@H]3C[C@H](F)C4=CC(=O)C=C[C@]4(C)[C@@]3(F)[C@@H](O)C[C@@]21C,"['Nuclear receptor subfamily 1 group I member 2', 'Progesterone receptor']"
CHEMBL1201001,CN(CCCl)CCCl.Cl,[]
CHEMBL1201237,CC(C)(C)NC[C@H](O)COc1cccc2c1CCCC2=O,[]
CHEMBL1315867,CC(C)(C)NCC(O)c1cc(O)cc(O)c1.CC(C)(C)NCC(O)c1cc(O)cc(O)c1.O=S(=O)(O)O,['Beta-2 adrenergic receptor']
CHEMBL175,CC(C)Cc1ccc([C@H](C)C(=O)O)cc1,[]
CHEMBL1779710,CC(C)(C)OC[C@@H]1C(=O)NCCN1C(=O)C[C@H](N)Cc1cc(F)c(F)cc1F,['Dipeptidyl peptidase IV']
CHEMBL1800955,COC(=O)N1CCN(Cc2cccc(NC(=O)Nc3ccc(C)nc3)c2F)CC1,[]
CHEMBL1908361,Nc1nc(=O)c2c([nH]1)NC[C@H](CNc1ccc(C(=O)N[C@@H](CCC(=O)[O-])C(=O)[O-])cc1)N2C=O.[Ca+2],[]
CHEMBL2105902,COc1ccc([N-]S(=O)(=O)c2c(F)c(F)c(F)c(F)c2F)cc1F.[Na+],[]
CHEMBL2105910,CC(COc1ccccc1Cc1ccccc1)N1CCCCC1,[]
CHEMBL2107354,CCCCCCCCCCCCCCCC(=O)OC[C@H](COP(=O)([O-])OCCNC(=O)[C@H](C)NC(=O)CC[C@@H](NC(=O)[C@H](C)NC(=O)[C@@H](C)O[C@H]1[C@H](O)[C@@H](CO)OC(O)[C@@H]1NC(C)=O)C(N)=O)OC(=O)CCCCCCCCCCCCCCC.O.[Na+],[]
CHEMBL267345,C[C@@H]1[C@H](O)[C@@H](C)/C=C/C=C/C=C/C=C/C=C/C=C/C=C/[C@H](O[C@@H]2O[C@H](C)[C@@H](O)[C@H](N)[C@@H]2O)C[C@@H]2O[C@](O)(C[C@@H](O)C[C@@H](O)[C@H](O)CC[C@@H](O)C[C@@H](O)CC(=O)O[C@H]1C)C[C@H](O)[C@H]2C(=O)O,[]
CHEMBL276711,Cc1cc(C)c(/C=C2\C(=O)Nc3ccccc32)[nH]1,"['Vascular endothelial growth factor receptor 2', 'Vascular endothelial growth factor receptor 1']"
CHEMBL35033,CCOCn1c(Cc2ccccc2)c(C(C)C)c(=O)[nH]c1=O,"['Human immunodeficiency virus 1', 'Human immunodeficiency virus type 1 reverse transcriptase']"
CHEMBL3716365,O=c1nc(OC[C@@H]2COCCO2)cc2n1CCc1cc(C#CC3CC3)ccc1-2,['G-protein coupled receptor 84']
CHEMBL4091801,CCN1[C@@H](C(=O)NC23CCC(C(=O)O)(CC2)CC3)[C@H](c2cccc(Cl)c2F)[C@]2(C(=O)Nc3cc(Cl)ccc32)C12CCCCC2,['p53-binding protein Mdm-2']
CHEMBL4297282,CN[C@@H](C)C(=O)N[C@H](C(=O)N1CCC[C@H]1C(=O)Nc1sc(-c2ncco2)nc1-c1ccccc1)C1CCCCC1,"['Inhibitor of apoptosis protein 3', 'Baculoviral IAP repeat-containing protein 2', 'Baculoviral IAP repeat-containing protein 3']"
CHEMBL4297538,CO[C@@H]1COCC[C@@H]1N[C@@H]1CC[C@@](CN2CCc3ncc(C(F)(F)F)cc3C2)(C(C)C)C1,['C-C chemokine receptor type 2']
CHEMBL4594402,CO[C@]12CC[C@@]3(C[C@@H]1[C@](C)(O)C(C)(C)C)[C@H]1Cc4ccc(OCCOc5ccc6c7c5O[C@H]5[C@@]8(OC)CC[C@@]9(C[C@@H]8[C@](C)(O)C(C)(C)C)[C@@H](C6)N(CC6CC6)CC[C@]759)c5c4[C@@]3(CCN1CC1CC1)[C@H]2O5,[]
CHEMBL4863829,CC(C)C(=O)OC[C@H]1O[C@@](C#N)(c2ccc3c(N)ncnn23)[C@H](O)[C@@H]1O,['Human respiratory syncytial virus']
CHEMBL5093566,CCC(=O)N[C@H]1Cc2cccc(C(=O)O)c2OB1O,[]
CHEMBL5095233,O=[P@]1(S)OC[C@H]2O[C@@H]3[C@H](F)[C@@H]2O[P@](=O)(S)OC[C@H]2O[C@H]([C@H](F)[C@@H]2O1)n1cnc2c(ncnc21)NC/C=C/CNc1ncnc2c1ncn23,['Stimulator of interferon genes protein']
CHEMBL529888,Cc1ccc(S(=O)(=O)NC(=O)N[C@H]2[C@H]3CC[C@@](C)([C@H]2O)C3(C)C)cc1,['11-beta-hydroxysteroid dehydrogenase 1']
CHEMBL5314397,Cc1ccc(C(=O)NC2CC2)cc1-n1ncc(C(=O)c2cccc(C#N)c2)c1N,['MAP kinase p38 alpha']
CHEMBL561371,CCCCCCCC/C(=C\CCCCCCCC(=O)O)[N+](=O)[O-],[]
CHEMBL566757,O=C(/C=C/c1cccnc1)NCCCCC1CCN(C(=O)c2ccccc2)CC1,['Nicotinamide phosphoribosyltransferase']
CHEMBL589,CCCN(CCC)CCc1cccc2c1CC(=O)N2,"['Serotonin 1a (5-HT1a) receptor', 'Dopamine D2 receptor', 'Dopamine D2 receptor', 'Dopamine receptor']"
CHEMBL607,CCOC(=O)C1(c2ccccc2)CCN(C)CC1,[]
CHEMBL887,C#CCN[C@@H]1CCc2ccccc21,"['Monoamine oxidase B', 'Monoamine oxidase A', 'Lysine-specific histone demethylase 1']"
CHEMBL1059,CC(C)C[C@H](CN)CC(=O)O,[]
CHEMBL1095,CCN1C(=O)NC(c2ccccc2)C1=O,[]
CHEMBL1200365,Nc1ccc(C(=O)NCC(=O)[O-])cc1.[Na+],[]
CHEMBL1201335,C[N+]1(C)CCC(OC(=O)C(O)(c2ccccc2)C2CCCC2)C1,['Muscarinic acetylcholine receptor M3']
CHEMBL1213165,C[C@@H]1CCO[C@H]2Cn3cc(C(=O)NCc4ccc(F)cc4F)c(=O)c([O-])c3C(=O)N12.[Na+],[]
CHEMBL146032,CC(=O)c1ccc([C@H]2C[C@@]3(C)[C@@H](CC[C@@]3(O)C(F)(F)C(F)(F)F)[C@@H]3CCC4=CC(=O)CCC4=C32)cc1,['Glucocorticoid receptor']
CHEMBL1588,Cc1ncc(C[n+]2csc(CCO)c2C)c(N)n1.[Cl-],"['Transketolase', 'Thiamine transporter ThiT']"
CHEMBL1834657,CCN1CCN(c2ccc(Nc3cc(N(C)C(=O)Nc4c(Cl)c(OC)cc(OC)c4Cl)ncn3)cc2)CC1.O=P(O)(O)O,"['Vascular endothelial growth factor receptor 2', 'Tyrosine-protein kinase SRC', 'Fibroblast growth factor receptor 1', 'Fibroblast growth factor receptor 3', 'Fibroblast growth factor receptor 4', 'BaF3', 'Fibroblast growth factor receptor 2', 'J82', 'NCI-H1581', 'AN3-CA', 'KMS-11']"
CHEMBL2107308,COc1cc(O)c(C(=O)Nc2nc(C(=O)NCCN(C(C)C)C(C)C)cs2)cc1OC.Cl.O.O.O,[]
CHEMBL261244,CCNC(=O)Nc1ncnc2c1ncn2[C@@H]1O[C@H](COP(=O)([O-])[O-])[C@H]2O[C@H](/C=C/c3ccccc3)O[C@H]21.[Na+].[Na+],['Purinergic receptor P2Y12']
CHEMBL267744,O=C(O)COc1ccc(C(=O)c2cccs2)c(Cl)c1Cl,[]
CHEMBL267777,Cc1nc2sccn2c(=O)c1CCN1CCC(=C(c2ccc(F)cc2)c2ccc(F)cc2)CC1,[]
CHEMBL3137310,COc1ccc2c3c1O[C@H]1C(OC(=O)c4ccccc4)=CC[C@@H]4[C@@H](C2)N(C)CC[C@@]341.Cl,[]
CHEMBL3644672,COc1c(OC[C@H](O)CN2CCOCC2)ccc2c1N=C(NC(=O)c1cccnc1C)N1CCN=C21,[]
CHEMBL3989563,CN1CCC[C@H]1c1cccnc1.O.O.O=C(O)C(O)C(O)C(=O)O.O=C(O)C(O)C(O)C(=O)O,[]
CHEMBL3989869,CC(C)Oc1ccc(-c2nn([C@@H](C)c3oc4ccc(F)cc4c(=O)c3-c3cccc(F)c3)c3ncnc(N)c23)cc1F.Cc1ccc(S(=O)(=O)O)cc1,[]
CHEMBL421,O=C(O)c1cc(/N=N/c2ccc(S(=O)(=O)Nc3ccccn3)cc2)ccc1O,['Flavin reductase']
CHEMBL4250860,CC(=O)c1nn(CC(=O)N2C[C@H](F)C[C@H]2C(=O)Nc2cccc(Br)n2)c2ccc(-c3cnc(C)nc3)cc12,['Complement factor D']
CHEMBL4297448,c1ccc(-c2cc(-c3ccncc3)c(N3CCN(c4ncccn4)CC3)nn2)cc1,[]
CHEMBL4297506,FC(F)(F)c1ccc(COC(Cn2ccnc2)c2ccc(Cl)cc2Cl)cc1,"['Trypanosoma cruzi', 'Arachidonate 15-lipoxygenase, type II', '7-alpha-hydroxycholest-4-en-3-one 12-alpha-hydroxylase', 'Naegleria gruberi', 'Progesterone receptor', 'Tryptophan 2,3-dioxygenase', 'Lanosterol 14-alpha demethylase', 'Eukaryotic peptide chain release factor GTP-binding subunit', 'Cytochrome P450 121']"
CHEMBL4298169,O=C(O)c1cc(F)c2nc(N3[C@@H]4CC[C@H]3C[C@@H](OCc3c(-c5ccccc5OC(F)(F)F)noc3C3CC3)C4)sc2c1,['Bile acid receptor FXR']
CHEMBL4741924,CNC(=O)c1cn(C[C@H](F)CCc2ccc(NC(=O)Cc3cc(OC4CC(F)(F)C4)cc(C)n3)nn2)nn1,[]
CHEMBL575060,N[C@@H](CCC(=O)O)C(=O)O,"['Glutamate receptor ionotropic kainate 3', 'Gamma-amino-N-butyrate transaminase', 'Glutamate receptor AMPA 1/2', 'GABA receptor alpha-1 subunit']"
CHEMBL107367,Cc1oc(-c2ccccc2)nc1CCOc1ccc(C[C@H](Nc2ccccc2C(=O)c2ccccc2)C(=O)O)cc1,"['Peroxisome proliferator-activated receptor gamma', 'Peroxisome proliferator-activated receptor alpha']"
CHEMBL112,CC(=O)Nc1ccc(O)cc1,[]
CHEMBL1162175,CCNC(=O)Nc1ncnc2c1ncn2[C@@H]1O[C@H](COP(=O)(O)O)[C@H]2O[C@H](/C=C/c3ccccc3)O[C@H]21,['Purinergic receptor P2Y12']
CHEMBL1200381,Cl.N=C(N)NCCC[C@H](N)C(=O)O,"['Nitric-oxide synthase, brain', 'Nitric oxide synthase, inducible', 'N(G),N(G)-dimethylarginine dimethylaminohydrolase 1', 'Arginase-1', 'Arginase-1']"
CHEMBL1200724,CN[C@@H](C)[C@@H](O)c1ccccc1.Cl,[]
CHEMBL1233,CCCC(C)(COC(N)=O)COC(=O)NC(C)C,[]
CHEMBL1410743,CC1OC(C)OC(C)O1,[]
CHEMBL1449,CC1(C)S[C@@H]2[C@H](NC(=O)[C@H](C(=O)O)c3ccsc3)C(=O)N2[C@H]1C(=O)O,[]
CHEMBL1614710,O=C(Nc1ccc(OC(F)(F)F)cc1)c1sccc1NCc1ccnc2ccccc12,[]
CHEMBL164660,O=c1ccc2cc3ccoc3cc2o1,[]
CHEMBL1660,CO[C@H]1/C=C/O[C@@]2(C)Oc3c(C)c(O)c4c(O)c(c(/C=N/N5CCN(C6CCCC6)CC5)c(O)c4c3C2=O)NC(=O)/C(C)=C\C=C\[C@H](C)[C@H](O)[C@@H](C)[C@@H](O)[C@@H](C)[C@H](OC(C)=O)[C@@H]1C,['Solute carrier organic anion transporter family member 1A4']
CHEMBL1788402,O=S(=O)(O)c1cc(I)c(O)c2ncccc12,['Catechol O-methyltransferase']
CHEMBL1899801,FC(F)(F)C(F)(F)C(F)(F)C(F)(F)C(F)(F)F,[]
CHEMBL1922673,CCOc1ccc(-c2ccc(Cn3c(CC(C)(C)C(=O)[O-])c(SC(C)(C)C)c4cc(OCc5ccc(C)cn5)ccc43)cc2)cn1.[Na+],['5-lipoxygenase activating protein']
CHEMBL1946186,CN1[C@@H]2CC[C@H]1C[C@@H](OC1c3ccccc3CCc3ccccc31)C2,['Acetylcholine-binding protein']
CHEMBL1951575,CC(C)(C)NC(=O)c1ccc(Oc2cc(F)c(CC(=O)O)cc2Cl)c(NS(=O)(=O)c2ccc(C3CC3)cc2Cl)c1,['Prostanoid DP receptor']
CHEMBL2068724,CC(=O)NCCCS(=O)(=O)[O-].CC(=O)NCCCS(=O)(=O)[O-].[Ca+2],[]
CHEMBL2110805,CC[N+](C)(C)C(C)CC(c1ccccc1)c1ccccc1,[]
CHEMBL30,CN/C(=N\CCSCc1nc[nH]c1C)NC#N,"['Histamine H2 receptor', 'Histamine H2 receptor', 'Multidrug and toxin extrusion protein 1']"
CHEMBL3039113,CCNC(=O)CC[C@H](N)C(=O)O,"['Glutamate receptor ionotropic kainate 3', 'GABA receptor alpha-1 subunit']"
CHEMBL3260567,Cc1cccc(-c2[nH]c(CNc3ccccc3F)nc2-c2ccc3ncnn3c2)n1,"['MAP kinase p38 alpha', 'TGF-beta receptor type I']"
CHEMBL3544906,C[C@@H](Cc1ccccc1)N(C)Cc1ccccc1.Cl,[]
CHEMBL3707339,Cc1ncc(COP(=O)(O)O)c(C=O)c1O.NC(=O)CC[C@H](N)C(=O)O,[]
CHEMBL3818247,CN1C(=O)COc2c1cnc1ccc(Sc3nnc4c(F)cc(-c5cnn(C)c5)cn34)cc21,['Hepatocyte growth factor receptor']
CHEMBL3894860,CN1CCN(c2ccc(Nc3ncc4cc5n(c4n3)C3(CCCCC3)CNC5=O)nc2)CC1,['Cyclin-dependent kinase 4/cyclin D1']
CHEMBL3989551,CCC[C@@H]1C[C@@H](C(=O)N[C@@H]([C@H]2O[C@H](SC)[C@H](O)[C@@H](O)[C@H]2O)[C@@H](C)O)N(C)C1.Cl.O,[]
CHEMBL3989676,CCCCC1C(=O)N(c2ccccc2)N(c2ccc(O)cc2)C1=O.O,[]
CHEMBL4297530,CCO[C@@H](Cc1ccc(OCCn2c(C)ccc2-c2ccc(SC)cc2)cc1)C(=O)O,"['Peroxisome proliferator-activated receptor gamma', 'Peroxisome proliferator-activated receptor alpha', 'PPAR alpha/gamma']"
CHEMBL507361,O=C(NOC[C@H](O)CO)c1ccc(F)c(F)c1Nc1ccc(I)cc1F,"['Dual specificity mitogen-activated protein kinase kinase 1', 'PA-1', 'SK-MES-1', 'MSTO-211H', 'NCI-H2122', 'DU-4475', 'BV-173', '697', 'SNU-5', 'LAMA-84', 'HT', 'PSN1', 'KYSE-520 cell line', 'NOMO-1', 'NCI-H441', 'RD', 'Ca9-22', 'NOS-1', 'HAL-01', 'ML-2', 'SW 954', 'MKN-7', 'QIMR-WIL', 'ONS-76', 'A101D', 'BB30-HNC', 'MKN-1', 'HT-144', 'TE-8', 'LB2241-RCC', 'COLO-829', 'A3-KAW', 'ETK-1', 'A4-Fuk', 'ES4', 'SH-4', 'EM-2', 'BB65-RCC', 'SW 962', 'MZ1-PC', 'NB69', 'A388', 'NCI-H747', 'ME-180', 'DB', 'GCIY', 'NCI-H1437', 'SCC-25', 'BE-13', 'MZ2-MEL', '8305C', 'GT3TKB', 'LS-411N', 'IA-LM', 'GR-ST', 'EW-3', 'J-RT3-T3-5', 'LS-123', 'K5', 'NCI-H209', 'HCE-4', 'HD-MY-Z', 'A253 cell line', 'C2BBe1', 'C-33-A', 'DSH1', 'D-263MG', 'HCE-T', 'NB5', 'MZ7-mel', 'BFTC-905', 'MEL-HO', 'NH-12', 'SK-N-FI', 'MeWo', 'GAMG', 'LCLC-97TM1', 'TE-5', 'KALS-1', 'HuP-T4', 'CHP-212', 'D283 Med', 'CAL-33', 'HCC2218', 'LB2518-MEL', 'BPH-1', 'HSC-3', 'SCC-15', 'NCI-H2126', 'FTC-133', 'PANC-03-27', 'TGBC1TKB', 'TCC-SUP', 'Detroit562', 'D-502MG', 'SHP77', 'SNU-C2B', 'CAL-39', 'BHY', 'MN-60', 'LS-513', 'NCI-H2030', 'SW 1116', 'MC-IXC', 'KY821', '639-V', 'CAL-54', 'SBC-1', 'HuCCT-1', 'DBTRG-05MG', 'EFO-27', 'P12-Ichikawa', 'SK-MEL-30', 'LS-1034', 'HO-1-N-1', 'HTC-C3', 'NCI-H720', 'DJM-1', 'LAN-6', 'COLO-679', 'JVM-3', 'CAL-85-1', 'OMC-1', 'KNS-81-FD', 'CAL-62', 'NCI-H2087', 'Panc1005', 'HN', 'VM-CUB-1', 'EW-18', 'D-247MG', 'GAK', 'NB14', 'D-392MG', 'KU-19-19', 'SK-MEL-24', '647-V', 'COLO-678', 'MDA-MB-415', 'CAL-120', 'HPAF-II', 'AM-38', 'RCM-1', 'NB7', 'MDA-MB-175-VII', 'SKG-IIIa', 'SW13', 'EGI-1', 'HCC1395', 'NCI-H1573', 'HEC-1', 'DK-MG', 'NCI-H1563', 'NCI-H1651', 'OAW-28', 'GMS-10', 'CaR-1', 'SW756', 'COLO-680N', 'COLO-792', 'NCI-H1693', 'COLO-741', 'CP50-MEL-B', 'BEN', 'D-542MG', 'SW1417', 'HCC1419', 'EPLC-272H', 'HT55', 'NCI-H1793', 'MOLT-13', 'UACC-893', 'TI-73', 'NCI-H630', 'SW948', 'ECC10', 'SW1463', 'KNS-62', 'TGBC11TKB', 'KP-N-YN', 'CW-2', 'NCI-H1666', 'RH-18', 'NCI-H2291', 'SW900', 'BALL-1']"
CHEMBL5095176,[2H]C([2H])([2H])c1ccc(=O)n(-c2ccccc2)c1,[]
CHEMBL5315046,O=C(O)C[C@@H](c1ccc(OC(F)F)nc1)N1CCN(CCCc2ccc3c(n2)NCCC3)C1=O,['Integrin alpha-V/beta-3']
CHEMBL5316166,OB1OB(O)O[B-]2(O1)OB(O)OB(O)O2,[]
CHEMBL535396,CC(N)C12CC3CC(CC(C3)C1)C2.Cl,[]
CHEMBL562,COC1=CC(=O)C[C@@H](C)[C@]12Oc1c(Cl)c(OC)cc(OC)c1C2=O,[]
CHEMBL1200862,C[C@](N)(Cc1ccc(O)cc1)C(=O)O,[]
CHEMBL153984,CC(=O)c1cc2cccc(OCC(O)CNC(C)C)c2o1,[]
CHEMBL175691,Cc1cc(/C=C/C#N)cc(C)c1Nc1ccnc(Nc2ccc(C#N)cc2)n1,"['Human immunodeficiency virus 1', 'Human immunodeficiency virus type 1 reverse transcriptase']"
CHEMBL1773683,CCS(=O)(=O)c1ccc2oc(-c3ccc4ccccc4c3)nc2c1,['Utrophin']
CHEMBL1788400,O=C(C(Cl)Cl)N(CCO)Cc1ccc(Oc2ccc([N+](=O)[O-])cc2)cc1,[]
CHEMBL1908376,C=C1/C(=C\C=C2/CCC[C@]3(C)[C@@H]([C@H](C)/C=C/C=C/C(O)(CC)CC)CC[C@@H]23)C[C@@H](O)C[C@@H]1O,['Vitamin D receptor']
CHEMBL19299,CC(C(=O)O)c1ccc(CC2CCCC2=O)cc1,['Cyclooxygenase-2']
CHEMBL2018096,OC[C@H]1O[C@@H](c2ccc(F)c(Cc3cc4ccccc4s3)c2)[C@H](O)[C@@H](O)[C@@H]1O,['Sodium/glucose cotransporter 2']
CHEMBL2105338,CCCCCCn1c(=O)c2c(ncn2C)n(C)c1=O,[]
CHEMBL2178570,CC(=O)Nc1ccc(O)cc1OC[C@@](C)(O)CNC1CCN(Cc2ccc(Cl)cc2)CC1,[]
CHEMBL2218896,CCCCCCC(C)(C)c1cc(O)c2c(c1)OC(C)(C)C1CCC(=O)CC21,"['Cannabinoid CB2 receptor', 'Cannabinoid CB1 receptor', 'Cannabinoid CB2 receptor']"
CHEMBL2364632,CON(C)Cc1ccc(O)c2c1C[C@H]1C[C@H]3[C@H](N(C)C)C(O)=C(C(N)=O)C(=O)[C@@]3(O)C(O)=C1C2=O,[]
CHEMBL253363,CC(=O)[C@H]1CC[C@H]2[C@@H]3CC=C4C[C@@H](O)CC[C@]4(C)[C@H]3CC[C@]12C,[]
CHEMBL328875,NCc1ccc(C(=O)O)cc1,[]
CHEMBL3707260,Nc1nc(O)c2c(n1)NCC(CNc1ccc(C(=O)N[C@@H](CCC(=O)[O-])C(=O)[O-])cc1)N2C=O.[Na+].[Na+],['GAR transformylase']
CHEMBL3936761,C=CC(=O)N1CCC([C@@H]2CCNc3c(C(N)=O)c(-c4ccc(Oc5ccccc5)cc4)nn32)CC1,['Tyrosine-protein kinase BTK']
CHEMBL3989402,CCC(CC)[C@H](NC(C)=O)[C@@H]1[C@H](O)[C@@H](C(=O)O)C[C@H]1NC(=N)N.O.O.O,"['Influenza A virus', 'Neuraminidase', 'Neuraminidase', 'unidentified influenza virus', 'Neuraminidase', 'Neuraminidase']"
CHEMBL3989945,CCCCCOc1ccc(-c2ccc(-c3ccc(C(=O)N[C@H]4C[C@@H](O)[C@@H](OCC[N+](C)(C)C)NC(=O)[C@@H]5[C@@H](O)[C@@H](C)CN5C(=O)[C@H]([C@@H](C)O)NC(=O)[C@H]([C@H](O)[C@@H](O)c5ccc(O)cc5)NC(=O)[C@@H]5C[C@@H](O)CN5C(=O)[C@H]([C@@H](C)O)NC4=O)cc3)cc2)cc1,[]
CHEMBL409,CC(O)(CS(=O)(=O)c1ccc(F)cc1)C(=O)Nc1ccc(C#N)c(C(F)(F)F)c1,"['Androgen Receptor', 'LNCaP']"
CHEMBL4571518,O=c1[nH]c(NCc2ccc(Cl)c(Cl)c2)nc2ncn(CCN3CCOCC3)c12,[]
CHEMBL480,Cc1c(OCC(F)(F)F)ccnc1C[S+]([O-])c1nc2ccccc2[nH]1,"['Canis familiaris', 'Potassium-transporting ATPase', 'Potassium-transporting ATPase', 'Potassium-transporting ATPase alpha chain 1', 'Histone-lysine N-methyltransferase 2A/WDR5', 'NAD(+) hydrolase SARM1']"
CHEMBL5095077,Cc1nc2c(c(C)c(C)n2Cc2cnn(C)c2)c(-c2ccc(Cl)cc2)c1[C@H](OC(C)(C)C)C(=O)O,[]
CHEMBL639,CN1CCCC(n2nc(Cc3ccc(Cl)cc3)c3ccccc3c2=O)CC1,"['Histamine H3 receptor', 'Histamine H1 receptor']"
CHEMBL67776,CCc1cccc2c1c(O)c(C(=O)N(CC)c1ccccc1)c(=O)n2C,[]
CHEMBL717,CC(=O)O[C@]1(C(C)=O)CC[C@H]2[C@@H]3C[C@H](C)C4=CC(=O)CC[C@]4(C)[C@H]3CC[C@@]21C,"['Nuclear receptor subfamily 1 group I member 2', 'Progesterone receptor']"
CHEMBL1186579,C[N+]1(CC2CC2)CC[C@]23c4c5ccc(O)c4O[C@H]2C(=O)CC[C@@]3(O)[C@H]1C5,[]
CHEMBL118865,CN(C(=O)Cc1ccc(Cl)c(Cl)c1)C1CCC2(CCCO2)CC1N1CCCC1,['Kappa opioid receptor']
CHEMBL1231124,Cc1cc(Nc2nc(N[C@@H](C)c3ncc(F)cn3)ncc2Cl)[nH]n1,['Tyrosine-protein kinase JAK2']
CHEMBL1235452,S1SSSSSSS1,[]
CHEMBL142438,N#N,['Carbonic anhydrase V']
CHEMBL1442934,CCCCCCCCCCCCCCC[C@H](O)[C@@H](N)CO,"['Sphingosine kinase 1', 'UMSCC22B']"
CHEMBL1488165,O=C1CC[C@@H](C(=O)N2CSC[C@H]2C(=O)O)N1,[]
CHEMBL1566956,COc1cc(C(=O)NC2CCCNC2)cc(OC)c1OC,[]
CHEMBL1753,CCC[C@@H]1C[C@@H](C(=O)N[C@@H]([C@H]2O[C@H](SC)[C@H](O)[C@@H](O)[C@H]2O)[C@H](C)Cl)N(C)C1,[]
CHEMBL2103831,COc1ccc2cc([C@H](C)C(=O)OCCCCO[N+](=O)[O-])ccc2c1,[]
CHEMBL2103882,O=C1NC(=O)[C@@H](c2cn3c4c(cccc24)CCC3)[C@@H]1c1c[nH]c2ccccc12,"['Glycogen synthase kinase-3', 'Heme oxygenase 2']"
CHEMBL2107339,CN1CCN2c3ncccc3Cc3ccccc3[C@H]2C1.O=C(O)/C=C\C(=O)O,[]
CHEMBL2107777,CCOc1ccc2c(c1)[C@]1(CC[C@H](CCN3CCOCC3)CC1)C(=O)N2S(=O)(=O)c1ccc(C(=O)NC(C)(C)C)cc1OC,[]
CHEMBL252556,COC1=C(OC)C(=O)C(CCCCCCCCCCO)=C(C)C1=O,[]
CHEMBL270271,CCC1COC(Cn2cncn2)(c2ccc(Cl)cc2Cl)O1,[]
CHEMBL274654,Cc1[nH]c(/C=C2\C(=O)Nc3ccccc32)c(C)c1CCC(=O)O,"['Vascular endothelial growth factor receptor 2', 'Platelet-derived growth factor receptor beta', 'Vascular endothelial growth factor receptor 2', 'Vascular endothelial growth factor receptor 1', 'Fibroblast growth factor receptor 1']"
CHEMBL3187683,CCCCCC[C@@H](CCC)C(=O)O,['Solute carrier family 22 member 20']
CHEMBL3427435,O=C(O)CC[C@H](NP(=O)(O)OCCC[C@H](NC(=O)CC[C@H](NC(=O)CCCCCNC(=O)c1ccc(F)cc1)C(=O)O)C(=O)O)C(=O)O,['Glutamate carboxypeptidase II']
CHEMBL3813873,FC(F)(F)c1ccc(CNc2ccc(Cc3c[nH]c4ncc(Cl)cc34)cn2)cn1,[]
CHEMBL3989794,CCOC(=O)[C@H](CCCc1ccccc1)C1(C(=O)N[C@H]2CCc3ccccc3N(CC(=O)O)C2=O)CCCC1,[]
CHEMBL404849,CCCCCCCCNC(C)C(O)c1ccc(SC(C)C)cc1,[]
CHEMBL406393,C[C@H](CCC(=O)O)[C@H]1CC[C@H]2[C@@H]3CC[C@@H]4C[C@H](O)CC[C@]4(C)[C@H]3C[C@H](O)[C@]12C,"['G-protein coupled bile acid receptor 1', 'Multidrug resistance-associated protein 4']"
CHEMBL4297297,CCCCCCCOC(=O)NC1=NC(=O)N([C@H]2C[C@H](O)[C@@H](CO)O2)CN1,[]
CHEMBL4297669,CCCCCCCCCCCCCCCCCC(=O)OC[C@H](COP(=O)(O)OC[C@H](N)C(=O)O)OC(=O)CCCCCCCCCCCCCCCCC,"['Probable G-protein coupled receptor 174', 'Putative P2Y purinoceptor 10']"
CHEMBL4594301,COC(=O)CC[C@@H]1N=C(c2ccccn2)c2cc(Br)ccc2-n2c(C)cnc21.O=S(=O)(O)c1ccccc1,[]
CHEMBL479527,CCOC(=O)N1c2ccc(C(F)(F)F)cc2[C@@H](N(Cc2cc(C(F)(F)F)cc(C(F)(F)F)c2)C(=O)OC)C[C@H]1CC,['Cholesteryl ester transfer protein']
CHEMBL486696,CCCCCCCCCCCC[N+](C)(C)CCOc1ccccc1.[Br-],[]
CHEMBL497,Oc1c(I)cc(Cl)c2cccnc12,['Streptococcus mutans']
CHEMBL5314966,OCCOCCOCCOCCOc1ccc(-c2nc3ccccc3s2)cc1,['Human coxsackievirus B5']
CHEMBL575,COc1cccc(OC)c1C(=O)N[C@@H]1C(=O)N2[C@@H]1SC(C)(C)[C@@H]2C(=O)O,[]
CHEMBL1255800,CCc1c(Cl)c(O)c(Cl)c(O)c1C(=O)O[C@H]1[C@H](O)[C@H](OC)[C@H](OC/C2=C\C=C\C[C@H](O)/C(C)=C/[C@H](CC)[C@@H](O[C@@H]3OC(C)(C)[C@@H](OC(=O)C(C)C)[C@H](O)[C@@H]3O)/C(C)=C/C(C)=C/C[C@@H]([C@@H](C)O)OC2=O)O[C@@H]1C,[]
CHEMBL146095,O=C(OCC(O)CO)c1ccccc1Nc1ccnc2cc(Cl)ccc12,['Plasmodium falciparum']
CHEMBL1643880,O=C(N[C@H]1CN2CCC1CC2)c1c[nH]c2ccsc2c1=O,"['Neuronal acetylcholine receptor protein alpha-7 subunit', 'Serotonin 3 (5-HT3) receptor']"
CHEMBL1780010,COc1cc2c(cc1OCCC[18F])CCN1C[C@@H](CC(C)C)[C@H](O)C[C@H]21,['Synaptic vesicular amine transporter']
CHEMBL2103799,CC[C@H](C)CC(F)(F)[C@@]1(O)CC[C@H]2[C@@H](CC(=O)[C@@H]2CCCCCCC(=O)O)O1,[]
CHEMBL2103847,CC(C)C[C@@H](C(=O)N[C@H](C(=O)OC1CCCC1)c1ccccc1)[C@H](O)C(=O)NO,[]
CHEMBL2103858,COc1cc(N)c(Cl)cc1C(=O)N[C@@H]1CCN(CCCCCC(=O)O[C@H]2CN3CCC2CC3)C[C@@H]1OC,"['Serotonin 3 (5-HT3) receptor', 'Serotonin 4 (5-HT4) receptor', 'Serotonin 4 (5-HT4) receptor', 'Serotonin 3 receptor (5HT3)']"
CHEMBL2111135,CC(CN1c2ccccc2Sc2ccccc21)[N+](C)(C)C,[]
CHEMBL2111152,CC(Cc1ccccc1)NCCn1cnc2c1c(=O)n(C)c(=O)n2C,[]
CHEMBL22108,CC(C1=C(CCN(C)C)Cc2ccccc21)c1ccccn1,"['Muscarinic acetylcholine receptor M1', 'Muscarinic acetylcholine receptor M3', 'Muscarinic acetylcholine receptor M2', 'Histamine H1 receptor', 'Muscarinic acetylcholine receptor M4', 'Muscarinic acetylcholine receptor M5']"
CHEMBL2220079,CC1=C2CC[C@@](C)(O)[C@@H]2[C@H]2OC(=O)[C@@H](CN(C)C)[C@@H]2CC1,['MEC1']
CHEMBL238071,CC[C@]1(O)C[C@@H]2CN(CCc3c([nH]c4ccccc34)[C@@](C(=O)OC)(c3cc4c(cc3OC)N(C)[C@H]3[C@@](O)(C(N)=O)[C@H](O)[C@]5(CC)C=CCN6CC[C@]43[C@@H]65)C2)C1,[]
CHEMBL24,CC(C)NCC(O)COc1ccc(CC(N)=O)cc1,['Beta-2 adrenergic receptor']
CHEMBL3115681,CN1CCN(c2ccc(Nc3ncc4cc(C#N)c(=O)n(C5CCCC5)c4n3)cc2)CC1,[]
CHEMBL3186011,COCC1(CO)C(=O)C2CCN1CC2,[]
CHEMBL3334759,C[C@@H]1O[C@H]2CC(=O)O[C@H]2C2=C1C(=O)c1c(O)c3c(c(O)c1C2=O)[C@H]1C[C@@H](O[C@H]2CC[C@H](O)[C@H](C)O2)[C@@]3(O)[C@@H](C)O1,[]
CHEMBL3707348,CC#CC(=O)N1CCC[C@H]1c1nc(-c2ccc(C(=O)Nc3ccccn3)cc2)c2c(N)nccn12,['Tyrosine-protein kinase BTK']
CHEMBL3833404,CC(=O)Oc1ccccc1C(=O)O.CC(=O)Oc1ccccc1C(=O)O.NC(N)=O,[]
CHEMBL4129286,CC(C)OC(=O)[C@H](C)N[P@](=O)(OC[C@@]1(F)O[C@@H](n2ccc(=O)[nH]c2=O)[C@](C)(O)[C@@H]1O)Oc1ccccc1,['Hepatitis C virus']
CHEMBL4297214,OC(CNc1nc(-c2cc(-c3ccon3)n(Cc3ccccc3F)n2)ncc1F)(C(F)(F)F)C(F)(F)F,[]
CHEMBL4303241,COc1cc(S(C)(=O)=O)ccc1Nc1nc2ccc(-c3ccc(NC(=O)[C@H](C)c4ccc(F)cc4)cc3)cn2n1,['Dual specificity protein kinase TTK']
CHEMBL445,CNCCC=C1c2ccccc2CCc2ccccc21,"['Serotonin transporter', 'Norepinephrine transporter', 'Histamine H1 receptor', 'Histamine H2 receptor', 'Histamine H1 receptor', 'Sodium channel alpha subunits; brain (Types I, II, III)', 'Solute carrier family 22 member 1', 'Serotonin (5-HT) receptor', 'Serotonin transporter', 'Muscarinic acetylcholine receptor M5', 'Solute carrier family 22 member 3', 'Norepinephrine transporter', 'Solute carrier family 22 member 2', 'Sodium channel alpha subunit', 'Serotonin 2c (5-HT2c) receptor', 'Cytochrome P450 2D2']"
CHEMBL449158,CCC/C=C/C=C/C(=O)O[C@H]1/C(=C/C(=O)OC)C[C@H]2C[C@H]([C@@H](C)O)OC(=O)C[C@H](O)C[C@@H]3C[C@H](OC(C)=O)C(C)(C)[C@](O)(C[C@@H]4C/C(=C/C(=O)OC)C[C@H](/C=C/C(C)(C)[C@]1(O)O2)O4)O3,[]
CHEMBL4650348,NC(=O)N(C(=O)c1ccccc1)c1ccccc1,[]
CHEMBL4802249,CC(C)(C#Cc1ccc(-c2ccc(Cl)c3c([N-]S(C)(=O)=O)nn(CC(F)(F)F)c23)c([C@H](Cc2cc(F)cc(F)c2)NC(=O)Cn2nc(C(F)(F)F)c3c2C(F)(F)[C@@H]2C[C@H]32)n1)S(C)(=O)=O.[Na+],[]
CHEMBL501259,CCCCCC/C=C\CCCCCCCCCC(=O)N[C@H]1[C@H](OC[C@H]2O[C@H](OP(=O)(O)O)[C@H](NC(=O)CC(=O)CCCCCCCCCCC)[C@@H](OCCCCCCCCCC)[C@@H]2O)O[C@H](COC)[C@@H](OP(=O)(O)O)[C@@H]1OCC[C@@H](CCCCCCC)OC,[]
CHEMBL5095035,CNC(=O)c1cc(F)c(-c2nc3cc(C)ccn3c2C[C@H]2CN(C(=O)OC)CCO2)c(F)c1,[]
CHEMBL5095171,Cc1cnc(-c2ccc(C(F)(F)F)cc2)n1Cc1ccccc1OCCC[C@@H](C)CC(=O)O,"['Peroxisome proliferator-activated receptor alpha', 'Peroxisome proliferator-activated receptor delta']"
CHEMBL5095179,CC(C)(C)NC1CCN(c2cc(NCc3ccc(Cl)cc3)nc3ccccc23)CC1,[]
CHEMBL5314908,NC(CO)(CO)CO.O=C(COc1ccc(Cl)c(F)c1)NC12CCC(NC(=O)COc3ccc(Cl)c(F)c3)(CC1)[C@@H](OCOP(=O)([O-])O)C2.[Na+],[]
CHEMBL5314933,Cn1cncc1-c1c(F)cncc1NC(=O)c1c(N)nn2cc(F)cnc12,['Tyrosine-protein kinase JAK2']
CHEMBL893,Cc1onc(-c2c(Cl)cccc2Cl)c1C(=O)N[C@@H]1C(=O)N2[C@@H]1SC(C)(C)[C@@H]2C(=O)O,[]
CHEMBL898,O=C(O)c1cc(-c2ccc(F)cc2F)ccc1O,['Hydroxyacid oxidase 1']
CHEMBL946,CN1CCC(=C2c3ccccc3CCc3cccnc32)CC1,"['Histamine H1 receptor', 'Histamine H1 receptor']"
CHEMBL102358,O=C(/C=C/c1ccccc1)NCCO,[]
CHEMBL1084617,COc1cccc(C(=O)Nc2ccc(OCCN3CCOCC3)c(-c3ccnn3C)c2)c1,[]
CHEMBL1200781,Br.CN(C)CCCC1(c2ccc(F)cc2)OCc2cc(C#N)ccc21,['Dopamine transporter']
CHEMBL1201061,CC(C)(C)NC[C@H](O)c1ccc(O)c(CO)c1.Cl,[]
CHEMBL1368,O=P([O-])(O)O.[Na+],[]
CHEMBL13766,COc1ccccc1O,[]
CHEMBL1413,Cc1cc(C2CCCCC2)n(O)c(=O)c1,[]
CHEMBL1623992,CCN1CCCC(OC(=O)C(c2ccccc2)c2ccccc2)C1,['Muscarinic acetylcholine receptor M1']
CHEMBL1697831,CN(C)C(=O)CCCOC(=O)C(C)(C)Oc1ccc(Cl)cc1,[]
CHEMBL1711,CC(C)NCC(O)c1ccc(O)c(O)c1.Cl,[]
CHEMBL1717,Cl.Clc1ccccc1CN1CCc2sccc2C1,[]
CHEMBL180101,CCOc1ccccc1O[C@@H](c1ccccc1)[C@@H]1CNCCO1,"['Serotonin transporter', 'Norepinephrine transporter', 'Dopamine transporter']"
CHEMBL1983268,CN1CCN(c2ccc(C(=O)Nc3n[nH]c4ccc(Cc5cc(F)cc(F)c5)cc34)c(NC3CCOCC3)c2)CC1,"['Insulin-like growth factor I receptor', 'ALK tyrosine kinase receptor']"
CHEMBL2041933,NC(=O)Nc1cc(-c2cccc(F)c2)sc1C(=O)N[C@H]1CCCNC1,"['Serine/threonine-protein kinase Chk1', 'KG-1', 'TRAF2- and NCK-interacting kinase', 'NCI-H1650', 'SW1573', 'MES-SA', 'G-361', 'SW1990', 'HOS', 'J82', 'NCI-H292', '5637', 'TE-1', 'Daoy', 'PA-1', 'U-266', 'MKN-28', 'CAL-51', 'DOHH-2', 'SK-MES-1', 'MG-63', 'OCI-AML2', 'BT-20', 'A2058', 'MSTO-211H', 'RT-112', 'NCI-H661', 'NCI-H2122', 'HCC1806', 'DU-4475', 'SAOS-2', 'MONO-MAC-6', 'KYSE-450', 'SK-LU-1', 'BV-173', 'SW48', '697', 'SNU-5', 'UMUC3', 'LC-2-ad', 'AN3-CA', 'CFPAC-1', 'KU812 cell line', 'LAMA-84', 'HT', 'PSN1', 'Calu-6', 'AU565', 'KYSE-520 cell line', 'SJRH30', 'NOMO-1', 'SW982', 'NCI-H596', 'DEL', 'GOTO', 'NCI-H526', 'RD', 'Ca9-22', 'NOS-1', 'HAL-01', 'HuTu80', 'LB1047-RCC', 'EW-16', 'KS-1', 'ML-2', 'SW 954', 'NKM-1', 'MKN-7', 'SNU1', 'QIMR-WIL', 'ONS-76', 'A101D', 'L-363', 'CTV-1', 'CHL-1', 'C32', 'BB30-HNC', 'SAS', 'U-118-MG', 'NCI-H1792', 'ALL-PO', 'ACN', 'SNU-423', 'MKN-1', 'HT-144', 'TE-12', 'KARPAS-45', 'TE-8', 'SK-MEL-1', 'LXF-289 cell line', 'LB2241-RCC', 'COLO-829', 'A3-KAW', 'KYSE-510', 'KGN', 'ETK-1', 'A4-Fuk', 'ES4', 'Calu-3', 'SK-MEL3', 'CTB-1', 'SW872', 'ES8', 'SK-NEP-1', 'SH-4', 'EM-2', 'BB65-RCC', 'NTERA-2-cl-D1', 'SW 962', 'MZ1-PC', '8-MG-BA', 'SK-N-AS', 'MOLT-16', 'GI-ME-N', 'NB69', 'ES1', 'GB-1', 'CGTH-W-1', 'GI-1', 'A388', 'NEC8', 'NCI-H747', 'LCLC-103H cell line', 'PLC-PRF-5', 'ME-180', 'MKN-74', 'SNU-387', 'JAR', 'HH', 'NCI-H1355', 'L-540', 'TE-10', 'SF-126', 'DB', 'OCUB-M', 'HT1197', 'VA-ES-BJ', 'KURAMOCHI', 'SW780', 'GCIY', 'D-423MG', 'ES6', 'SK-UT-1', 'NCI-H1437', 'RL', 'SCC-25', 'KYSE-70 cell line', 'Becker', 'BE-13', 'MHH-PREB-1', 'NMC-G1', 'G-401', 'MZ2-MEL', 'SW1088', '8305C', 'SK-N-DZ', 'IST-MEL1', 'Ramos-2G6-4C10', 'NB13', 'GT3TKB', 'MLMA', 'EW-1', 'LS-411N', 'KE-37', 'IA-LM', 'NCI-H1648', 'TE-9', 'Ca-Ski', 'A704', 'LB831-BLC', 'ST486', 'GR-ST', 'L-428', 'SCC-4', 'SW1710', 'TE-11', 'EW-3', 'J-RT3-T3-5', 'LS-123', 'K5', 'NCI-H209', 'A204', 'HCE-4', 'HD-MY-Z', 'A253 cell line', 'ATN-1', 'C2BBe1', 'MS-1', 'C-33-A', 'DSH1', 'MC116', 'LU-134-A', 'D-263MG', 'no-11', 'HCE-T', 'NB10', 'NB5', 'LB996-RCC', 'MZ7-mel', 'P30-OHK', 'BFTC-905', 'MEL-HO', 'OE19', 'NH-12', 'MPP-89', 'SK-N-FI', 'MeWo', 'EW-13', 'GAMG', 'SK-LMS-1', 'LCLC-97TM1', 'HSC-2', 'HC-1', 'SK-PN-DW', 'TE-5', 'KALS-1', 'G-402', 'YAPC', 'HuP-T4', 'SW626', 'CHP-212', 'MEL-JUSO', 'D283 Med', 'CAL-33', 'HCC2218', 'LB2518-MEL', 'LP-1', 'MHH-NB-11', 'ES7', 'BPH-1', 'TE-6', 'YKG-1', 'HSC-3', 'SCC-15', 'NCI-H2126', 'NCI-H1155', 'IST-SL1', 'SIG-M5', 'KINGS-1', 'IST-MES1', 'KYSE-270', 'FTC-133', 'CAL-12T', 'PANC-03-27', 'TGBC1TKB', 'TCC-SUP', 'Detroit562', 'D-502MG', 'MFH-ino', 'NB6', 'SHP77', 'COLO-684', 'HuO-3N1', 'SNU-C2B', 'MDA-MB-157', 'NCI-H1770', 'RH-1', 'CAL-39', 'KLE', 'CAS-1', 'BHY', 'NCI-H2009', 'MN-60', 'LS-513', 'LB771-HNC', 'KMOE-2', 'BB49-HNC', 'NCI-H2030', 'BCPAP', 'HLE', 'MC-IXC', 'KY821', '639-V', 'BHT-101', 'NCI-H28', 'CAL-54', 'ES3', 'ES5', 'SBC-1', 'MRK-nu-1', 'MMAC-SF', 'COLO-668', 'SNU-449', 'KP-N-YS', 'HuCCT-1', 'DBTRG-05MG', 'EFO-27', 'DOK', 'TGBC24TKB', 'KYSE-410', 'LU-139', 'SU-DHL-1', 'P12-Ichikawa', 'KYSE-180', 'SK-MEL-30', 'IGR-1', 'LS-1034', 'GCT', 'CAMA-1', 'PF-382', 'NCI-H1092', 'no-10', 'HO-1-N-1', 'LNCaP-Clone-FGC', 'MHH-ES-1', 'HTC-C3', 'HMV-2 cell line', 'GP5d', 'RPMI-2650', 'KM-H2', 'NCI-H720', 'DJM-1', 'LAN-6', 'VMRC-RCZ', 'COLO-679', 'ESS-1', 'COR-L105', 'OAW-42', 'HT-1376', 'NCI-H2170', 'JVM-3', 'CAL-85-1', 'COLO-800', 'KYSE-140', 'OMC-1', 'Lu-65', 'KNS-81-FD', 'GDM-1', 'NB17', 'CAL-62', 'EW-11', 'RVH-421', 'TYK-nu', 'NCI-H2087', 'Panc1005', 'NCI-H2342', 'HN', 'VM-CUB-1', 'H-EMC-SS', 'JVM-2', 'LU-99A', 'EW-18', 'HCC38', 'SCC-9', 'HT-3', 'WM-115', 'D-247MG', 'HDLM-2', 'RPMI-8866', 'BC1 cell line', 'COLO-320-HSR', 'COR-L88', 'BFTC-909', 'M059J', 'GAK', 'NCI-H810', 'D-336MG', 'CP66-MEL', 'HCC1187', 'NB14', 'DoTc2-4510', 'ChaGo-K-1', 'NCI-H650', 'KP-4', 'D-392MG', 'JIYOYE', 'CESS', 'NB12', 'NCI-H1304', 'NY', 'EFM-19', 'SBC-5', 'KU-19-19', 'SK-MEL-24', 'LK-2', 'NCI-H510A', 'ABC-1', 'NCI-H2347', '647-V', 'COLO-678', 'KOSC-2', 'RERF-LC-MS', 'TGW', 'DMS-79', 'MDA-MB-415', 'CAL-120', 'HPAF-II', 'AM-38', 'S-117', 'EFO-21', 'RCM-1', 'LOUCY', 'LB373-MEL-D', 'HCC1599', 'DG-75', 'NB7', 'MDA-MB-175-VII', 'NCI-H1755', 'SKG-IIIa', '23132-87', 'SW13', 'MC-CAR', 'RO82-W-1', 'HSC-4', 'COLO-824', 'EGI-1', 'HCC1395', 'NCI-H1573', 'HEC-1', 'HuO9', 'DK-MG', 'NCI-H1563', 'NCI-H1651', 'OAW-28', 'MFE-280', 'GMS-10', 'NCI-H1623', 'SW1783', 'CaR-1', 'SW756', 'COLO-680N', 'PANC-08-13', 'NCI-H1395', 'EW-24', 'COLO-792', 'NCI-H1693', 'COLO-741', 'PFSK-1', 'CP50-MEL-B', 'BEN', 'JEG-3', 'NCI-H2052', 'D-542MG', 'LB647-SCLC', 'SW1417', 'YT', 'SW684', 'NBsusSR', 'MFM-223', 'SCC-3', 'EHEB', 'COR-L279', 'EB2', 'HCC1419', 'RMG-I', 'D-566MG', 'SCH', 'EB-3', 'EVSA-T', 'CHP-126', 'SK-MM-2', 'LN-405', 'SIMA', 'EPLC-272H', 'NCI-H1882', 'UMC-11', 'HT55', 'NCI-H1793', 'ZR-75-30', 'CAL-148', 'WSU-NHL', 'NCI-H1048', 'K052', 'MOLT-13', 'NCI-H64', 'LC-1F', 'NCI-H345', 'NCI-H2452', 'UACC-893', 'EC-GI-10', 'TI-73', 'NCI-H630', 'SCLC-21H', 'DMS-153', 'NCI-H2141', 'EW-22', 'SW948', 'ECC10', 'NCI-H1436', 'ECC4', 'MHH-CALL-2', 'NCI-H2196', 'NCI-H1694', 'SW1463', 'NCI-H1838', 'YH-13', 'KNS-62', 'LU-165', 'NCI-H524', 'NCI-H1522', 'TGBC11TKB', 'OC-314', 'NCI-H748', 'EW-7', 'TUR', 'MDA-MB-134-VI', 'KP-N-YN', 'CW-2', 'NCI-H1666', 'KMS-12-PE', 'RH-18', 'NCI-H2291', 'Tubulin alpha-1 chain', 'UACC-812', 'NCI-H1618', 'SW900', 'BALL-1', 'LU-135', 'NCI-H2029', 'P31-FUJ', 'RXF 944', 'MAXF401 cell line', 'Corticotropin releasing factor receptor 2', 'CAKI-2', 'DC3F', 'YOSHIDA', 'WALKER']"
CHEMBL206253,Cc1ccccc1-c1cc(N2CCN(C)CC2)ncc1N(C)C(=O)C(C)(C)c1cc(C(F)(F)F)cc(C(F)(F)F)c1,['Neurokinin 1 receptor']
CHEMBL2103795,CCOc1nc2cccc(C(=O)OCc3oc(=O)oc3C)c2n1Cc1ccc(-c2ccccc2-c2noc(=O)[n-]2)cc1.[K+],['Peroxisome proliferator-activated receptor gamma']
CHEMBL2146108,O=C(CCn1cnc2c(=O)[nH]cnc21)Nc1ccc(C(=O)[O-])cc1.[K+],[]
CHEMBL3137335,CC(/C=C/C=C(\C)C(=O)[O-])=C\C=C\C=C(C)\C=C\C=C(/C)C(=O)[O-].[Na+].[Na+],[]
CHEMBL3319236,COc1ccc(S(=O)(=O)N[C@@H](CNc2nc(C)nc(N3CCC(c4ccc5c(n4)NCCC5)CC3)c2C)C(=O)O)cc1,['Integrin alpha-V/beta-3']
CHEMBL3414621,CCN(c1cc(-c2ccc(CN3CCOCC3)cc2)cc(C(=O)NCc2c(C)cc(C)[nH]c2=O)c1C)C1CCOCC1,"['Histone-lysine N-methyltransferase EZH2', 'KARPAS-422', 'Pfeiffer']"
CHEMBL3545057,CC(=O)O[C@H]1C[C@H](O[C@H]2[C@@H](O)C[C@H](O[C@H]3[C@@H](O)C[C@H](O[C@H]4CC[C@@]5(C)[C@H](CC[C@@H]6[C@@H]5CC[C@]5(C)[C@@H](C7=CC(=O)OC7)CC[C@]65O)C4)O[C@@H]3C)O[C@@H]2C)O[C@H](C)[C@H]1O,"['MCF7', 'HCT-116', 'K562', 'CCRF-CEM', 'NCI-H460', 'MOLT-4', 'SR', 'RPMI-8226', 'SW-620', 'NCI-H522', 'COLO 205', 'OVCAR-3', 'U-251', 'LOX IMVI', 'T47D', 'MDA-MB-435', 'ACHN', 'UACC-62', 'SK-MEL-5', 'KM12', 'NCI-H23', '786-0', 'IGROV-1', 'SF-268', 'M14', 'CAKI-1', 'OVCAR-8', 'SF-539', 'RXF 393', 'HOP-92', 'UO-31', 'HOP-62', 'SF-295', 'Malme-3M', 'SK-MEL-2', 'UACC-257', 'A498', 'NCI/ADR-RES', 'BT-549']"
CHEMBL3545068,COc1c(OCCCN2CCOCC2)ccc2c1N=C(NC(=O)c1cnc(N)nc1)N1CCN=C21.Cl.Cl,[]
CHEMBL3545367,Cc1ncc(OC[C@@]2(c3cccc(F)c3)C[C@H]2C(=O)Nc2ccc(F)cn2)c(C)n1,"['Orexin receptor 2', 'Orexin receptor 1']"
CHEMBL3707286,COc1ccc(-c2cc(=O)c3c(OCCO)cc(O[C@@H]4O[C@H](CO[C@@H]5O[C@@H](C)[C@H](O)[C@@H](O)[C@H]5O)[C@@H](O)[C@H](O)[C@H]4O)cc3o2)cc1O,[]
CHEMBL4297544,C=C(C#N)C(=O)OC(C)CCCCCC,['Palmitoyltransferase ZDHHC20']
CHEMBL4297584,CC[C@H](Nc1ncnc2[nH]cnc12)c1oc2ccccc2c(=O)c1-c1cccc(F)c1,"['PI3-kinase p110-delta subunit', 'PI3-kinase p110-gamma subunit']"
CHEMBL4297611,CC(C)(NC(=O)O[C@@H]1CN2CCC1CC2)c1csc(-c2ccc(F)cc2)n1,['N-terminal Xaa-Pro-Lys N-methyltransferase 1']
CHEMBL4297638,Cn1cc(-c2ccc(S(=O)(=O)[C@@H]3C[C@@H](C(=O)NC4(C#N)CC4)N(C(=O)C4(C(F)(F)F)CC4)C3)c(C(F)(F)F)c2)cn1,['Cathepsin S']
CHEMBL4298164,COCCNCc1ccc(-c2cc3nccc(Oc4ccc(NC(=O)C5(C(=O)Nc6ccc(F)cc6)CC5)cc4F)c3s2)nc1.O=C(O)CC(O)C(=O)O,"['Vascular endothelial growth factor receptor 2', 'Hepatocyte growth factor receptor']"
CHEMBL531048,O=C1C(=O)c2ncccc2-c2cccnc21,"['J82', 'Photosystem Q(B) protein']"
CHEMBL5314447,C[C@H](Nc1ccc2c(c1)OCCn1cc(N3C(=O)SC[C@H]3C(F)F)nc1-2)C(N)=O,['PI3-kinase p110-alpha subunit']
CHEMBL5314602,Cc1cc(O)c2c(=O)c3c(O)cc([O-])c4c5c(O)cc(O)c6c(=O)c7c(O)cc(C)c8c1c2c(c34)c(c78)c65.[Na+],[]
CHEMBL5314948,Cc1ccc(Oc2ncc(N3C(=O)NC(C)(C)C3=O)cn2)c2c1OCC21CC1,[]
CHEMBL820,CS(=O)(=O)OCCCCOS(C)(=O)=O,[]
CHEMBL866,COc1c(C)c2c(c(O)c1C/C=C(\C)CCC(=O)O)C(=O)OC2,"[""Inosine-5'-monophosphate dehydrogenase 2""]"
CHEMBL1173055,CNCc1ccc(-c2[nH]c3cc(F)cc4c3c2CCNC4=O)cc1,['Poly [ADP-ribose] polymerase-1']
CHEMBL1201248,COc1ccc(C[C@@H]2c3cc(OC)c(OC)cc3CC[N@+]2(C)CCC(=O)OCCCCCOC(=O)CC[N@@+]2(C)CCc3cc(OC)c(OC)cc3[C@H]2Cc2ccc(OC)c(OC)c2)cc1OC,[]
CHEMBL1201772,CC(=O)Oc1cc2c(s1)CCN(C(C(=O)C1CC1)c1ccccc1F)C2,[]
CHEMBL1234354,COc1ccc(-c2cc3c(C)nc(N)nc3n([C@H]3CC[C@H](OCCO)CC3)c2=O)cn1,"['PI3-kinase p110-alpha subunit', 'Serine/threonine-protein kinase mTOR', 'PI3-kinase p110-alpha subunit']"
CHEMBL1408759,Cc1ccc(C(C)C)cc2c(C)ccc1-2,['Rap guanine nucleotide exchange factor 4']
CHEMBL1423,O=c1[nH]c2ccccc2n1C1CCN(CCCC(c2ccc(F)cc2)c2ccc(F)cc2)CC1,"['H4', 'Listeria monocytogenes', 'Sodium channel alpha subunit']"
CHEMBL1515,Cn1ccnc1S,[]
CHEMBL1622,Nc1nc(=O)c2nc(CNc3ccc(C(=O)N[C@@H](CCC(=O)O)C(=O)O)cc3)cnc2[nH]1,[]
CHEMBL1683544,C=C1C[C@@H]2CC[C@@]34C[C@H]5O[C@H]6[C@@H](O3)[C@H]3O[C@H](CC[C@@H]3O[C@H]6[C@H]5O4)CC(=O)C[C@@H]3[C@@H](OC)[C@@H](C[C@H](O)CN)O[C@H]3C[C@H]3O[C@@H](CC[C@@H]1O2)C[C@@H](C)C3=C.CS(=O)(=O)O,[]
CHEMBL1729,COc1cc(N)c(Cl)cc1C(=O)NC1CCN(CCCOc2ccc(F)cc2)CC1OC,"['Dopamine D2 receptor', 'Serotonin 4 (5-HT4) receptor', 'Serotonin 4 (5-HT4) receptor']"
CHEMBL1789941,N#CC[C@H](C1CCCC1)n1cc(-c2ncnc3[nH]ccc23)cn1,"['Tyrosine-protein kinase JAK2', 'Tyrosine-protein kinase JAK1', 'Tyrosine-protein kinase JAK3', 'Glycogen synthase kinase-3 beta', 'Tyrosine-protein kinase SRC', 'Rho-associated protein kinase 2', 'Tyrosine-protein kinase TYK2', 'c-Jun N-terminal kinase 1', 'Dual specificity protein kinase CLK2', 'Dual specificity protein kinase CLK4', 'Tyrosine-protein kinase receptor RET', 'MAP kinase signal-integrating kinase 2', 'Protein kinase C alpha', 'Dual specificity mitogen-activated protein kinase kinase 1', 'Casein kinase II alpha', 'Glycogen synthase kinase-3 alpha', 'Casein kinase I delta', 'Serine/threonine-protein kinase TBK1', 'Inhibitor of nuclear factor kappa B kinase epsilon subunit', 'Dual specificity protein kinase CLK3', 'Protein kinase C iota', 'Tyrosine-protein kinase FYN', 'Serine/threonine-protein kinase PAK 4', 'Tyrosine-protein kinase YES', 'Serine/threonine-protein kinase MST2', 'Dual specificty protein kinase CLK1', 'Adaptor-associated kinase', 'Serine/threonine-protein kinase LATS1', 'Serine/threonine-protein kinase Nek1', 'Mitogen-activated protein kinase kinase kinase 7', 'MAP kinase p38 gamma', 'Ribosomal protein S6 kinase alpha 1', 'Leukocyte tyrosine kinase receptor', 'Protein kinase C mu', 'G protein-coupled receptor kinase 5', 'NUAK family SNF1-like kinase 1', 'MAP kinase-activated protein kinase 5', 'CaM-kinase kinase beta', 'TAK1/TAB1', 'Serine/threonine-protein kinase receptor R3', 'Ephrin type-A receptor 4', 'Serine/threonine-protein kinase 17B', 'Non-receptor tyrosine-protein kinase TNK1', 'Testis-specific serine/threonine-protein kinase 1', 'Ephrin type-B receptor 2', 'CaM kinase II alpha', 'Mitogen-activated protein kinase; ERK1/ERK2', 'Serine/threonine-protein kinase SIK2', 'CaM kinase I alpha', 'G protein-coupled receptor kinase 6', 'Ribosomal protein S6 kinase alpha 6', 'CaM kinase I delta', 'Ribosomal protein S6 kinase alpha 4', 'Serine/threonine-protein kinase ULK1', 'BMP-2-inducible protein kinase', 'JAK1/TYK2', 'Mitogen-activated protein kinase kinase kinase 11', 'Mitogen-activated protein kinase kinase kinase 9', 'Serine/threonine-protein kinase DCLK1', 'Myosin light chain kinase, smooth muscle', 'Homeodomain-interacting protein kinase 1', 'Janus Kinase (JAK)', 'Serine/threonine-protein kinase 16', 'Protein kinase N1', 'Ephrin type-A receptor 3', 'Serine/threonine-protein kinase SIK1', 'Bone morphogenetic protein receptor type-1A', 'MAP/microtubule affinity-regulating kinase 4', 'AMP-activated protein kinase, alpha-2 subunit', 'Serine/threonine-protein kinase MARK1', 'Ephrin type-B receptor 3', 'Serine/threonine-protein kinase 33', 'Serine/threonine-protein kinase MST4', 'SPS1/STE20-related protein kinase YSK4', 'NUAK family SNF1-like kinase 2', 'Bone morphogenetic protein receptor type-1B', 'Citron Rho-interacting kinase', 'Ephrin type-A receptor 8', 'Serine/threonine-protein kinase SIK3', 'Ephrin type-A receptor 5', 'Serine/threonine-protein kinase TAO2', 'Serine/threonine-protein kinase PAK 2', 'Mitogen-activated protein kinase 15', 'Mitogen-activated protein kinase kinase kinase 2', 'Tyrosine-protein kinase CTK', 'BR serine/threonine-protein kinase 2', 'Homeodomain-interacting protein kinase 3', 'Mitogen-activated protein kinase kinase kinase 1', 'Phosphorylase kinase gamma subunit 1', 'CaM kinase IV', 'Serine/threonine-protein kinase ULK3', 'Mitogen-activated protein kinase kinase kinase 10', 'Ephrin type-A receptor 6', 'Phosphatidylinositol-4-phosphate 5-kinase type-1 gamma', 'Serine/threonine-protein kinase ULK2', 'Serine/threonine-protein kinase LATS2', 'STE20/SPS1-related proline-alanine-rich protein kinase', 'Uncharacterized protein FLJ45252', 'G protein-coupled receptor kinase 7', 'Bone morphogenetic protein receptor type-2', 'TF-1', 'Mitogen-activated protein kinase kinase kinase 3', 'Serine/threonine-protein kinase NEK9', 'Myotonin-protein kinase', 'Serine/threonine-protein kinase DCLK3', 'Dual specificity mitogen-activated protein kinase kinase 3', 'Activin receptor type-2A', 'Serine/threonine-protein kinase PAK 3', 'Serine/threonine-protein kinase 24', 'Rhodopsin kinase', 'G protein-coupled receptor kinase 4', 'Serine/threonine-protein kinase PAK7', 'Mitogen-activated protein kinase 6', 'Serine/threonine-protein kinase 36', 'Serine/threonine-protein kinase SRPK3', 'Mitogen-activated protein kinase kinase kinase 7-interacting protein 1', 'Serine/threonine-protein kinase PAK6', 'Chaperone activity of bc1 complex-like, mitochondrial', 'Serine/threonine-protein kinase 25', 'Serine/threonine-protein kinase RIO1', 'Mitogen-activated protein kinase kinase kinase 4', 'Dual specificity testis-specific protein kinase 1', 'JAK2/TYK2', 'Phosphatidylinositol-4-phosphate 5-kinase type-1 alpha', 'Serine/threonine-protein kinase RIO3', 'Activin receptor type-2B', 'Ankyrin repeat and protein kinase domain-containing protein 1', 'cAMP-dependent protein kinase beta-1 catalytic subunit', 'Casein kinase I isoform alpha-like', 'Peripheral plasma membrane protein CASK', 'Receptor-interacting serine/threonine-protein kinase 4', 'Serine/threonine-protein kinase NEK7', 'Phosphatidylinositol-4-phosphate 3-kinase C2 domain-containing subunit gamma', 'Uncharacterized aarF domain-containing protein kinase 4', 'Serine/threonine-protein kinase SBK1', 'Serine/threonine-protein kinase OSR1', 'Mitotic checkpoint serine/threonine-protein kinase BUB1', 'Dihydrofolate reductase', 'Serine/threonine-protein kinase Nek3', 'Melanoma cell line', 'Serine/threonine-protein kinase 32A', 'Serine/threonine-protein kinase 32B', 'Serine/threonine-protein kinase Nek5', 'Wee1-like protein kinase 2', 'Ecdysone receptor', 'Microtubule-associated serine/threonine-protein kinase 1', 'Serine/threonine-protein kinase DCLK2', 'Serine/threonine-protein kinase WNK1', 'Serine/threonine-protein kinase MRCK gamma', 'Cyclin-dependent kinase-like 5', 'Ecdysone receptor', 'Serine/threonine-protein kinase MAK', 'Echinochloa crus-galli var. formosensis', 'Serine/threonine-protein kinase Nek11', 'Ribosomal protein S6 kinase 2', 'Mitogen-activated protein kinase 4', 'Uncharacterized aarF domain-containing protein kinase 1', 'Zinc finger protein GLI1', 'Tubulin alpha-1 chain', 'Serine/threonine-protein kinase VRK2', 'Mitogen-activated protein kinase kinase kinase 15', 'Cyclin-dependent kinase-like 3', 'Caenorhabditis elegans', 'Protein delta homolog 1', 'Mixed lineage kinase domain-like protein', 'CTLL', 'C-terminal-binding protein 2', 'Serine/threonine-protein kinase 32C', 'Serine/threonine-protein kinase LMTK3', 'SK-MEL19', 'GABA A receptor alpha-6/beta-2/gamma-2', 'Cyclin-dependent kinase-like 1', 'cAMP-dependent protein kinase, gamma catalytic subunit', 'Calcium/calmodulin-dependent protein kinase type 1B', 'Serine/threonine-protein kinase WNK2', 'LIM domain kinase 1/2', 'Serine/threonine-protein kinase WNK3', 'Ribosomal protein S6 kinase', 'Whole blood', 'Photosystem Q(B) protein', 'Beta-lactamase', 'CDK2/Cyclin O', 'Phosphorylase kinase', 'Carnitine palmitoyltransferase 1A', 'Diplodia seriata', 'Neofusicoccum ribis', 'STE20-related kinase adapter protein alpha', 'Glutamine synthetase, chloroplastic', 'Phospholipase C', 'Human echovirus 11', 'Cereblon/Lrrk2', 'Influenza B virus (B/Lee/40)', 'Testis-specific serine/threonine-protein kinase 3', 'Serine/threonine-protein kinase/endoribonuclease IRE2', 'WEHI-164', 'Lactoylglutathione lyase', 'DNA topoisomerase 4 subunit B', 'Venus kinase receptor 2', 'Picornaviridae', 'Baculoviral IAP repeat-containing protein 3/Mucosa-associated lymphoid tissue lymphoma translocation protein 1', 'HEL 299', 'ULK3 kinase', 'Serine/threonine-protein kinase N3', 'CDK1/Cyclin E', 'Cell division control protein 2 homolog', 'Corticotropin releasing factor receptor 2', 'Leishmania peruviana', 'AEC', 'Histidine kinase', 'Acyl-protein thioesterase 2', 'Nuclear receptor subfamily 2 group C member 2', 'Panc02', 'IGR-37 cell line', 'MCF10', 'CAKI-2', 'DC3F', 'PAM212', 'cAMP-dependent protein kinase alpha-catalytic subunit', 'Serine/threonine-protein kinase MST2', 'Pseudopodium-enriched atypical kinase 1', 'Simplexvirus', 'Acetylcholine receptor protein delta chain', 'Pyridoxal kinase', 'Kinesin-like protein KIF15', 'Insulin-like growth factor II receptor', 'Transient receptor potential cation channel subfamily M member 6', 'Macrophage-stimulating protein receptor', 'Cyclin A2', 'Ecdysone receptor', 'DOPA decarboxylase', 'NTRK1/NTRK2', 'Aryl hydrocarbon receptor', 'Group XIIA secretory phospholipase A2', 'Phaeosphaeria nodorum']"
CHEMBL1823817,COC[C@H](O)Cn1c(=O)cnn(-c2ccc(Cl)c(C(=O)NCC3(O)CCCCCC3)c2)c1=O,[]
CHEMBL1908324,C=N[C@@H](C(=O)N[C@@H]1C(=O)N2[C@@H]1SC(C)(C)[C@@H]2C(=O)O)c1ccccc1,[]
CHEMBL1972860,CN(NC(=O)CC(=O)NN(C)C(=S)c1ccccc1)C(=S)c1ccccc1,"['HCT-116', 'K562', 'MOLT-4', 'SW-620', 'NCI-H522', 'COLO 205', 'OVCAR-3', 'LOX IMVI', 'KM12', '786-0', 'IGROV-1', 'SF-268', 'CAKI-1', 'RXF 393', 'SF-295', 'UACC-257', 'NCI-H1650', 'J82', 'NCI-H292', 'U-266', 'MKN-28', 'MSTO-211H', 'NCI-H2122', 'HCC1806', 'SAOS-2', 'SNU-5', 'UMUC3', 'AN3-CA', 'CFPAC-1', 'HT', 'AU565', 'KYSE-520 cell line', 'NOMO-1', 'SW982', 'NCI-H596', 'RD', 'Ca9-22', 'HAL-01', 'ML-2', 'SW 954', 'MKN-7', 'QIMR-WIL', 'A101D', 'BB30-HNC', 'SAS', 'MKN-1', 'HT-144', 'SK-MEL-1', 'LXF-289 cell line', 'COLO-829', 'A3-KAW', 'KGN', 'ETK-1', 'A4-Fuk', 'ES4', 'Calu-3', 'ES8', 'SK-NEP-1', 'SH-4', 'EM-2', 'NTERA-2-cl-D1', 'SW 962', 'GI-ME-N', 'NB69', 'ES1', 'GB-1', 'NEC8', 'NCI-H747', 'ME-180', 'HH', 'NCI-H1355', 'SF-126', 'HT1197', 'VA-ES-BJ', 'KURAMOCHI', 'SW780', 'GCIY', 'BE-13', 'NMC-G1', 'MZ2-MEL', 'SW1088', 'NB13', 'GT3TKB', 'MLMA', 'EW-1', 'LS-411N', 'KE-37', 'IA-LM', 'NCI-H1648', 'Ca-Ski', 'A704', 'LB831-BLC', 'GR-ST', 'L-428', 'SCC-4', 'EW-3', 'J-RT3-T3-5', 'K5', 'NCI-H209', 'HCE-4', 'HD-MY-Z', 'ATN-1', 'C2BBe1', 'C-33-A', 'DSH1', 'LU-134-A', 'D-263MG', 'NB10', 'NB5', 'MZ7-mel', 'NH-12', 'SK-N-FI', 'MeWo', 'EW-13', 'HSC-2', 'HC-1', 'TE-5', 'KALS-1', 'YAPC', 'HuP-T4', 'CHP-212', 'D283 Med', 'CAL-33', 'HCC2218', 'LB2518-MEL', 'MHH-NB-11', 'BPH-1', 'TE-6', 'SCC-15', 'NCI-H2126', 'NCI-H1155', 'IST-SL1', 'FTC-133', 'TGBC1TKB', 'D-502MG', 'NB6', 'SHP77', 'COLO-684', 'SNU-C2B', 'CAL-39', 'KLE', 'CAS-1', 'NCI-H2009', 'MN-60', 'LS-513', 'LB771-HNC', 'KMOE-2', 'NCI-H2030', 'SW 1116', 'MC-IXC', 'KY821', 'CAL-54', 'ES3', 'SBC-1', 'MRK-nu-1', 'MMAC-SF', 'DBTRG-05MG', 'EFO-27', 'TGBC24TKB', 'LU-139', 'P12-Ichikawa', 'KYSE-180', 'SK-MEL-30', 'LS-1034', 'NCI-H1092', 'no-10', 'HO-1-N-1', 'LNCaP-Clone-FGC', 'NCI-H720', 'DJM-1', 'LAN-6', 'COLO-679', 'ESS-1', 'NCI-H2170', 'JVM-3', 'COLO-800', 'OMC-1', 'Lu-65', 'KNS-81-FD', 'NB17', 'EW-11', 'Panc1005', 'HN', 'VM-CUB-1', 'JVM-2', 'EW-18', 'HCC38', 'D-247MG', 'HDLM-2', 'RPMI-8866', 'COR-L88', 'M059J', 'GAK', 'CP66-MEL', 'NB14', 'D-392MG', 'CESS', 'NCI-H1304', 'KU-19-19', 'SK-MEL-24', 'NCI-H510A', '647-V', 'COLO-678', 'DMS-79', 'MDA-MB-415', 'CAL-120', 'HPAF-II', 'AM-38', 'RCM-1', 'LB373-MEL-D', 'HCC1599', 'DG-75', 'NB7', 'MDA-MB-175-VII', 'SKG-IIIa', 'SW13', 'MC-CAR', 'RO82-W-1', 'HSC-4', 'COLO-824', 'EGI-1', 'HCC1395', 'NCI-H1573', 'HEC-1', 'DK-MG', 'NCI-H1563', 'NCI-H1651', 'OAW-28', 'MFE-280', 'GMS-10', 'CaR-1', 'SW756', 'COLO-680N', 'NCI-H1395', 'EW-24', 'COLO-792', 'NCI-H1693', 'COLO-741', 'PFSK-1', 'CP50-MEL-B', 'BEN', 'JEG-3', 'NCI-H2052', 'D-542MG', 'SW1417', 'SW684', 'MFM-223', 'EHEB', 'COR-L279', 'EB2', 'HCC1419', 'RMG-I', 'D-566MG', 'SCH', 'EB-3', 'LN-405', 'EPLC-272H', 'UMC-11', 'HT55', 'NCI-H1793', 'ZR-75-30', 'CAL-148', 'WSU-NHL', 'NCI-H1048', 'MOLT-13', 'NCI-H2452', 'UACC-893', 'EC-GI-10', 'TI-73', 'NCI-H630', 'SCLC-21H', 'EW-22', 'SW948', 'ECC10', 'SW1463', 'NCI-H1838', 'YH-13', 'KNS-62', 'DMS-53', 'TGBC11TKB', 'OC-314', 'KP-N-YN', 'CW-2', 'NCI-H1666', 'RH-18', 'NCI-H2291', 'SW900', 'BALL-1', 'LU-135', 'NCI-H2029', 'P31-FUJ']"
CHEMBL2104981,COCCN1CCC(N(Cc2ccc(-c3ccc(C(F)(F)F)cc3)cc2)C(=O)Cn2c(SCc3cccc(F)c3F)cc(=O)c3ccccc32)CC1,[]
CHEMBL2105075,O=C(OCC(O)CO)c1ccccc1Nc1ccnc2c(C(F)(F)F)cccc12,[]
CHEMBL2105686,CCCCOCCOc1ccc(-c2ccc3c(c2)/C=C(/C(=O)Nc2ccc([S@@+]([O-])Cc4cncn4CCC)cc2)CCCN3CC(C)C)cc1.CS(=O)(=O)O,[]
CHEMBL2107333,COC(=O)/C=C/C(=O)OC,[]
CHEMBL2110585,CCOC(=O)[C@@H](N)CCC(=O)N[C@@H](CSCc1ccccc1)C(=O)N[C@@H](C(=O)OCC)c1ccccc1,[]
CHEMBL2110900,CN(C)[C@@H](CCOc1cccc2ccccc12)c1ccccc1,['Serotonin transporter']
CHEMBL2304041,C=CC[C@H]1C(=O)C(C)(C)[C@@H](O)CC(=O)O[C@H](c2ccc3sc(C)nc3c2)C[C@@H]2O[C@]2(C)CCC[C@H](C)[C@@H]1O,[]
CHEMBL2364629,N[C@@H]1c2cccnc2[C@H](OC(=O)N2CCC(n3c(=O)[nH]c4ncccc43)CC2)CC[C@H]1c1cccc(F)c1F.N[C@@H]1c2cccnc2[C@H](OC(=O)N2CCC(n3c(=O)[nH]c4ncccc43)CC2)CC[C@H]1c1cccc(F)c1F.O.O.O.O=S(=O)(O)O,['Callithrix jacchus']
CHEMBL2402737,COc1cc(C(=O)O)ccc1NC(=O)[C@@H]1N[C@@H](CC(C)(C)C)[C@](C#N)(c2ccc(Cl)cc2F)[C@H]1c1cccc(Cl)c1F,['p53-binding protein Mdm-2']
CHEMBL265502,Cc1ccc(C(=O)Nc2ccc(S(=O)(=O)O)c3cc(S(=O)(=O)O)cc(S(=O)(=O)O)c23)cc1NC(=O)c1cccc(NC(=O)Nc2cccc(C(=O)Nc3cc(C(=O)Nc4ccc(S(=O)(=O)O)c5cc(S(=O)(=O)O)cc(S(=O)(=O)O)c45)ccc3C)c2)c1,['Insulin receptor']
CHEMBL3039513,CC[C@@](C)(Nc1ccnc(-c2c[nH]c3ncccc23)n1)C(=O)NCC(F)(F)F,[]
CHEMBL3093499,COc1cccc2c1C(=O)c1c(O)c3c(c(O)c1C2=O)C[C@@](O)(C(=O)CO)C[C@@H]3O[C@H]1C[C@H](NC(=O)[C@H](CC(C)C)NC(=O)[C@H](CO)NC(=O)[C@H](CCC(N)=O)NC(=O)[C@@H](NC(=O)[C@H](CO)NC(=O)[C@H](C)NC(=O)[C@@H]2C[C@@H](O)CN2C(=O)CCCC(=O)O)C2CCCCC2)[C@H](O)[C@H](C)O1,[]
CHEMBL3544913,NC(=O)[C@@H]1CC[C@H](c2ccc(OCc3ccccc3F)cc2)N1,[]
CHEMBL3545154,C=CC(=O)N1CCC(Oc2cc3c(Nc4ccc(Cl)c(Cl)c4F)ncnc3cc2OC)CC1,['Epidermal growth factor receptor erbB1']
CHEMBL3639728,COc1ncc(F)cc1CNc1ccc(Cc2c[nH]c3ncc(C)cc23)c(F)n1,['Macrophage colony stimulating factor receptor']
CHEMBL3673096,CC(C)(O)CCOc1cc(-c2cnn(C(C)(C)C(N)=O)c2)c2c(c1)[C@@](O)(C(F)(F)F)c1ccccc1-2,['Pyruvate dehydrogenase kinase isoform 2']
CHEMBL3694493,Cn1c(Nc2c(Cl)ccc(CNC(=O)C(C)(C)C)c2Cl)nc2cc(C(=O)N[C@H]3CC[C@H](C(F)(F)F)CC3)c(OCC(F)F)cc21,['Prostaglandin E synthase']
CHEMBL3989510,CC(C)=CCN1CCC2(C)c3cc(O)ccc3CC1C2C.Cl,[]
CHEMBL3989756,O.O=[Si]=O.O=[Si]=O.O=[Si]=O.O=[Si]=O.[O]=[Mg].[O]=[Mg].[O]=[Mg],[]
CHEMBL4112930,C[C@]12CCCN1CC1=NNC(=O)c3cc(F)cc4[nH]c2c1c34,"['Poly [ADP-ribose] polymerase-1', 'Poly [ADP-ribose] polymerase 2']"
CHEMBL444814,NC(=O)NCCC[C@H](N)C(=O)O,"['N(G),N(G)-dimethylarginine dimethylaminohydrolase 1', 'Arginase-1']"
CHEMBL4802252,Nc1c([18F])ccc2cnc(-n3ccc4ccncc43)cc12,[]
CHEMBL484,Nc1ncnc2c1ncn2CCOCP(=O)(O)O,['Hypoxanthine-guanine phosphoribosyltransferase']
CHEMBL521,CC(C)Cc1ccc(C(C)C(=O)O)cc1,[]
CHEMBL5314574,Cc1cc(-c2nc(C(=O)Nc3cc4oc(N5CCOCC5)nc4nc3N3CC[C@@H](O)C3)co2)ccn1.Cc1ccc(S(=O)(=O)O)cc1,[]
CHEMBL54661,OCCN1CCN(CC/C=C2/c3ccccc3Sc3ccc(C(F)(F)F)cc32)CC1,[]
CHEMBL576,O=C(O)CCC(=O)O,"['Olfactory receptor 51E2', 'Solute carrier family 22 member 6', 'Methylcytosine dioxygenase TET2']"
CHEMBL578390,CCCCCCCCC/C(=C\C1=C(C)C(=O)C(OC)=C(OC)C1=O)C(=O)O,"['Macrophage-expressed gene 1 protein', 'Glucose-6-phosphate translocase']"
CHEMBL603,COc1cc(C(=O)NS(=O)(=O)c2ccccc2C)ccc1Cc1cn(C)c2ccc(NC(=O)OC3CCCC3)cc12,"['Cysteinyl leukotriene receptor', 'Cysteinyl leukotriene receptor 1']"
CHEMBL684,CCN(CC)C(=O)N1CCN(C)CC1,[]
CHEMBL1079593,O=c1[nH]c2cnc(-n3cnc4ccc(F)cc43)nc2n1[C@@H]1CCOc2c(F)cccc21,"['Tyrosine-protein kinase JAK2', 'Tyrosine-protein kinase JAK1', 'Tyrosine-protein kinase JAK3']"
CHEMBL1100,CCC1(C)OC(=O)N(C)C1=O,[]
CHEMBL1200764,CC(=O)OC(C)C[N+](C)(C)C.[Cl-],"['Choline transporter', 'Choline trimethylamine-lyase']"
CHEMBL124660,COc1cc2c(N3CCN(C(=O)Nc4ccc(OC(C)C)cc4)CC3)ncnc2cc1OCCCN1CCCCC1,['Platelet-derived growth factor receptor beta']
CHEMBL1457,COc1ccc2c3c1O[C@H]1C(=O)CC[C@H]4[C@@H](C2)N(C)CC[C@]314,[]
CHEMBL1463345,C[C@]12CCC(=O)C=C1C=C[C@@H]1[C@@H]2CC[C@@]2(C)[C@H]1CC[C@@]21CCC(=O)O1,[]
CHEMBL1480,CCOC(=O)C1=C(C)NC(C)=C(C(=O)OC)C1c1cccc(Cl)c1Cl,"['Voltage-gated L-type calcium channel alpha-1D subunit', 'Voltage-gated L-type calcium channel alpha-1C subunit', 'Voltage-gated L-type calcium channel']"
CHEMBL1488,Oc1ncc(N(CCCl)CCCl)c(O)n1,[]
CHEMBL154,COc1ccc2cc([C@H](C)C(=O)O)ccc2c1,"['Cyclooxygenase-2', 'Aldo-keto-reductase family 1 member C3', 'Aldo-keto reductase family 1 member C2']"
CHEMBL163672,CCOC(=O)COc1ccc2c(C)c(CCN(CC)CC)c(=O)oc2c1,[]
CHEMBL2103983,[K+].[OH-],['Carbonic anhydrase V']
CHEMBL2106004,CC(=O)Oc1ccc(C2(c3ccc(OC(C)=O)cc3)Oc3ccccc3NC2=O)cc1,[]
CHEMBL2106613,CC(=O)OCC(=O)[C@@]1(O)CC[C@H]2[C@@H]3CCC4=CC(=O)CC[C@]4(C)C3=CC[C@@]21C,"['Nuclear receptor subfamily 1 group I member 2', 'Progesterone receptor']"
CHEMBL2107825,CC(C)OC(=O)[C@H](C)N[P@](=O)(CO[C@H](C)Cn1cnc2c(N)ncnc21)Oc1ccccc1,[]
CHEMBL214920,CC(C)CCOc1ccc(NC(=S)Nc2ccc(OCCC(C)C)cc2)cc1,[]
CHEMBL2364639,COc1cc2c(cc1OC)[C@H]1C[C@@H](OC(=O)[C@@H](N)C(C)C)[C@H](CC(C)C)CN1CC2,['Synaptic vesicular amine transporter']
CHEMBL269259,CC[C@H](C(=O)N1CCCC[C@H]1C(=O)O[C@H](CCc1ccc(OC)c(OC)c1)c1cccc(OCC(=O)NCCNC(=O)COc2cccc([C@@H](CCc3ccc(OC)c(OC)c3)OC(=O)[C@@H]3CCCCN3C(=O)[C@@H](CC)c3cc(OC)c(OC)c(OC)c3)c2)c1)c1cc(OC)c(OC)c(OC)c1,[]
CHEMBL3039504,CCS(=O)(=O)O.COC(=O)c1ccc2c(c1)NC(=O)/C2=C(\Nc1ccc(N(C)C(=O)CN2CCN(C)CC2)cc1)c1ccccc1,"['Vascular endothelial growth factor receptor 2', 'Tyrosine-protein kinase SRC', 'Platelet-derived growth factor receptor beta', 'Serine/threonine-protein kinase LATS1', 'NUAK family SNF1-like kinase 1', 'Serine/threonine-protein kinase SIK2']"
CHEMBL333950,C=C1/C(=C\C=C2/CCC[C@]3(C)[C@@H]([C@H](C)OCCC(C)(C)O)CC[C@@H]23)C[C@@H](O)C[C@@H]1O,"['Vitamin D receptor', 'Keratinocytes', 'Liver microsome', 'Vitamin D receptor', 'Vitamin D3 receptor A']"
CHEMBL3544947,CC(C)(C(N)=O)C1CCN(CCC2(c3ccc(Cl)c(Cl)c3)CN(C(=O)Cc3cc(C(F)(F)F)cc(C(F)(F)F)c3)CCO2)CC1,"['Neurokinin 1 receptor', 'Neurokinin 2 receptor']"
CHEMBL3920982,O=C(O)c1ccc(C2(NC(=O)C3CC4(CCN3Cc3ccc(C(F)(F)F)cc3)CC4)CC2)cc1,[]
CHEMBL3982690,Cc1noc(C)c1-c1cc(C(O)(c2ccccn2)c2ccccn2)c2nc(C3CC3)[nH]c2c1,['Bromodomain-containing protein 4']
CHEMBL3989407,CN1CCC[C@H]1CCNC(=O)c1cn2c3c(c(N4CCC(c5cnccn5)C4)c(F)cc3c1=O)Oc1cc3ccccc3cc1-2,[]
CHEMBL3989476,CC[C@@]1(OC(=O)[C@H](C)NC(=O)COCCOCC(=O)N[C@@H](C)C(=O)O[C@]2(CC)C(=O)OCc3c2cc2n(c3=O)Cc3cc4ccccc4nc3-2)C(=O)OCc2c1cc1n(c2=O)Cc2cc3ccccc3nc2-1,"['A549', 'KB']"
CHEMBL426084,NC(=O)c1ccc2c(c1O)[C@]13CCN(CC4CC4)[C@H](C2)[C@]1(O)CCC(=O)C3,"['Mu opioid receptor', 'Delta opioid receptor']"
CHEMBL4297367,C#Cc1cccc(-c2cc(=O)n(C)c3ccc([C@](O)(c4ccc(Cl)cc4)c4cncn4C)cc23)c1,[]
CHEMBL4297400,CCOC(=O)C(C)(C)NP(=O)(NC(C)(C)C(=O)OCC)c1ccc(-c2nc(N)sc2C(=O)C(C)(C)C)o1,[]
CHEMBL4303669,O.O=P(O)(O)C(O)(Cn1ccnc1)P(=O)(O)O,"['Farnesyl pyrophosphate synthase', 'Geranyltranstransferase']"
CHEMBL43064,C(=C/c1ccccc1)\CN1CCN(C(c2ccccc2)c2ccccc2)CC1,[]
CHEMBL437765,CO[C@H]1/C=C/O[C@@]2(C)Oc3c(C)c(O)c4c(O)c(cc(O)c4c3C2=O)NC(=O)/C(C)=C\C=C\[C@H](C)[C@H](O)[C@@H](C)[C@@H](O)[C@@H](C)[C@H](OC(C)=O)[C@@H]1C,[]
CHEMBL4594297,C[Si](C)(C)c1cc([Si](C)(C)C)c(NC(=O)c2c[nH]c3ccccc3c2=O)cc1O,"['Cystic fibrosis transmembrane conductance regulator', 'NRK-49F']"
CHEMBL4650341,COC(=O)N1CCC[C@H](NS(C)(=O)=O)[C@@H]1CO[C@H]1CC[C@@H](c2ccccc2)CC1,[]
CHEMBL5314476,COC(=O)N1c2ccc3c(nc([C@H](O)c4cc(F)ccc4OC)n3[C@@H]3CCC[C@@H](C(=O)O)C3)c2CC[C@@H]1C,['Nuclear receptor ROR-gamma']
CHEMBL5314543,COc1ccc2cc(O)c(N3CC(=O)NS3(=O)=O)c(F)c2c1,['Aldose reductase']
CHEMBL561339,CCN(CC)C(=O)c1ccc(C2=CC3(CCNCC3)Oc3ccccc32)c(O)c1,['Delta opioid receptor']
CHEMBL671,S=P(N1CC1)(N1CC1)N1CC1,[]
CHEMBL905,CN(C)CCc1c[nH]c2ccc(Cn3cncn3)cc12,"['Serotonin 1d (5-HT1d) receptor', 'Serotonin 1b (5-HT1b) receptor', 'Serotonin 1d (5-HT1d) receptor']"
CHEMBL1193948,CCOC(=O)COc1ccc2c(c1)C[C@@H](NC[C@H](O)c1cccc(Cl)c1)CC2,['Beta-3 adrenergic receptor']
CHEMBL1200681,CC(C)(O)c1ccccc1CC[C@@H](SCC1(CC(=O)[O-])CC1)c1cccc(/C=C/c2ccc3ccc(Cl)cc3n2)c1.[Na+],"['Cysteinyl leukotriene receptor', 'Cysteinyl leukotriene receptor 1', 'Cysteinyl leukotriene receptor 1', 'Cysteinyl leukotriene receptor 1']"
CHEMBL1201290,[K],['Lymphoblastoid cells']
CHEMBL1255891,CCCC[C@H](NC(=O)[C@@H]1[C@@H]2[C@H](CN1C(=O)[C@@H](NC(=O)NC1(CS(=O)(=O)C(C)(C)C)CCCCC1)C(C)(C)C)C2(C)C)C(=O)C(=O)NC1CC1,['Hepatitis C virus']
CHEMBL1287935,CC[C@H](Nc1cc(C)nc2c(-c3ccc(OC)cc3C)c(C)nn12)c1nc(C)no1,[]
CHEMBL1393,CC(=O)S[C@@H]1CC2=CC(=O)CC[C@]2(C)[C@H]2CC[C@@]3(C)[C@@H](CC[C@@]34CCC(=O)O4)[C@H]12,['Progesterone receptor']
CHEMBL1406148,CCCCCCCC(=O)OCC(COC(=O)CCCCCCC)OC(=O)CCCCCCC,[]
CHEMBL1455,CN(C)c1nc(N(C)C)nc(N(C)C)n1,[]
CHEMBL1510,CN1CCC[C@@H]1Cc1c[nH]c2ccc(CCS(=O)(=O)c3ccccc3)cc12,[]
CHEMBL1652442,Clc1ccc2c(N3CCN(CCCN4CCN(c5ccnc6cc(Cl)ccc56)CC4)CC3)ccnc2c1.O=P(O)(O)O.O=P(O)(O)O.O=P(O)(O)O.O=P(O)(O)O,[]
CHEMBL1697845,CC[C@]1(O)CC[C@H]2[C@@H]3CCC4=CC(=O)CC[C@@H]4[C@H]3CC[C@@]21C,['Progesterone receptor']
CHEMBL1767407,Nc1ccn([C@H]2C[C@H](O)[C@@H](COP(=O)([O-])OP(=O)([O-])OP(=O)([O-])OP(=O)([O-])OC[C@H]3O[C@@H](n4ccc(=O)[nH]c4=O)[C@H](O)[C@@H]3O)O2)c(=O)n1.[Na+].[Na+].[Na+].[Na+],[]
CHEMBL177,NCC[C@H](O)C(=O)N[C@@H]1C[C@H](N)[C@@H](O[C@H]2O[C@H](CN)[C@@H](O)[C@H](O)[C@H]2O)[C@H](O)[C@H]1O[C@H]1O[C@H](CO)[C@@H](O)[C@H](N)[C@H]1O,"['Ribosomal RNA A-site', 'Ribosome', 'Human immunodeficiency virus type 1 REV']"
CHEMBL189963,CC(=O)c1c(C)c2cnc(Nc3ccc(N4CCNCC4)cn3)nc2n(C2CCCC2)c1=O,"['K562', 'Cyclin-dependent kinase 4/cyclin D1', 'HGC-27', 'KG-1', 'HOS', 'J82', 'NCI-H292', 'U-266', 'CDK6/cyclin D1', 'SK-MES-1', 'Cyclin-dependent kinase 4/cyclin D', 'MSTO-211H', 'NCI-H661', 'NCI-H2122', 'DU-4475', 'SK-LU-1', 'BV-173', '697', 'SNU-5', 'AN3-CA', 'CFPAC-1', 'KU812 cell line', 'LAMA-84', 'NOMO-1', 'SW982', 'NCI-H596', 'Ca9-22', 'HAL-01', 'ML-2', 'SW 954', 'SNU1', 'QIMR-WIL', 'ONS-76', 'L-363', 'BB30-HNC', 'U-118-MG', 'NCI-H1792', 'MKN-1', 'HT-144', 'TE-8', 'LXF-289 cell line', 'LB2241-RCC', 'COLO-829', 'A3-KAW', 'ETK-1', 'A4-Fuk', 'ES4', 'CTB-1', 'ES8', 'SK-NEP-1', 'EM-2', 'SW 962', 'MZ1-PC', 'SK-N-AS', 'GI-ME-N', 'NB69', 'ES1', 'GB-1', 'NEC8', 'NCI-H747', 'HH', 'NCI-H1355', 'DB', 'VA-ES-BJ', 'SW780', 'D-423MG', 'NCI-H1437', 'BE-13', 'MZ2-MEL', 'SW1088', '8305C', 'GT3TKB', 'MLMA', 'EW-1', 'KE-37', 'A704', 'GR-ST', 'EW-3', 'J-RT3-T3-5', 'K5', 'NCI-H209', 'HCE-4', 'HD-MY-Z', 'C2BBe1', 'DSH1', 'D-263MG', 'MZ7-mel', 'SK-N-FI', 'MeWo', 'EW-13', 'GAMG', 'KNS-42', 'HSC-2', 'TE-5', 'CHP-212', 'D283 Med', 'CAL-33', 'HCC2218', 'LP-1', 'MHH-NB-11', 'BPH-1', 'TE-6', 'HSC-3', 'SCC-15', 'TGBC1TKB', 'D-502MG', 'NB6', 'SHP77', 'CAL-39', 'MN-60', 'KY821', 'CAL-54', 'ES3', 'ES5', 'SBC-1', 'KP-N-YS', 'EFO-27', 'P12-Ichikawa', 'KYSE-180', 'CAMA-1', 'HO-1-N-1', 'MHH-ES-1', 'KM-H2', 'NCI-H720', 'DJM-1', 'LAN-6', 'JVM-3', 'COLO-800', 'KNS-81-FD', 'NB17', 'EW-11', 'TYK-nu', 'HN', 'VM-CUB-1', 'H-EMC-SS', 'D-247MG', 'RPMI-8866', 'COR-L88', 'NB14', 'KU-19-19', 'KOSC-2', 'TGW', 'NB7', 'RO82-W-1', 'EGI-1', 'NCI-H1573', 'GMS-10', 'EW-24', 'COLO-792', 'NCI-H1693', 'COLO-741', 'BEN', 'NBsusSR', 'D-566MG', 'SCH', 'EB-3', 'NCI-H1793', 'MOLT-13', 'EC-GI-10', 'TI-73', 'SCLC-21H', 'EW-22', 'ECC10', 'MHH-CALL-2', 'YH-13', 'KNS-62']"
CHEMBL2029988,COc1cc2ncnc(Oc3cccc(NC(=O)Nc4cc(C(C)(C)C(F)(F)F)on4)c3)c2cc1OC,"['Vascular endothelial growth factor receptor 2', 'Serine/threonine-protein kinase B-raf']"
CHEMBL2105748,COCCCN1CCC(NC(=O)c2cc(Cl)c(N)c3c2OCC3)CC1.O=C(O)CCC(=O)O,"['Serotonin 4 (5-HT4) receptor', 'Serotonin 4 (5-HT4) receptor']"
CHEMBL2111187,[Cl][Ra][Cl],[]
CHEMBL22150,CN1CCN(C(c2ccccc2)c2ccc(Cl)cc2)CC1,['Murine leukemia virus']
CHEMBL227529,Cn1c(=O)cc(N2CCC[C@@H](N)C2)n(Cc2ccccc2C#N)c1=O.O=C(O)c1ccccc1,['Dipeptidyl peptidase IV']
CHEMBL26424,CCN(CC)CCOc1ccc(Cc2ccccc2)cc1,"['Leukotriene A4 hydrolase', 'Culex pipiens']"
CHEMBL3098771,CC(=C/C=C/C(C)=C/C(=O)O)/C=C1\CCCc2ccccc21,[]
CHEMBL314437,CCC1(c2cccc(O)c2)CCCCN(C)C1,[]
CHEMBL3301608,Cc1nc(NNC(=O)[C@H](CC2CCCC2)CN(O)C=O)c(F)c(N2CCN3CCOC[C@@H]3C2)n1,['Peptide deformylase']
CHEMBL3707446,C[C@@H]1O[C@@H](O[C@@H]2[C@@H](NC(=O)c3cc(=O)[nH]c(=O)[nH]3)C[C@@H](C(=O)NCCNC(=O)COCCOCC(=O)Nc3cc(S(=O)(=O)O)cc4cc(S(=O)(=O)O)cc(S(=O)(=O)O)c34)C[C@H]2O[C@@H]2O[C@H](CO)[C@H](O)[C@H](O[C@@H](CC3CCCCC3)C(=O)O)[C@H]2OC(=O)c2ccccc2)[C@@H](O)[C@H](O)[C@@H]1O,[]
CHEMBL3793226,O=c1ccc2ccc(F)c3c2n1C[C@H]3CN1CCC(NCc2cc3c(nn2)OCCO3)CC1,"['Topoisomerase IV', 'DNA gyrase subunit A']"
CHEMBL3989677,COc1ccc2c3c1O[C@H]1C(=O)CC[C@H]4[C@@H](C2)N(C)CC[C@]314.O.O.O=C(O)C(O)C(O)C(=O)O,[]
CHEMBL3989873,CNC(=O)[C@H]1O[C@@H](n2cnc3c(NCc4ccc(I)cc4)ncnc32)[C@H](O)[C@@H]1O,"['Adenosine A3 receptor', 'Adenosine A3 receptor']"
CHEMBL404216,CCC1C(C)=NN=C(c2ccc(OC)c(OC)c2)c2cc(OC)c(OC)cc21,[]
CHEMBL428,N[C@@H]1[C@H]2CN(c3nc4c(cc3F)c(=O)c(C(=O)O)cn4-c3ccc(F)cc3F)C[C@@H]12,['Dipeptidyl peptidase IV']
CHEMBL4303309,Cc1cnc(CNC(=O)c2c(=O)c3ccc(N4CCCN(C)CC4)nc3n3c2sc2ccccc23)cn1,[]
CHEMBL444929,CC(C)[C@@H](CC[C@@H](C)[C@H]1CC[C@H]2[C@@H]3[C@H](O)C[C@H]4C[C@@H](NCCCNCCCCN)CC[C@]4(C)[C@H]3CC[C@]12C)OS(=O)(=O)O,['P19']
CHEMBL481949,O=C(O)c1ccc(F)c(F)c1Nc1ccc(I)cc1Cl,['H4']
CHEMBL48361,Cn1c(CNc2ccc(C(=N)N)cc2)nc2cc(C(=O)N(CCC(=O)O)c3ccccn3)ccc21,"['Thrombin', 'Plasma']"
CHEMBL5095164,CC(C)CCN[C@@H]1CCc2cc(O)c(N3CC(=O)NS3(=O)=O)c(F)c2C1,[]
CHEMBL514800,CCOc1cc([C@@H](CS(C)(=O)=O)N2C(=O)c3cccc(NC(C)=O)c3C2=O)ccc1OC,['Phosphodiesterase 4']
CHEMBL5314426,O=C([O-])CC(O)(CC(=O)[O-])C(=O)[O-].O=C([O-])CC(O)(CC(=O)[O-])C(=O)[O-].[K+].[K+].[K+].[K+].[Mg+2],['5-enolpyruvylshikimate-3-phosphate synthase']
CHEMBL5314968,CC(=O)Nc1ncc(-c2cnn(C3CCNCC3)c2)cc1O[C@H](C)c1c(Cl)ccc(F)c1Cl,[]
CHEMBL559180,CC(COc1ccccc1)NC(C)C(O)c1ccc(O)cc1.Cl,['Plasmodium falciparum']
CHEMBL583912,Oc1cc(O)c2c(c1)O[C@H](c1ccc(O)c(O)c1)[C@H](O)C2,['Synaptojanin-2']
CHEMBL689,OC[C@@H](O)[C@@H](O)[C@H](O)[C@H](O)CO,[]
CHEMBL70927,Cc1c(O)c(=O)ccn1C,[]
CHEMBL849,Oc1cc(Cl)ccc1Oc1ccc(Cl)cc1Cl,"['Enoyl-acyl-carrier protein reductase', 'Enoyl-[acyl-carrier-protein] reductase [NADH]']"
CHEMBL1168,CCOC(=O)[C@H](CCc1ccccc1)N[C@@H](C)C(=O)N1[C@H](C(=O)O)C[C@@H]2CCC[C@@H]21,[]
CHEMBL1182833,COc1cc2c(cc1OC)[C@@H](Cc1cc(OC)c(OC)c(OC)c1)[N+](C)(CCCOC(=O)CC/C=C/CCC(=O)OCCC[N+]1(C)CCc3cc(OC)c(OC)cc3[C@H]1Cc1cc(OC)c(OC)c(OC)c1)CC2,[]
CHEMBL1200569,Cn1c(=O)c2c(ncn2C)n(C)c1=O.O=C(O)CC(O)(CC(=O)O)C(=O)O,[]
CHEMBL1200582,Cl.NCC(=O)CCC(=O)O,"['GABA-B receptor', 'Betaine transporter', 'GABA receptor alpha-1 subunit']"
CHEMBL1200944,CC1(C)[C@H](C(=O)[O-])N2C(=O)C[C@H]2S1(=O)=O.[Na+],"['Beta-lactamase', 'Beta-lactamase TEM']"
CHEMBL128,CNS(=O)(=O)Cc1ccc2[nH]cc(CCN(C)C)c2c1,"['Serotonin 1d (5-HT1d) receptor', 'Serotonin 1b (5-HT1b) receptor', 'Serotonin 5a (5-HT5a) receptor', 'Serotonin 1e (5-HT1e) receptor', 'Serotonin 1d (5-HT1d) receptor', 'Serotonin 1b (5-HT1b) receptor', 'Serotonin (5-HT) receptor']"
CHEMBL1355,O=C([O-])CC(O)(CC(=O)[O-])C(=O)[O-].[Na+].[Na+].[Na+],[]
CHEMBL14060,Oc1ccccc1,[]
CHEMBL14227,CCCC(=O)O,"['Meloidogyne incognita', 'Solute carrier family 22 member 6', 'Solute carrier family 22 member 20']"
CHEMBL1888176,O=C(O[C@H]1C[C@H]2CC[C@@H](C1)[N+]21CCCC1)C(O)(c1ccccc1)c1ccccc1,['Muscarinic acetylcholine receptor M3']
CHEMBL1929396,Cc1cc2ncc(C(=O)NCC(C)(C)NCC(=O)N3CCC[C@H]3C#N)cn2n1,['Dipeptidyl peptidase IV']
CHEMBL2009089,O=[Se](O)O,['Olfactory receptor 51E2']
CHEMBL2105638,CNC[C@H](O)[C@@H](O)[C@H](O)[C@H](O)CO.Nc1nc(-n2cc(C(=O)O)c(=O)c3cc(F)c(N4CC(O)C4)c(Cl)c32)c(F)cc1F,[]
CHEMBL2106065,CCN(CC)CCCNCc1cc(Cl)c2cccnc2c1O.Cl,['Plasmodium falciparum']
CHEMBL2106195,Cc1cccc([C@H](C)c2c[nH]cn2)c1C.Cl,['Alpha-2c adrenergic receptor']
CHEMBL2107830,OC[C@H]1O[C@@H](c2ccc(Cl)c(Cc3ccc(O[C@H]4CCOC4)cc3)c2)[C@H](O)[C@@H](O)[C@@H]1O,"['Sodium/glucose cotransporter 2', 'Low affinity sodium-glucose cotransporter']"
CHEMBL230006,CC1(C)[C@@H](O)CC[C@]2(C)[C@H]3C(=O)C=C4[C@@H]5C[C@@](C)(C(=O)O)CC[C@]5(C)CC[C@@]4(C)[C@]3(C)CC[C@@H]12,['11-beta-hydroxysteroid dehydrogenase 2']
CHEMBL286013,CCC(C)(C)C(=O)O,"['Meloidogyne incognita', 'Solute carrier family 22 member 20']"
CHEMBL290352,CCSCc1ccc2c(c1)c1c3c(c4c5cc(CSCC)ccc5n5c4c1n2[C@H]1C[C@](O)(C(=O)OC)[C@]5(C)O1)CNC3=O,"['Protein kinase C (PKC)', 'Mitogen-activated protein kinase kinase kinase 11', 'Mitogen-activated protein kinase kinase kinase 9', 'Mitogen-activated protein kinase kinase kinase 10']"
CHEMBL305660,CC(C)(C)c1ccc(C(=O)CCCN2CCC(OC(c3ccccc3)c3ccccc3)CC2)cc1,['Cytochrome P450 2J2']
CHEMBL328560,NS(=O)(=O)c1ccc(N2CCCCS2(=O)=O)cc1,"['Carbonic anhydrase II', 'Carbonic anhydrase I']"
CHEMBL351706,N#Cc1ccc2c(c1)CN(S(=O)(=O)c1cccs1)[C@H](Cc1ccccc1)CN2Cc1c[nH]cn1,['Protein farnesyltransferase']
CHEMBL4068611,Cn1cc(S(=O)(=O)N2CCC3=Cc4c(cnn4-c4ccc(F)cc4)C[C@]3(C(=O)c3cc(C(F)(F)F)ccn3)C2)cn1,['Glucocorticoid receptor']
CHEMBL4438249,C[C@H](Nc1ncnc(N)c1C#N)c1cc2ncc(Cl)n2nc1-c1ccccc1,['PI3-kinase p110-delta subunit']
CHEMBL4558527,Cc1nc(Nc2cccc(N3CCCC3=O)n2)sc1-c1cc2c(c(S(C)(=O)=O)c1)C(=O)N([C@@H](C)C1CC1)C2,"['PI3-kinase p110-delta subunit', 'PI3-kinase p110-gamma subunit', 'Phosphatidylinositol 4,5-bisphosphate 3-kinase catalytic subunit gamma isoform', 'Phosphatidylinositol-4-phosphate 3-kinase C2 domain-containing subunit gamma']"
CHEMBL463763,CC(C)[C@]12O[C@H]1[C@@H]1O[C@]13[C@]1(O[C@H]1C[C@H]1C4=C(CC[C@@]13C)C(=O)OC4)[C@@H]2O,[]
CHEMBL4802138,O[C@H]1CCCN[C@@H]1CCCn1cnc2c(Cl)c(Cl)ccc21,[]
CHEMBL4861471,CN1C(=O)[C@@H](NC(=O)c2nc(Cc3ccccc3)n[nH]2)COc2cccnc21,[]
CHEMBL5095080,O=C1CCc2c(OC[C@]3(O)CCN(c4c(F)cc(Cl)cc4F)C[C@H]3O)ccc(F)c2N1,[]
CHEMBL5314423,CNc1cc(Nc2cccn(-c3ccccn3)c2=O)nc2c(C(=O)N[C@@H]3CC[C@H]3OC)cnn12,[]
CHEMBL5314600,CC#CC(=O)N1CC[C@@H](n2c(=O)n(-c3ccc(Oc4ccccc4)cc3)c3c(N)ncnc32)C1.Cl,"['Tyrosine-protein kinase BTK', 'Platelet glycoprotein VI (GPVI)']"
CHEMBL5314911,CC(C)NC(=O)c1ccc2c(c1)[C@]1(CCO2)C[C@H]1C(=O)Nc1cc(C#N)ccc1CCCC(=O)O,[]
CHEMBL538867,CC1=C2C[C@H]3[C@@H](CC[C@@H]4C[C@H](NS(C)(=O)=O)CC[C@@]43C)[C@@H]2CC[C@@]2(C1)O[C@@H]1C[C@H](C)CN[C@H]1[C@H]2C,[]
CHEMBL564085,CO[C@H]1C[C@H](O[C@H]2[C@H](C)[C@@H](O[C@@H]3O[C@H](C)C[C@H](N(C)C)[C@H]3OC(C)=O)[C@@H](C)C[C@@]3(CO3)C(=O)[C@H](C)[C@@H](OC(C)=O)[C@@H](C)[C@@H](C)OC(=O)[C@@H]2C)O[C@@H](C)[C@@H]1OC(C)=O,[]
CHEMBL9194,CCCCN(CCCC)C(=O)CN1C[C@H](c2ccc3c(c2)OCO3)[C@@H](C(=O)O)[C@@H]1c1ccc(OC)cc1,"['Endothelin receptor ET-A', 'Endothelin receptor ET-B', 'Endothelin receptor ET-A', 'Endothelin receptor ET-B']"
CHEMBL932,OCCN(CCO)c1nc(N2CCCCC2)c2nc(N(CCO)CCO)nc(N3CCCCC3)c2n1,['Equilibrative nucleoside transporter 1']
CHEMBL1170047,NC(=O)c1ccc(I)c([N+](=O)[O-])c1,[]
CHEMBL1201187,Cc1nnc(C(C)C)n1[C@@H]1C[C@H]2CC[C@@H](C1)N2CC[C@H](NC(=O)C1CCC(F)(F)CC1)c1ccccc1,"['Human immunodeficiency virus 1', 'C-C chemokine receptor type 5', 'C-C chemokine receptor type 5']"
CHEMBL1237072,CC[C@H]1OC(=O)[C@H](C)[C@@H](O[C@H]2C[C@@](C)(OC)[C@@H](O)[C@H](C)O2)[C@H](C)[C@@H](O[C@@H]2O[C@H](C)C[C@H](N(C)C)[C@H]2O)[C@](C)(O)C[C@@H](C)[C@@H]2N[C@@H](COCCOC)O[C@H]([C@H]2C)[C@]1(C)O,['Motilin receptor']
CHEMBL12543,CN1CCCC1=O,[]
CHEMBL1621597,CC(C)[N+]1(C)[C@@H]2CC[C@H]1C[C@@H](OC(=O)C(CO)c1ccccc1)C2,[]
CHEMBL1644,CC1=C(C(=O)O)N2C(=O)[C@@H](NC(=O)[C@H](N)c3ccc(O)cc3)[C@H]2SC1,[]
CHEMBL1951865,Oc1ccc(-c2cc(OC3CCCC3)c3ccccc3n2)cc1O,[]
CHEMBL2000716,NC(=O)CN1C=CCC(C(N)=O)=C1,[]
CHEMBL2104356,CC1=CC(=O)N2CC(=O)N(C)c3ccc(Cl)cc3C2(c2ccccc2)O1,[]
CHEMBL2105187,CN1[C@@H]2CCC(C)(C)[C@H]1C[C@H](OC(=O)C(O)(c1cccs1)c1cccs1)C2,['Muscarinic acetylcholine receptor M3']
CHEMBL249856,CSc1ccc(C(=O)c2[nH]c(=O)[nH]c2C)cc1,[]
CHEMBL25856,Oc1cc2c(cc1O)[C@H]1c3ccccc3CN[C@@H]1CC2,"['Dopamine D2 receptor', 'Dopamine D1 receptor', 'Dopamine D1 receptor', 'Dopamine D5 receptor', 'Dopamine D1 receptor', 'Adenylate cyclase type V']"
CHEMBL266349,N=C(N)c1ccc(CNC(=O)[C@@H]2CCN2C(=O)[C@H](NCC(=O)O)C2CCCCC2)cc1,[]
CHEMBL278703,Oc1ccc([C@@H]2Oc3ccc(O)cc3[C@@H]3CCC[C@@H]32)cc1,"['Estrogen receptor alpha', 'Estrogen receptor beta']"
CHEMBL289228,Cn1cncc1[C@@](N)(c1ccc(Cl)cc1)c1ccc2c(c1)c(-c1cccc(Cl)c1)cc(=O)n2C,"['NIH3T3', 'NALM-6', 'SK-MES-1', 'NCI-H2122', 'DU-4475', 'SK-LU-1', '697', 'LAMA-84', 'HT', 'PSN1', 'AU565', 'NCI-H596', 'DEL', 'NOS-1', 'HAL-01', 'HuTu80', 'ML-2', 'QIMR-WIL', 'ONS-76', 'A101D', 'CHL-1', 'BB30-HNC', 'ACN', 'MKN-1', 'HT-144', 'TE-8', 'LXF-289 cell line', 'A3-KAW', 'KGN', 'ETK-1', 'A4-Fuk', 'ES4', 'Calu-3', 'CTB-1', 'SK-NEP-1', 'SH-4', 'SW 962', 'ES1', 'GB-1', 'A388', 'NCI-H747', 'HH', 'NCI-H1355', 'L-540', 'TE-10', 'OCUB-M', 'VA-ES-BJ', 'KURAMOCHI', 'BE-13', 'MZ2-MEL', 'NB13', 'GT3TKB', 'LS-411N', 'KE-37', 'IA-LM', 'T84', 'NCI-H1648', 'GR-ST', 'J-RT3-T3-5', 'K5', 'HCE-4', 'ATN-1', 'C-33-A', 'DSH1', 'HCE-T', 'MZ7-mel', 'CMK', 'EW-13', 'GAMG', 'SK-LMS-1', 'HC-1', 'CHP-212', 'MEL-JUSO', 'CAL-33', 'HCC2218', 'LB2518-MEL', 'TE-6', 'SIG-M5', 'TCC-SUP', 'Detroit562', 'MFH-ino', 'SHP77', 'COLO-684', 'CAL-39', 'KLE', 'LS-513', 'LB771-HNC', 'KMOE-2', 'MC-IXC', 'MRK-nu-1', 'EFO-27', 'KYSE-410', 'KYSE-180', 'SK-MEL-30', 'LS-1034', 'PF-382', 'HMV-2 cell line', 'COLO-679', 'NCI-H2170', 'OMC-1', 'GDM-1', 'NCI-H2087', 'Panc1005', 'VM-CUB-1', 'EW-18', 'BC1 cell line', 'GAK', 'CP66-MEL', 'HCC2157', 'NCCIT', 'JIYOYE', 'CESS', 'NB12', 'SK-MEL-24', 'BC-3', '647-V', 'LB373-MEL-D', 'HCC1599', 'SW13', 'MC-CAR', 'HEC-1', 'COLO-680N', 'COLO-741', 'BEN', 'JEG-3', 'D-542MG', 'YT', 'COR-L279', 'EB2', 'HCC1419', 'EB-3', 'CAL-148', 'SCLC-21H', 'TUR', 'IPC-298']"
CHEMBL3301604,O=C(O)COC[C@H]1CC[C@H](COC(=O)N(c2ccccc2)c2ccc(Cl)cc2)CC1,"['Prostanoid DP receptor', 'Platelet', 'Prostanoid IP receptor', 'Prostanoid IP receptor']"
CHEMBL336296,O=c1ccn([C@@H]2O[C@H](COP(=O)(O)OP(=O)(O)OP(=O)(O)O)[C@@H](O)[C@H]2O)c(=O)[nH]1,"['Purinergic receptor P2Y2', 'Pyrimidinergic receptor P2Y6', 'Pyrimidinergic receptor P2Y4']"
CHEMBL343633,CC(C)NC[C@H](O)COc1ccc(CC(N)=O)cc1,[]
CHEMBL3661115,CCc1cc(C(N)=O)ccc1-n1nc(C(C)C)c2c(-n3cnc(-c4cnn(C)c4)c3)ccnc21,['Heat shock protein HSP 90-alpha']
CHEMBL38943,Cc1cc(SCc2sc(-c3ccc(C(F)(F)F)cc3)nc2C)ccc1OCC(=O)O,"['Peroxisome proliferator-activated receptor alpha', 'Peroxisome proliferator-activated receptor delta', 'Peroxisome proliferator-activated receptor delta']"
CHEMBL3989517,COC(=O)[C@H]1[C@@H](c2ccc([123I])cc2)C[C@@H]2CC[C@H]1N2CCCF,"['Dopamine transporter', 'Dopamine transporter']"
CHEMBL3989595,CCN(CC)CCn1c2c(c3ccc(OC)cc31)CCN1C[C@H]3C[C@@H](OC(=O)c4cc(OC)c(OC)c(OC)c4)[C@H](OC)[C@@H](C(=O)OC)[C@H]3C[C@H]21,[]
CHEMBL4116378,NC[C@H]1OB(O)c2c(OCCO)ccc(Cl)c21,[]
CHEMBL4173974,C[C@@H]1CN(CC(=O)N2CC(C)(C)c3nc(CO)c(Cc4ccc(F)cc4)cc32)[C@@H](CN2CCOC[C@H]2C)CN1,['Inhibitor of apoptosis protein 3']
CHEMBL4297063,CC(O)C(=O)O.CN1CCN(c2ccc3nc(-c4c(N)c5c(F)cccc5[nH]c4=O)[nH]c3c2)CC1.O,[]
CHEMBL4297283,CCCCN1C[C@H](OC(=O)CCC)[C@@H](OC(=O)CCC)[C@H](OC(=O)CCC)[C@H]1COC(=O)CCC,[]
CHEMBL4297327,COCCCN1CCC(c2nnc(-c3nn(C(C)C)c4ccccc34)o2)CC1,['Serotonin 4 (5-HT4) receptor']
CHEMBL4297356,CCCCOc1nc(N)c2[nH]c(=O)n(CCCN(CCCN3CCOCC3)Cc3cccc(CC(=O)OC)c3)c2n1,"['Toll-like receptor 7', 'B-cells']"
CHEMBL4297366,CN(C)CCCNC(=O)/C(=C/CCCCC(=O)NO)COc1cccc2ccccc12,[]
CHEMBL4297430,CN(C)C(=O)N1C[C@@H]2C[C@@](C)(NCC(=O)N3C[C@@H](F)C[C@H]3C#N)C[C@@H]2C1.Cc1ccc(S(=O)(=O)O)cc1,['Dipeptidyl peptidase IV']
CHEMBL442,CN1C[C@H](C(=O)N[C@]2(C)O[C@@]3(O)[C@@H]4CCCN4C(=O)[C@H](Cc4ccccc4)N3C2=O)C=C2c3cccc4[nH]cc(c34)C[C@H]21,[]
CHEMBL4594412,CN1C(=O)C(C)(C)Oc2c(-c3cn(C)c(=O)c4[nH]ccc34)cc(S(C)(=O)=O)cc21,"['Bromodomain-containing protein 4', 'Transcription initiation factor TFIID subunit 1-like']"
CHEMBL46399,CC1C2Cc3ccc(O)cc3C1(C)CCN2CCc1ccccc1,['Sigma opioid receptor']
CHEMBL4650281,C=CC(=O)N[C@H]1C=C(C)c2c(-c3cnc4ccccc4c3)c3c(N)ncnc3n2C1,[]
CHEMBL4650318,COc1nc(C(=O)NC[C@](C)(O)C(F)(F)F)c(N)cc1C(F)(F)F,['Cystic fibrosis transmembrane conductance regulator']
CHEMBL5095229,Cc1[nH]nc(C(=O)Nc2cnc3[nH]c(-c4ccccc4)cc3c2)c1C,[]
CHEMBL5314475,CCCN1CC(Oc2ccc([C@@H]3c4[nH]c5ccccc5c4C[C@@H](C)N3CC(C)(C)F)cc2)C1,['Estrogen receptor alpha']
CHEMBL5314589,CC(C)C(=O)N1CCC[C@@]12CN([C@H](C(N)=O)[C@@H](C)O)C2=O,['Synaptic vesicle protein 2a']
CHEMBL57997,Nc1sc2c(c1C(=O)c1ccc(Cl)cc1)CCCC2,[]
CHEMBL603469,C[C@]12O[C@H](C[C@]1(O)CO)n1c3ccccc3c3c4c(c5c6ccccc6n2c5c31)CNC4=O,"['Protein kinase C theta', 'Protein kinase C (PKC)', 'Protein kinase C (PKC)']"
CHEMBL73451,c1ccc2c(c1)Sc1ccccc1N2CC1CN2CCC1CC2,[]
CHEMBL79280,COc1ccc(NS(=O)(=O)c2c(F)c(F)c(F)c(F)c2F)cc1F,[]
CHEMBL94,CNC(=O)Oc1ccc2c(c1)[C@]1(C)CCN(C)[C@@H]1N2C,['Acetylcholinesterase']
CHEMBL95889,C[N+](C)(C)CC(=O)O,"['Gamma-butyrobetaine dioxygenase', 'Meloidogyne incognita']"
CHEMBL108,NC(=O)N1c2ccccc2C=Cc2ccccc21,[]
CHEMBL1200474,CN(C)[C@@H]1C(O)=C(C(N)=O)C(=O)[C@@]2(O)C(O)=C3C(=O)c4c(O)ccc(Cl)c4[C@@H](O)[C@H]3C[C@@H]12.Cl,[]
CHEMBL1201354,CC[N+](CC)(CC)CCC(O)(c1ccccc1)C1CCCCC1,[]
CHEMBL1201753,O=C(O)C[C@H](O)C[C@H](O)/C=C/c1c(C2CC2)nc2ccccc2c1-c1ccc(F)cc1,['HMG-CoA reductase']
CHEMBL1232132,N[C@@H](Cc1cc(Br)c(O)c(Br)c1)C(=O)O,[]
CHEMBL1551724,NC(=O)c1ncn([C@@H]2O[C@H](CO)[C@@H](O)[C@H]2O)c1N,"['Adenosine deaminase', 'Influenza B virus (B/Lee/40)']"
CHEMBL1651906,CN(N=O)C(=O)N[C@H]1C(O)O[C@H](CO)[C@@H](O)[C@@H]1O,[]
CHEMBL180570,O=P(O)(O)CP(=O)(O)O,['Mevalonate pyrophosphate decarboxylase']
CHEMBL1938870,O=C(O)Cn1nnc(-c2cc(N3CCC(Oc4cc(F)ccc4Br)CC3)no2)n1,"['Acyl-CoA desaturase', 'Acyl-CoA desaturase 1']"
CHEMBL2001019,OCCn1cc(-c2cnc3nnn(Cc4ccc5ncccc5c4)c3n2)cn1,['Hepatocyte growth factor receptor']
CHEMBL2021423,O=S(=O)([O-])[O-].[Mg+2],[]
CHEMBL2104208,CCC(C)(CC)OC(N)=O,[]
CHEMBL225411,O=C(NCC1CCOCC1)c1cnc(Nc2ccc(Cl)cc2Cl)nc1C(F)(F)F,['Cannabinoid CB2 receptor']
CHEMBL2368925,O=C(O[C@@H]1C[C@@H]2C[C@H]3C[C@H](C1)N2CC3=O)c1c[nH]c2ccccc12,['Glycine receptor subunit alpha-1']
CHEMBL3659497,CC(C)Oc1cc(-n2cnc3ccc(N[C@@H](C)c4ncc(F)cn4)nc32)n[nH]1,['Nerve growth factor receptor Trk-A']
CHEMBL3678958,CC(C)n1c(Nc2cccnc2)nc2cnc(Nc3ccc(N4CCN(C)CC4)cc3)nc21,[]
CHEMBL370805,COC(=O)[C@H]1[C@@H](OC(=O)c2ccccc2)C[C@@H]2CC[C@H]1N2C,"['Dopamine transporter', 'Dopamine transporter']"
CHEMBL3989553,CS(=O)(=O)O.CS(=O)(=O)O.N=C(N)Nc1ccc(C(=O)Oc2ccc3cc(C(=N)N)ccc3c2)cc1,[]
CHEMBL3989820,Cc1ccc(-c2nc3ccc(C)cn3c2CC(=O)N(C)C)cc1.Cc1ccc(-c2nc3ccc(C)cn3c2CC(=O)N(C)C)cc1.O=C(O)C(O)C(O)C(=O)O,[]
CHEMBL4297626,Cn1nc(C(=O)N(Cc2ccccc2)Cc2ccc(C(=O)O)cc2)c2c1-c1cc(Cl)ccc1OC2,[]
CHEMBL4802233,O=C(CO)NCCCOc1cccc(CN2CCCCC2)c1,[]
CHEMBL5095245,N#Cc1ccc(N2CCN(Cc3ccc4c5c(c(=O)[nH]c4c3)CCCN5)CC2)nc1,"['Poly [ADP-ribose] polymerase-1', 'Tankyrase-1', 'Poly [ADP-ribose] polymerase 2']"
CHEMBL5095400,Cc1cnc(-c2ccc(C(F)(F)F)cc2)n1Cc1ccccc1OCCC[C@@H](C)CC(=O)O.Cc1cnc(-c2ccc(C(F)(F)F)cc2)n1Cc1ccccc1OCCC[C@@H](C)CC(=O)O.O=S(=O)(O)O,[]
CHEMBL5170587,N#Cc1ccc(N2CCC[C@@H]2[C@@H](O)C(F)(F)F)cc1C(F)(F)F,['Androgen Receptor']
CHEMBL56900,c1ccc(Cn2c(N3CCNCC3)nc3ccccc32)cc1,['Serotonin 3 (5-HT3) receptor']
CHEMBL607048,COCC[C@H]1CC2CN3CCc4c([nH]c5ccccc45)[C@](C(=O)OC)(C2)[C@H]13,[]
CHEMBL837,CCc1c2c(nc3ccc(O)cc13)-c1cc3c(c(=O)n1C2)COC(=O)[C@]3(O)CC,"['A549', 'KB', 'Panel (56 tumour cell lines)', 'PC-6']"
CHEMBL844,Brc1c(NC2=NCCN2)ccc2nccnc12,"['Alpha-1a adrenergic receptor', 'Alpha-1b adrenergic receptor', 'Alpha-1d adrenergic receptor', 'Alpha-2c adrenergic receptor', 'Adrenergic receptor alpha-1', 'Adrenergic receptor alpha-2', 'Alpha-2b adrenergic receptor', 'Alpha-1B adrenergic receptor']"
CHEMBL85398,O=C1CSC(=O)N1,[]
CHEMBL980,COc1ccccc1OCC(O)CO,[]
CHEMBL1008,CC(C)COCC(CN(Cc1ccccc1)c1ccccc1)N1CCCC1,[]
CHEMBL119625,O=C(O)Cn1c(=O)c(=O)[nH]c2cc([N+](=O)[O-])c(-n3ccnc3)cc21,"['Glutamate NMDA receptor', 'Glutamate receptor ionotropic, AMPA', 'Glutamate receptor ionotropic kainate 1', 'Glutamate receptor ionotropic kainate 2', 'Glutamate receptor ionotropic kainate 3']"
CHEMBL1200494,Cl.N=C(N)NC(=O)Cc1c(Cl)cccc1Cl,[]
CHEMBL1200538,CC(=O)OCC(=O)[C@@]1(O)[C@@H](C)C[C@H]2[C@@H]3CCC4=CC(=O)C=C[C@]4(C)[C@@]3(F)[C@@H](O)C[C@@]21C,"['Nuclear receptor subfamily 1 group I member 2', 'Progesterone receptor']"
CHEMBL1201059,CC(C)NC(=N)NC(=N)Nc1ccc(Cl)cc1.Cl,[]
CHEMBL1201119,N[C@@H](Cc1cc(I)c(Oc2ccc(O)c(I)c2)c(I)c1)C(=O)[O-].[Na+],"['Thyroid hormone receptor beta-1', 'Thyroid hormone receptor alpha']"
CHEMBL1479,C#C[C@]1(O)CC[C@H]2[C@@H]3CCC4=Cc5oncc5C[C@]4(C)[C@H]3CC[C@@]21C,[]
CHEMBL1501,CC(=O)OCC(=O)[C@@]12OC(C)(C)O[C@@H]1C[C@H]1[C@@H]3C[C@H](F)C4=CC(=O)C=C[C@]4(C)[C@@]3(F)[C@@H](O)C[C@@]12C,"['Nuclear receptor subfamily 1 group I member 2', 'Progesterone receptor']"
CHEMBL1743,CO/N=C(\C(=O)N[C@@H]1C(=O)N2C(C(=O)O)=C(/C=C\c3scnc3C)CS[C@H]12)c1csc(N)n1,"['Streptococcus pneumoniae', 'Solute carrier family 22 member 6', 'Solute carrier family 22 member 8', 'Solute carrier family 22 member 11']"
CHEMBL1762621,COC(=O)[C@]12CCC(C)(C)C[C@H]1[C@H]1C(=O)C=C3[C@@]4(C)C=C(C#N)C(=O)C(C)(C)[C@@H]4CC[C@@]3(C)[C@]1(C)CC2,[]
CHEMBL2013174,CC[C@@H]1C[C@]1(NC(=O)[C@@H]1C[C@@H](Oc2cc(-c3csc(NC(C)C)n3)nc3c(Cl)c(OCCN4CCOCC4)ccc23)CN1C(=O)[C@@H](NC(=O)O[C@@H]1C[C@@H]2C[C@@H]2C1)C(C)(C)C)C(=O)O,['Hepatitis C virus']
CHEMBL2062257,Brc1c(NC2=NCCN2)ccc2nccnc12.O=C(O)C(O)C(O)C(=O)O,[]
CHEMBL2095211,C[C@H]1CNCCc2ccc(Cl)cc21.Cl,"['Serotonin 2a (5-HT2a) receptor', 'Serotonin 2c (5-HT2c) receptor', 'Serotonin 2b (5-HT2b) receptor']"
CHEMBL2107085,Nc1ncnc2c1nc(Cl)n2[C@@H]1O[C@@H]2COP(=O)(O)O[C@H]2[C@H]1O,"['Stimulator of interferon genes protein', 'Rap guanine nucleotide exchange factor 4', 'CNGA2/CNGA4/CNGB1']"
CHEMBL2107549,CC(C)(OCc1nn(Cc2ccccc2)c2ccccc12)C(=O)O,[]
CHEMBL2134724,CC(C)[N+]1(C)[C@@H]2CC[C@H]1C[C@@H](OC(=O)C(CO)c1ccccc1)C2.O.[Br-],[]
CHEMBL2364633,CON(C)Cc1ccc(O)c2c1C[C@H]1C[C@H]3[C@H](N(C)C)C(O)=C(C(N)=O)C(=O)[C@@]3(O)C(O)=C1C2=O.Cl,[]
CHEMBL242580,Cc1cc(C2CCCCC2)n(O)c(=O)c1.NCCO,[]
CHEMBL251634,C[C@@H]1C[C@H]2[C@@H]3C[C@H](F)C4=CC(=O)C=C[C@]4(C)[C@H]3[C@@H](O)C[C@]2(C)[C@H]1C(=O)CO,"['Nuclear receptor subfamily 1 group I member 2', 'Progesterone receptor']"
CHEMBL3109738,COc1cc2ncnc3c2cc1OCCCCCN(C)Cc1ccc(Br)cc1N3,[]
CHEMBL3673452,COc1ccc(COc2ccc(Cn3c(N)nc4cc(-c5cnn(C)c5)cnc43)cc2OC)cc1,"['Nerve growth factor receptor Trk-A', 'Macrophage colony stimulating factor receptor', 'Neurotrophic tyrosine kinase receptor type 2']"
CHEMBL376180,Nc1nc(N)c2nc(CNc3ccc(C(=O)N[C@@H](CCC(=O)O)C(=O)O)cc3)cnc2n1,[]
CHEMBL4299940,O=C(c1ccc(NS(=O)(=O)c2cccc3cccnc23)cc1)N1CCN(CC2CC2)CC1,[]
CHEMBL4594452,CCCCCCCCC=CCCCCCCC(O)C(=O)O,"['Crithidia fasciculata', 'Cellular retinoic acid-binding protein II']"
CHEMBL4650276,CC1(C)C(=O)N(c2ccc(C#N)c(C(F)(F)F)c2)C(=S)N1c1ccc(OC[C@@H](O)CO)cc1,"['Androgen Receptor', 'LNCaP']"
CHEMBL4650989,C[C@@H](N)COc1ccc(-c2cnc3ccc(N[C@H](C)c4cccc(F)c4)nn23)cc1,[]
CHEMBL520400,CN1CCC(N(Cc2ccccc2)c2ccccc2)CC1,[]
CHEMBL5314562,Cc1cc(OC/C=C(/c2ccc(F)cc2)c2ccc(C#CCN3CCOCC3)cc2)ccc1OCC(=O)O,['Peroxisome proliferator-activated receptor delta']
CHEMBL5314584,C[C@@H](NC(=O)N1C(=O)[C@H](Cc2ccnc(N)c2)[C@H]1C(=O)O)C1CCCCC1.Cl,[]
CHEMBL87045,c1ccc(C2(c3ccccc3)CC2C2=NCCN2)cc1,[]
CHEMBL1082354,O=C(Nc1ncc([N+](=O)[O-])s1)c1cccs1,['Unchecked']
CHEMBL109648,COc1ccccc1Oc1c(NS(=O)(=O)c2ccc(C)cn2)nc(-c2ccnc(-c3nnn[nH]3)c2)nc1OCCO,"['Endothelin receptor ET-A', 'Endothelin receptor ET-B']"
CHEMBL1200517,CN1C[C@H](C(=O)N[C@]2(C)O[C@@]3(O)[C@@H]4CCCN4C(=O)[C@H](Cc4ccccc4)N3C2=O)C[C@@H]2c3cccc4[nH]cc(c34)C[C@H]21.CS(=O)(=O)O,[]
CHEMBL1200617,CCC(=O)[C@@]1(C)[C@H](C)C[C@H]2[C@@H]3CCC4=CC(=O)C=C[C@]4(C)[C@H]3[C@@H](O)C[C@@]21C,"['Nuclear receptor subfamily 1 group I member 2', 'Progesterone receptor']"
CHEMBL1334078,[Na+].[O-]Cl,['Carbonic anhydrase V']
CHEMBL14249,Nc1ncnc2c1ncn2[C@@H]1O[C@H](COP(=O)(O)OP(=O)(O)OP(=O)(O)O)[C@@H](O)[C@H]1O,"['P2X purinoceptor 4', 'Ectonucleotide pyrophosphatase/phosphodiesterase family member 1', 'P2Y purinoceptor 1', 'P2X purinoceptor 1', 'Purinergic receptor P2Y11', 'Purinergic receptor P2Y1', 'S-adenosylmethionine synthetase (MAT 1 and MAT 2)', 'P2X purinoceptor 4']"
CHEMBL1448187,Cl.Cl.OCCN1CCN(CCCN2c3ccccc3Sc3ccc(C(F)(F)F)cc32)CC1,[]
CHEMBL1512,CC1(C)O[C@@H]2C[C@H]3[C@@H]4C[C@H](F)C5=CC(=O)C=C[C@]5(C)[C@H]4[C@@H](O)C[C@]3(C)[C@]2(C(=O)CO)O1,"['Nuclear receptor subfamily 1 group I member 2', 'Progesterone receptor']"
CHEMBL2016757,N#C[C@@]1(c2ccc3c(N)ncnn23)O[C@H](CO)[C@@H](O)[C@H]1O,"['Human respiratory syncytial virus', 'Human parainfluenza virus 3']"
CHEMBL2105743,COc1ccc(CC(C)(C)NC[C@H](O)c2cc(O)cc3c2OCC(=O)N3)cc1.Cl,['Beta-2 adrenergic receptor']
CHEMBL2107720,CC(=O)CCC1C(=O)N(c2ccccc2)N(c2ccccc2)C1=O,[]
CHEMBL2107787,CC(=O)O[C@@]12CO[C@@H]1CC[C@@]1(C)[C@@H]3O[C@H](CN(C)C)O[C@@H]3C3=C(C)[C@@H](OC(=O)[C@H](O)[C@@H](NC(=O)OC(C)(C)C)c4ncccc4F)C[C@@](O)([C@@H](OC(=O)c4ccccc4)[C@@H]12)C3(C)C,['Heart']
CHEMBL2146102,CN[C@@H](C)[C@H](O)c1ccccc1.Cl,[]
CHEMBL278819,Cc1cc(-c2ccccc2)nnc1NCCN1CCOCC1,[]
CHEMBL3039516,CCCCCCCC/C=C/CCCCCCCC(=O)OC[C@H]1O[C@@H](n2ccc(N)nc2=O)C(F)(F)[C@@H]1O,[]
CHEMBL305686,Nc1ncnc2c1ncn2[C@@H]1O[C@H](CO)C[C@H]1O,[]
CHEMBL3183184,CCCCC(CC)COC(=O)C=Cc1ccc(OC)cc1,[]
CHEMBL341922,CC(C(=O)[O-])c1cccc(C(=O)c2ccccc2)c1.[Na+],['Cyclooxygenase']
CHEMBL3580737,CCS(=O)(=O)c1ccc(Oc2cc(O[C@@H](C)CO)cc(C(=O)Nc3ccn(C)n3)c2)cn1,['Hexokinase type IV']
CHEMBL3692206,Cc1cc(Nc2nc(CC3(C(=O)O)CCN(C(=O)c4cccc(Cl)c4Cl)CC3)ccc2F)n[nH]1,['Serine/threonine-protein kinase Aurora-A']
CHEMBL3916717,Cc1cc(F)c(C(=O)Nc2cccc(-c3nncn3C(C)C)n2)cc1-n1cnc(C2CC2)c1,['Mitogen-activated protein kinase kinase kinase 5']
CHEMBL40,CCC1(c2ccccc2)C(=O)NC(=O)NC1=O,[]
CHEMBL4297066,CCCCCCCC(=O)N[C@H](CN1CCCC1)[C@H](O)c1ccc2c(c1)OCCO2.CCCCCCCC(=O)N[C@H](CN1CCCC1)[C@H](O)c1ccc2c(c1)OCCO2.O=C(O)C(O)C(O)C(=O)O,[]
CHEMBL4297252,C[C@@H]1O[C@@H](O[C@H]2[C@H](O[C@@H]([C@H](O)[C@@H](O)C=O)[C@H](O)CO)O[C@H](CO)[C@H](O)[C@@H]2O)[C@@H](O)[C@H](O)[C@@H]1O,[]
CHEMBL4297593,CONC(=N)c1ccc(CNC(=O)[C@@H]2CCN2C(=O)[C@H](O)c2cc(Cl)cc(OC(F)F)c2)cc1,[]
CHEMBL4650214,CN1CCC(c2ccccc2CC(C)(C)Nc2nc(N3CCOCC3)nc(-n3c(C(F)F)nc4ccccc43)n2)CC1,[]
CHEMBL4802246,C[C@H](CCCC(C)(C)O)[C@H]1CC[C@H]2[C@@H]3CC=C4C[C@@H](OS(=O)(=O)[O-])CC[C@]4(C)[C@H]3CC[C@]12C.[Na+],[]
CHEMBL55400,Nc1ccc2cc3ccc(N)cc3nc2c1,[]
CHEMBL573677,C[C@H](CCOc1cccc(CC(=O)O)c1)N(Cc1cccc(C(F)(F)F)c1Cl)CC(c1ccccc1)c1ccccc1,['LXR-alpha']
CHEMBL640,CCN(CC)CCNC(=O)c1ccc(N)cc1,[]
CHEMBL114551,CC(=N)NCCSCC[C@H](N)C(=O)O,"['Nitric-oxide synthase, brain', 'Nitric oxide synthase, inducible', 'Nitric oxide synthase, inducible', 'N(G),N(G)-dimethylarginine dimethylaminohydrolase 1', 'Arginase-1', 'Arginase-1']"
CHEMBL118841,COc1ccc2c(c1)-c1nn(CCCN(C)C)c3ccc([N+](=O)[O-])c(c13)N2,['L1210']
CHEMBL1197564,O=C1Cc2ccccc2C(=C2CCNCC2)c2ccsc21,[]
CHEMBL1201142,C#CCN[C@@H]1CCc2ccccc21.CS(=O)(=O)O,[]
CHEMBL1201362,C[C@H]1C[C@H]2[C@@H]3CCC4=CC(=O)C=C[C@]4(C)[C@@]3(F)[C@@H](O)C[C@]2(C)[C@@]1(O)C(=O)CCl,['Nuclear receptor subfamily 1 group I member 2']
CHEMBL1232801,Nc1nc(=O)c2c([nH]1)NC[C@@H](CNc1ccc(C(=O)N[C@@H](CCC(=O)O)C(=O)O)cc1)N2C=O,['GAR transformylase']
CHEMBL1269025,CN1CCc2nc(C(=O)N[C@@H]3C[C@@H](C(=O)N(C)C)CC[C@@H]3NC(=O)C(=O)Nc3ccc(Cl)cn3)sc2C1,['Coagulation factor X']
CHEMBL1364,Cc1ncc(CO)c(CO)c1O,[]
CHEMBL1705,Cl.Clc1cccc(Cl)c1NC1=NCCN1,"['Alpha-1a adrenergic receptor', 'Adrenergic receptor alpha-2', 'Alpha-1d adrenergic receptor', 'Nischarin', 'Alpha-1B adrenergic receptor']"
CHEMBL2028665,CCOC(=O)OC[C@H]1O[C@@H](Oc2nn(C(C)C)c(C)c2Cc2ccc(OC(C)C)cc2)[C@H](O)[C@@H](O)[C@@H]1O,"['Sodium/glucose cotransporter 2', 'Sodium/glucose cotransporter 1']"
CHEMBL2095206,COc1cc(Nc2c(C#N)cnc3cc(OCCCN4CCN(C)CC4)c(OC)cc23)c(Cl)cc1Cl.O,['Tyrosine-protein kinase SRC']
CHEMBL2104734,CC(CN(C)C)CN1c2ccccc2S(=O)(=O)c2ccccc21,[]
CHEMBL2107062,CCC(C(=O)NC(N)=O)c1ccccc1,[]
CHEMBL218166,O=c1[nH]c2cccc(N3CCN(Cc4cccc(-c5ccccc5)c4)CC3)c2o1,[]
CHEMBL3182343,CC(C)(C)C(=O)OCOC(=O)[C@@H]1N2C(=O)[C@@H](NC(=O)[C@H](N)c3ccccc3)[C@H]2SC1(C)C,[]
CHEMBL3544974,CN1CC2c3ccccc3Oc3ccc(Cl)cc3C2C1.O=C(O)/C=C\C(=O)O,[]
CHEMBL3545085,CC(C)c1cc(CNc2nc(Nc3cc(C4CC4)[nH]n3)cc(N3CCN(C)CC3)n2)on1,['Insulin-like growth factor I receptor']
CHEMBL3833411,OB1OB2OB(O)OB(O1)O2,[]
CHEMBL3984425,C[C@H](NC(=O)c1c(N)nn2cccnc12)c1cc2cccc(C#Cc3cnn(C)c3)c2c(=O)n1-c1ccccc1,['PI3-kinase p110-delta subunit']
CHEMBL403,CC1(C)[C@H](C(=O)O)N2C(=O)C[C@H]2S1(=O)=O,"['Beta-lactamase', 'Beta-lactamase TEM', 'Beta-lactamase 2']"
CHEMBL427,CN(CCCl)CCCl,[]
CHEMBL4297220,Cl.O=C(Nc1ccc(OC(F)(F)Cl)cc1)c1cnc(N2CC[C@@H](O)C2)c(-c2cc[nH]n2)c1,['Tyrosine-protein kinase ABL']
CHEMBL4297326,COc1cccc(C(=O)Nc2ccc3c(c2)CCN(C(=O)Oc2ccccc2)C3)c1-c1ccc(C(F)(F)F)cc1,['Apolipoprotein B-100']
CHEMBL4303545,COc1ccc(S(=O)(=O)N2CCCN(S(=O)(=O)c3ccc(OC)c(OC)c3)CC2)cc1OC,[]
CHEMBL4471306,C[C@H](Nc1cc(Cl)nc2c1cnn2[C@@H]1O[C@H](COP(=O)(O)CP(=O)(O)O)[C@@H](O)[C@H]1O)c1ccccc1F,"[""5'-nucleotidase"", ""5'-nucleotidase""]"
CHEMBL5314523,C[C@@H]1CN(c2cc(N3CCN(CC4=C(c5ccc(Cl)cc5)CC(C)(C)CC4)CC3)ccc2C(=O)NS(=O)(=O)c2ccc(NCC3CCOCC3)c([N+](=O)[O-])c2)c2cc3cc[nH]c3nc2O1,['Apoptosis regulator Bcl-2']
CHEMBL560993,Cc1c(Cc2ccc3ccccc3n2)c2cc(F)ccc2n1CC(=O)O,['G protein-coupled receptor 44']
CHEMBL57004,CCN(CC)CCCCCCNc1cc(OC)cc2c(C)ccnc12,[]
CHEMBL7257,COc1ccc2[nH]cc(CCN(C)C)c2c1,"['Serotonin 1e (5-HT1e) receptor', 'Serotonin (5-HT) receptor']"
CHEMBL87563,CCOC(=O)c1ccc(OC(=O)CCCCCNC(=N)N)cc1,[]
CHEMBL970,O=C1CN=C(c2ccccc2)c2cc(Cl)ccc2N1CC(F)(F)F,[]
CHEMBL1046,NCCCCCC(=O)O,"['GABA-B receptor', 'Betaine transporter', 'Gamma-amino-N-butyrate transaminase', 'Carboxypeptidase B', 'GABA receptor gamma-1 subunit', 'GABA receptor alpha-1 subunit', 'Gamma-amino-N-butyrate transaminase']"
CHEMBL1237122,CCCCC[C@](C)(O)/C=C/[C@@H]1[C@@H](C/C=C\CCCC(=O)O)[C@@H](O)C[C@H]1O,['Prostanoid FP receptor']
CHEMBL1256,FC(F)OC(Cl)C(F)(F)F,[]
CHEMBL1274,CC1(C)NC(=O)N(c2ccc([N+](=O)[O-])c(C(F)(F)F)c2)C1=O,['Androgen Receptor']
CHEMBL1323,CC(C)CN(C[C@@H](O)[C@H](Cc1ccccc1)NC(=O)O[C@H]1CO[C@H]2OCC[C@H]21)S(=O)(=O)c1ccc(N)cc1,"['Human immunodeficiency virus 1', 'Human immunodeficiency virus type 1 protease', 'Protease']"
CHEMBL1490434,N=C(N)NC(=N)N1CCOCC1,[]
CHEMBL1532,CCC1NC(=O)c2cc(S(N)(=O)=O)c(Cl)cc2N1,"['Carbonic anhydrase II', 'Carbonic anhydrase VII']"
CHEMBL1683590,C=C1C[C@@H]2CC[C@@]34C[C@H]5O[C@H]6[C@@H](O3)[C@H]3O[C@H](CC[C@@H]3O[C@H]6[C@H]5O4)CC(=O)C[C@@H]3[C@@H](OC)[C@@H](C[C@H](O)CN)O[C@H]3C[C@H]3O[C@@H](CC[C@@H]1O2)C[C@@H](C)C3=C,[]
CHEMBL1908847,C1CCN2C[C@@H]3C[C@@H](CN4CCCC[C@@H]34)[C@H]2C1,['Ebolavirus']
CHEMBL1938400,CC(C)(C)c1cc(NC(=O)NCc2ccccc2Sc2ccc3nnc(-c4ccccc4SCCO)n3c2)n(-c2ccc(O)c(Cl)c2)n1,['MAP kinase p38 alpha']
CHEMBL1997663,CCOC(=O)Nc1ccc2c(c1)N(C(=O)CCN(CC)CC)c1ccccc1S2,['Nuclear receptor subfamily 1 group I member 3']
CHEMBL2035460,O=c1c2ccccc2[se]n1CCn1[se]c2ccccc2c1=O,[]
CHEMBL2110603,CNCC12CCC(c3ccccc31)c1ccccc12,[]
CHEMBL3040440,CNC(=O)c1ccccc1Nc1cc(Nc2ccc(N3CCOCC3)cc2OC)ncc1C(F)(F)F,"['Focal adhesion kinase 1', 'c-Jun N-terminal kinase 2', 'c-Jun N-terminal kinase 3']"
CHEMBL3137309,CC1(C)CCC(CN2CCN(c3ccc(C(=O)NS(=O)(=O)c4ccc(NCC5CCOCC5)c([N+](=O)[O-])c4)c(Oc4cnc5[nH]ccc5c4)c3)CC2)=C(c2ccc(Cl)cc2)C1,['Apoptosis regulator Bcl-2']
CHEMBL3265032,c1cn2cc(-c3ccc4cn[nH]c4c3)nc(Nc3ccc(N4CCOCC4)cc3)c2n1,[]
CHEMBL3544960,NC[C@@](O)(c1ccc(Cl)cc1)c1ccc(-c2cn[nH]c2)cc1,"['Serine/threonine-protein kinase AKT', 'Rho-associated protein kinase 2', 'Ribosomal protein S6 kinase']"
CHEMBL3545232,Cc1ccc(-c2ccc(OC3CN4CCC3CC4)cn2)cc1,[]
CHEMBL3694769,Nc1nc(-n2cccn2)nc(-n2cccn2)c1Br,"['Adenosine A2a receptor', 'Adenosine A1 receptor']"
CHEMBL3904602,CC(C)N1CCN(c2ccc(Nc3ncc4cc5n(c4n3)C3(CCCCC3)CNC5=O)nc2)CC1,['Cyclin-dependent kinase 4/cyclin D1']
CHEMBL4069220,O=[N+]([O-])c1cn2c(n1)O[C@@H](COc1ccc(-c3ccc(F)cc3)nc1)CC2,"['Trypanosoma cruzi', 'Leishmania donovani', 'Leishmania infantum']"
CHEMBL4072833,C=CC(=O)N1CCC(CNc2ncnc(N)c2-c2ccc(Oc3ccccc3)cc2)CC1,"['Tyrosine-protein kinase BTK', 'Platelet glycoprotein VI (GPVI)']"
CHEMBL428690,CN1CC[C@H](c2c(O)cc(O)c3c(=O)cc(-c4ccccc4Cl)oc23)[C@H](O)C1,"['Cyclin-dependent kinase 2', 'Cyclin-dependent kinase 1', 'CDK9/cyclin T1', 'Cyclin-dependent kinase 9', 'Cyclin-dependent kinase 4/cyclin D1', 'Cyclin-dependent kinase 4', 'CDK2/Cyclin A2', 'Glycogen synthase kinase-3', 'Serine/threonine-protein kinase 33', 'Serine/threonine-protein kinase PCTAIRE-1', 'Citron Rho-interacting kinase', 'Activin receptor type-2A', 'Serine/threonine-protein kinase ICK', 'Casein kinase I isoform alpha-like', 'Serine/threonine-protein kinase 32A', 'Cyclin-dependent kinase-like 5', 'General transcription and DNA repair factor IIH helicase subunit XPD', 'CDK2/Cyclin O', 'UoC-B1', 'LX-1', 'CDK1/Cyclin E', 'Cell division control protein 2 homolog']"
CHEMBL4297268,COC(=O)O[C@@]12CO[C@@H]1C[C@H](O)[C@@]1(C)C(=O)[C@H](OC(C)=O)C3=C(C)[C@@H](OC(=O)[C@H](O)[C@@H](NC(=O)OC(C)(C)C)C(C)(C)C)C[C@@](O)([C@@H](OC(=O)c4ccccc4)[C@H]21)C3(C)C,[]
CHEMBL452715,N[C@@H](CN(O)N=O)C(=O)O,"['GABA-B receptor', 'Betaine transporter', 'Gamma-amino-N-butyrate transaminase', 'GABA receptor gamma-1 subunit', 'Arginase-1', 'Gamma-amino-N-butyrate transaminase', 'Glutamine synthetase']"
CHEMBL589583,CCOC(=O)[C@H](CCc1ccccc1)N[C@@H](C)C(=O)N(CC(=O)O)C1Cc2ccccc2C1,[]
CHEMBL64,NNC(=O)c1ccncc1,[]
CHEMBL667,CC(=O)OCC[N+](C)(C)C,"['Muscarinic acetylcholine receptor M1', 'Choline trimethylamine-lyase']"
CHEMBL117348,Nc1nc(=O)c2c([nH]1)NCC1CN(c3ccc(C(=O)N[C@@H](CCC(=O)O)C(=O)O)cc3)CN21,['GAR transformylase']
CHEMBL1200399,Cl.O=C1CC2(CCCC2)CC(=O)N1CCCCN1CCN(c2ncccn2)CC1,['Serotonin 1a (5-HT1a) receptor']
CHEMBL1200515,COC(=O)[C@H]1[C@H]2C[C@@H]3c4[nH]c5ccccc5c4CCN3C[C@H]2C[C@@H](OC(=O)c2cc(OC)c(OC)c(OC)c2)[C@@H]1OC,['Synaptic vesicular amine transporter']
CHEMBL1201023,Cc1ccccc1C(OCCN(C)C)c1ccccc1.Cl,[]
CHEMBL1240,CC(C)[N+](C)(CCOC(=O)C1c2ccccc2Oc2ccccc21)C(C)C.[Br-],[]
CHEMBL1289779,CCc1cc2c(s1)-n1c(C)nnc1CN=C2c1ccccc1Cl,[]
CHEMBL14376,COc1cc(C(C)=O)ccc1OCCCN1CCC(c2noc3cc(F)ccc23)CC1,['Dopamine D2 receptor']
CHEMBL1460,O=c1[nH]cnc2c1ncn2[C@H]1CC[C@@H](CO)O1,[]
CHEMBL1645462,Cc1c(NC(=O)OC[C@@H]2COCCN2)cn2ncnc(Nc3ccc4c(cnn4Cc4cccc(F)c4)c3)c12,"['Epidermal growth factor receptor erbB1', 'Receptor protein-tyrosine kinase erbB-2', 'NCI-N87']"
CHEMBL2103827,N[C@H](C(=O)O)[C@H](O)c1ccc(O)c(O)c1,[]
CHEMBL2103838,Cc1cc(F)ccc1-c1nc(NC(CO)CO)nc2c1ccc(=O)n2-c1c(F)cccc1F,[]
CHEMBL2107489,NC(=S)NS(=O)(=O)c1ccc(N)cc1,['Carbonic anhydrase II']
CHEMBL2110767,CN(C)CCCOC1(Cc2ccccc2)CCCCCC1,[]
CHEMBL2151439,O=C(N[C@@H]1CN2CCC1CC2)c1n[nH]c2ccccc12,['Serotonin 3 (5-HT3) receptor']
CHEMBL2311157,CCC(=O)N(c1ccccc1)C1(C(=O)O[11CH3])CCN(CCc2ccccc2)CC1,[]
CHEMBL231779,COc1ccc(-n2nc(C(N)=O)c3c2C(=O)N(c2ccc(N4CCCCC4=O)cc2)CC3)cc1,['Coagulation factor X']
CHEMBL2402904,COC(=O)N1CCC(CN2CCC(CNC(=O)c3cccc4[nH]c(C(C)C)nc34)CC2)CC1,['Serotonin 4 (5-HT4) receptor']
CHEMBL252164,CCNC(=O)c1noc(-c2cc(C(C)C)c(O)cc2O)c1-c1ccc(CN2CCOCC2)cc1,"['Heat shock protein HSP 90-alpha', 'Heat shock protein HSP90']"
CHEMBL273575,CN1Cc2c(N)cccc2C(c2ccccc2)C1,['Norepinephrine transporter']
CHEMBL3188551,Cc1c(Cn2c(C)nc3c(C(=O)O)cc(N4CCOCC4)cc32)cccc1C(F)(F)F,['Son of sevenless homolog 1']
CHEMBL3348923,C[C@@H](NC(=O)c1ncnc(N)c1Cl)c1ncc(C(=O)Nc2cc(C(F)(F)F)c(Cl)cn2)s1,[]
CHEMBL3989803,Cc1c(N(C)CS(=O)(=O)[O-])c(=O)n(-c2ccccc2)n1C.O.[Na+],[]
CHEMBL404519,C=C(C)[C@@H]1CC[C@]2(C(=O)O)CC[C@]3(C)[C@H](CC[C@@H]4[C@@]5(C)CC[C@H](OC(=O)CC(C)(C)C(=O)O)C(C)(C)[C@@H]5CC[C@]43C)[C@@H]12,"['Human immunodeficiency virus 1', 'H9']"
CHEMBL406117,N=C(N)NCCCCCCC(=O)NC(O)C(=O)NCCCCNCCCN,[]
CHEMBL4297221,CN(C)c1ccc2c(c1)Sc1cc(N(C)C)ccc1N2.CS(=O)(=O)O.CS(=O)(=O)O,[]
CHEMBL4297300,CN1CCN(C(=O)C2C(C(=O)O)[C@H]3CC[C@@H]2O3)CC1,[]
CHEMBL4297516,COc1ccc2[nH]c3c(c2c1)CCN[C@]31CS[C@@H]2c3c(OC(C)=O)c(C)c4c(c3[C@H](COC1=O)N1[C@@H]2[C@H]2c3c(cc(C)c(OC)c3O)C[C@@H]([C@@H]1O)N2C)OCO4,[]
CHEMBL4558324,C=CC(=O)Nc1cc(Nc2nccc(-n3cc(CN(C)C)c(-c4ccccc4)n3)n2)c(OC)cc1N1CCOCC1,"['Epidermal growth factor receptor erbB1', 'NCI-H1975']"
CHEMBL457547,CCCCCOc1ccc(-c2cc(-c3ccc(C(=O)N[C@H]4C[C@@H](O)[C@@H](O)NC(=O)[C@@H]5[C@@H](O)[C@@H](C)CN5C(=O)[C@H]([C@H](O)CC(N)=O)NC(=O)[C@H]([C@H](O)[C@@H](O)c5ccc(O)c(OS(=O)(=O)O)c5)NC(=O)[C@@H]5C[C@@H](O)CN5C(=O)[C@H]([C@@H](C)O)NC4=O)cc3)no2)cc1,[]
CHEMBL4594405,Cc1cc(C)c(CNC(=O)c2cc(Cl)c3c(c2C)O[C@@](C)([C@H]2CC[C@H](N(C)C)CC2)O3)c(=O)[nH]1.Cc1ccc(S(=O)(=O)O)cc1,['Histone-lysine N-methyltransferase EZH2']
CHEMBL459505,CCC(CC)C(c1ccc(Nc2nc3ccccc3s2)cc1)n1cncn1,['Cytochrome P450 26A1']
CHEMBL4648616,N#Cc1ccc(N2CCN(Cc3ccc(COc4cccc5c4CN([C@H]4CCC(=O)NC4=O)C5=O)cc3)CC2)c(F)c1,"['Protein cereblon/DNA damage-binding protein 1', 'Cereblon/Aiolos']"
CHEMBL4650328,Nc1nccc(-c2ccc(O)c(-c3ccnc(N)n3)n2)n1,['GBM']
CHEMBL5095039,O=C([O-])CN(CCN(CC(=O)[O-])Cc1cc(CCC(=O)NCCCCCC(=O)NCCCC[C@H](NC(=O)N[C@@H](CCC(=O)O)C(=O)O)C(=O)O)ccc1[O-])Cc1cc(CCC(=O)O)ccc1[O-].[68Ga+3].[OH3+],['Glutamate carboxypeptidase II']
CHEMBL5095102,CC(C)N1CCOc2c(F)cc(-c3nc(Nc4ccc(C5CCN(C)CC5)cn4)ncc3F)cc21,"['CDK6/cyclin D3', 'CDK1/Cyclin A']"
CHEMBL5095168,C[C@@H](O)[C@H]1C(=O)N2C(C(=O)O)=C(S[C@@H]3CN[C@H](C(=O)NCc4ccc(S(N)(=O)=O)cc4)C3)[C@H](C)[C@H]12,['Carbonic anhydrase II']
CHEMBL5314649,C=CC(=O)N1C[C@H](Nc2ncnc3[nH]ccc23)CC[C@@H]1C.Cc1ccc(S(=O)(=O)O)cc1,[]
CHEMBL563646,CC(C)(C)c1ccc(CN(Cc2cccc(OCC(=O)O)c2)S(=O)(=O)c2cccnc2)cc1,"['C-X-C chemokine receptor type 3', 'Prostanoid EP2 receptor']"
CHEMBL803,Nc1ccn([C@@H]2O[C@H](CO)[C@@H](O)[C@@H]2O)c(=O)n1,"['MSTO-211H', 'NCI-H2122', 'LNCaP-Clone-FGC', 'SW1463', 'HEL 299', '9L', 'Solute carrier organic anion transporter family member 1A4', 'Shiga toxin 1 variant A subunit']"
CHEMBL978,CC(=O)OC(C)C[N+](C)(C)C,['Choline trimethylamine-lyase']
CHEMBL1010,CO/N=C(\C(=O)N[C@@H]1C(=O)N2C(C(=O)[O-])=C(COC(C)=O)CS[C@H]12)c1csc(N)n1.[Na+],"['Solute carrier family 22 member 6', 'Solute carrier family 22 member 8', 'Solute carrier family 22 member 11', 'MecA']"
CHEMBL1133,CCN(CC)CC#CCOC(=O)C(O)(c1ccccc1)C1CCCCC1.Cl,[]
CHEMBL1236315,O=C(O)[C@H](O)[C@@H](O)C(=O)O,"['5-enolpyruvylshikimate-3-phosphate synthase', 'Solute carrier family 22 member 6', 'Methylcytosine dioxygenase TET2']"
CHEMBL1241855,COc1cc(OC)c(/C=C/S(=O)(=O)Cc2ccc(OC)c(NCC(=O)O)c2)c(OC)c1,"['K562', 'DU-145', 'BT-20', 'NCI-H417', 'CEM/C2']"
CHEMBL1289494,COc1cc2nccc(Oc3ccc(NC(=O)Nc4cc(C)on4)c(Cl)c3)c2cc1OC,['Vascular endothelial growth factor receptor 2']
CHEMBL1384,NC[C@H]1O[C@H](O[C@H]2[C@H](O)[C@@H](O[C@H]3O[C@H](CO)[C@@H](O)[C@H](N)[C@H]3O)[C@H](N)C[C@@H]2N)[C@H](O)[C@@H](O)[C@@H]1O,"['Ribosomal RNA A-site', 'Ribosome', 'Human immunodeficiency virus type 1 REV', 'Rev responsive element (RRE) RNA']"
CHEMBL1477,COCc1c(C(C)C)nc(C(C)C)c(/C=C/[C@@H](O)C[C@@H](O)CC(=O)O)c1-c1ccc(F)cc1,"['HMG-CoA reductase', 'HMG-CoA reductase', 'Liver microsomes']"
CHEMBL1715,CCc1ccc(CCOc2ccc(CC3SC(=O)NC3=O)cc2)nc1.Cl,"['Peroxisome proliferator-activated receptor gamma', 'Peroxisome proliferator-activated receptor alpha', 'RXR alpha/PPAR gamma', 'Bile salt export pump', 'Mesenchymal stem cells']"
CHEMBL1727,CC1=C(C(=O)O)N2C(=O)[C@@H](NC(=O)[C@H](N)c3ccccc3)[C@H]2SC1,[]
CHEMBL1731,CC1(C)S[C@@H]2[C@H](NC(=O)[C@H](NC(=O)N3CCN(S(C)(=O)=O)C3=O)c3ccccc3)C(=O)N2[C@H]1C(=O)O,['PER-2 beta-lactamase']
CHEMBL1774080,O=C1CCc2ccc(OCCCCN3CCN(c4cccc5ccccc45)CC3)nc2N1,[]
CHEMBL178,COc1cccc2c1C(=O)c1c(O)c3c(c(O)c1C2=O)C[C@@](O)(C(C)=O)C[C@@H]3O[C@H]1C[C@H](N)[C@H](O)[C@H](C)O1,"['MAXF401 cell line', 'WI-38 VA13', 'Shiga toxin 1 variant A subunit']"
CHEMBL178803,CCN1CCN(c2cc(-c3ccc(F)cc3)c3c(n2)CCCCCC3)CC1,[]
CHEMBL2103821,O=c1ncc(I)cn1[C@H]1C[C@H](O)[C@@H](CO)O1,[]
CHEMBL2105825,CCCN(CCC)C(=O)C(CCC(=O)OCCCN1CCN(CCOC(=O)Cc2c(C)n(C(=O)c3ccc(Cl)cc3)c3ccc(OC)cc23)CC1)NC(=O)c1ccccc1,[]
CHEMBL2106227,CCNC1=Nc2ccc(Cl)cc2C(C)(c2ccccc2)O1,[]
CHEMBL2106996,CC(C)N1CCOC(c2cccc(C(F)(F)F)c2)C1,[]
CHEMBL2107337,Cl.Cn1cc(C2=C(c3cn(C4CCN(Cc5ccccn5)CC4)c4ccccc34)C(=O)NC2=O)c2ccccc21,"['Glycogen synthase kinase-3 beta', 'Protein kinase C alpha', 'Protein kinase C beta', 'Protein kinase C (PKC)']"
CHEMBL2110922,COc1cc(N)cn[n+]1-c1ccccc1,[]
CHEMBL2219411,Cl.Cl.N#CCNC(=O)c1ccc(-c2ccnc(Nc3ccc(N4CCOCC4)cc3)n2)cc1,[]
CHEMBL2336325,CNC(=O)c1cccc(-c2ccc3c(N4CCOC[C@@H]4C)nc(N4CCOC[C@@H]4C)nc3n2)c1,['Serine/threonine-protein kinase mTOR']
CHEMBL256147,CNC(=N)NCCC[C@H](N)C(=O)O,"['Nitric-oxide synthase, brain', 'Nitric oxide synthase, inducible', 'Nitric-oxide synthase, brain', 'N(G),N(G)-dimethylarginine dimethylaminohydrolase 1', 'Arginase-1', 'Arginase-1']"
CHEMBL276443,CCNC(C)Cc1ccccc1,[]
CHEMBL3337527,CCCCn1ccc(N2CCC(c3ccccc3)CC2)c(Cl)c1=O,['Metabotropic glutamate receptor 2']
CHEMBL3601411,C[C@@H]1C[C@H](C)CN(S(=O)(=O)c2ccc3c(c2)C(=NO)c2cc(S(=O)(=O)N4C[C@H](C)C[C@H](C)C4)ccc2C3=NO)C1,[]
CHEMBL360328,C[C@H]1CNCCc2ccc(Cl)cc21,"['Serotonin 2a (5-HT2a) receptor', 'Serotonin 2c (5-HT2c) receptor', 'Serotonin 2b (5-HT2b) receptor']"
CHEMBL37744,CN(C)C/C=C(/c1ccc(Br)cc1)c1cccnc1,[]
CHEMBL3889654,O=C(Nc1cnn2ccc(N3CCC[C@@H]3c3cc(F)ccc3F)nc12)N1CC[C@H](O)C1,['Nerve growth factor receptor Trk-A']
CHEMBL4297304,COc1ccc2nc3c(nc2c1)O[C@@H]1C[C@H]2C(=O)N[C@]4(C(=O)NS(=O)(=O)C5(C)CC5)C[C@H]4/C=C/CCCCC[C@H](NC(=O)O[C@@H]4CCC[C@H]4CCCCC3)C(=O)N2C1,"['Unchecked', 'Hepatitis C virus', 'Hepatitis C virus serine protease, NS3/NS4A']"
CHEMBL4297490,[2H]C([2H])([2H])NC(=O)c1cc(Oc2ccc(NC(=O)Nc3ccc(Cl)c(C(F)(F)F)c3)cc2)ccn1,['Vascular endothelial growth factor receptor 2']
CHEMBL454446,CO/N=C(\C(=O)N[C@@H]1C(=O)N2C(C(=O)OCOC(=O)C(C)(C)C)=C(/C=C\c3scnc3C)CS[C@H]12)c1csc(N)n1,[]
CHEMBL4559134,COc1ccc(CN2C3CC2CN(c2ccc(-c4cc(OCC(C)(C)O)cn5ncc(C#N)c45)cn2)C3)cn1,[]
CHEMBL46516,O=C1NCN(c2ccccc2)C12CCN(CCCC(c1ccc(F)cc1)c1ccc(F)cc1)CC2,['H4']
CHEMBL4802141,C=C(CC(NC(=O)c1ccc(CCc2ccc3nc(N)nc(N)c3c2)cc1)C(=O)O)C(=O)O,"['CCRF-CEM', 'MOLT-4', 'L1210', 'Dihydrofolate reductase', 'CCRF S-180', 'Manca']"
CHEMBL482035,COC(=O)c1cc(OC)c2c(c1-c1c(CO)cc(OC)c3c1OCO3)OCO2,[]
CHEMBL5095246,O=C(NO)c1ccc(CN(c2cnccn2)c2cnccn2)cc1,"['Histone deacetylase 1', 'Histone deacetylase 6', 'Histone deacetylase 9']"
CHEMBL5314359,C[C@@H](O)[C@H]1C(=O)N2C(C(=O)[O-])=C(S[C@@H]3CN[C@H](C(=O)Nc4cccc(C(=O)O)c4)C3)[C@H](C)[C@H]12.O.[Na+],[]
CHEMBL5314395,CC(C)(C)c1nnc([C@H]2O[C@@H](n3cnc4c(Nc5ccc(Cl)cc5F)ncnc43)[C@H](O)[C@@H]2O)o1,[]
CHEMBL5314451,C=C(C)[C@@H]1CC[C@]2(NCCN3CCS(=O)(=O)CC3)CC[C@]3(C)[C@H](CC[C@@H]4[C@@]5(C)CC=C(C6=CC[C@](COc7ncccc7C#N)(C(=O)O)CC6)C(C)(C)[C@@H]5CC[C@]43C)[C@@H]12,['Human immunodeficiency virus 1']
CHEMBL5314918,CCC(C)OC(=O)OC[N+]1(C)CCN(Cc2ccc(C(=O)Nc3ccc(C)c(Nc4nccc(-c5cccnc5)n4)c3)cc2)CC1.CS(=O)(=O)[O-],[]
CHEMBL679,CNC[C@H](O)c1ccc(O)c(O)c1,[]
CHEMBL847,CC(C)NCC1CCc2cc(CO)c([N+](=O)[O-])cc2N1,[]
CHEMBL88,O=P1(N(CCCl)CCCl)NCCCO1,[]
CHEMBL976,O=C(C1CCCCC1)N1CC(=O)N2CCc3ccccc3C2C1,['Schistosoma japonicum']
CHEMBL1097205,CC1(C)C2CCC1(C)C(O)C2,[]
CHEMBL1170,CCC(=O)O[C@H]1CC[C@H]2[C@@H]3CCC4=CC(=O)CC[C@]4(C)[C@H]3CC[C@]12C,['Progesterone receptor']
CHEMBL1200630,Cl.N[C@@H](CS)C(=O)O,"['Aminopeptidase A', 'GABA-B receptor', 'Betaine transporter', 'Gamma-amino-N-butyrate transaminase', 'GABA receptor gamma-1 subunit', 'GABA receptor alpha-1 subunit', 'Glutamine synthetase']"
CHEMBL1200735,COc1c(N2C[C@@H]3CCCN[C@@H]3C2)c(F)cc2c(=O)c(C(=O)O)cn(C3CC3)c12.Cl,"['Staphylococcus aureus', 'DNA gyrase', 'Mycobacterium smegmatis', 'Topoisomerase IV subunit A', 'Chlamydia trachomatis', 'Mycobacterium intracellulare', 'Mycobacterium marinum']"
CHEMBL1201005,O=C([O-])C1=C(CSc2nnnn2CS(=O)(=O)[O-])CS[C@@H]2[C@H](NC(=O)[C@H](O)c3ccccc3)C(=O)N12.[Na+].[Na+],[]
CHEMBL1201178,CS(=O)(=O)O.CS(=O)(=O)O.C[C@@H](Cc1ccccc1)NC(=O)[C@@H](N)CCCCN,[]
CHEMBL1201260,C/N=C(\NC)NCc1ccccc1,[]
CHEMBL1201340,C[N+]1(C)CCC(=C(c2ccccc2)c2ccccc2)CC1,[]
CHEMBL1255794,CCCCN1C(=O)[C@@H]([C@H](O)C2CCCCC2)NC(=O)C12CCN(Cc1ccc(Oc3ccc(C(=O)O)cc3)cc1)CC2,['C-C chemokine receptor type 5']
CHEMBL137,Cc1ncc([N+](=O)[O-])n1CCO,"['Trichomonas vaginalis', 'Thioredoxin reductase']"
CHEMBL1425,Sc1ncnc2nc[nH]c12,['Hemoglobin beta chain']
CHEMBL14370,CCOc1ccccc1OC(c1ccccc1)C1CNCCO1,"['Serotonin transporter', 'Norepinephrine transporter', 'Dopamine transporter']"
CHEMBL1446813,CNCCc1ccccn1.Cl.Cl,[]
CHEMBL1514,CC[C@H](OC(C)=O)C(C[C@H](C)N(C)C)(c1ccccc1)c1ccccc1,[]
CHEMBL1616046,OCl,['Carbonic anhydrase V']
CHEMBL1800159,CONC(=O)Nc1ccc(-c2sc3c(c2CN(C)C)c(=O)n(-c2ccc(OC)nn2)c(=O)n3Cc2c(F)cccc2F)cc1,"['Gonadotropin-releasing hormone receptor', 'Gonadotropin-releasing hormone receptor']"
CHEMBL1875805,CC(=O)NC(CC(C)C)C(=O)O,[]
CHEMBL1945778,COC(=O)[C@H]1[C@@H](c2ccc(I)cc2)C[C@@H]2CC[C@H]1N2CCCF,"['Dopamine transporter', 'Dopamine transporter']"
CHEMBL2094620,C/C(=N/Nc1nnc2c(n1)[nH]c1c(C)cccc12)c1ccccn1,[]
CHEMBL2105872,CC(C)(N)C(=O)N[C@H](COCc1ccccc1)C(=O)N1CCC2(CC1)CN(S(C)(=O)=O)c1ccccc12.CS(=O)(=O)O,['Ghrelin receptor']
CHEMBL2106975,O=C([O-])O.[K+],['Olfactory receptor 51E2']
CHEMBL2110679,CCOC(=O)c1ncn2c1CN(C)C(=O)c1c(I)cccc1-2,['GABA-A receptor; anion channel']
CHEMBL2181367,C[C@H](NP(=O)(OC[C@H]1O[C@@H](n2cc(F)c(=O)[nH]c2=O)C[C@@H]1O)Oc1cccc2ccccc12)C(=O)OCc1ccccc1,['L1210']
CHEMBL277062,O=C1CN=C(c2ccccn2)c2cc(Br)ccc2N1,[]
CHEMBL3092650,O=C1CCCN1c1ccc(Oc2ccc3c(c2)CCN(C2CCC2)CC3)nc1,"['Histamine H3 receptor', 'Histamine H3 receptor']"
CHEMBL3137312,COc1c(-c2ccc3cc(NS(C)(=O)=O)ccc3c2)cc(-n2ccc(=O)[nH]c2=O)cc1C(C)(C)C,['Hepatitis C virus']
CHEMBL31574,O=c1c(O)c(-c2ccc(O)c(O)c2)oc2cc(O)ccc12,"['Alpha-synuclein', 'Xanthine dehydrogenase', 'Glutaminyl-peptide cyclotransferase', 'Radical scavenging activity', 'Arachidonate 15-lipoxygenase', 'Protein kinase C (PKC)', 'G protein-coupled receptor kinase 6', 'NADPH oxidase 4', 'Short transient receptor potential channel 5', 'Neutrophils', 'Replicase polyprotein 1ab', 'Solute carrier organic anion transporter family member 2B1', 'Inositol hexakisphosphate kinase 2', 'Heat shock cognate 71 kDa protein', 'Receptor-type tyrosine-protein phosphatase S', 'Aldose reductase', 'Avian myoblastosis virus polyprotein II', 'Arginase', 'UDP-glucuronosyltransferase 1-1', 'Islet amyloid polypeptide', 'Cytochrome c', 'Salivary alpha-amylase', 'Fatty acid synthase', '3-oxoacyl-acyl-carrier protein reductase', 'Lactoperoxidase', 'Eukaryotic peptide chain release factor GTP-binding subunit', 'Chaperone protein dnaK', 'Tyrosine-protein kinase SYK', 'Beta-glucuronidase', 'Inositol polyphosphate multikinase', 'Human immunodeficiency virus type 2 integrase', 'ELAV-like protein 3', 'Neuraminidase', 'Telomere resolvase resT', 'ANN-1', 'DNA-3-methyladenine glycosylase', 'Kinesin-like protein KIF15', 'Alpha-(1,3)-fucosyltransferase 7']"
CHEMBL3188034,Cc1ccc(/C(=C\CN2CCCC2)c2ccccn2)cc1.Cl.O,[]
CHEMBL350221,N[C@@H](Cc1c[nH]c2ccc(O)cc12)C(=O)O,['M-phase phosphoprotein 8']
CHEMBL3786343,C=CC(=O)Nc1cccc(Oc2nc(Nc3ccc(N4CCN(C)CC4)cc3)nc3ccsc23)c1,"['Epidermal growth factor receptor erbB1', 'Epithelial cells']"
CHEMBL3989777,Cl.Cl.NCCNCCNCCN,['Polyamine oxidase']
CHEMBL4297521,COCc1nn2c(CN3C[C@@H](CC(F)(F)Cl)CC3=O)c(C(F)(F)F)nc2s1,"['Glutamate receptor ionotropic, AMPA 2']"
CHEMBL4298156,COCCNCCc1cccc(Nc2ncc3c(n2)-c2ccccc2[C@H](c2ccccc2F)C3)c1.Cl.Cl,[]
CHEMBL4594449,C#CCN(c1ccc(C(=O)N[C@@H](CCC(=O)N[C@H](CCC(=O)O)C(=O)O)C(=O)O)cc1)[C@H]1CCc2cc3nc(CO)[nH]c(=O)c3cc21,"['L1210', 'Thymidylate synthase', 'Thymidylate synthase', 'L1210 (R7A)']"
CHEMBL4779850,CN1C2CC(OC(=O)C(O)(CO)c3ccccc3)CC1C1OC12,[]
CHEMBL5314552,C[C@](N)(c1ccc(F)cc1)c1cnc(N2CCN(c3ncnn4cc(-c5cnn(CCO)c5)cc34)CC2)nc1,[]
CHEMBL56021,CC(=O)N[C@@H](CC(C)C)C(=O)O,[]
CHEMBL77,C[C@@H]1CC[C@H]2[C@@H](C)C(=O)O[C@@H]3O[C@]4(C)CC[C@@H]1C32OO4,['Ipomoea grandifolia']
CHEMBL109831,Nc1nc(=O)n([C@H]2C=C[C@@H](CO)O2)cc1F,"['Human immunodeficiency virus 1', 'Hepatoma cell line']"
CHEMBL1187,O=P(O)(O)O,[]
CHEMBL1200455,CC(=O)N(CC(O)CO)c1c(I)c(C(=O)NCC(O)CO)c(I)c(C(=O)NCC(O)CO)c1I,[]
CHEMBL1200604,CCN(Cc1ccncc1)C(=O)C(CO)c1ccccc1,[]
CHEMBL1201103,COc1ccc(OC)c(C(O)C(C)N)c1.Cl,[]
CHEMBL1201201,CN[C@@H](C)Cc1ccccc1,[]
CHEMBL1232583,COc1ccc(S(=O)(=O)n2cc(CCC(=O)O)c3cc(OC)ccc32)cc1,[]
CHEMBL1234270,Nc1nc2c(c(=O)[nH]1)N1CN(c3ccc(C(=O)N[C@@H](CCC(=O)O)C(=O)O)cc3)C[C@H]1CN2,[]
CHEMBL1306,CC(C)N1CCN(c2ccc(OC[C@H]3CO[C@](Cn4cncn4)(c4ccc(Cl)cc4Cl)O3)cc2)CC1,[]
CHEMBL1561,OCCN1C[C@H](O)[C@@H](O)[C@H](O)[C@H]1CO,"['Beta-glucocerebrosidase', 'Sucrase-isomaltase', 'Sucrase-isomaltase', 'Glycogen debranching enzyme', 'Lactase-glycosylceramidase', 'Glycogen debranching enzyme']"
CHEMBL160038,O=C(Cc1ccccc1)c1cc(O)c(O)c([N+](=O)[O-])c1,"['Catechol O-methyltransferase', 'Catechol O-methyltransferase', 'Catechol O-methyltransferase']"
CHEMBL162036,CC(=O)Nc1ccc(OC(=O)c2ccccc2OC(C)=O)cc1,[]
CHEMBL1697768,O=S(=O)([O-])Oc1ccc(C(c2ccc(OS(=O)(=O)[O-])cc2)c2ccccn2)cc1.[Na+].[Na+],[]
CHEMBL1697829,O=C(Cn1cnnn1)N[C@@H]1C(=O)N2C(C(=O)O)=C(CSc3nncs3)CS[C@H]12,"['Solute carrier family 22 member 6', 'Solute carrier family 22 member 8', 'Solute carrier family 22 member 11', 'PER-2 beta-lactamase']"
CHEMBL1749,O=C([O-])CN(CCN(CC(=O)[O-])CC(=O)O)CC(=O)O.[Na+].[Na+],[]
CHEMBL1950289,O[C@H]1CC[C@H](Nc2ncc3nc(Nc4c(F)cc(F)cc4F)n([C@H]4CCOC4)c3n2)CC1,"['c-Jun N-terminal kinase 1', 'c-Jun N-terminal kinase 2', 'c-Jun N-terminal kinase, JNK']"
CHEMBL19612,NCCCCNCCCN,['Deoxyhypusine synthase']
CHEMBL2009034,O=S(=O)(O)CCSSCCS(=O)(=O)O,[]
CHEMBL2105420,O=S1(=O)CCN(CN2CCS(=O)(=O)NC2)CN1,[]
CHEMBL2105664,CC(OC(=O)c1ccc(Cc2c(O)c3ccccc3oc2=O)cc1)(C(F)(F)F)C(F)(F)F,[]
CHEMBL2107301,CC(C)[C@H](N)C(=O)OCC[C@@H](CO)Cn1cnc2c(=O)[nH]c(N)nc21,[]
CHEMBL227875,O=[N+]([O-])c1cn2c(n1)OC[C@@H](OCc1ccc(OC(F)(F)F)cc1)C2,"['Trypanosoma cruzi', 'Leishmania donovani', 'Leishmania infantum']"
CHEMBL2381408,CC(C)(C)C[C@@H]1N[C@@H](C(=O)N[C@H]2CC[C@H](O)CC2)[C@H](c2cccc(Cl)c2F)[C@]12C(=O)Nc1cc(Cl)ccc12,['p53-binding protein Mdm-2']
CHEMBL3092562,Cc1nc(-c2cnn(C)c2-c2ccc(C(F)(F)F)cn2)c2c(N3CCC3)ncnn12,"[""cAMP and cAMP-inhibited cGMP 3',5'-cyclic phosphodiesterase 10A"", 'Phosphodiesterase 2A']"
CHEMBL3545330,c1cnc(NCc2ccc(CNc3ncccn3)cc2)nc1,"['C-X-C chemokine receptor type 4', 'C-X-C chemokine receptor type 4']"
CHEMBL3989822,O.O=C([O-])CC(O)(CC(=O)[O-])C(=O)[O-].[K+].[K+].[K+],['5-enolpyruvylshikimate-3-phosphate synthase']
CHEMBL3989887,C=CC[C@@H]1/C=C(\C)C[C@H](C)C[C@H](OC)[C@H]2O[C@@](O)(C(=O)C(=O)N3CCCC[C@H]3C(=O)O[C@H](/C(C)=C/[C@@H]3CC[C@@H](O)[C@H](OC)C3)[C@H](C)[C@@H](O)CC1=O)[C@H](C)C[C@@H]2OC.O,['FK506-binding protein 1A']
CHEMBL3989967,CNc1nc(-c2cccc(NC(=O)c3ccc(C(=O)OC)cc3)c2)c2cc(OC)c(OC)cc2n1,[]
CHEMBL4249337,Nc1nc2cc(CC[C@H]3C[C@@H](n4ccc5c(N)ncnc54)[C@H](O)[C@@H]3O)ccc2cc1Br,['Protein arginine N-methyltransferase 5']
CHEMBL4297411,Nc1c2c(nc3c1CCCC3)CCCC2.O=C(O)CCC(=O)O,[]
CHEMBL471,CC(C)NCC(O)c1ccc(NS(C)(=O)=O)cc1,['Beta-2 adrenergic receptor']
CHEMBL5095204,COC(=O)N[C@H](C(=O)N1CCC[C@H]1c1ncc(-c2ccc(-c3ccc(-c4ccc5nc([C@@H]6CCCN6C(=O)[C@@H](NC(=O)OC)C(C)C)[nH]c5c4)c4c3[C@@H]3CC[C@H]4C3)cc2)[nH]1)C(C)C.O=P(O)(O)O.O=P(O)(O)O,[]
CHEMBL5095213,CCCCCC(=O)N[C@@H](Cc1ccc(OP(=O)([O-])O)cc1)C(=O)N[C@H](C(=O)NCCCCCC(N)=O)[C@@H](C)CC.[Na+],[]
CHEMBL71733,C[n+]1cccc(C(N)=O)c1,[]
CHEMBL1186581,Cc1ccc(-c2cc([C@@H]3C4CCC(C[C@@H]3c3ccc(Cl)cc3)N4C)on2)cc1,"['Serotonin transporter', 'Serotonin transporter', 'Norepinephrine transporter', 'Dopamine transporter', 'Dopamine transporter', 'Norepinephrine transporter']"
CHEMBL1200479,CCN(CC)CCOC(=O)C1(C2CCCCC2)CCCCC1.Cl,[]
CHEMBL1200807,C#C[C@]1(O)CC[C@H]2[C@@H]3CCC4=C/C(=N/O)CC[C@@H]4[C@H]3CC[C@@]21CC,[]
CHEMBL1214192,CCC1(C)CC(=O)NC(=O)C1,[]
CHEMBL1303,CCCN(CCc1cccs1)[C@H]1CCc2c(O)cccc2C1,['Dopamine D2 receptor']
CHEMBL1489254,CC(=O)OCC(COC(C)=O)OC(C)=O,[]
CHEMBL2003538,CCCCCCCCCCCCCCCC[n+]1ccccc1.O.[Cl-],[]
CHEMBL2105606,CCCC(=O)C1=C(O)C(C)(C)C(O)=C(Cc2c(OC)cc(O)c(C(=O)CCC)c2O)C1=O,[]
CHEMBL2107767,FC(F)(F)c1cccc(C2=CCN(CCc3ccc(-c4ccccc4)cc3)CC2)c1,[]
CHEMBL21333,O=C(Nc1cccc2c(=O)cc(-c3nnn[nH]3)oc12)c1ccc(OCCCCc2ccccc2)cc1,"['Cysteinyl leukotriene receptor', 'Cysteinyl leukotriene receptor 1', 'Cysteinyl leukotriene receptor 2']"
CHEMBL2364612,O=C(CCC/C=C\C[C@@H]1[C@@H](CC[C@@H](O)CCc2ccccc2)[C@H](O)C[C@@H]1O)OCCCCO[N+](=O)[O-],"['Prostanoid FP receptor', 'Prostanoid FP receptor']"
CHEMBL269538,COc1ccc2c(c1)[nH]c1c(C)nccc12,['Chitinase']
CHEMBL3039594,CNC(C)[C@@H]1CC[C@@H](N)[C@@H](O[C@H]2[C@H](O)[C@@H](O[C@H]3OC[C@](C)(O)[C@H](NC)[C@H]3O)[C@H](N)C[C@@H]2N)O1.CN[C@@H]1[C@@H](O)[C@@H](O[C@@H]2[C@@H](O)[C@H](O[C@H]3O[C@H](C(C)N)CC[C@H]3N)[C@@H](N)C[C@H]2N)OC[C@]1(C)O.CN[C@@H]1[C@@H](O)[C@@H](O[C@@H]2[C@@H](O)[C@H](O[C@H]3O[C@H](CN)CC[C@H]3N)[C@@H](N)C[C@H]2N)OC[C@]1(C)O.O=S(=O)(O)O,[]
CHEMBL3137328,N[C@H](CCC(=O)N[C@H](Cc1c[nH]c2ccccc12)C(=O)[O-])C(=O)[O-].[H+].[K+],[]
CHEMBL3218576,COc1c(OCCCN2CCOCC2)ccc2c1N=C(NC(=O)c1cnc(N)nc1)N1CCN=C21,[]
CHEMBL3545123,COC(=O)N[C@H](C(=O)N1CCC[C@H]1c1nc2cc([C@H]3CC[C@H](c4cc5nc([C@@H]6CCCN6C(=O)[C@@H](NC(=O)OC)[C@@H](C)OC)[nH]c5cc4F)N3c3cc(F)c(N4CCC(c5ccc(F)cc5)CC4)c(F)c3)c(F)cc2[nH]1)[C@@H](C)OC,[]
CHEMBL3623004,C[C@@H]1Cc2c([nH]c3ccccc23)[C@@H](c2c(F)cc(/C=C/C(=O)O)cc2F)N1CC(C)(C)F,['Estrogen receptor alpha']
CHEMBL3785197,CCOC(=O)N1c2ccc(C(F)(F)F)cc2[C@@H](N(Cc2cc(C(F)(F)F)cc(C(F)(F)F)c2)c2ncc(OCCCC(=O)O)cn2)C[C@H]1CC,['Cholesteryl ester transfer protein']
CHEMBL4101807,CC(C)n1nccc1-c1ncccc1COc1cccc(O)c1C=O,[]
CHEMBL4297181,CO[C@@H](C)Cn1c(=O)n(C)c2cnc3ccc(-c4cncc(C(C)(C)O)c4)cc3c21,['Serine-protein kinase ATM']
CHEMBL4297591,Nc1c(-c2cc(Cc3ccc(COc4ccccn4)cc3)no2)ccc[n+]1COP(=O)([O-])O,[]
CHEMBL4297667,NC(=O)NCCC[C@H](N)C(=O)O.O=C(O)CC(O)C(=O)O,[]
CHEMBL448,CCCC(C)C1(CC)C(=O)NC(=O)NC1=O,[]
CHEMBL4594291,Cl.Cl.NCCNC1CCC(CC(=O)N[C@H]2Cc3cccc(C(=O)O)c3OB2O)CC1,[]
CHEMBL4594453,CC(C)OC(=O)OCOP(=O)(CO[C@H](C)Cn1cnc2c(N)ncnc21)OCOC(=O)OC(C)C.N[C@@H](CC(=O)O)C(=O)O,[]
CHEMBL485259,CC12CCC(CC1)C(C)(C)O2,[]
CHEMBL5095397,Cc1ccc([SH](=O)(O)O)cc1.Oc1ccc2c3c(cnc2c1)-c1ccc(C(F)(F)F)cc1O[C@@H]3c1ccc(OCCN2CC(CF)C2)cc1,[]
CHEMBL5201510,C=C(C)[C@@H]1CC[C@]2(NCCN3CCS(=O)(=O)CC3)CC[C@]3(C)[C@H](CC[C@@H]4[C@@]5(C)CC=C(C6=CC[C@@](CF)(C(=O)O)CC6)C(C)(C)[C@@H]5CC[C@]43C)[C@@H]12,['Human immunodeficiency virus 1']
CHEMBL5267842,N#Cc1cccc(-c2ccc3ncc(-c4cc(F)cc(F)c4)c(N4CCC(N)CC4)c3c2)c1O,['Maternal embryonic leucine zipper kinase']
CHEMBL5314591,COCc1nn(Cc2ccc(Cn3cc(F)ccc3=O)cc2)cc1C(=O)NCc1nccc(OC)c1F.Cl,['Plasma kallikrein']
CHEMBL553025,CCC1=C[C@@H]2CN(C1)Cc1c([nH]c3ccccc13)[C@@](C(=O)OC)(c1cc3c(cc1OC)N(C)[C@H]1[C@@](O)(C(=O)OC)[C@H](OC(C)=O)[C@]4(CC)C=CCN5CC[C@]31[C@@H]54)C2,"['A549', 'HCT-116', 'K562', 'COLO 205', 'A-427', 'NCI-H1650', 'SW1990', 'J82', 'NCI-H292', 'U-266', 'MKN-28', 'SK-MES-1', 'MG-63', 'MSTO-211H', 'NCI-H661', 'NCI-H2122', 'HCC1806', 'SAOS-2', 'SK-LU-1', 'BV-173', '697', 'SNU-5', 'UMUC3', 'AN3-CA', 'LAMA-84', 'AU565', 'SJRH30', 'NOMO-1', 'NCI-H596', 'NOS-1', 'HAL-01', 'HuTu80', 'ML-2', 'MKN-7', 'BB30-HNC', 'MKN-1', 'HT-144', 'TE-8', 'LXF-289 cell line', 'LB2241-RCC', 'COLO-829', 'ETK-1', 'A4-Fuk', 'ES4', 'Calu-3', 'CTB-1', 'ES8', 'SK-NEP-1', 'SH-4', 'EM-2', 'NTERA-2-cl-D1', 'SW 962', 'NCI-H82', 'GI-ME-N', 'NB69', 'ES1', 'GB-1', 'A388', 'NCI-H747', 'PLC-PRF-5', 'JAR', 'HH', 'NCI-H1355', 'L-540', 'TE-10', 'SF-126', 'HT1197', 'VA-ES-BJ', 'SW780', 'RT-4', 'BE-13', 'NMC-G1', 'REH', 'MZ2-MEL', 'SW1088', 'SK-N-DZ', 'NB13', 'MLMA', 'EW-1', 'LS-411N', 'KE-37', 'IA-LM', 'NCI-H1648', 'TE-9', 'Ca-Ski', 'A704', 'LB831-BLC', 'GR-ST', 'L-428', 'SCC-4', 'EW-3', 'J-RT3-T3-5', 'K5', 'NCI-H209', 'HCE-4', 'HD-MY-Z', 'ATN-1', 'C2BBe1', 'MS-1', 'C-33-A', 'DSH1', 'LU-134-A', 'D-263MG', 'NB10', 'NB5', 'MZ7-mel', 'MPP-89', 'SK-N-FI', 'MeWo', 'KNS-42', 'HC-1', 'SK-PN-DW', 'TE-5', 'KALS-1', 'YAPC', 'D283 Med', 'HCC2218', 'LB2518-MEL', 'LP-1', 'MHH-NB-11', 'TE-6', 'SCC-15', 'NCI-H2126', 'NCI-H1155', 'IST-SL1', 'KINGS-1', 'FTC-133', 'TGBC1TKB', 'D-502MG', 'MFH-ino', 'NB6', 'SHP77', 'COLO-684', 'NCI-H1417', 'SNU-C2B', 'NCI-H1770', 'KLE', 'CAS-1', 'NCI-H2009', 'MN-60', 'LS-513', 'LB771-HNC', 'KMOE-2', 'NCI-H2030', 'SW 1116', 'MC-IXC', 'KY821', 'CAL-54', 'ES3', 'SBC-1', 'MRK-nu-1', 'MMAC-SF', 'EFO-27', 'TGBC24TKB', 'LU-139', 'NCI-H1963', 'SU-DHL-1', 'SK-MEL-30', 'LS-1034', 'NCI-H1092', 'no-10', 'LNCaP-Clone-FGC', 'KM-H2', 'NCI-H720', 'DJM-1', 'LAN-6', 'NCI-H2170', 'JVM-3', 'OMC-1', 'Lu-65', 'KNS-81-FD', 'GDM-1', 'EW-11', 'Panc1005', 'JVM-2', 'EW-18', 'HCC38', 'D-247MG', 'HDLM-2', 'RPMI-8866', 'COLO-320-HSR', 'COR-L88', 'GAK', 'D-336MG', 'CP66-MEL', 'NB14', 'D-392MG', 'CESS', 'NB12', 'NCI-H1304', 'KU-19-19', 'SK-MEL-24', 'NCI-H510A', '647-V', 'COLO-678', 'DMS-79', 'MDA-MB-415', 'HPAF-II', 'AM-38', 'RCM-1', 'LOUCY', 'LB373-MEL-D', 'HCC1599', 'DG-75', 'NB7', 'MDA-MB-175-VII', 'NCI-H1755', 'IMR-5', 'SKG-IIIa', 'SW13', 'MC-CAR', 'RO82-W-1', 'HSC-4', 'COLO-824', 'EGI-1', 'HCC1395', 'HEC-1', 'DK-MG', 'NCI-H1563', 'NCI-H1651', 'OAW-28', 'MFE-280', 'GMS-10', 'CaR-1', 'SW756', 'COLO-680N', 'EW-24', 'COLO-792', 'NCI-H1693', 'COLO-741', 'PFSK-1', 'CP50-MEL-B', 'SK-CO-1', 'BEN', 'JEG-3', 'NCI-H2052', 'D-542MG', 'SW1417', 'SW684', 'MFM-223', 'SCC-3', 'EHEB', 'COR-L279', 'EB2', 'HCC1419', 'RMG-I', 'SCH', 'EB-3', 'EVSA-T', 'CHP-126', 'SK-MM-2', 'LN-405', 'SIMA', 'NCI-H1882', 'UMC-11', 'HT55', 'TE-441-T', 'NCI-H1793', 'ZR-75-30', 'HCC1143', 'CAL-148', 'WSU-NHL', 'BOKU', 'K052', 'MOLT-13', 'NCI-H64', 'LC-1F', 'NCI-H345', 'J774.2', 'NCI-H2452', 'UACC-893', 'EC-GI-10', 'NCI-H630', 'SCLC-21H', 'DMS-153', 'NCI-H2141', 'SW948', 'ECC10', 'NCI-H1436', 'ECC4', 'MHH-CALL-2', 'NCI-H2196', 'NCI-H1694', 'SW1463', 'NCI-H1838', 'LU-165', 'NCI-H524', 'NCI-H1522', 'DMS-53', 'SNU-475', 'NCI-H748', 'NCI-H719', 'EW-7', 'NCI-H2081', 'MDA-MB-134-VI', 'KP-N-YN', 'H69AR', 'CW-2', 'NCI-H1666', 'KMS-12-PE', 'NCI-H838', 'NCI-H2291', 'UACC-812', 'NCI-H1618', 'SW900', 'K562/VCR', 'BALL-1', 'NCI-H2227', 'LU-135', 'NCI-H2029', 'P31-FUJ', 'RXF 944', 'WI-38 VA13', 'MCF10', 'DC3F', 'WALKER', 'LT12 tumor cell line', 'Shiga toxin 1 variant A subunit']"
CHEMBL565,CCOC(=O)C(C)(C)Oc1ccc(Cl)cc1,[]
CHEMBL592435,OC1CCC(Nc2nc(-c3ccccc3)nc3[nH]ccc23)CC1,[]
CHEMBL74355,COc1cccc([C@H](O)C2CCN(CCc3ccc(F)cc3)CC2)c1OC,[]
CHEMBL744,Nc1nc2ccc(OC(F)(F)F)cc2s1,[]
CHEMBL817,Cc1ccc(S(=O)(=O)NC(=O)NN2CCCCCC2)cc1,[]
CHEMBL1200328,CNCC[C@H](Oc1cccc2ccccc12)c1cccs1.Cl,"['Serotonin transporter', 'Norepinephrine transporter']"
CHEMBL1200859,CCN(CC)c1ccc(C(=C2C=CC(=[N+](CC)CC)C=C2)c2cc(S(=O)(=O)[O-])ccc2S(=O)(=O)[O-])cc1.[Na+],[]
CHEMBL1200912,CC(C)(N)Cc1ccccc1.Cl,[]
CHEMBL1201081,C[C@H]1C[C@@H]2[C@H]([C@@H](O)C[C@@]3(C)[C@H]2CC[C@]3(O)C(=O)COC(=O)CCC(=O)[O-])[C@@]2(C)C=CC(=O)C=C12.[Na+],[]
CHEMBL1237021,O=C1[C@@H]2[C@H]3CC[C@H](C3)[C@@H]2C(=O)N1C[C@@H]1CCCC[C@H]1CN1CCN(c2nsc3ccccc23)CC1,['Serotonin 2a (5-HT2a) receptor']
CHEMBL1491306,Oc1cc(Cc2ccccc2)nc(S)n1,"['S91', 'NADH-cytochrome b5 reductase']"
CHEMBL1497,CCCCC(=O)O[C@]1(C(=O)CO)[C@@H](C)C[C@H]2[C@@H]3CCC4=CC(=O)C=C[C@]4(C)[C@@]3(F)[C@@H](O)C[C@@]21C,['Glucocorticoid receptor']
CHEMBL1556,O=c1[nH]cnc2c1ncn2[C@@H]1O[C@H](CO)[C@@H](O)[C@H]1O,[]
CHEMBL1615369,CCCCCCOC(=O)NC(=N)c1ccc(NCc2nc3cc(C(=O)N(CCC(=O)OCC)c4ccccn4)ccc3n2C)cc1.CS(=O)(=O)O,[]
CHEMBL1770,Cl.c1ccc([C@H]2CN3CCSC3=N2)cc1,['Alkaline phosphatase tissue-nonspecific']
CHEMBL19449,CC(C)C(=O)c1c(C(C)C)nn2ccccc12,[]
CHEMBL2152047,O=C(O)[C@H](O)[C@@H](O)CO,[]
CHEMBL2158685,O=C(NCc1ccncc1)C12CC3CC(C1)CC(c1ccc(Cl)cc1)(C3)C2,[]
CHEMBL219376,O=C(O)c1c(O)c(-c2ccccc2)nc2ccccc12,[]
CHEMBL221572,NC[C@H]1O[C@H](O[C@H]2[C@H](O[C@@H]3O[C@H](CO)[C@@H](O)[C@H]3O)[C@@H](O)[C@H](N)C[C@@H]2N)[C@H](N)[C@@H](O)[C@@H]1O,"['Ribosomal RNA A-site', 'Ribosome', 'Human immunodeficiency virus type 1 REV', 'Rev responsive element (RRE) RNA']"
CHEMBL256087,CC1CCC(C(C)C)C(O)C1,[]
CHEMBL273481,NCc1cc(O)no1,"['GABA A receptor alpha-3/beta-2/gamma-2', 'GABA receptor rho-1 subunit', 'GABA receptor gamma-1 subunit', 'GABA receptor alpha-6 subunit']"
CHEMBL298406,CN1CCc2cc(Cl)c(O)cc2[C@H]2c3ccccc3CC[C@@H]21,"['Dopamine D2 receptor', 'Dopamine D1 receptor', 'Dopamine D1 receptor', 'Dopamine D5 receptor']"
CHEMBL311300,Nc1nc2c(Cc3cccnc3)c[nH]c2c(=O)[nH]1,"['Purine nucleoside phosphorylase', 'Purine nucleoside phosphorylase']"
CHEMBL3287218,Cc1cc(-c2ccc3c(c2)CC[C@H]3N2CC3(CCN(C(=O)Cc4cn5cc(C)sc5n4)CC3)C2)ncn1,['Ghrelin receptor']
CHEMBL367463,CC(C(=O)O)c1ccc2c(c1)Cc1cccnc1O2,"['Multidrug resistance-associated protein 4', 'Prostaglandin G/H synthase (cyclooxygenase)']"
CHEMBL3707371,CC(CN1c2ccccc2Sc2ccccc21)[N+](C)(C)CCO,[]
CHEMBL392158,C=CCN1CCC[C@H]1CNC(=O)c1cc(CCCF)cc(OC)c1OC,['Dopamine D2 receptor']
CHEMBL3989961,CCN(CC)C(=O)COC(=O)/C=C/C(=O)OC,[]
CHEMBL4068509,C=CC(=O)N1CCN(CCCn2c(=O)c(-c3c(Cl)c(OC)cc(OC)c3Cl)cc3cnc(NC)nc32)CC1,"['Fibroblast growth factor receptor 1', 'Fibroblast growth factor receptor 3', 'Fibroblast growth factor receptor 4', 'Fibroblast growth factor receptor 2', 'SNU-16']"
CHEMBL4116269,CN1[C@H]2CC[C@@H]1c1c(sc(NC(=O)Nc3ccc(Cl)cc3)c1C(N)=O)C2,['Danio rerio']
CHEMBL4297299,O=C(Cc1ccc(-c2ccc(N3CCOCC3)cc2)cn1)NCc1cccc(F)c1,[]
CHEMBL4297632,COCCOCCOCCOCCOCCOCCO[C@H]1CCC2(O)[C@H]3Cc4ccc(OC)c5c4[C@@]2(CCN3C)[C@H]1O5,['Mu opioid receptor']
CHEMBL4301491,C=CCc1c(OC(=O)N2CCC(N3CCCCC3)CC2)ccc2nc3c(cc12)Cn1c-3cc2c(c1=O)COC(=O)[C@]2(O)CC,[]
CHEMBL45,COc1ccc2[nH]cc(CCNC(C)=O)c2c1,"['Melatonin receptor 1A', 'Melatonin receptor 1B', 'Quinone reductase 2', 'Melatonin receptor', 'Melatonin receptor']"
CHEMBL4577523,COc1nn(C)cc1Nc1nccc(-c2c[nH]c3c(NC(=O)[C@@H](C)N4CCN(C)CC4)cccc23)n1,[]
CHEMBL4650230,CN1CCC2(CC1)NCC(=O)N2Cc1ccccc1,[]
CHEMBL4868568,CCOC(=O)C1=C(NN2CCN(CC(F)(F)F)CC2)O/C(=C\c2c[nH]c3ncccc23)C1=O,['Cell division cycle 7-related protein kinase']
CHEMBL5095396,CCC(=O)C(C[C@H](C)N(C)C)(c1ccccc1)c1ccccc1.Cl,[]
CHEMBL522892,CN1CCN(c2ccc3nc(-c4c(N)c5c(F)cccc5[nH]c4=O)[nH]c3c2)CC1,['Fibroblast growth factor receptor 1']
CHEMBL5314416,CCC[C@H](C)OC(=O)[C@H](C)NP(=O)(OC[C@H]1OC[C@@H](n2ccc(N)nc2=O)O1)Oc1ccc(Br)cc1,[]
CHEMBL5314541,CC(C)[C@H](C(=O)Nc1cc(C2CC2)[nH]n1)c1cccc(-c2ccc(NC(=O)/C=C/CN3CCOCC3)nc2)c1,[]
CHEMBL5315047,N=C(N)N/N=C/C=C/c1cccn1-c1ccccc1[N+](=O)[O-],[]
CHEMBL5315056,C=CCN1CC[C@]23c4c5ccc(O)c4O[C@H]2C(=O)CC[C@@]3(O)[C@H]1C5.Cl.O.O,"['Opioid receptor', 'Opioid receptors; mu & kappa']"
CHEMBL53904,OCCN1CCN(CC/C=C2/c3ccccc3Sc3ccc(Cl)cc32)CC1,[]
CHEMBL551813,CN(C)c1nc(Cc2ccc(NC(=O)c3ccc(C(F)(F)F)cc3)cc2)nc(N(C)C)c1CC(=O)O,[]
CHEMBL1024,O=P1(NCCCl)OCCCN1CCCl,[]
CHEMBL1195301,COCCC1CC2CN3CCc4c([nH]c5ccccc45)C(C(=O)OC)(C2)C13,[]
CHEMBL1200413,Cl.c1ccc2c(c1)CCCC2C1=NCCN1,['Adrenergic receptor alpha-2']
CHEMBL1200760,O=C([O-])CCNC(=O)c1ccc(/N=N/c2ccc(O)c(C(=O)[O-])c2)cc1.[Na+].[Na+],"['NAD-dependent protein deacylase sirtuin-5, mitochondrial']"
CHEMBL1229093,COC1=C(OC)C(=O)C(CCCCCCCCCC[P+](c2ccccc2)(c2ccccc2)c2ccccc2)=C(C)C1=O,[]
CHEMBL1471,C[C@@H](O[C@H]1OCCN(Cc2n[nH]c(=O)[nH]2)[C@H]1c1ccc(F)cc1)c1cc(C(F)(F)F)cc(C(F)(F)F)c1,['Neurokinin 1 receptor']
CHEMBL2007389,CCN(CC)CCNc1ccc(C)c2sc3ccccc3c(=O)c12.Cl,"['MCF7', 'A549', 'HCT-116', 'HT-29', 'K562', 'HL-60', 'MDA-MB-231', 'CCRF-CEM', 'PC-3', 'NCI-H460', 'MOLT-4', 'DU-145', 'SR', 'HCT-15', 'RPMI-8226', 'SW-620', 'NCI-H522', 'COLO 205', 'OVCAR-3', 'U-251', 'LOX IMVI', 'T47D', 'MDA-MB-435', 'ACHN', 'UACC-62', 'SK-MEL-5', 'KM12', 'NCI-H23', '786-0', 'IGROV-1', 'SF-268', 'M14', 'CAKI-1', 'OVCAR-8', 'SF-539', 'SK-OV-3', 'SNB-75', 'SN12C', 'RXF 393', 'HOP-92', 'UO-31', 'HOP-62', 'SF-295', 'Malme-3M', 'SK-MEL-28', 'OVCAR-4', 'SK-MEL-2', 'UACC-257', 'HCC 2998', 'NCI-H226', 'SNB-19', 'A498', 'TK-10', 'NCI/ADR-RES', 'EKVX', 'NCI-H322M', 'MDA-N', 'OVCAR-5', 'BT-549', 'Hs-578T', 'DLD-1', 'DMS-114', 'DMS-273', 'M19-MEL', 'LXFL 529', 'XF498', 'KM-20L2', 'SNB-78', 'HOP-18', 'RXF 631']"
CHEMBL2062335,COCCc1ccc(OCC(O)CNC(C)C)cc1.COCCc1ccc(OCC(O)CNC(C)C)cc1.O=C(O)C(O)C(O)C(=O)O,[]
CHEMBL2105695,CCOC(=O)[C@@H](N)Cc1ccc(-c2cc(O[C@H](c3ccc(Cl)cc3-n3ccc(C)n3)C(F)(F)F)nc(N)n2)cc1,['Tryptophan 5-hydroxylase 1']
CHEMBL2105759,CCS(=O)(=O)N1CC(CC#N)(n2cc(-c3ncnc4[nH]ccc34)cn2)C1,"['Tyrosine-protein kinase JAK2', 'Tyrosine-protein kinase JAK1', 'Tyrosine-protein kinase JAK3', 'JAK1/TYK2', 'Uncharacterized protein FLJ45252', 'JAK2/TYK2']"
CHEMBL2106424,C=C(C#N)C(=O)OC,[]
CHEMBL2107294,CN1[C@@H]2CC[C@H]1C/C(=C1\c3ccccc3CSc3ccccc31)C2,[]
CHEMBL2111066,CC(CN1c2ccccc2Sc2cccnc21)N(C)C,[]
CHEMBL2220442,CC(C)n1c(/C=C/C(O)CC(O)CC(=O)O)c(-c2ccc(F)cc2)c2ccccc21,[]
CHEMBL2333941,C[C@@]1(c2cc(-c3cncnc3)c(F)cc2F)CCSC(N)=N1,['Beta-secretase 1']
CHEMBL25263,O=C(O)[C@H]1CCCN1C(=O)CCCCC(=O)N1CCC[C@@H]1C(=O)O,['Serum amyloid P-component']
CHEMBL3039517,Cc1cnc(NC(=O)Nc2cc(Br)c(C)cc2OC[C@@H]2CNCCO2)cn1,[]
CHEMBL3137313,NC(=O)c1cccc([C@H]2C[C@H]3CC[C@@H](C2)N3CCN(CC2CCCCC2)C(=O)[C@@H](O)CO)c1,"['Mu opioid receptor', 'Delta opioid receptor', 'Kappa opioid receptor']"
CHEMBL3301625,C=CC(=O)Nc1cccc(Nc2nc(Nc3ccc(OCCOC)cc3)ncc2F)c1,['Tyrosine-protein kinase BTK']
CHEMBL376488,COc1nc2ccc(Br)cc2cc1[C@@H](c1ccccc1)[C@@](O)(CCN(C)C)c1cccc2ccccc12,[]
CHEMBL3915620,CC#C[C@@H](CC(=O)O)c1ccc(OCc2ccc(CN3CCC4(C=Cc5ccccc54)CC3)cc2)cc1,"['Free fatty acid receptor 1', 'Free fatty acid receptor 1', 'Free fatty acid receptor 1']"
CHEMBL3989541,COC(=O)[C@H]1[C@H]2C[C@@H]3c4[nH]c5ccc(OC)cc5c4CCN3C[C@H]2C[C@@H](OC(=O)c2cc(OC)c(OC)c(OC)c2)[C@@H]1OC,['Synaptic vesicular amine transporter']
CHEMBL3989680,COc1cccc(C2(O)CC(O)CCC2CN(C)C)c1,[]
CHEMBL3989938,COC(=O)CCNC(=O)[C@H](O)C(C)(C)COP(=O)(N[C@@H](C)C(=O)OC)Oc1ccccc1,[]
CHEMBL4207489,N#Cc1cc(NC(=O)[C@H]2c3ccccc3C(=O)N(CC(F)(F)F)[C@@H]2c2cccnc2)ccc1F,[]
CHEMBL4297502,C=Cc1cc(C(=O)Nc2ccc(C(=N)N)cc2)c(-c2ccc(C(=O)NCC3CC3)nc2C(=O)O)cc1OC,"['Coagulation factor X', 'Coagulation factor VII', 'Coagulation factor VII/tissue factor']"
CHEMBL455186,CS(=O)(=O)OC[C@H](O)[C@@H](O)COS(C)(=O)=O,[]
CHEMBL458875,Cc1cn([C@H]2O[C@@H](CO)[C@H](O)[C@H]2F)c(=O)[nH]c1=O,[]
CHEMBL473159,Oc1cc(O)cc(O)c1,[]
CHEMBL4785363,CO[C@H]1CC[C@H](n2c([C@@H]3CCCC(=O)N3c3ccc(F)c(F)c3)nc3cc(-c4c(C)noc4C)ccc32)CC1,"['Bromodomain-containing protein 4', 'Bromodomain-containing protein 3']"
CHEMBL565612,CN1CCN(c2nc(C3=C(c4c[nH]c5ccccc45)C(=O)NC3=O)c3ccccc3n2)CC1,"['Glycogen synthase kinase-3 beta', 'Protein kinase C alpha', 'Protein kinase C theta', 'Protein kinase C delta', 'Protein kinase C beta', 'Protein kinase C epsilon', 'Glycogen synthase kinase-3', 'Protein kinase C eta']"
CHEMBL669,CN(C)CCC=C1c2ccccc2C=Cc2ccccc21,[]
CHEMBL84,CC[C@@]1(O)C(=O)OCc2c1cc1n(c2=O)Cc2cc3c(CN(C)C)c(O)ccc3nc2-1,['2008']
CHEMBL895,Oc1ccc2c3c1O[C@H]1[C@@H](O)CC[C@@]4(O)[C@@H](C2)N(CC2CCC2)CC[C@]314,[]
CHEMBL108358,NC(=O)c1csc([C@@H]2O[C@H](CO)[C@@H](O)[C@H]2O)n1,"['Adenosine deaminase', ""Inosine-5'-monophosphate dehydrogenase (IMPDH)"", 'Influenza B virus (B/Lee/40)']"
CHEMBL1089221,O=C(O)COc1nn(Cc2ccccc2)c2ccccc12,[]
CHEMBL1140,NC(=O)c1cccnc1,[]
CHEMBL1191,Cc1nnc(NS(=O)(=O)c2ccc(N)cc2)s1,[]
CHEMBL1200418,CC(CCc1ccc(O)cc1)NCCc1ccc(O)c(O)c1.Cl,[]
CHEMBL1201146,C#C[C@]1(OC(C)=O)CC[C@H]2[C@@H]3CCC4=CC(=O)CC[C@@H]4[C@H]3CC[C@@]21C,"['Nuclear receptor subfamily 1 group I member 2', 'Progesterone receptor']"
CHEMBL1389,C#C[C@]1(O)CC[C@H]2[C@@H]3CCC4=CC(=O)CC[C@@H]4[C@H]3CC[C@@]21CC,['Progesterone receptor']
CHEMBL1800807,COc1cc(F)c(C(C)C)cc1-c1ccc(C(F)(F)F)cc1CN1C(=O)O[C@H](c2cc(C(F)(F)F)cc(C(F)(F)F)c2)[C@@H]1C,['Cholesteryl ester transfer protein']
CHEMBL181932,O=C(O)c1nc(=O)[nH]c(=O)[nH]1,[]
CHEMBL2107361,Cc1cc(C(=O)N[C@@H](CCC(=O)O)C(=O)O)sc1CC[C@@H]1CNc2nc(N)[nH]c(=O)c2C1,['GAR transformylase']
CHEMBL2111084,CC[C@@]1(O)C(=O)OCc2c1cc1n(c2=O)Cc2c-1nc1ccccc1c2CCNC(C)C,[]
CHEMBL248702,CCN[C@@H](C)Cc1cccc(C(F)(F)F)c1,[]
CHEMBL305187,CC(C(O)c1ccc(O)cc1)N1CCC(Cc2ccccc2)CC1,['Glutamate [NMDA] receptor subunit epsilon 2']
CHEMBL3416885,CN(C)CCn1cc(C(=O)N2CCC3(CC2)OCc2ccccc23)c2ccc(Cl)cc21,"['Vasopressin V1a receptor', 'Vasopressin V1a receptor']"
CHEMBL3633802,Cn1c(=O)c2c(ncn2CC(=O)Nc2ccc(-c3ccccc3)nn2)n(C)c1=O,"['Transient receptor potential cation channel subfamily A member 1', 'Probable protein-cysteine N-palmitoyltransferase porcupine']"
CHEMBL3707254,O=C1CN(/N=C/C=C/c2ccc([N+](=O)[O-])o2)C(=O)N1,[]
CHEMBL3707334,O[B-]1(O)OO[B-](O)(O)OO1,[]
CHEMBL3989929,CCCCc1nc(-c2ccc(OCCCN(CC)CC)cc2)cn1-c1ccc(Oc2ccc(Cl)cc2)cc1,"['Advanced glycosylation end product-specific receptor', 'Advanced glycosylation end product-specific receptor']"
CHEMBL4211107,COc1ccc2cc(C(C)C(=O)Oc3ccc(C(N)=S)cc3)ccc2c1,[]
CHEMBL4297534,CN1CC[C@@H](NC(=O)Nc2ccc(C#N)cc2)C[C@@H]1c1nc2ccccc2[nH]1.O=C(O)/C=C\C(=O)O,[]
CHEMBL4303288,Nc1nc(NC2CC2)c2ncn([C@H]3C=C[C@@H](CO)C3)c2n1.Nc1nc(NC2CC2)c2ncn([C@H]3C=C[C@@H](CO)C3)c2n1.O=S(=O)(O)O,[]
CHEMBL446,Cc1cc(C)nc(NS(=O)(=O)c2ccc(N)cc2)n1,[]
CHEMBL4594273,CCNCCc1ccc(CN(CC)c2cc(OC)ccc2[C@@H]2CCc3cc(O)ccc3C2)cc1.Cl.Cl,[]
CHEMBL498847,Cc1ncc([N+](=O)[O-])n1CC(C)O,['Thioredoxin reductase']
CHEMBL5095076,Fc1ccc(F)c([C@H]2CCCN2c2ccn3ncc(-n4cc(C(F)(F)F)cn4)c3n2)c1,['Nerve growth factor receptor Trk-A']
CHEMBL517,CC(C)N(CCC(C(N)=O)(c1ccccc1)c1ccccn1)C(C)C,[]
CHEMBL5314553,CCC[C@H](C)OC(=O)[C@H](C)NP(=O)(OC[C@H]1OC[C@@H](n2ccc(N)nc2=O)O1)Oc1ccc(Br)cc1.Cl,[]
CHEMBL570015,COc1cccc(Nc2c(C(N)=O)cnc3c(C)cc(S(=O)(=O)c4cccc(C(=O)N(C)C)c4)cc23)c1,[]
CHEMBL572878,Cc1cc(Nc2cc(N3CCN(C)CC3)nc(Sc3ccc(NC(=O)C4CC4)cc3)n2)n[nH]1,"['Serine/threonine-protein kinase Aurora-A', 'Serine/threonine-protein kinase Aurora-B', 'Receptor-interacting serine/threonine-protein kinase 1']"
CHEMBL110739,C[C@]12C[C@H](O)[C@H]3[C@@H](CCC4=CC(=O)CC[C@@]43C)[C@@H]1CC[C@@H]2C(=O)CO,"['Progesterone receptor', 'Corticosteroid binding globulin']"
CHEMBL1200632,CCCCCCCCCCCCCCCC(=O)O[C@@H]1[C@@H](O)[C@@H](O)[C@@H]([C@H](NC(=O)[C@@H]2C[C@@H](CCC)CN2C)[C@H](C)Cl)O[C@@H]1SC.Cl,[]
CHEMBL1231,CCN(CC)CC#CCOC(=O)C(O)(c1ccccc1)C1CCCCC1,['Muscarinic acetylcholine receptor M3']
CHEMBL1233511,O=P(O)(O)O[C@H]1[C@H](OP(=O)(O)O)[C@@H](OP(=O)(O)O)[C@H](OP(=O)(O)O)[C@@H](OP(=O)(O)O)[C@H]1OP(=O)(O)O,"['Inositol 1,4,5-trisphosphate receptor type 1', 'Inositol 1,4,5-trisphosphate receptor type 3', 'Inositol 1,4,5-trisphosphate receptor type 3']"
CHEMBL1637,Cl.Nc1ccn([C@@H]2O[C@H](CO)[C@@H](O)C2(F)F)c(=O)n1,"['NCI-H1650', 'J82', 'NCI-H292', 'U-266', 'MKN-28', 'A2058', 'MSTO-211H', 'NCI-H661', 'NCI-H2122', 'SAOS-2', 'SK-LU-1', 'BV-173', 'SNU-5', 'UMUC3', 'AN3-CA', 'CFPAC-1', 'LAMA-84', 'HT', 'AU565', 'KYSE-520 cell line', 'SJRH30', 'NOMO-1', 'NCI-H596', 'HAL-01', 'MKN-1', 'HT-144', 'COLO-829', 'ETK-1', 'ES4', 'CTB-1', 'EM-2', 'SW 962', 'ES1', 'GB-1', 'PLC-PRF-5', 'HH', 'HT1197', 'REH', 'MZ2-MEL', 'SW1088', 'Ca-Ski', 'GR-ST', 'EW-3', 'J-RT3-T3-5', 'K5', 'HCE-4', 'HD-MY-Z', 'ATN-1', 'MS-1', 'DSH1', 'LU-134-A', 'MZ7-mel', 'SK-N-FI', 'MeWo', 'HC-1', 'TE-5', 'D283 Med', 'HCC2218', 'SCC-15', 'NCI-H1155', 'FTC-133', 'TGBC1TKB', 'MFH-ino', 'SHP77', 'NCI-H2009', 'MN-60', 'LS-513', 'KMOE-2', 'KY821', 'CAL-54', 'SBC-1', 'LU-139', 'KYSE-180', 'LS-1034', 'NCI-H1092', 'LNCaP-Clone-FGC', 'KM-H2', 'DJM-1', 'OMC-1', 'Lu-65', 'KNS-81-FD', 'EW-11', 'Panc1005', 'EW-18', 'RPMI-8866', 'CP66-MEL', 'D-392MG', 'CESS', 'SK-MEL-24', 'NCI-H510A', '647-V', 'DMS-79', 'MDA-MB-415', 'HPAF-II', 'AM-38', 'RCM-1', 'LB373-MEL-D', 'HCC1599', 'DG-75', 'MDA-MB-175-VII', 'SKG-IIIa', 'SW13', 'MC-CAR', 'HSC-4', 'EGI-1', 'NCI-H1573', 'HEC-1', 'NCI-H1651', 'OAW-28', 'MFE-280', 'SW756', 'COLO-792', 'NCI-H1693', 'COLO-741', 'PFSK-1', 'CP50-MEL-B', 'BEN', 'JEG-3', 'NCI-H2052', 'D-542MG', 'COR-L279', 'EB2', 'HCC1419', 'LN-405', 'HT55', 'NCI-H1793', 'ZR-75-30', 'CAL-148', 'WSU-NHL', 'UACC-893', 'EC-GI-10', 'NCI-H630', 'SCLC-21H', 'NCI-H2141', 'SW948', 'ECC4', 'MHH-CALL-2', 'NCI-H1694', 'SW1463', 'LU-165', 'NCI-H1522', 'NCI-H748', 'KP-N-YN', 'CW-2', 'NCI-H1666', 'KMS-12-PE', 'SW900', 'TSU', 'K562/VCR', 'BALL-1', 'P31-FUJ', 'RXF 944', 'MAXF401 cell line', 'Lung LXF 629L tumor cell line', 'WI-38 VA13', 'HEL 299', '9L', 'C2D cell line', 'C2G cell line', 'WISH', 'MCF10', 'DC3F', 'Solute carrier organic anion transporter family member 1A4', 'YOSHIDA', 'WALKER', 'Shiga toxin 1 variant A subunit']"
CHEMBL185885,O=Cc1ccc(CO)o1,[]
CHEMBL1923234,C[C@H](NC(=O)/C(C#N)=C/c1cccc(Br)n1)c1ccccc1,['U-266']
CHEMBL1949708,Nc1nc(C(=O)N[C@H](CO)C(=O)O)c(N)nc1C(=O)N[C@H](CO)C(=O)O,[]
CHEMBL2105675,CNC[C@H](O)[C@@H](O)[C@H](O)[C@H](O)CO.O=C(O)c1ccc2nc(-c3cc(Cl)cc(Cl)c3)oc2c1,[]
CHEMBL2106966,Cc1ccnc(NC(=O)C(C)c2cccc(C(=O)c3ccccc3)c2)c1,[]
CHEMBL2107826,O=C(Nc1ccc(C[C@@H]2CC[C@H]([C@H](O)c3ccccc3)N2)cc1)[C@@H]1CCc2nccc(=O)n21,"['Beta-3 adrenergic receptor', 'Beta-3 adrenergic receptor', 'Beta-3 adrenergic receptor']"
CHEMBL2346976,CC(=O)N1CCN(CCOc2ccc(C3CCN(C4=Nn5c(nnc5C(F)(F)F)CC4)CC3)cc2)CC1,[]
CHEMBL279115,CCCCCCCCCCCCCC(=O)O[C@@H]1[C@@H](C)[C@@]2(O)[C@@H](C=C(CO)C[C@]3(O)C(=O)C(C)=C[C@@H]23)[C@@H]2C(C)(C)[C@]12OC(C)=O,[]
CHEMBL3181832,COc1cccc(OC)c1C(=O)N[C@@H]1C(=O)N2[C@@H]1SC(C)(C)[C@@H]2C(=O)[O-].O.[Na+],[]
CHEMBL3545096,COc1ccc(-c2ccc3ncc4c(c3c2)n(-c2ccc(N3CCNCC3)c(C(F)(F)F)c2)c(=O)n4C)cn1.O=C(O)/C=C\C(=O)O,[]
CHEMBL3545312,COC(=O)N[C@H](C(=O)N1CCC[C@H]1c1nc(-c2ccc3cc(-c4ccc5[nH]c([C@@H]6CCCN6C(=O)[C@@H](NC(=O)OC)C(C)C)nc5c4)ccc3c2)c[nH]1)C(C)C.Cl.Cl,"['NON-PROTEIN TARGET', 'Nonstructural protein 5A']"
CHEMBL363648,CCc1nc(-c2cccc(C)c2)c(-c2ccnc(NC(=O)c3ccccc3)c2)s1,['MAP kinase p38 alpha']
CHEMBL4297414,COC(=O)C[C@]1(CN)C[C@H]2CC[C@H]2C1,[]
CHEMBL4297519,CC[C@H]1OC(=O)[C@H](C)C(=O)[C@H](C)[C@@H](O[C@@H]2O[C@H](C)C[C@H](N(C)C)[C@H]2O)[C@](C)(OC)C[C@@H](C)C(=O)[C@H](C)[C@H]2[C@H](/C(N)=N/O[C@@H](C)c3nnc(-c4ccccn4)s3)C(=O)O[C@@]21C,['Streptococcus pneumoniae']
CHEMBL4302505,CC(C)CCNc1ncccc1C(=O)N1CCN(Cc2ccccc2)CC1,[]
CHEMBL4650743,C[N+](C)(C)CCOC(=O)CCCC[C@@H]1CCSS1,[]
CHEMBL466659,O=[N+]([O-])OCC(CO[N+](=O)[O-])(CO[N+](=O)[O-])CO[N+](=O)[O-],[]
CHEMBL471737,COc1cc2c(cc1OC)CC(=O)N(CCCN(C)C[C@H]1Cc3cc(OC)c(OC)cc31)CC2,[]
CHEMBL4847050,CCc1nc(-c2ccc3c(c2)CC[C@H]3NC(=O)c2cnn(C)c2)no1,[]
CHEMBL521851,CS(=O)(=O)N1CCN(Cc2cc3nc(-c4cccc5[nH]ncc45)nc(N4CCOCC4)c3s2)CC1,['NCI-H292']
CHEMBL524,COc1ccc(OC)c(C(O)C(C)N)c1,[]
CHEMBL5314392,C[C@H](N)C(=O)N[C@@H](C)C(=O)OCCOc1ccc(-c2c(C#N)c(SCc3csc(-c4ccc(Cl)cc4)n3)nc(N3CCCC3)c2C#N)cc1,[]
CHEMBL5314401,Cc1ncccc1C(=O)N1CCN(S(=O)(=O)c2ccc(C(F)(F)F)cc2)C[C@@H]1C,['Plasmodium knowlesi']
CHEMBL5314420,Cc1ccc2c(-c3nc(Nc4cc(CN5C[C@@H](C)N[C@@H](C)C5)cc(C5CC5)c4)ncc3Cl)c[nH]c2c1,[]
CHEMBL604608,OC[C@H]1O[C@](O)(CO)[C@@H](O)[C@@H]1O,[]
CHEMBL8260,O=c1cc(-c2ccccc2)oc2cc(O)c(O)c(O)c12,"['G protein-coupled receptor kinase 6', 'Receptor-type tyrosine-protein phosphatase S']"
CHEMBL850,C[C@@H]1CN(c2c(F)c(N)c3c(=O)c(C(=O)O)cn(C4CC4)c3c2F)C[C@H](C)N1,[]
CHEMBL852,N[C@@H](Cc1ccc(N(CCCl)CCCl)cc1)C(=O)O,[]
CHEMBL959,CC(N)C12CC3CC(CC(C3)C1)C2,[]
CHEMBL105060,CN(C(=O)c1cc(C(F)(F)F)cc(C(F)(F)F)c1)[C@@H](/C=C/C(=O)N[C@@H]1CCCCNC1=O)Cc1ccc(Cl)c(Cl)c1,['Neurokinin 1 receptor']
CHEMBL1069,CCCCC(=O)N(Cc1ccc(-c2ccccc2-c2nnn[nH]2)cc1)[C@H](C(=O)O)C(C)C,['Type-1 angiotensin II receptor']
CHEMBL1088,CN1CCCCC1CCN1c2ccccc2Sc2ccc([S+](C)[O-])cc21,"['Histamine H1 receptor', 'Serum albumin']"
CHEMBL1159662,O[C@@H]1[C@H](O)[C@H](O)CO[C@H]1O,[]
CHEMBL1200610,N[C@@H](C(=O)N[C@@H]1C(=O)N2C(C(=O)O)=C(Cl)CC[C@H]12)c1ccccc1.O,[]
CHEMBL1200628,CN[C@H](CC(C)C)C(=O)N[C@H]1C(=O)N[C@@H](CC(N)=O)C(=O)N[C@H]2C(=O)N[C@H]3C(=O)N[C@H](C(=O)N[C@H](C(=O)O)c4cc(O)cc(O)c4-c4cc3ccc4O)[C@H](O)c3ccc(c(Cl)c3)Oc3cc2cc(c3O[C@@H]2O[C@H](CO)[C@@H](O)[C@H](O)[C@H]2O[C@H]2C[C@](C)(N)[C@H](O)[C@H](C)O2)Oc2ccc(cc2Cl)[C@H]1O.Cl,[]
CHEMBL1201390,C[C@]12C=CC(=O)C=C1[C@@H](F)C[C@H]1[C@@H]3C[C@@H](O)[C@](O)(C(=O)CO)[C@@]3(C)C[C@H](O)[C@@]12F,"['Glucocorticoid receptor', 'Nuclear receptor subfamily 1 group I member 2', 'Progesterone receptor']"
CHEMBL144673,CCCCC(CC)CN1CN(CC(CC)CCCC)CC(C)(N)C1,[]
CHEMBL1672635,Cc1c(N[C@@H](c2nnc(-c3ccc(C#N)cc3)o2)[C@H](C)O)ccc(C#N)c1Cl,[]
CHEMBL1689063,NC(=O)[C@@H]1CC[C@@H]2CN1C(=O)N2OS(=O)(=O)O,[]
CHEMBL1697849,Clc1ccc(C/C(=C\CN2CCCC2)c2ccccc2)cc1,[]
CHEMBL1908370,N#Cc1c(N2C[C@@H]3NCCO[C@H]3C2)c(F)cc2c(=O)c(C(=O)O)cn(C3CC3)c12,"['DNA gyrase', 'Mycobacterium intracellulare']"
CHEMBL2095208,CC(C)c1nc(CN(C)C(=O)N[C@@H](CCN2CCOCC2)C(=O)N[C@H](CC[C@H](Cc2ccccc2)NC(=O)OCc2cncs2)Cc2ccccc2)cs1,[]
CHEMBL2105665,CCCCCCCC/C=C/CCCCCCCC(=O)OC[C@H]1O[C@@H](n2ccc(N)nc2=O)[C@@H](O)[C@@H]1O,[]
CHEMBL312448,Cc1cc(C(C)(C)C)cc(C)c1CC1=NCCN1,['Adrenergic receptor alpha']
CHEMBL3251296,Cc1cn2c(nc1=O)O[C@H]1[C@H](O)[C@@H](CO)O[C@H]12,[]
CHEMBL3301615,Cl.c1ccc2cc([C@]34CNC[C@H]3C4)ccc2c1,[]
CHEMBL3301674,CCCCCNC(=O)c1coc([C@H]2[C@@H](Cc3ccccc3CCC(=O)[O-])[C@@H]3CC[C@H]2O3)n1.[Na+],[]
CHEMBL3544978,C[C@@H]1CN2c3c(cc4c(N5C(=O)OC[C@@H]5C)noc4c3F)CC3(C(=O)NC(=O)NC3=O)[C@H]2[C@H](C)O1,"['DNA gyrase', 'DNA gyrase subunit A']"
CHEMBL368347,COc1cc(C[C@@H](CO)[C@H](CO)Cc2ccc(O)c(OC)c2)ccc1O,['Lactuca sativa']
CHEMBL3707215,CN(C)CCOC(c1ccccc1)c1ccccc1.Cn1c(=O)c2c(ncn2CC(=O)O)n(C)c1=O,[]
CHEMBL398435,CCCSc1nc(N[C@@H]2C[C@H]2c2ccc(F)c(F)c2)c2nnn([C@@H]3C[C@H](OCCO)[C@@H](O)[C@H]3O)c2n1,[]
CHEMBL3990276,O=[Si]=O.O=[Si]=O.O=[Si]=O.O=[Si]=O.[O]=[Mg].[O]=[Mg].[O]=[Mg],[]
CHEMBL4093031,CNC(=O)c1c(-c2ccc(F)cc2)oc2ccc(-c3cc(C(=O)NC4(c5ncccn5)CC4)ccc3C)c(F)c12,[]
CHEMBL410414,CN(Cc1ccccc1)C(=O)[C@@H](NC(=O)c1cc2cc(NC(=O)c3ccccc3-c3ccc(C(F)(F)F)cc3)ccc2n1C)c1ccccc1,['Microsomal triglyceride transfer protein large subunit']
CHEMBL4209157,O=C1CCc2c(Oc3ccc4c(c3)[C@@H]3[C@H](O4)[C@H]3c3nc4cc(C(F)(F)F)ccc4[nH]3)ccnc2N1,[]
CHEMBL4297489,Cc1nn(C)cc1CN1CCC(c2ccc(C(=O)Nc3ccccc3N)cc2)CC1,['Histone deacetylase 1']
CHEMBL4748352,Cc1nc(C)c(C(=O)Nc2ccc(F)c(-c3nc4ncc(-c5ncccc5C)cn4n3)c2)o1,[]
CHEMBL5283463,Cc1ccc(S(=O)(=O)O)cc1.Cc1ccsc1C(=O)Nc1cc(CN2CCN(C(=O)CO)CC2)ccc1/C=C/c1n[nH]c2ccccc12,[]
CHEMBL5314530,COc1cc(N[C@H](C(=O)c2c[nH]c3ccc(OC(F)(F)F)cc23)c2ccc(Cl)cc2OC)cc(S(C)(=O)=O)c1,['Dengue virus 2']
CHEMBL911,Cc1ccc(-c2nc3ccc(C)cn3c2CC(=O)N(C)C)cc1,"['GABA A receptor alpha-6/beta-2/gamma-2', 'GABA receptor alpha-1 subunit']"
CHEMBL928,O=C1CN(/N=C/c2ccc(-c3ccc([N+](=O)[O-])cc3)o2)C(=O)[N-]1.[Na+],[]
CHEMBL1089318,Cc1c(Cl)c(C)[n+]([O-])c(Cl)c1-c1noc(-c2cc(O)c(O)c([N+](=O)[O-])c2)n1,['Catechol O-methyltransferase']
CHEMBL1093059,CC1(C)CC[C@]2(C(=O)O)CC[C@]3(C)[C@H](C(=O)C=C4[C@@]5(C)C=C(C#N)C(=O)C(C)(C)[C@@H]5CC[C@]43C)[C@@H]2C1,[]
CHEMBL11298,N[C@@H](CO)C(=O)O,"['Regulator of G-protein signaling 4', 'GABA-B receptor', 'Betaine transporter', 'Gamma-amino-N-butyrate transaminase', 'GABA receptor gamma-1 subunit', 'Glutamate receptor AMPA 1/2', 'GABA receptor alpha-1 subunit', 'Gamma-amino-N-butyrate transaminase']"
CHEMBL116943,C1CCc2nnnn2CC1,['BeWo']
CHEMBL1201161,CC(=O)O.NCc1ccc(S(N)(=O)=O)cc1,"['Carbonic anhydrase II', 'Carbonic anhydrase I']"
CHEMBL1232131,O=S(=O)(O)c1cc(O)ccc1O,[]
CHEMBL1314,CC(S)C(=O)NCC(=O)O,[]
CHEMBL139835,CC(=O)O[C@]1(C(C)=O)CC[C@H]2[C@@H]3C=C(Cl)C4=CC(=O)[C@@H]5C[C@@H]5[C@]4(C)[C@H]3CC[C@@]21C,"['Nuclear receptor subfamily 1 group I member 2', 'Progesterone receptor']"
CHEMBL1480987,CC1CC(OC(=O)C(O)c2ccccc2)CC(C)(C)C1,[]
CHEMBL1628504,Cc1cc(/C=C/C#N)cc(C)c1Nc1ccnc(Nc2ccc(C#N)cc2)n1.Cl,['Human immunodeficiency virus 1']
CHEMBL1892145,CC[C@]12CCCN3CCc4c(n(c5ccccc45)C(=O)C1)[C@@H]32,['Aortic artery']
CHEMBL2105712,CN(C)C/C=C/C(=O)Nc1cc2c(Nc3ccc(F)c(Cl)c3)ncnc2cc1O[C@H]1CCOC1.O=C(O)/C=C\C(=O)O.O=C(O)/C=C\C(=O)O,['Epidermal growth factor receptor erbB1']
CHEMBL2106643,COc1c(C)c2c(c(O)c1C/C=C(\C)CCC(=O)[O-])C(=O)OC2.[Na+],"[""Inosine-5'-monophosphate dehydrogenase 2""]"
CHEMBL3407547,COc1ccccc1[C@H](Cn1c(=O)n(C(C)(C)C(=O)O)c(=O)c2c(C)c(-c3ncco3)sc21)OC1CCOCC1,[]
CHEMBL4285883,CO[C@H]1C[C@H](O[C@H]2CC[C@@]3(C)[C@H](CC[C@@H]4[C@@H]3CC[C@]3(C)[C@@H](C5=CC(=O)OC5)[C@@H](OC(C)=O)C[C@]43O)C2)O[C@@H](C)[C@@H]1O,['Neurogenic locus notch homolog protein 1']
CHEMBL4297206,N.N.[Ag+].[F-],"['Ornithine decarboxylase', 'GABA receptor gamma-1 subunit', 'Gamma-amino-N-butyrate transaminase']"
CHEMBL4297504,CO[C@@H]1[C@H](OC(=O)/C=C/c2ccc(OCCN(C)C)cc2)CC[C@]2(CO2)[C@H]1[C@@]1(C)O[C@@H]1CC=C(C)C,[]
CHEMBL4594299,COc1cc2c(cc1OC)CN(CCc1ccc(-n3nnc(-c4cc(OC)c(OC)cc4NC(=O)c4cc(=O)c5ccccc5o4)n3)cc1)CC2.CS(=O)(=O)O.O,[]
CHEMBL520613,Cc1c(CCO)sc[n+]1CCCCCCCCCCCC[n+]1csc(CCO)c1C.[Br-].[Br-],[]
CHEMBL5315049,N[C@@H](CC(=O)N1CCn2c(nnc2C(F)(F)F)C1)Cc1cc(F)c(F)cc1F.O=C(O)/C=C\C(=O)O,['Dipeptidyl peptidase IV']
CHEMBL562668,CCNC1(C(N)=O)CCN(c2ncnc3c2nc(-c2ccccc2Cl)n3-c2ccc(Cl)cc2)CC1,"['Cannabinoid CB2 receptor', 'Cannabinoid CB1 receptor']"
CHEMBL58,O=C1c2c(O)ccc(O)c2C(=O)c2c(NCCNCCO)ccc(NCCNCCO)c21,"['K562', 'Glutathione-S-transferase']"
CHEMBL93268,O=N[O-].[Na+],['Carbonic anhydrase V']
CHEMBL996,CO[C@@]1(NC(=O)Cc2cccs2)C(=O)N2C(C(=O)O)=C(COC(N)=O)CS[C@@H]21,['PER-2 beta-lactamase']
CHEMBL9960,CC[C@H](NC(=O)c1cc(-c2ccccc2)nc2ccccc12)c1ccccc1,['Neurokinin 3 receptor']
CHEMBL1078178,N#CCNC(=O)c1ccc(-c2ccnc(Nc3ccc(N4CCOCC4)cc3)n2)cc1,"['Tyrosine-protein kinase JAK2', 'Tyrosine-protein kinase JAK3', 'Serine/threonine-protein kinase TBK1']"
CHEMBL1086,CCCCOc1cc(C(=O)NCCN(CC)CC)c2ccccc2n1,"['Human enterovirus 71', 'Human enterovirus 68']"
CHEMBL1213135,C[C@@H](CO)NC(=O)[C@@H]1C=C2c3cccc4[nH]cc(c34)C[C@H]2N(C)C1.O=C(O)/C=C\C(=O)O,[]
CHEMBL1256175,CC(=O)O.CNC(=N)NCCC[C@H](N)C(=O)O,"['Nitric-oxide synthase, brain', 'N(G),N(G)-dimethylarginine dimethylaminohydrolase 1', 'Arginase-1']"
CHEMBL1308,Cc1cn[nH]c1,"['Alcohol dehydrogenase', 'Histidine decarboxylase']"
CHEMBL13209,O=C1CN=C(c2ccccc2)c2cc([N+](=O)[O-])ccc2N1,[]
CHEMBL1542,Cn1cnc([N+](=O)[O-])c1Sc1ncnc2[nH]cnc12,[]
CHEMBL1697854,COc1cccc2c1C(=O)c1c(O)c3c(c(O)c1C2=O)C[C@@](O)(/C(C)=N/NC(=O)c1ccccc1)C[C@@H]3O[C@H]1C[C@H](N)[C@H](O)[C@H](C)O1,[]
CHEMBL175247,CCCCCCCCCCC[C@@H](C[C@@H]1OC(=O)[C@H]1CCCCCC)OC(=O)[C@H](CC(C)C)NC=O,"['Sn1-specific diacylglycerol lipase alpha', 'Pancreatic triacylglycerol lipase', 'Pancreatic lipase', 'Sn1-specific diacylglycerol lipase beta', 'Protein BAT5']"
CHEMBL1757,C[C@@H]1O[C@@H]1P(=O)(O)O,"['6-phosphogluconate dehydrogenase, decarboxylating, putative']"
CHEMBL2103877,C=C1CCN([C@H](C)[C@](O)(Cn2cncn2)c2ccc(F)cc2F)CC1,[]
CHEMBL2107331,CC[C@H]1C(C)=NN=C(c2ccc(OC)c(OC)c2)c2cc(OC)c(OC)cc21,[]
CHEMBL266125,Cc1ccc2cc(C(=O)NC3(C(=O)N[C@H](Cc4ccccc4)C(=O)NCC4CCN(CC5CCOCC5)CC4)CCCC3)sc2c1,['Neurokinin 2 receptor']
CHEMBL282724,Cc1cc2c(cc1CC(=O)c1sccc1S(=O)(=O)Nc1onc(C)c1Cl)OCO2,"['Endothelin receptor ET-A', 'Endothelin receptor ET-B']"
CHEMBL297302,O=C(CCCN1CCC(n2c(=O)[nH]c3ccccc32)CC1)c1ccc(F)cc1,[]
CHEMBL299400,O=C(O)C(O)C(O)C(=O)O.Oc1ccc2c(c1)[C@@]13CCCC[C@@]1(O)[C@@H](C2)N(CC1CCC1)CC3,[]
CHEMBL3623290,COc1cc2ncnc(Nc3cccc(Cl)c3F)c2cc1OC(=O)N1CCN(C)C[C@H]1C,['Epidermal growth factor receptor erbB1']
CHEMBL3989958,N#Cc1ccnc(N2C(=O)CC[C@H]2C(=O)N(c2cncc(F)c2)[C@H](C(=O)NC2CC(F)(F)C2)c2ccccc2Cl)c1,"['Isocitrate dehydrogenase [NADP] cytoplasmic', 'IDH1/IDH2']"
CHEMBL4164059,Cl.Clc1ccc(CCCOCCCN2CCCCC2)cc1,[]
CHEMBL4297396,Cl.N#Cc1ccc(Cn2cncc2CN2CCN(c3cccc(Cl)c3)C(=O)C2)cc1,[]
CHEMBL4297513,CC(C)[C@@H](C)[C@@]1(C)CC[C@]2(C)[C@H]3CC[C@@H]4[C@@]5(COC[C@@]4(C)[C@@H](OC[C@](C)(N)C(C)(C)C)[C@H](n4ncnc4-c4ccncc4)C5)C3=CC[C@@]2(C)[C@@H]1C(=O)O,[]
CHEMBL4297514,C[C@H]1N=C(N(C)C)N=C(N)N1,"['Nitric-oxide synthase, brain']"
CHEMBL4297596,Cn1c(=O)oc2cc(-n3cc(C(=O)O)c(=O)n([C@@H]4CCc5c4cccc5C(F)(F)F)c3=O)ccc21,[]
CHEMBL435,NS(=O)(=O)c1cc2c(cc1Cl)NCNS2(=O)=O,['Carbonic anhydrase II']
CHEMBL4650333,COc1ccc(-c2cncc(N[C@@H](C)c3cccc(NC(=O)c4cncc(C)c4)c3)n2)cc1OC,[]
CHEMBL5095255,FC(F)(c1ccc2ncccc2c1)c1nnc2ccc(-c3ccncc3)nn12,['Hepatocyte growth factor receptor']
CHEMBL708,O=C1Cc2cc(CCN3CCN(c4nsc5ccccc45)CC3)c(Cl)cc2N1,"['Dopamine D2 receptor', 'Dopamine D2 receptor and Serotonin 2a receptor (D2 and 5HT2a)']"
CHEMBL95606,Nc1ccn([C@@H]2O[C@H](CO)[C@@H](O)[C@H]2O)c(=O)n1,"['MSTO-211H', 'NCI-H2122', 'LNCaP-Clone-FGC', 'SW1463', 'HEL 299', '9L', 'Solute carrier organic anion transporter family member 1A4', 'Shiga toxin 1 variant A subunit']"
CHEMBL1094785,COc1ccc(C[C@@H](C)NC[C@H](O)c2ccc(O)c3[nH]c(=O)ccc23)cc1,"['Beta-2 adrenergic receptor', 'Beta-1 adrenergic receptor']"
CHEMBL1117,CC(=O)[C@]1(O)Cc2c(O)c3c(c(O)c2[C@@H](O[C@H]2C[C@H](N)[C@H](O)[C@H](C)O2)C1)C(=O)c1ccccc1C3=O,[]
CHEMBL1200986,CCCCCCCCCC(=O)OC1(c2ccc(Cl)cc2)CCN(CCCC(=O)c2ccc(F)cc2)CC1,[]
CHEMBL1201019,CO/N=C(\C(=O)N[C@@H]1C(=O)N2C(C(=O)[O-])=CCS[C@H]12)c1csc(N)n1.[Na+],"['Solute carrier family 22 member 6', 'Solute carrier family 22 member 8', 'Solute carrier family 22 member 11', 'MecA']"
CHEMBL1201093,COC(=O)CCC(=O)CN.Cl,[]
CHEMBL1201266,N#Cc1cc(NC(=O)C(=O)O)c(Cl)c(NC(=O)C(=O)O)c1,[]
CHEMBL1328913,CN(C)CCCN1c2ccccc2C(C)(C)c2ccccc21,"['Inositol monophosphatase 1', 'Cytochrome P450 2D6', 'Arachidonate 15-lipoxygenase, type II', 'Dopamine D1 receptor', 'Histamine H1 receptor', 'Muscarinic acetylcholine receptor M1', 'Regulator of G-protein signaling 4', 'Histamine H2 receptor', 'Peripheral myelin protein 22', 'Cerebroside-sulfatase', 'Nuclear factor NF-kappa-B p105 subunit', 'Thrombopoietin', 'Alpha-1b adrenergic receptor', 'Prion protein', 'Endonuclease 4', 'Galanin receptor 3', 'Trypanothione reductase', 'Histamine H1 receptor', 'Sodium channel alpha subunits; brain (Types I, II, III)', 'Solute carrier family 22 member 1', 'Peripheral myelin protein 22', 'Naegleria gruberi', 'Multidrug and toxin extrusion protein 1', 'Solute carrier family 22 member 2', 'Norepinephrine transporter', 'Potassium channel subfamily K member 2', 'Aldehyde oxidase', 'Solute carrier family 22 member 2', 'Acetylcholine receptor protein alpha chain', 'Adenylate cyclase', 'BK polyomavirus', 'Sodium channel alpha subunit', 'Calmodulin', 'GC3/Cl', '2,3-bisphosphoglycerate-independent phosphoglycerate mutase', 'Human herpesvirus 5 chemokine receptor', 'Calmodulin', 'Nuclear receptor subfamily 2 group E member 1', 'Serum albumin', 'Solute carrier organic anion transporter family member 1A4', 'NACHT, LRR and PYD domains-containing protein 1']"
CHEMBL15891,Cl[C@H]1[C@H](Cl)[C@@H](Cl)[C@@H](Cl)[C@H](Cl)[C@H]1Cl,[]
CHEMBL1651908,CO[C@H]1C[C@H](O[C@H]2CC[C@]3(OC)[C@H]4CC[C@]5(C)[C@@H](C6=CC(=O)OC6)CC[C@]5(O)[C@@H]4CC[C@]3(O)C2)O[C@H](C)[C@H]1O,['Neurogenic locus notch homolog protein 1']
CHEMBL1653,CN(C)CCC(c1ccccc1)c1ccccn1.O=C(O)/C=C\C(=O)O,[]
CHEMBL1709,CN[C@H]1CC[C@@H](c2ccc(Cl)c(Cl)c2)c2ccccc21.Cl,"['Serotonin transporter', 'Serotonin transporter', 'Dopamine transporter', 'Norepinephrine transporter']"
CHEMBL1742420,CCOC(=O)NC(=N)c1ccc(OCc2cccc(COc3ccc(C(C)(C)c4ccc(O)cc4)cc3)c2)cc1,[]
CHEMBL1765292,CCC(C(=O)O)c1ccc(N2Cc3ccccc3C2=O)cc1,[]
CHEMBL20,CC(=O)Nc1nnc(S(N)(=O)=O)s1,"['Carbonic anhydrase II', 'Carbonic anhydrase I', 'Carbonic anhydrase IV', 'Carbonic anhydrase', 'Carbonate dehydratase', 'Chitinase']"
CHEMBL2103846,CC(=O)[C@@]1(O)CC[C@H]2[C@@H]3CCC4=CC(=O)CCC4=C3[C@@H](c3ccc(N(C)C)cc3)C[C@@]21C,['Glucocorticoid receptor']
CHEMBL2105394,CCCOc1ccc2c(c1)CC[C@@H]1[C@@H]2CC[C@]2(C)[C@@H](OC)CC[C@@H]12,[]
CHEMBL2105666,CCc1c2c(nc3ccc(OC(=O)CCC(=O)Oc4c(C)c(C)c5c(c4C)CC[C@@](C)(CCC[C@H](C)CCC[C@H](C)CCCC(C)C)O5)cc13)-c1cc3c(c(=O)n1C2)COC(=O)[C@]3(O)CC,[]
CHEMBL2107827,COc1cccc2c1C(=O)c1c(O)c3c(c(O)c1C2=O)C[C@@](O)(/C(CO)=N/NC(=O)CCCCCN1C(=O)C=CC1=O)C[C@@H]3O[C@H]1C[C@H](N)[C@H](O)[C@H](C)O1.Cl,['L2987']
CHEMBL354541,O=C(NC1CCN(CCCCC2(C(=O)NCC(F)(F)F)c3ccccc3-c3ccccc32)CC1)c1ccccc1-c1ccc(C(F)(F)F)cc1,[]
CHEMBL3561076,COc1ccc(CN2CCNCC2)c(OC)c1OC.Cl.Cl,[]
CHEMBL3674570,CC1(C)CC=C(c2nc(C3CC(C)(C)OC(C)(C)C3)ccc2NC(=O)c2nc(C#N)c[nH]2)CC1,['Macrophage colony-stimulating factor 1 receptor']
CHEMBL373204,CC1(C)C(C=C(Cl)Cl)C1C(=O)OC(C#N)c1cccc(Oc2ccccc2)c1,[]
CHEMBL4297401,Cc1ccc(N2CCNCC2)c(S(=O)(=O)O)c1.O,[]
CHEMBL4751394,NC(=O)c1ccc2nc(-c3ccc(C4(N)CCC4)cc3)c(-c3ccccc3)n2n1,"['Serine/threonine-protein kinase AKT', 'Serine/threonine-protein kinase AKT2']"
CHEMBL53463,COc1cccc2c1C(=O)c1c(O)c3c(c(O)c1C2=O)C[C@@](O)(C(=O)CO)C[C@@H]3O[C@H]1C[C@H](N)[C@H](O)[C@H](C)O1,"['14-3-3 protein gamma', 'MAXF401 cell line', 'Shiga toxin 1 variant A subunit']"
CHEMBL537,Oc1ccc(O)cc1,[]
CHEMBL558,Cc1cccc(C)c1OCC(C)N,[]
CHEMBL607023,CC1(C)CC(O)CC(C)(C)N1[O],[]
CHEMBL636,CCN(C)C(=O)Oc1cccc([C@H](C)N(C)C)c1,[]
CHEMBL788,O=c1[nH]c(=O)n([C@H]2C[C@H](O)[C@@H](CO)O2)cc1I,"['L5178Y', 'COLO 320DM', 'Thymidine kinase', 'S180', 'Felid herpesvirus 1', 'Thymidine kinase', 'Thymidine kinase', 'AZ-521 cell line']"
CHEMBL792,Oc1nc(O)c2nc(O)[nH]c2n1,[]
CHEMBL1200332,CNCCCC1c2ccccc2C=Cc2ccccc21.Cl,[]
CHEMBL1200609,CS(=O)(=O)O.Fc1ccc([C@@H]2CCNC[C@H]2COc2ccc3c(c2)OCO3)cc1,[]
CHEMBL1201782,CNC[C@H](O)[C@@H](O)[C@H](O)[C@H](O)CO.CNC[C@H](O)[C@@H](O)[C@H](O)[C@H](O)CO.C[C@@H](O[C@H]1OCCN(Cc2nn(P(=O)(O)O)c(=O)[nH]2)[C@H]1c1ccc(F)cc1)c1cc(C(F)(F)F)cc(C(F)(F)F)c1,[]
CHEMBL1213460,CCOC(=O)C1N=C(c2ccccc2F)c2cc(Cl)ccc2NC1=O,[]
CHEMBL1230575,CC(C)=CCC/C(C)=C/CC/C(C)=C/CC/C(C)=C/CC/C(C)=C/CC/C(C)=C/CC/C(C)=C/CC1=C(C)C(=O)c2ccccc2C1=O,[]
CHEMBL1257051,Cn1nnc(-c2ccc(-c3ccc(N4C[C@H](CO)OC4=O)cc3F)cn2)n1,[]
CHEMBL191886,Cc1ncc2c(c1O)COC2c1ccc(Cl)cc1,[]
CHEMBL1963681,COc1ccc(CNc2nc(N3CCC[C@H]3CO)ncc2C(=O)NCc2ncccn2)cc1Cl,['Phosphodiesterase 5A']
CHEMBL2028661,CCOc1nc2cccc(C(=O)OCc3oc(=O)oc3C)c2n1Cc1ccc(-c2ccccc2-c2noc(=O)[nH]2)cc1,['Peroxisome proliferator-activated receptor gamma']
CHEMBL2079130,CNCc1cc(-c2ccccc2F)n(S(=O)(=O)c2cccnc2)c1,[]
CHEMBL2105740,Cc1cc2c(cc1CC(=O)c1sccc1S(=O)(=O)[N-]c1onc(C)c1Cl)OCO2.[Na+],"['Endothelin receptor ET-A', 'Endothelin receptor ET-B']"
CHEMBL2105857,CC[C@@]1(OC(=O)[C@@H](NC(=O)[C@H](Cc2c[nH]cn2)NC(=S)Nc2ccc(O[C@H]3O[C@@H](C)[C@@H](O)[C@@H](OC)[C@@H]3O)cc2)C(C)C)C(=O)OCc2c1cc1n(c2=O)Cc2cc3ccccc3nc2-1,[]
CHEMBL2106483,CCOc1ccccc1OCC1CNCCO1.Cl,[]
CHEMBL2151437,c1cnc2c(c1)C[C@@]1(CN3CCC1CC3)O2,['Neuronal acetylcholine receptor protein alpha-7 subunit']
CHEMBL315818,NCC(CC(=O)O)c1ccccc1,[]
CHEMBL340978,CC(C(=O)O)c1ccc2oc(-c3ccc(Cl)cc3)nc2c1,['Utrophin']
CHEMBL3545341,Cl.O=c1[nH]ccc2cc(OC3CCNCC3)ccc12,[]
CHEMBL3643413,CCC(=O)N1CC[C@H](Nc2ncnc3c2CN(c2cnc(OC)c(C(F)(F)F)c2)CC3)C1,['PI3-kinase p110-delta subunit']
CHEMBL4098253,COC1CCN(C(=O)c2cc(Cc3n[nH]c(=O)c4ccccc34)ccc2F)CC1,['Poly [ADP-ribose] polymerase-1']
CHEMBL4297186,CN(C)Cc1ccc(CSCCNC(=C[N+](=O)[O-])NCc2ccc3c(c2)OCO3)o1,['Muscarinic acetylcholine receptor M1']
CHEMBL4297187,COCCNCCc1cccc(Nc2ncc3c(n2)-c2ccccc2[C@H](c2ccccc2F)C3)c1,[]
CHEMBL4297287,COc1ccc([C@H]2CNC(=O)[C@H](Cc3cccc(C)c3)C2)cc1OC1CCCC1,[]
CHEMBL4297311,COc1cc(Cl)ccc1[C@H]1c2[nH]c3cccc(F)c3c2C2(CC2)CN1C(C)=O,[]
CHEMBL4297462,COc1ccc2c(c1)[C@]1(C[C@H]1c1ccc3c(/C=C/c4ccc(CN5C[C@@H](C)O[C@@H](C)C5)cc4)n[nH]c3c1)C(=O)N2.O=C(O)/C=C/C(=O)O,[]
CHEMBL4297613,O=C(O)c1ccnc(N2CC(O)(c3ccc(OCc4c(-c5c(Cl)cccc5Cl)noc4C4CC4)cc3Cl)C2)c1,['Bile acid receptor FXR']
CHEMBL4297640,NC(=O)[C@H]1CCN(c2ncnc(N)c2F)C[C@@H]1N1CCC[C@@H](Nc2cc(Cl)cc(C(F)(F)F)c2)C1=O,['C-C chemokine receptor type 2']
CHEMBL4303187,CN(C)c1cccc(-c2c3c(=O)n(-c4ccccc4Cl)[nH]c3cc(=O)n2C)c1,['Cytochrome b-245 heavy chain']
CHEMBL502182,COc1cccc(-c2c(C)n(Cc3c(F)cccc3C(F)(F)F)c(=O)n(C[C@H](NCCCC(=O)[O-])c3ccccc3)c2=O)c1F.[Na+],"['Gonadotropin-releasing hormone receptor', 'Gonadotropin-releasing hormone receptor']"
CHEMBL5095193,CO[C@]1(c2cccc(F)c2F)CCNC1,"['Serotonin transporter', 'Norepinephrine transporter']"
CHEMBL87697,N#Cc1ccccc1OCC(O)CNCCNC(=O)Cc1ccc(O)cc1,['Beta-1 adrenergic receptor']
CHEMBL1085,CC(=O)c1ccc2c(c1)N(CCCN1CCN(CCO)CC1)c1ccccc1S2,[]
CHEMBL1201302,C[C@@H]1C[C@H]2[C@@H]3CCC4=CC(=O)C=C[C@]4(C)[C@@]3(F)[C@@H](O)C[C@]2(C)[C@@]1(O)C(=O)COP(=O)(O)O,['Solute carrier organic anion transporter family member 1A2']
CHEMBL1201891,CC(=O)OCC(=O)[C@@]12N=C(C)O[C@@H]1C[C@H]1[C@@H]3CCC4=CC(=O)C=C[C@]4(C)[C@H]3[C@@H](O)C[C@@]12C,['Nuclear receptor subfamily 1 group I member 2']
CHEMBL142703,N#C[C@@H]1CCCN1C(=O)CNC12CC3CC(CC(O)(C3)C1)C2,['Dipeptidyl peptidase IV']
CHEMBL1609891,CCCC[S+](=N)([O-])CC[C@H](N)C(=O)O,"['N(G),N(G)-dimethylarginine dimethylaminohydrolase 1']"
CHEMBL1618279,Cc1nc(Nc2ccc(F)cc2)nc(N2CCc3ccccc3C2C)c1C,[]
CHEMBL181886,CC(=O)C(=O)[O-].[Na+],[]
CHEMBL2035187,C1=N/C2=N/c3ccc(OCCN4CCCC4)c(c3)COC/C=C/COCc3cccc(c3)C(=C1)N2,[]
CHEMBL2106660,C1CNCCN1.Cn1c(=O)c2c(ncn2CC(=O)O)n(C)c1=O.Cn1c(=O)c2c(ncn2CC(=O)O)n(C)c1=O,[]
CHEMBL222559,CCC[C@@]1(CCc2ccccc2)CC(O)=C([C@H](CC)c2cccc(NS(=O)(=O)c3ccc(C(F)(F)F)cn3)c2)C(=O)O1,['Human immunodeficiency virus type 1 protease']
CHEMBL254857,O=C(COc1ccc(Cl)cc1)N1CCN(Cc2ccc3c(c2)OCO3)CC1,[]
CHEMBL260538,CC(=O)O[C@]1(C(C)=O)CC[C@H]2[C@@H]3CCC4=CC(=O)CCC4=C3[C@@H](c3ccc(N(C)C)cc3)C[C@@]21C,[]
CHEMBL270995,Cc1cc2c(F)c(Oc3ncnn4cc(OC[C@@H](C)OC(=O)[C@H](C)N)c(C)c34)ccc2[nH]1,[]
CHEMBL28218,O=C(CCCN1CCC(O)(c2ccc(Br)cc2)CC1)c1ccc(F)cc1,"['N-acetyltransferase Eis', 'Dopamine receptor D2 and D3', 'Human herpesvirus 5 chemokine receptor']"
CHEMBL314010,COc1ccc(CCNCC(O)COc2cccc(C)c2)cc1OC,[]
CHEMBL31601,CC(C)(C)S(=O)(=O)C[C@@H](Cc1ccccc1)C(=O)N[C@@H](Cc1c[nH]cn1)C(=O)N[C@@H](CC1CCCCC1)[C@@H](O)[C@@H](O)C1CC1,['Renin']
CHEMBL3182320,C[C@@H]1O[C@@H](OC[C@H]2O[C@@H](Oc3c(-c4ccc(OCCO)c(OCCO)c4)oc4cc(OCCO)cc(O)c4c3=O)[C@H](O)[C@@H](O)[C@@H]2O)[C@H](O)[C@H](O)[C@H]1O,[]
CHEMBL3301620,COc1cnc(-n2cnc(C)n2)c2[nH]cc(C(=O)C(=O)N3CCN(C(=O)c4ccccc4)CC3)c12,['Human immunodeficiency virus 1']
CHEMBL346977,CC(CN1c2ccccc2Sc2ccc(S(=O)(=O)N(C)C)cc21)N(C)C,[]
CHEMBL382300,CC(=O)O[C@H]1C(=O)[C@@]2(C)[C@H]([C@H](OC(=O)c3ccccc3)[C@]34OC(=O)O[C@H]3[C@H](OC(=O)[C@H](O)[C@H](CC(C)C)NC(=O)OC(C)(C)C)C(C)=C1C4(C)C)[C@]1(OC(C)=O)CO[C@@H]1C[C@@H]2O,['MCF7-DOX']
CHEMBL3989833,CS(=O)(=O)O.O.O.O.O=C1Cc2cc(CCN3CCN(c4nsc5ccccc45)CC3)c(Cl)cc2N1,['Dopamine D2 receptor']
CHEMBL425,O=C(O)c1cc(/N=N/c2ccc(O)c(C(=O)O)c2)ccc1O,['Flavin reductase']
CHEMBL4297409,COC(=O)c1ccc(-c2ccc(C(=O)OC)cc2)cc1,['Patatin-like phospholipase domain-containing protein 2']
CHEMBL4297464,CS(=O)(=O)c1ccccc1S(=O)(=O)NO,[]
CHEMBL4297487,CC[C@@H]1NC(=O)[C@H]([C@H](O)[C@H](C)CCCCCCNC(C)=O)N(C)C(=O)[C@H](C(C)C)N(C)C(=O)[C@H](CC(C)C)N(C)C(=O)[C@H](CC(C)C)N(C)C(=O)[C@@H](C)NC(=O)[C@H](C)NC(=O)[C@H](CC(C)C)N(C)C(=O)[C@H](C(C)C)NC(=O)[C@H](CC(C)C)N(C)C(=O)[C@@H](C)N(C)C1=O,[]
CHEMBL4303141,CC(C)C1=C2[C@H]3CC[C@@H]4[C@@]5(C)CC[C@H](OC(=O)CC(C)(C)C(=O)O)C(C)(C)[C@@H]5CC[C@@]4(C)[C@]3(C)CC[C@@]2([C@@H](O)CN(CCN(C)C)Cc2ccc(Cl)cc2)CC1=O,[]
CHEMBL438497,NC(=O)c1ccc[n+]([C@@H]2O[C@H](CO)[C@@H](O)[C@H]2O)c1,"['Adenosine deaminase', ""Inosine-5'-monophosphate dehydrogenase (IMPDH)""]"
CHEMBL4462530,CC(=O)N[C@@H]1CCC[C@H](C(=O)Nc2cc(-c3cnn4c3CC(C)(C)C4)c(Cl)cn2)C1,"['CDK9/cyclin T1', 'Cyclin-dependent kinase 9']"
CHEMBL4594272,Cl.Cl.N#Cc1cccc(C(NCC2CC2)c2ccc(F)c(NC(=O)c3cc(C(F)(F)F)nn3-c3cccc(CN)c3)c2)c1,"['Coagulation factor X', 'Plasma kallikrein']"
CHEMBL4650285,Cn1nccc1Nc1nccc(-c2cc3c(s2)C(C)(C)N(CCN2CCOCC2)C3=O)n1,[]
CHEMBL4802133,CCOC1(c2ccc(-c3cc4c(N5CCN(C(=O)O[C@@H]6CCOC6)CC5)ccnn4c3)nc2)CCN(C(C)C)CC1,[]
CHEMBL481,CCc1c2c(nc3ccc(OC(=O)N4CCC(N5CCCCC5)CC4)cc13)-c1cc3c(c(=O)n1C2)COC(=O)[C@]3(O)CC,"['A549', 'HCT-116', 'H69AR']"
CHEMBL5314532,[O-][S+]1CCc2nc(N3CCC(c4ncc(Cl)cn4)CC3)nc(NC3(CO)CCC3)c21,['G-protein coupled receptor 6']
CHEMBL541,O=C(O)c1ccccc1,['Nicotinate phosphoribosyltransferase']
CHEMBL592,CN1CC[C@]23CCCC[C@H]2[C@H]1Cc1ccc(O)cc13,"['Mu opioid receptor', 'Kappa opioid receptor', 'Delta opioid receptor', 'Kappa opioid receptor']"
CHEMBL70971,COC(=O)Nc1nc2ccccc2[nH]1,[]
CHEMBL760,O=C1CN2Cc3c(ccc(Cl)c3Cl)N=C2N1,[]
CHEMBL991,Cc1cn([C@H]2C=C[C@@H](CO)O2)c(=O)[nH]c1=O,['Human immunodeficiency virus 1']
CHEMBL1071,O=C(O)CCc1nc(-c2ccccc2)c(-c2ccccc2)o1,[]
CHEMBL1187231,C/N=C(\N)N(C)C(=N)N,[]
CHEMBL1201170,O=C([O-])CC(O)(CC(=O)[O-])C(=O)[O-].[Li+].[Li+].[Li+],[]
CHEMBL1262,Clc1ccc(CO/N=C(\Cn2ccnc2)c2ccc(Cl)cc2Cl)c(Cl)c1,"['BV-2', '7-alpha-hydroxycholest-4-en-3-one 12-alpha-hydroxylase', 'Tryptophan 2,3-dioxygenase', 'Fusarium solani', 'Colletotrichum lagenarium', 'Lanosterol 14-alpha demethylase', 'Eukaryotic peptide chain release factor GTP-binding subunit', 'Trichophyton longifusum', 'Cytochrome P450 121', 'Escherichia coli DH5[alpha]']"
CHEMBL1397,CC[C@@H]([C@H](C)O)n1ncn(-c2ccc(N3CCN(c4ccc(OC[C@@H]5CO[C@@](Cn6cncn6)(c6ccc(F)cc6F)C5)cc4)CC3)cc2)c1=O,[]
CHEMBL147806,CC(C)(C)NCc1ccc(Nc2ccnc3cc(Cl)ccc23)cc1O,['Plasmodium falciparum']
CHEMBL149972,CCC1(c2ccccc2)C(=O)N=C([O-])NC1=O.[Na+],[]
CHEMBL163,CC(C)c1nc(CN(C)C(=O)N[C@H](C(=O)N[C@@H](Cc2ccccc2)C[C@H](O)[C@H](Cc2ccccc2)NC(=O)OCc2cncs2)C(C)C)cs1,"['Human immunodeficiency virus 1', 'Human immunodeficiency virus type 1 protease']"
CHEMBL191413,CC(C)Cc1ccc([C@@H](C)C(=O)NS(C)(=O)=O)cc1,[]
CHEMBL2097002,O=[Se](=O)(O)O,['Carbonic anhydrase V']
CHEMBL2107608,Cn1c(=O)c2c(ncn2CCNCC(O)c2ccc(O)c(O)c2)n(C)c1=O,[]
CHEMBL220808,Fc1ccc(-c2cncc(CNC[C@H]3CCc4ccccc4O3)c2)cc1,[]
CHEMBL224128,CC(C)(O)CC[C@@H](O)[C@](C)(O)[C@H]1CC[C@@]2(O)C3=CC(=O)[C@@H]4C[C@@H](O)[C@@H](O)C[C@]4(C)[C@H]3CC[C@]12C,[]
CHEMBL2347597,CNc1nc(C)c(-c2nc(Nc3cccc(S(N)(=O)=O)c3)ncc2F)s1,"['LoVo', 'CDK9/cyclin T1', 'CDK2/Cyclin A2', 'Cyclin-dependent kinase 1/cyclin B1', 'Cyclin-dependent kinase 7/ cyclin H', 'Serine/threonine-protein kinase PknA']"
CHEMBL291962,CC(C)C[C@H](N)C(=O)O,[]
CHEMBL306823,O=C([O-])C(Cl)Cl.[Na+],[]
CHEMBL3113165,COc1cccc(CNc2ccc(S(=O)(=O)Nc3nc4ccccc4s3)cc2)c1O,['Arachidonate 12-lipoxygenase']
CHEMBL31422,Cc1occc(=O)c1O,['Polymerase acidic protein']
CHEMBL3237547,O=C1N[C@H](O)CCN1[C@@H]1O[C@H](CO)[C@@H](O)C1(F)F,"['Cytidine deaminase', 'Cytidine deaminase']"
CHEMBL3264002,CNS(=O)(=O)Nc1nccc(Cc2c(C)c3ccc(Oc4ncccn4)cc3oc2=O)c1F,['Dual specificity mitogen-activated protein kinase kinase 1']
CHEMBL3707220,CC/C=C\C/C=C\C/C=C\C/C=C\C/C=C\CCCCOC(CC)C(=O)O,['Phomopsis obscurans']
CHEMBL393820,CC(C)[C@H](N)C(=O)O[C@@H]1[C@@H](CO)O[C@@H](n2ccc(N)nc2=O)[C@]1(C)O,[]
CHEMBL3989691,CC1=NN(c2ccc(C)c(C)c2)C(=O)/C1=N\Nc1cccc(-c2cccc(C(=O)O)c2)c1O.NCCO.NCCO,[]
CHEMBL4297313,CC1(C)CC(OC(=O)C2CC2)CC(C)(C)N1O,[]
CHEMBL4297674,CC#CC(=O)N[C@H]1CCCN(c2c(F)cc(C(N)=O)c3[nH]c(C)c(C)c23)C1,"['Tyrosine-protein kinase BTK', 'Tyrosine-protein kinase BMX', 'Tyrosine-protein kinase TEC']"
CHEMBL4303060,CCOC(=O)[C@H](Cc1ccc(F)cc1)NC(=O)[C@@H](N)Cc1ccc(N(CCCl)CCCl)cc1,[]
CHEMBL431,CCOC(=O)[C@H](CCc1ccccc1)N[C@@H](C)C(=O)N1CC2(C[C@H]1C(=O)O)SCCS2,[]
CHEMBL431733,CNC(=O)[C@H]1O[C@@H](n2cnc3c(NCc4cccc(I)c4)nc(Cl)nc32)[C@H](O)[C@@H]1O,"['Adenosine A1 receptor', 'Adenosine A3 receptor']"
CHEMBL4594422,CCN1CCCC1CNC(=O)c1cc(S(=O)(=O)CC)c(NC)cc1OC,[]
CHEMBL5314520,CCN(c1cc(O[C@H]2C[C@H](N3CCCCC3)C2)cc(C(=O)NCc2c(C)cc(C)[nH]c2=O)c1C)C1CCOCC1,['Histone-lysine N-methyltransferase EZH2']
CHEMBL5314580,Nc1ncc(-c2ccc([C@@]34C[C@@H]3CN(C3CCOCC3)C4)cc2)cc1C(=O)NC12CCC(O)(CC1)CC2.O.O.O=C(O)/C=C/C(=O)O,[]
CHEMBL591501,CCCOCCn1c(=O)c(N2CCN(CCO)CC2)nc2cnc(-c3ccc(OC)nc3)cc21,['Phosphodiesterase 5A']
CHEMBL115,CC(C)(C)NC(=O)[C@@H]1CN(Cc2cccnc2)CCN1C[C@@H](O)C[C@@H](Cc1ccccc1)C(=O)N[C@H]1c2ccccc2C[C@H]1O,['Human immunodeficiency virus type 1 protease']
CHEMBL1201338,CN(C)CCOC(=O)C(c1ccccc1)C1(O)CCCC1,[]
CHEMBL1206,CCN(CC)C(C)CN1c2ccccc2Sc2ccccc21,[]
CHEMBL12713,O=C1NCCN1CCN1CCC(c2cn(-c3ccc(F)cc3)c3ccc(Cl)cc23)CC1,"['Dopamine D2 receptor', 'Serotonin 2 (5-HT2) receptor']"
CHEMBL1453317,CCN(CC)C(=O)c1cccc(C)c1,[]
CHEMBL146,Cc1cc(C(C)(C)C)c(O)c(C(C)(C)C)c1,[]
CHEMBL1630575,CC[C@H](C)C[C@H](C)CCCCCCCCC(=O)N[C@H]1C[C@@H](O)[C@@H](NCCN)NC(=O)[C@@H]2[C@@H](O)CCN2C(=O)[C@H]([C@H](O)CCN)NC(=O)[C@H]([C@H](O)[C@@H](O)c2ccc(O)cc2)NC(=O)[C@@H]2C[C@@H](O)CN2C(=O)[C@H]([C@@H](C)O)NC1=O,[]
CHEMBL1697742,O=C[C@H](O)[C@@H](O)[C@H](O)[C@H](O)CO[C@H]1O[C@H](CO[C@H]2O[C@H](CO)[C@@H](O)[C@H](O)[C@H]2O)[C@@H](O)[C@H](O)[C@H]1O,[]
CHEMBL177367,O=[N+]([O-])[O-].[Ag+],[]
CHEMBL2107817,NC(=O)[C@@H]1CC[C@@H]2CN1C(=O)N2OS(=O)(=O)[O-].[Na+],[]
CHEMBL2110557,[Cl-].[Rb+],[]
CHEMBL2336050,CCCCCCOc1nsnc1C1=CCCN(C)C1.O=C(O)C(O)C(O)C(=O)O,[]
CHEMBL2364605,CN(C)[C@]1(c2ccccc2)CC[C@]2(CC1)OCCc1c3cc(F)ccc3[nH]c12,['Mu opioid receptor']
CHEMBL250450,O=c1c(O[C@@H]2O[C@H](CO)[C@@H](O)[C@H](O)[C@H]2O)c(-c2ccc(O)c(O)c2)oc2cc(O)cc(O)c12,"['Neutrophils', 'Arginase']"
CHEMBL26,CCN1CCCC1CNC(=O)c1cc(S(N)(=O)=O)ccc1OC,['Carbonic anhydrase']
CHEMBL284483,OC[C@H]1O[C@@H](n2cnc3c2N=CNC[C@H]3O)[C@H](O)[C@@H]1O,['Adenosine deaminase']
CHEMBL325424,Cc1cccc(-c2ccc3c(c2)c(C(=O)C(=O)O)cn3Cc2ccc(C(C)(C)C)cc2)c1,[]
CHEMBL3408248,C[C@@H](Nc1cc(F)cc(F)c1)c1cc(C(=O)N(C)C)cc2c(=O)cc(N3CCOCC3)oc12,"['PI3-kinase p110-alpha subunit', 'PI3-kinase p110-delta subunit', 'PI3-kinase p110-gamma subunit', 'PI3-kinase p110-beta subunit']"
CHEMBL3410450,Cc1cn2nc([C@@H]3CCCCN3C(=O)c3cc(Cl)ccc3NS(C)(=O)=O)cc2nc1N1CC[C@H](N)C1,['Fusion glycoprotein F0']
CHEMBL3545017,O=C(c1ccc(O)c(F)c1)N(c1ccc(O)cc1)c1ccc(F)cc1,['Estrogen receptor alpha']
CHEMBL3638051,COc1ccc(S(=O)(=O)NCc2cc(CN3CCCC3)c(O)c(CN3CCCC3)c2)cc1,[]
CHEMBL3707311,CCC(=O)[C@@]1(O)[C@H](C)C[C@H]2[C@@H]3CCC4=CC(=O)C=C[C@]4(C)C3=CC[C@@]21C,"['Nuclear receptor subfamily 1 group I member 2', 'Progesterone receptor']"
CHEMBL3989514,CCc1c2c(nc3ccc(OC(=O)N4CCC(N5CCCCC5)CC4)cc13)-c1cc3c(c(=O)n1C2)COC(=O)[C@]3(O)CC.Cl.O.O.O,[]
CHEMBL4297204,NCCC[C@H](N)C(=O)O.O=C(O)Cc1ccccc1,[]
CHEMBL4297621,C[C@@H](N[C@H]1CCN(c2ccc(CC(=O)O)cc2)C1)c1cccc2ccccc12,"['Calcium sensing receptor', 'Calcium sensing receptor']"
CHEMBL4297644,Cc1n[nH]cc1-c1cc2nc([C@@H]3CC4CCN3CC4)[nH]c(=O)c2s1,['CDC7/DBF4 (Cell division cycle 7-related protein kinase/Activator of S phase kinase)']
CHEMBL439849,N#Cc1ccc2[nH]cc(CCCCN3CCN(c4ccc5oc(C(N)=O)cc5c4)CC3)c2c1,['Serotonin 1a (5-HT1a) receptor']
CHEMBL4650283,CCCNc1nc(Nc2ccc(C#N)cc2)ncc1C#CCCCNC(=O)[C@H](C)N(C)C(=O)/C=C/CN(C)C,[]
CHEMBL490,Fc1ccc([C@@H]2CCNC[C@H]2COc2ccc3c(c2)OCO3)cc1,"['Serotonin transporter', 'Beta-adrenergic receptor kinase 1']"
CHEMBL5095060,CCN1CCN(Cc2ccc(Nc3ncc(F)c(-c4ccc5nn(C)c(C(C)C)c5c4)n3)nc2)CC1,[]
CHEMBL5095075,O=C(O)[C@H]1C2CCC(CC2)[C@@H]1Nc1nc(-c2n[nH]c3ncc(F)cc23)nc(C2CC2)c1F,"['Influenza A virus (A/PR/8/34(H1N1))', 'Polymerase basic protein 2']"
CHEMBL532,CC[C@H]1OC(=O)[C@H](C)[C@@H](O[C@H]2C[C@@](C)(OC)[C@@H](O)[C@H](C)O2)[C@H](C)[C@@H](O[C@@H]2O[C@H](C)C[C@H](N(C)C)[C@H]2O)[C@](C)(O)C[C@@H](C)C(=O)[C@H](C)[C@@H](O)[C@]1(C)O,"['Motilin receptor', 'Streptococcus pneumoniae']"
CHEMBL607710,NC(=O)OCC(O)COc1ccc(Cl)cc1,[]
CHEMBL786,CC/C(=C(\c1ccccc1)c1ccc(OCCN(C)C)cc1)c1ccccc1.O=C(O)CC(O)(CC(=O)O)C(=O)O,"['K562', 'CCRF-CEM', 'MOLT-4', 'SR', 'RPMI-8226', 'SW-620', 'NCI-H522', 'COLO 205', 'OVCAR-3', 'U-251', 'LOX IMVI', 'UACC-62', 'SK-MEL-5', 'KM12', '786-0', 'IGROV-1', 'M14', 'CAKI-1', 'OVCAR-8', 'SF-539', 'RXF 393', 'HOP-92', 'UO-31', 'SF-295', 'Malme-3M', 'UACC-257']"
CHEMBL80,C=CCN1CC[C@]23c4c5ccc(O)c4O[C@H]2C(=O)CC[C@@]3(O)[C@H]1C5,"['Toll-like receptor 4', 'Opioid receptors; mu & kappa']"
CHEMBL1116,Cl.O=C(c1ccc(OCCN2CCCCC2)cc1)c1c(-c2ccc(O)cc2)sc2cc(O)ccc12,"['Estrogen receptor alpha', 'Estrogen receptor', 'Ishikawa', 'Estrogen receptor alpha']"
CHEMBL1200411,CCCN(CCC)CCc1cccc2c1CC(=O)N2.Cl,"['Dopamine D2 receptor', 'Dopamine receptor']"
CHEMBL1201195,CO[C@@]1(NC(=O)CSCC#N)C(=O)N2C(C(=O)O)=C(CSc3nnnn3C)CS[C@@H]21,['Solute carrier family 22 member 8']
CHEMBL1201212,COc1ccc(OC)c(C(O)CNC(=O)CN)c1,[]
CHEMBL131,C[C@]12C=CC(=O)C=C1CC[C@@H]1[C@@H]2[C@@H](O)C[C@@]2(C)[C@H]1CC[C@]2(O)C(=O)CO,"['Nuclear receptor subfamily 1 group I member 2', 'Corticosteroid binding globulin']"
CHEMBL1434513,NC[C@H](O)c1ccc(O)c(O)c1.O.O=C(O)C(O)C(O)C(=O)O,[]
CHEMBL1630578,C[C@@H]1C[C@H]2[C@@H]3CCC4=CC(=O)C=C[C@]4(C)C3=CC[C@]2(C)[C@H]1C(=O)CN1CCN(c2cc(N3CCCC3)nc(N3CCCC3)n2)CC1,[]
CHEMBL20835,CC(=O)OC1CN2CCC1CC2,[]
CHEMBL2105681,CCCCCCCCCCCCCCCC(=O)Nc1ccn([C@@H]2O[C@H](CO)[C@@H](O)[C@@H]2C#N)c(=O)n1,['Powassan virus']
CHEMBL2105721,CC(C)[C@@]1(C(=O)N[C@H]2CC(=O)O[C@]2(O)CF)CC(c2nccc3ccccc23)=NO1,[]
CHEMBL2106627,CC(=O)Oc1ccc2c3c1O[C@H]1[C@@H](OC(C)=O)C=C[C@H]4[C@@H](C2)N(C)CC[C@@]341.Cl,[]
CHEMBL2147777,Cc1cc(N2CCN([C@@H]3CN[C@H](C(=O)N4CCSC4)C3)CC2)n(-c2ccccc2)n1,[]
CHEMBL2386346,CCOc1cc(C(C)(C)C)ccc1C1=N[C@@](C)(c2ccc(Cl)cc2)[C@@](C)(c2ccc(Cl)cc2)N1C(=O)N1CCN(CCCS(C)(=O)=O)CC1,"['p53-binding protein Mdm-2', 'Tumour suppressor p53/oncoprotein Mdm2']"
CHEMBL279516,O=C(NC1CCN(CCc2c[nH]c3ccccc23)CC1)c1ccccc1,[]
CHEMBL3137323,Cl.O=C(N[C@H]1CN2CCC1CC2)c1cc2cccc(Cl)c2s1,['Serotonin 3 (5-HT3) receptor']
CHEMBL3185463,CN1CCN(c2ccccc2/C=C2\SCCN(c3ccc(Cl)c(Cl)c3)C2=O)CC1,[]
CHEMBL3286580,Fc1ccc2c(CCNCc3cccc(OCC(F)(F)C(F)F)c3)c[nH]c2c1,[]
CHEMBL3590106,CC(C)Nc1cc(-c2c[nH]c(C(=O)N[C@H](CO)c3cccc(Cl)c3)c2)c(Cl)cn1,['MAP kinase ERK2']
CHEMBL36506,CO[C@@H]1[C@@H](OC(N)=O)[C@@H](O)[C@H](Oc2ccc3c(O)c(NC(=O)c4ccc(O)c(CC=C(C)C)c4)c(=O)oc3c2C)OC1(C)C,"['DNA gyrase subunit B', 'Microtubule-associated proteins 1A/1B light chain 3A', 'Microtubule-associated proteins 1A/1B light chain 3B']"
CHEMBL4279047,C[C@@H](Nc1nc(N[C@H](C)C(F)(F)F)nc(-c2cccc(Cl)n2)n1)C(F)(F)F,"['Isocitrate dehydrogenase [NADP] cytoplasmic', 'Isocitrate dehydrogenase [NADP], mitochondrial']"
CHEMBL459265,CN(C)c1ccc(C(=C2C=CC(=[N+](C)C)C=C2)c2ccc(N(C)C)cc2)cc1,"['Alpha-synuclein', 'Eyes absent homolog 2']"
CHEMBL4802161,CC(=O)c1c(C)c2cnc(Nc3ccc(C4CCNCC4)cn3)nc2n(C2CCCC2)c1=O,"['K562', 'Cyclin-dependent kinase 4/cyclin D1', 'MDA-MB-453', 'KG-1', 'Kasumi 1', 'HOS', 'NCI-H292', 'U-266', 'CDK6/cyclin D1', 'SK-MES-1', 'Cyclin-dependent kinase 4/cyclin D', 'MSTO-211H', 'NCI-H661', 'NCI-H2122', 'BV-173', '697', 'SNU-5', 'AN3-CA', 'CFPAC-1', 'KU812 cell line', 'LAMA-84', 'NOMO-1', 'NCI-H596', 'Ca9-22', 'HAL-01', 'ML-2', 'QIMR-WIL', 'ONS-76', 'L-363', 'BB30-HNC', 'U-118-MG', 'NCI-H1792', 'MKN-1', 'HT-144', 'TE-8', 'LXF-289 cell line', 'LB2241-RCC', 'A3-KAW', 'ETK-1', 'A4-Fuk', 'ES4', 'CTB-1', 'ES8', 'SK-NEP-1', 'EM-2', 'SW 962', 'MZ1-PC', 'SK-N-AS', 'GI-ME-N', 'NB69', 'ES1', 'GB-1', 'NCI-H747', 'HH', 'NCI-H1355', 'DB', 'VA-ES-BJ', 'SW780', 'D-423MG', 'BE-13', 'MZ2-MEL', 'SW1088', 'Ramos-2G6-4C10', 'GT3TKB', 'MLMA', 'EW-1', 'KE-37', 'A704', 'GR-ST', 'EW-3', 'J-RT3-T3-5', 'K5', 'NCI-H209', 'HCE-4', 'HD-MY-Z', 'C2BBe1', 'DSH1', 'D-263MG', 'MZ7-mel', 'SK-N-FI', 'MeWo', 'GAMG', 'TE-5', 'CHP-212', 'D283 Med', 'CAL-33', 'HCC2218', 'LP-1', 'MHH-NB-11', 'BPH-1', 'TE-6', 'TGBC1TKB', 'D-502MG', 'NB6', 'SHP77', 'CAL-39', 'MN-60', 'KY821', 'CAL-54', 'ES3', 'KP-N-YS', 'EFO-27', 'P12-Ichikawa', 'KYSE-180', 'CAMA-1', 'HO-1-N-1', 'MHH-ES-1', 'KM-H2', 'NCI-H720', 'DJM-1', 'LAN-6', 'JVM-3', 'NB17', 'EW-11', 'TYK-nu', 'HN', 'VM-CUB-1', 'D-247MG', 'RPMI-8866', 'NB14', 'KU-19-19', 'KOSC-2', 'TGW', 'NB7', 'RO82-W-1', 'EGI-1', 'NCI-H1573', 'GMS-10', 'COLO-792', 'NCI-H1693', 'COLO-741', 'BEN', 'NBsusSR', 'D-566MG', 'SCH', 'NCI-H1793', 'MOLT-13', 'EC-GI-10', 'TI-73', 'EW-22', 'ECC10', 'YH-13', 'KNS-62']"
CHEMBL48582,CS(=O)(=O)O.C[C@H](NCc1ccc(OCc2cccc(F)c2)cc1)C(N)=O,[]
CHEMBL521589,CN(C)C(=O)Oc1cc(OC(=O)N(C)C)cc(C(O)CNC(C)(C)C)c1,[]
CHEMBL5314521,N#Cc1cc(F)cc(Oc2ccc3c4c2[C@@H](F)C[C@]4(O)C(F)(F)C3(F)F)c1,['Endothelial PAS domain-containing protein 1']
CHEMBL5314568,N#C[C@H](C[C@@H]1CCCNC1=O)NC(=O)[C@H](CC1CC1)NC(=O)c1cc2cccc(Cl)c2[nH]1,[]
CHEMBL542103,CC(C)c1cccc(C(C)C)c1NC(=O)NCC1(c2ccc(N(C)C)cc2)CCCC1.Cl,['Acyl-CoA:cholesterol acyltransferase']
CHEMBL573,O=C(O)c1cccnc1,"['Nicotinate phosphoribosyltransferase', 'ORF 73']"
CHEMBL897,CCCN(CCC)S(=O)(=O)c1ccc(C(=O)O)cc1,[]
CHEMBL1167,CN[C@@H]1[C@H](O)[C@H](NC)[C@H]2O[C@@]3(O)C(=O)C[C@@H](C)O[C@H]3O[C@@H]2[C@H]1O,[]
CHEMBL1201774,C[C@H](O)[C@H](O)[C@H]1CNc2nc(N)[nH]c(=O)c2N1,['Purine nucleoside phosphorylase']
CHEMBL1232111,C#CCN(C)CC1=Cc2ccccc2Oc2ccccc21,[]
CHEMBL1624,N[C@@H](Cc1cc(I)c(Oc2cc(I)c(O)c(I)c2)c(I)c1)C(=O)O,"['Thyroid hormone receptor beta-1', 'Thyroid hormone receptor alpha']"
CHEMBL191896,CCCCCCCC/C=C/CCCCCCCC(=O)OCC(O)COP(=O)([O-])O.[Na+],"['Autotaxin', 'Lysophosphatidic acid receptor Edg-4', 'Lysophosphatidic acid receptor 4', 'Lysophosphatidic acid receptor 6']"
CHEMBL2041980,CS(=O)(=O)c1ccc(-c2cnc(N)c(-c3ccc(C(F)(F)F)nc3)c2)cc1,"['Plasmodium falciparum (isolate K1 / Thailand)', 'Plasmodium falciparum NF54', 'Plasmodium cynomolgi']"
CHEMBL2219640,[Cl-].[Cl-].[Sr+2],[]
CHEMBL222280,O=c1[nH]c(=O)n([C@H]2C[C@H](O)[C@@H](CO)O2)cc1Br,"['COLO 320DM', 'Thymidine kinase', 'S180', 'Felid herpesvirus 1', 'Thymidine kinase', 'Thymidine kinase', 'AZ-521 cell line']"
CHEMBL226267,COc1ccc(-c2sc3cc(O)ccc3c2Oc2ccc(OCCN3CCCCC3)cc2)cc1,"['Estrogen receptor alpha', 'Estrogen receptor beta', 'Ishikawa']"
CHEMBL2442750,Cc1c(CC(=O)O)c2cccnc2n1Cc1ccc(S(C)(=O)=O)cc1,['G protein-coupled receptor 44']
CHEMBL3408947,COc1ccc2c(c1)[C@]1(C[C@H]1c1ccc3c(/C=C/c4ccc(CN5C[C@@H](C)O[C@@H](C)C5)cc4)n[nH]c3c1)C(=O)N2,"['MDA-MB-468', 'Serine/threonine-protein kinase PLK4', 'HMEC', 'HCC1954']"
CHEMBL3544977,COC(=O)N[C@H](C(=O)N1[C@H](c2nc3cc(-c4cc5ccc4CCc4ccc(c(-c6ccc7[nH]c([C@@H]8C[C@@H]9CCCC[C@@H]9N8C(=O)[C@@H](NC(=O)OC)C(C)C)nc7c6)c4)CC5)ccc3[nH]2)C[C@@H]2CCCC[C@@H]21)C(C)C,[]
CHEMBL3545063,C=CC(=O)Nc1cc(Nc2nccc(-c3cn(C)c4ccccc34)n2)c(OC)cc1N(C)CCN(C)C.CS(=O)(=O)O,"['Epidermal growth factor receptor erbB1', 'NCI-H1975']"
CHEMBL3545166,CS(=O)(=O)N(c1cc(F)cc(F)c1)C1CN(C(c2ccc(Cl)cc2)c2ccc(Cl)cc2)C1,[]
CHEMBL3707342,O=C([O-])c1ccccc1O.[K+],[]
CHEMBL3833378,CC1(C)S[C@@H]2[C@H](NC(=O)COc3ccccc3)C(=O)N2[C@H]1C(=O)O.CN(C)[C@@H]1C(O)=C(C(=O)NCN2CCN(CCO)CC2)C(=O)[C@@]2(O)C(O)=C3C(=O)c4c(O)cccc4[C@@](C)(O)[C@H]3C[C@@H]12,[]
CHEMBL3942498,C#CCNc1nc(-n2cncn2)nc(N)c1Br,[]
CHEMBL3989724,CCN(CC)CCN1C(=O)CN=C(c2ccccc2F)c2cc(Cl)ccc21.Cl.Cl,[]
CHEMBL419213,NCCCC[C@H](N[C@@H](CCc1ccccc1)C(=O)O)C(=O)N1CCC[C@H]1C(=O)O.O.O,['Angiotensin-converting enzyme']
CHEMBL4297262,CCCCCCCCCCCCCCCCCCCC(=O)N[C@H]1CC[C@@]2(C)[C@@H](C1)C[C@@H](O)[C@@H]1[C@@H]2C[C@H](O)[C@]2(C)[C@@H]([C@H](C)CCC(=O)O)CC[C@@H]12,[]
CHEMBL4298168,CC(C)[C@@H](C)[C@@]1(C)CC[C@]2(C)[C@H]3CC[C@@H]4[C@@]5(COC[C@@]4(C)[C@@H](OC[C@](C)(N)C(C)(C)C)[C@H](n4ncnc4-c4ccncc4)C5)C3=CC[C@@]2(C)[C@@H]1C(=O)O.O=C(O)CC(O)(CC(=O)O)C(=O)O,[]
CHEMBL448343,NC[C@@H](F)C[PH](=O)O,"['GABA-B receptor', 'Ornithine decarboxylase', 'Betaine transporter', 'Gamma-amino-N-butyrate transaminase', 'GABA receptor gamma-1 subunit', 'GABA receptor alpha-1 subunit', 'Gamma-amino-N-butyrate transaminase', 'Glutamine synthetase']"
CHEMBL4650309,CC(=O)O.N=C(NC(=N)N1CCCC1)Nc1ccc(OC(F)(F)F)cc1,[]
CHEMBL4650332,O=C([C@H](CO)c1ccccc1)N1CC2=C(C1)CN(S(=O)(=O)c1cnc3c(c1)OCCO3)C2,['Probable ubiquitin carboxyl-terminal hydrolase FAF-X']
CHEMBL478,Clc1cccc(N2CCNCC2)c1,['Serotonin 1 (5-HT1) receptor']
CHEMBL4802137,O=S1(=O)c2ccc(F)cc2Oc2cc(OCC(F)(F)F)ccc21,[]
CHEMBL495727,O=C(Nc1c[nH]nc1-c1nc2ccc(CN3CCOCC3)cc2[nH]1)NC1CC1,[]
CHEMBL5095180,CCOc1ccc2c(-c3cccc(F)c3)nn(CC(=O)N(C)c3ccc4nc(C)oc4c3)c(=O)c2c1,[]
CHEMBL5315121,O.O=C(NN1C(=O)[C@@H]2[C@@H]3C=C[C@@H]([C@H]4C[C@@H]34)[C@@H]2C1=O)c1ccc(C(F)(F)F)cc1,"['Vaccinia virus', 'Cowpox virus', 'Variola virus']"
CHEMBL611,COc1cc2nc(N3CCN(C(=O)C4CCCO4)CC3)nc(N)c2cc1OC,"['Alpha-1a adrenergic receptor', 'Alpha-1b adrenergic receptor', 'Alpha-1d adrenergic receptor']"
CHEMBL1106,NC1=NCC2c3ccccc3Cc3ccccc3N12,[]
CHEMBL1187724,C[N+]1(C)[C@@H]2CC[C@H]1C[C@@H](OC(=O)C(CO)c1ccccc1)C2,['Muscarinic acetylcholine receptor M1']
CHEMBL12318,O=P(O)(O)C(Cl)(Cl)P(=O)(O)O,"['Phosphoglycerate kinase', 'Mevalonate pyrophosphate decarboxylase']"
CHEMBL1237104,CCC(=O)O[C@](Cc1ccccc1)(c1ccccc1)[C@H](C)CN(C)C.Cl,[]
CHEMBL127071,Cc1ncccc1OC[C@@H]1CCCN1,"['Neuronal acetylcholine receptor; alpha4/beta2', 'Neuronal acetylcholine receptor', 'Neuronal acetylcholine receptor; alpha2/beta2']"
CHEMBL14053,O=C(O)C(Cl)(Cl)Cl,[]
CHEMBL1476605,CC(C)(C)CC(C)(C)c1ccc(O)c(Cc2ccc(Cl)cc2Cl)c1,[]
CHEMBL1614644,C[N+](C)([O-])CCCN1c2ccccc2CCc2ccccc21,"['Histamine H1 receptor', 'Muscarinic acetylcholine receptor M1', 'Muscarinic acetylcholine receptor M4', 'Histamine H1 receptor', 'Sodium channel alpha subunits; brain (Types I, II, III)', 'Acetylcholine receptor protein alpha chain', 'Serotonin 2c (5-HT2c) receptor']"
CHEMBL1692,CN(C)CCCN1c2ccccc2CCc2ccccc21.Cl,"['Inositol monophosphatase 1', 'Arachidonate 15-lipoxygenase, type II', 'Endonuclease 4', 'Norepinephrine transporter']"
CHEMBL17860,CC(Oc1c(Cl)cccc1Cl)C1=NCCN1,"['Alpha-1a adrenergic receptor', 'Alpha-2c adrenergic receptor', 'Alpha-2b adrenergic receptor', 'Nischarin', 'Nischarin']"
CHEMBL189171,COc1ccc2c(c1)c(CC(=O)OCC(=O)O)c(C)n2C(=O)c1ccc(Cl)cc1,"['Cyclooxygenase-2', 'Aldo-keto reductase family 1 member C4']"
CHEMBL1921904,C[C@@](C(=O)O[C@H]1C[N+]2(CCc3ccc(F)cc3)CCC1CC2)(c1ccccc1)N1CCCCC1,['Muscarinic acetylcholine receptor M3']
CHEMBL200102,CC(C)NCCCn1c(Sc2cc3c(cc2I)OCO3)nc2c(N)ncnc21,['Heat shock protein HSP90']
CHEMBL2103828,CNc1cc2[nH]c(=O)n(-c3ccc(NC(=O)NS(=O)(=O)c4ccc(Cl)s4)cc3)c(=O)c2cc1F,[]
CHEMBL2105671,O=C(O)C(O)C(O)C(=O)O.OC[C@H]1CNC[C@@H](O)[C@@H]1O,[]
CHEMBL2106406,Cc1nc2ccccc2n1CC1CCN(C(=O)/C=C(/c2ccccc2)c2ccc(/N=N/c3ccc(O)c(C(=O)O)c3)cc2)CC1,[]
CHEMBL2107792,CCN(CC)CCOC(=O)[C@H](Cc1ccc(NC(=O)c2c(Cl)cccc2Cl)cc1)NC(=O)c1c(C)cccc1Cl,[]
CHEMBL239800,CN1CC(=O)N=C1NC(=O)Nc1cccc(Cl)c1,[]
CHEMBL271068,Cc1cc(NC(=O)C(=O)c2cc(Cc3ccc(C#N)cc3)n3ccccc23)sn1,[]
CHEMBL3184679,COc1cc(CCc2cc(NC(=O)c3ccc(N4CC(C)NC(C)C4)cc3)n[nH]2)cc(OC)c1,"['Fibroblast growth factor receptor 1', 'Fibroblast growth factor receptor 2', 'SNU-16']"
CHEMBL319111,O=C1N(c2ccccc2)c2ccccc2C1(Cc1ccncc1)Cc1ccncc1,[]
CHEMBL3260771,COc1ccc(-c2ccc(OCc3cc(C(=O)[N-]S(=O)(=O)c4ccccc4C)oc3C)cc2)nc1.[Na+],[]
CHEMBL3261331,CC(C)c1cc(Oc2c(Cl)cc(-n3nc(C#N)c(=O)[nH]c3=O)cc2Cl)n[nH]c1=O,"['Thyroid hormone receptor beta-1', 'Thyroid hormone receptor alpha']"
CHEMBL3287379,O=C1C=CN(c2c(F)cc(N3C[C@H](CNc4ccon4)OC3=O)c(F)c2F)CC1,[]
CHEMBL3301609,Cc1cc(C)c2nc(-c3cnc(NCCCC4CCN(C)CC4)nc3C)[nH]c2c1,[]
CHEMBL3400972,N[C@@H](Cc1cc(O)c(O)cc1[18F])C(=O)O,"['Glutamate receptor ionotropic, AMPA 3']"
CHEMBL345237,O=C1c2ccccc2OC=C(Cl)N1CCCCN1CC=C(c2ccccn2)CC1,['Serotonin 1a (5-HT1a) receptor']
CHEMBL3545233,CC[C@H](NC(=O)c1c(NS(C)(=O)=O)c(-c2ccccc2)nc2ccccc12)c1ccccc1,['Neurokinin 3 receptor']
CHEMBL3649803,CCOc1cc(CN2CCOCC2)cc2[nH]c(=O)c3c(c12)NCCC3,['Poly [ADP-ribose] polymerase-1']
CHEMBL3951811,CNC(=O)c1ccccc1Nc1nc(Nc2ccc3c(c2OC)CCC[C@H](N2CCN(CCO)CC2)C3)ncc1Cl,['ALK tyrosine kinase receptor']
CHEMBL4298154,COCCOCCOCCOCCOCCOCCO[C@H]1CCC2(O)[C@H]3Cc4ccc(OC)c5c4[C@@]2(CCN3C)[C@H]1O5.O=P(O)(O)O,[]
CHEMBL4300558,CN(C)C(=O)N1C[C@@H]2C[C@@](C)(NCC(=O)N3C[C@@H](F)C[C@H]3C#N)C[C@@H]2C1,"['Dipeptidyl peptidase IV', 'Dipeptidyl peptidase IV']"
CHEMBL459324,CC(=O)Oc1ccc2c3c1O[C@H]1[C@@H](OC(C)=O)C=C[C@H]4[C@@H](C2)N(C)CC[C@@]341,['Nociceptin receptor']
CHEMBL4594420,Cc1c[nH]c(-c2ccc(-c3ccc(NC(=O)Nc4c(F)cc(F)cc4F)cc3F)c3c2C(=O)NC3)n1,[]
CHEMBL4650272,CN1CCN(c2ccc(Nc3ncc4cc5n(c4n3)C3(CCCCC3)CNC5=O)nc2)CC1.Cl.Cl,['Cyclin-dependent kinase 4/cyclin D1']
CHEMBL504760,CC1(C)[C@@H]2CC[C@@]1(C)C(=O)C2,[]
CHEMBL5095167,C=CC(=O)Nc1cc(Nc2nccc(-c3cn(CC(F)(F)F)c4ccccc34)n2)c(OC)cc1N(C)CCN(C)C,"['Epidermal growth factor receptor erbB1', 'NCI-H1975', 'NCI-H292']"
CHEMBL515606,CCOC(=O)[C@H](CCc1ccccc1)N[C@H]1CCCN2CCC[C@@H](C(=O)O)N2C1=O,[]
CHEMBL5314466,CC(C)(O)c1ccc(Nc2ncnc3c2CCN(c2ccc(C#N)c(Cl)c2)C3)nc1,[]
CHEMBL566315,CC[C@H]1[C@@H](O)[C@@H]2[C@H](CC[C@]3(C)[C@@H]([C@H](C)CCC(=O)O)CC[C@@H]23)[C@@]2(C)CC[C@@H](O)C[C@@H]12,"['Bile acid receptor FXR', 'G-protein coupled bile acid receptor 1']"
CHEMBL588046,C=C[C@H]1CN2CC[C@H]1C[C@H]2[C@H](O)c1ccnc2ccc(OC)cc12.Cl,"['Plasmodium falciparum', 'Cytochrome P450 2D2', 'Solute carrier family 22 member 1', 'Solute carrier organic anion transporter family member 1A4']"
CHEMBL70046,O=c1[nH]c(=O)n([C@@H]2O[C@H](CO)[C@@H](O)[C@@H]2O)cc1/C=C/Br,[]
CHEMBL711,O=C1c2ccccc2C(=O)C1c1ccccc1,[]
CHEMBL85,Cc1nc2n(c(=O)c1CCN1CCC(c3noc4cc(F)ccc34)CC1)CCCC2,['Serotonin 2a (5-HT2a) receptor']
CHEMBL915,CCCc1c2oc(C(=O)[O-])cc(=O)c2cc2c(=O)cc(C(=O)[O-])n(CC)c12.[Na+].[Na+],[]
CHEMBL1200761,COc1ccc(C(Cl)=C(c2ccc(OC)cc2)c2ccc(OC)cc2)cc1,[]
CHEMBL1201138,Nc1nc(=O)c2c([nH]1)NCC(CNc1ccc(C(=O)N[C@@H](CCC(=O)[O-])C(=O)[O-])cc1)N2C=O.[Ca+2],[]
CHEMBL1201353,CN(C)CC[C@@H](c1ccc(Cl)cc1)c1ccccn1,['Serotonin transporter']
CHEMBL1235551,O=C(C1CCCCC1)N1CC(=O)N2CCc3ccccc3[C@@H]2C1,['Schistosoma japonicum']
CHEMBL1236469,N[C@@H](Cc1cc(I)c(O)c(I)c1)C(=O)O,[]
CHEMBL1399,CC(C)(C#N)c1cc(Cn2cncn2)cc(C(C)(C)C#N)c1,[]
CHEMBL14935,O=C(O)[C@@H]1C[C@H]2C[C@@H](CCc3nn[nH]n3)CC[C@H]2CN1,['Glutamate receptor ionotropic kainate 1']
CHEMBL1621,Cc1nc2n(c(=O)c1CCN1CCC(c3noc4cc(F)ccc34)CC1)CCCC2O,['Serotonin 2a (5-HT2a) receptor']
CHEMBL2048308,CNc1ccc(-c2cc3cc(O)ccc3o2)c(F)n1,[]
CHEMBL2079588,CNC(=O)c1cc(COc2nnc(Nc3ccc(Cl)cc3)c3ccoc23)ccn1,[]
CHEMBL2103744,CN1CC[C@]23c4c5ccc(O)c4O[C@H]2[C@@H](O)C=C[C@H]3[C@H]1C5.CN1CC[C@]23c4c5ccc(O)c4O[C@H]2[C@@H](O)C=C[C@H]3[C@H]1C5.O.O.O.O.O.O=S(=O)(O)O,['Opioid receptors; mu & kappa']
CHEMBL2104406,COc1cc(C(=O)C(=O)N2CCCC[C@H]2C(=O)OC(CCCc2cccnc2)CCCc2cccnc2)cc(OC)c1OC.O=C(O)CC(O)(CC(=O)O)C(=O)O.O=C(O)CC(O)(CC(=O)O)C(=O)O,[]
CHEMBL2110737,CCCC(=O)O[C@H]1CN2CC[C@H](O)[C@@H]2[C@@H](O)[C@@H]1O,"['Beta-glucocerebrosidase', 'Chlamydophila pneumoniae']"
CHEMBL2146883,O=C(c1ccc(F)c(F)c1Nc1ccc(I)cc1F)N1CC(O)([C@@H]2CCCCN2)C1,"['Dual specificity mitogen-activated protein kinase kinase 1', 'Dual specificity mitogen-activated protein kinase kinase; MEK1/2']"
CHEMBL236297,CO[C@H]1/C=C/O[C@@]2(C)Oc3c(C)c(O)c4c(=O)c(c5oc6cc(N7CCN(CC(C)C)CC7)cc(O)c6nc-5c4c3C2=O)NC(=O)/C(C)=C\C=C\[C@H](C)[C@H](O)[C@@H](C)[C@@H](O)[C@@H](C)[C@H](OC(C)=O)[C@@H]1C,[]
CHEMBL2364625,O=C([O-])C[C@H]1CC[C@H](c2ccc(-c3ccc(Nc4ccc(C(F)(F)F)nc4)cn3)cc2)CC1.[Na+],['Diacylglycerol O-acyltransferase 1']
CHEMBL268869,COc1ccc(NS(=O)(=O)c2ccc(N)cc2)nn1,[]
CHEMBL292439,CCCC[C@H](N)C(=O)O,"['Glutamate receptor ionotropic kainate 1', 'Glutamate receptor ionotropic kainate 2', 'Voltage-gated calcium channel alpha2/delta subunit 1']"
CHEMBL3120215,COc1cccc2cc(-c3nc([C@H]4CC[C@H](C(=O)O)CC4)n4ncnc(N)c34)[nH]c12,[]
CHEMBL3184949,O=P([O-])(O)OP(=O)([O-])O.[Na+].[Na+],[]
CHEMBL3235279,N#Cc1c(N)nc(SCc2csc(-c3ccc(Cl)cc3)n2)c(C#N)c1-c1ccc(OCCO)cc1,['Adenosine A1 receptor']
CHEMBL3544916,Nc1ncn([C@H]2C[C@H](OP(=O)(O)OC[C@H]3O[C@@H](n4cnc5c(=O)[nH]c(N)nc54)C[C@@H]3O)[C@@H](CO)O2)c(=O)n1,['Stimulator of interferon genes protein']
CHEMBL3833325,CC(=O)Oc1ccccc1C(=O)[O-].CC(=O)Oc1ccccc1C(=O)[O-].NC(N)=O.[Ca+2],[]
CHEMBL3833347,CC(=O)NC(CCC(=O)O)C(=O)O.CN(C)CCO,['Beta-lactamase VIM-4']
CHEMBL404,C[C@]1(Cn2ccnn2)[C@H](C(=O)O)N2C(=O)C[C@H]2S1(=O)=O,"['Beta-lactamase TEM', 'Beta-lactamase', 'Bacillus licheniformis', 'Beta-lactamase', 'PER-2 beta-lactamase', 'IMI-1', 'Citrobacter freundii']"
CHEMBL41355,CCOC(=O)Nc1ccc(NCc2ccc(F)cc2)cc1N,"['Voltage-gated potassium channel subunit Kv7.4', 'Voltage-gated potassium channel subunit Kv7.5', 'Brain']"
CHEMBL4208954,NCC[C@H](O)C(=O)N[C@@H]1C[C@H](N)[C@@H](O[C@H]2O[C@H](CN)[C@@H](O)[C@H](O)[C@H]2O)[C@H](O)[C@H]1O[C@H]1O[C@H](CO)[C@@H](O)[C@H](N)[C@H]1O.O=S(=O)(O)O.O=S(=O)(O)O,"['Ribosome', 'Aminoglycoside acetyltransferase']"
CHEMBL4297091,COc1ccc2c3c1O[C@H]1[C@@H](O)C=C[C@H]4[C@@H](C2)N(C)CC[C@@]341.COc1ccc2c3c1O[C@H]1[C@@H](O)C=C[C@H]4[C@@H](C2)N(C)CC[C@@]341.O.O.O.O=S(=O)(O)O,[]
CHEMBL4297592,Cc1cccc(C)c1N(CC(=O)Nc1ccc(-c2ncon2)cc1)C(=O)C1CCS(=O)(=O)CC1,[]
CHEMBL5314403,COc1cc(Cl)ccc1CCNC(=O)c1ccc(Oc2cc3c(cc2Cl)[C@@H](C(=O)O)CCO3)cc1,[]
CHEMBL5314538,CNC(=O)c1ccc(NCC#Cc2cc3c(N[C@@H]4CCN(C)C[C@@H]4F)cccc3n2CC(F)(F)F)c(OC)c1,[]
CHEMBL596186,Nc1ccn([C@@H]2O[C@H](COP(=O)(O)O)[C@@H](O)[C@@H]2O)c(=O)n1,"[""Orotidine 5'-phosphate decarboxylase"", 'Ribonuclease pancreatic', 'Orotidine phosphate decarboxylase', 'Tyrosine--tRNA ligase']"
CHEMBL607707,CCOc1cc2ncc(C#N)c(Nc3ccc(F)c(Cl)c3)c2cc1NC(=O)/C=C/CN(C)C,"['Epidermal growth factor receptor erbB1', 'Receptor protein-tyrosine kinase erbB-2', 'A-431', 'SK-BR-3']"
CHEMBL638,C[C@@H](c1ncncc1F)[C@](O)(Cn1cncn1)c1ccc(F)cc1F,"['Cytochrome P450 51', 'Lanosterol 14-alpha demethylase', '14-alpha sterol demethylase']"
CHEMBL1107,CCCCN(CCCC)CCC(O)c1cc2c(Cl)cc(Cl)cc2c2cc(C(F)(F)F)ccc12,[]
CHEMBL1182743,CCOC(=O)c1c[n+](C)c2n(c1=O)C(C)CCC2,[]
CHEMBL1200863,Cl.N[C@@H](Cc1ccc(N(CCCl)CCCl)cc1)C(=O)O,[]
CHEMBL1318341,Cc1cc2c(cc1S(N)(=O)=O)S(=O)(=O)CCC2,['Carbonic anhydrase II']
CHEMBL15192,CC1(C)CCC2=C(O1)c1ccccc1C(=O)C2=O,['Leptomonas seymouri']
CHEMBL1801204,COc1ccc(-c2ccc3c(N4CCOC[C@@H]4C)nc(N4CCOC[C@@H]4C)nc3n2)cc1CO,['Serine/threonine-protein kinase mTOR']
CHEMBL2103779,CN1CC(=O)N=C1NC(=O)Nc1cccc(Cl)c1.O,[]
CHEMBL2103798,COc1cc2c(Oc3ccc4[nH]c(C)cc4c3F)ncnc2cc1OCCCN1CCCC1.O=C(O)/C=C\C(=O)O,['Vascular endothelial growth factor receptor 2']
CHEMBL2103929,CN(C)[C@@H]1C(O)=C(C(=O)NCNCCCC[C@H](N)C(=O)O)C(=O)[C@@]2(O)C(O)=C3C(=O)c4c(O)cccc4[C@@](C)(O)[C@H]3C[C@@H]12,['Mycobacterium smegmatis']
CHEMBL2104200,CCCCN(CCN(CC)CC)C(=O)c1cccc2ccccc12,[]
CHEMBL2104906,CC12C=CC(C(=O)O[C@H]3CC[C@H]4[C@@H]5CCC6=CC(=O)CC[C@@H]6[C@H]5CC[C@]34C)(CC1)CC2,[]
CHEMBL2308782,C[N+]1(C)[C@@H]2CC[C@H]1C[C@H](CC(C#N)(c1ccccc1)c1ccccc1)C2.[Br-],['Muscarinic acetylcholine receptor M3']
CHEMBL2347655,CON(C)C(=O)N1N=C(c2cc(F)ccc2F)S[C@@]1(CCCN)c1ccccc1,['Kinesin-like protein 1']
CHEMBL254832,CC(NCCC(c1ccccc1)c1ccccc1)c1ccccc1,"['HEC-1-A', 'Calmodulin']"
CHEMBL3544973,CC(=O)O.CCO/N=C(\C(=O)N[C@@H]1C(=O)N2C(C(=O)[O-])=C(Sc3nc(-c4cc[n+](C)cc4)cs3)CS[C@H]12)c1nsc(NP(=O)(O)O)n1.O,[]
CHEMBL3707363,CC(CC(c1ccccc1)c1ccccc1)N(C)C,[]
CHEMBL3989871,Cc1ccc(NC(=O)[C@H]2CCCN(C(=O)c3c(C)cccc3F)[C@H]2c2ccc(NC3CCCC3)cc2)cc1C(F)(F)F,[]
CHEMBL4211649,N#Cc1ccc(-c2cnc3ccc(-c4ccc(C(=O)N5CCOCC5)cc4)cn23)cc1,['MAP kinase-interacting serine/threonine-protein kinase 1/2']
CHEMBL4297668,CNC(=O)c1nn(C)c2c1C(C)(C)Cc1cnc(Nc3ccc(N4CCN(C)CC4)cc3)nc1-2.O=C(O)/C=C\C(=O)O,"['Cyclin-dependent kinase 2/cyclin A', 'Ephrin type-A receptor 4']"
CHEMBL4298151,CS(=O)(=O)O.CS(=O)(=O)O.Nc1ncccc1-c1nc2ccc(-c3ccccc3)nc2n1-c1ccc(C2(N)CCC2)cc1,['Serine/threonine-protein kinase AKT']
CHEMBL467084,N[C@@H](Cc1ccccn1)c1ccccc1,[]
CHEMBL484785,N#Cc1ccc(Oc2ccc3c(c2)COB3O)cc1,['Enoyl-[acyl-carrier-protein] reductase']
CHEMBL502835,COC(=O)c1ccc2c(c1)NC(=O)/C2=C(\Nc1ccc(N(C)C(=O)CN2CCN(C)CC2)cc1)c1ccccc1,"['Vascular endothelial growth factor receptor 2', 'Tyrosine-protein kinase SRC', 'Fibroblast growth factor receptor 1', 'Platelet-derived growth factor receptor beta', 'Tyrosine-protein kinase receptor RET', 'TGF-beta receptor type I', 'Platelet-derived growth factor receptor alpha', 'Dual specificity mitogen-activated protein kinase kinase 1', 'Serine/threonine-protein kinase TBK1', 'Tyrosine-protein kinase YES', 'Serine/threonine-protein kinase 2', 'Serine/threonine-protein kinase MST1', 'Serine/threonine-protein kinase LATS1', 'Macrophage-stimulating protein receptor', 'Mitogen-activated protein kinase kinase kinase kinase 1', 'Serine/threonine-protein kinase 10', 'Dual specificity mitogen-activated protein kinase kinase 2', 'NUAK family SNF1-like kinase 1', 'Tyrosine-protein kinase CSK', 'CaM-kinase kinase beta', 'TGF-beta receptor type II', 'Serine/threonine-protein kinase SIK2', 'Platelet-derived growth factor receptor', 'Ribosomal protein S6 kinase alpha 4', 'Myosin light chain kinase, smooth muscle', 'Protein kinase N1', 'Serine/threonine-protein kinase SIK1', 'Bone morphogenetic protein receptor type-1A', 'AMP-activated protein kinase, alpha-2 subunit', 'Serine/threonine-protein kinase 33', 'Serine/threonine-protein kinase MST4', 'SPS1/STE20-related protein kinase YSK4', 'NUAK family SNF1-like kinase 2', 'Breakpoint cluster region protein', 'Ephrin type-A receptor 6', 'Serine/threonine-protein kinase LATS2', 'Serine/threonine-protein kinase NEK6', 'Serine/threonine-protein kinase NEK9', 'Serine/threonine-protein kinase PAK 3', 'Dual specificity testis-specific protein kinase 1', 'Phosphatidylinositol-4-phosphate 5-kinase type-1 alpha', 'Receptor-interacting serine/threonine-protein kinase 4', 'Serine/threonine-protein kinase 35', 'Serine/threonine-protein kinase OSR1', 'Myosin-IIIB', 'Ribosomal protein S6 kinase 2']"
CHEMBL5095043,C[C@@H](COCCC(=O)N1CCN(c2ncc(C(F)(F)F)cn2)CC1)Nc1cn[nH]c(=O)c1C(F)(F)F,['TCDD-inducible poly [ADP-ribose] polymerase']
CHEMBL5095351,CCN1CCC(S(=O)(=O)[N-]C(=O)Nc2c3c(cc4c2CCC4)CCC3)CC1.[K+],"['NACHT, LRR and PYD domains-containing protein 3']"
CHEMBL539423,CCCCC1=NC2(CCCC2)C(=O)N1Cc1ccc(-c2ccccc2S(=O)(=O)Nc2noc(C)c2C)c(COCC)c1,[]
CHEMBL560976,NC[C@@H]1CC[C@@H](N)[C@@H](O[C@H]2[C@H](O)[C@@H](O[C@H]3O[C@H](CO)[C@@H](O)[C@H](N)[C@H]3O)[C@H](N)C[C@@H]2N)O1,"['Bacterial 70S ribosome', 'Ribosomal RNA A-site', 'Human immunodeficiency virus type 1 REV']"
CHEMBL572,O=C1CN(/N=C/c2ccc([N+](=O)[O-])o2)C(=O)N1,[]
CHEMBL609,NCCNCCNCCN,['Ornithine decarboxylase']
CHEMBL79,CCN(CC)CC(=O)Nc1c(C)cccc1C,[]
CHEMBL964,CCN(CC)C(=S)SSC(=S)N(CC)CC,['Lysyl oxidase homolog 4']
CHEMBL1095097,COC(=O)[C@@H]1CC2=CC(=O)CC[C@]2(C)[C@@]23O[C@@H]2C[C@@]2(C)[C@@H](CC[C@@]24CCC(=O)O4)[C@H]13,[]
CHEMBL1200331,C[C@@H]1O[C@@H]1P(=O)(O)O.NC(CO)(CO)CO,[]
CHEMBL1200853,CC(=O)[C@H]1CC[C@H]2[C@@H]3C=CC4=CC(=O)CC[C@@]4(C)[C@@H]3CC[C@]12C,"['Nuclear receptor subfamily 1 group I member 2', 'Progesterone receptor']"
CHEMBL1201115,COC(=O)CCc1ccc(OCC(O)CNC(C)C)cc1.Cl,[]
CHEMBL1289926,CNC(=O)c1ccccc1Sc1ccc2c(/C=C/c3ccccn3)n[nH]c2c1,"['Vascular endothelial growth factor receptor 2', 'Fibroblast growth factor receptor 1', 'KG-1', 'Tyrosine-protein kinase BRK', 'KU812 cell line', 'LAMA-84', 'Serine/threonine-protein kinase SIK1', 'NOS-1', 'HAL-01', 'LXF-289 cell line', 'A3-KAW', 'A4-Fuk', 'CTB-1', 'ES8', 'SK-NEP-1', 'SH-4', 'EM-2', '8-MG-BA', 'NCI-H82', 'GI-ME-N', 'ES1', 'SF-126', 'VA-ES-BJ', 'SW780', 'BE-13', 'EW-1', 'IA-LM', 'EW-3', 'Breakpoint cluster region protein', 'J-RT3-T3-5', 'K5', 'HD-MY-Z', 'D-263MG', 'NB10', 'SK-N-FI', 'MeWo', 'CHP-212', 'D283 Med', 'D-502MG', 'KMOE-2', 'KM-H2', 'NCI-H720', 'JVM-3', 'COLO-800', 'NB17', 'EW-11', 'COLO-320-HSR', 'NB14', 'D-392MG', 'HSC-4', 'HCC1395', 'HEC-1', 'DK-MG', 'NCI-H1563', 'SW756', 'JEG-3', 'NBsusSR', 'HCC1419', 'D-566MG', 'Ferrochelatase, mitochondrial', 'YH-13', 'OC-314']"
CHEMBL1451173,CC(=O)Oc1cccc(C(=O)O)c1OC(C)=O,[]
CHEMBL1616951,C[C@]12CCC(=O)C=C1C=C[C@@H]1[C@@H]2CC[C@@]2(C)[C@H]1CC[C@@]2(O)CCC(=O)O,[]
CHEMBL1668,COC(=O)[C@H]1[C@H]2C[C@@H]3c4[nH]c5cc(OC)ccc5c4CCN3C[C@H]2C[C@@H](OC(=O)/C=C/c2cc(OC)c(OC)c(OC)c2)[C@@H]1OC,[]
CHEMBL184618,NC[C@@H]1O[C@H](O[C@H]2[C@@H](O)[C@H](O[C@@H]3[C@@H](O)[C@H](N)C[C@H](N)[C@H]3O[C@H]3O[C@H](CN)[C@@H](O)[C@H](O)[C@H]3N)O[C@@H]2CO)[C@H](N)[C@@H](O)[C@@H]1O,"['Bacterial 70S ribosome', 'Ribosomal RNA A-site', 'Ribosome', 'Human immunodeficiency virus type 1 REV', 'Rev responsive element (RRE) RNA']"
CHEMBL2024517,CN(C)C(=O)N[C@H]1CC[C@H](CCN2CCN(c3cccc(Cl)c3Cl)CC2)CC1.Cl,"['Dopamine D2 receptor', 'Dopamine D3 receptor', 'Serotonin 2a (5-HT2a) receptor']"
CHEMBL2043025,COc1ccc2c(c1)C=C1Cn3c-2c(C2CCCCC2)c2ccc(cc23)C(=O)NS(=O)(=O)N(C)CCOCCN(C)C1=O,['Hepatitis C virus']
CHEMBL2107546,CC(C)(Cc1c[nH]c2ccccc12)NCC(O)COc1ccccc1C#N.Cl,['Adrenergic receptor beta']
CHEMBL2165224,CN1[C@H]2C[C@H](OC(=O)[C@H](CO)c3ccccc3)C[C@@H]1[C@@H](O)C2,[]
CHEMBL221959,C[C@@H]1CCN(C(=O)CC#N)C[C@@H]1N(C)c1ncnc2[nH]ccc12,"['Tyrosine-protein kinase JAK2', 'Tyrosine-protein kinase JAK1', 'Tyrosine-protein kinase JAK3', 'Whole blood']"
CHEMBL294029,C[C@@H](c1nc(-c2ccc(C#N)cc2)cs1)[C@](O)(Cn1cncn1)c1ccc(F)cc1F,"['Cytochrome P450 51', 'Lanosterol 14-alpha demethylase']"
CHEMBL315985,NC(=O)N1c2ccccc2C[C@H](O)c2ccccc21,[]
CHEMBL3186492,Cc1nccn1CC1CCc2c(c3ccccc3n2C)C1=O.Cl.O.O,[]
CHEMBL3219143,COc1cc(F)ccc1Cn1ccc2c3c(ncc21)C(=O)N(O)CC3,['Human immunodeficiency virus type 1 integrase']
CHEMBL3581693,CC/C(=C(/c1ccc(/C=C/C(=O)O)cc1)c1ccc2[nH]ncc2c1)c1ccc(F)cc1Cl,['Estrogen receptor alpha']
CHEMBL4071864,CN1C(=O)[C@@H](NC(=O)c2n[nH]c(Cc3ccccc3)n2)COc2ccccc21,"['Receptor-interacting serine/threonine-protein kinase 1', 'Receptor-interacting serine/threonine-protein kinase 1']"
CHEMBL4297359,COc1c(C)cnc(Cn2cc(C#CCCOP(=O)(O)O)c3c(Cl)nc(N)nc32)c1C,[]
CHEMBL4297393,C/C1=C/C[C@@H](/C(C)=C/c2cc(C)on2)OC(=O)C[C@H](O)C(C)(C)C(=O)[C@H](C)[C@@H](O)[C@@H](C)/C=C\C1,[]
CHEMBL4483575,C=CC(=O)N(C)CCOc1c(N)ncnc1-c1cc(F)cc(NC(=O)c2ccc(C3CC3)cc2F)c1C,['Tyrosine-protein kinase BTK']
CHEMBL4594260,Br.CCN(c1cc(-c2ccc(CN3CCOCC3)cc2)cc(C(=O)NCc2c(C)cc(C)[nH]c2=O)c1C)C1CCOCC1,"['Histone-lysine N-methyltransferase EZH2', 'KARPAS-422']"
CHEMBL4594383,CC1(C)C(/C=C/C2=C(Oc3ccc(C[C@H](NC(=O)c4ccc(NCc5cnc6nc(N)[nH]c(=O)c6n5)cc4)C(=O)[O-])cc3)/C(=C/C=C3\N(CCCCS(=O)(=O)[O-])c4ccc(S(=O)(=O)[O-])cc4C3(C)C)CCC2)=[N+](CCCCS(=O)(=O)[O-])c2ccc(S(=O)(=O)[O-])cc21.[Na+].[Na+].[Na+].[Na+],[]
CHEMBL4647810,C[C@@H]1COCCN1c1cc(-c2ccnn2C)c2ccnc(-c3ccn[nH]3)c2n1,"['Serine-protein kinase ATR', 'ATR/ATRIP']"
CHEMBL4650319,C=CC(=O)Nc1cc(Nc2ncc(C(=O)OC(C)C)c(-c3cn(C)c4ccccc34)n2)c(OC)cc1N(C)CCN(C)C,"['Epidermal growth factor receptor erbB1', 'NCI-H1975']"
CHEMBL485,COc1ccc2c3c1O[C@H]1[C@@H](O)C=C[C@H]4[C@@H](C2)N(C)CC[C@@]341,[]
CHEMBL5095051,COc1ccc(C(CN(C)C)C2(O)CCCCC2)cc1.O=S(=O)(O)c1ccccc1,[]
CHEMBL5314461,COc1cc(N2CCC(N(C)C)CC2)ccc1Nc1nc2c(c(Nc3ccccc3S(=O)(=O)C(C)C)n1)CCN2,"['Focal adhesion kinase 1', 'Protein tyrosine kinase 2 beta']"
CHEMBL5314510,COc1cc2c(Oc3ccc(NC(=O)C4(C(=O)Nc5ccc(F)cc5)CC4)cc3F)ccnc2cc1OCCCCCC(=O)O,"['Vascular endothelial growth factor receptor 2', 'Hepatocyte growth factor receptor', 'Tyrosine-protein kinase receptor UFO']"
CHEMBL533,CCCCCCCN(CC)CCCC(O)c1ccc(NS(C)(=O)=O)cc1,[]
CHEMBL548,CCCCC[C@H](O)/C=C/[C@H]1[C@H](O)CC(=O)[C@@H]1C/C=C\CCCC(=O)O,[]
CHEMBL588,Oc1ccc(C2CNCCc3c2cc(O)c(O)c3Cl)cc1,['Dopamine D1 receptor']
CHEMBL605,CCN(CC)CCNC(=O)c1ccc(N)cc1.Cl,[]
CHEMBL61,COc1cc([C@@H]2c3cc4c(cc3[C@H](O)[C@H]3COC(=O)[C@H]23)OCO4)cc(OC)c1OC,"['K562/VCR', 'GLC4 cell line']"
CHEMBL654,CN1CCN2c3ncccc3Cc3ccccc3C2C1,[]
CHEMBL738,CCCC(C)C1(CC)C(=O)[N-]C(=S)NC1=O.[Na+],[]
CHEMBL939,COc1cc2ncnc(Nc3ccc(F)c(Cl)c3)c2cc1OCCCN1CCOCC1,"['Epidermal growth factor receptor erbB1', 'MSTO-211H', 'HCC2218', 'BALL-1']"
CHEMBL1023,C=C(c1ccc(C(=O)O)cc1)c1cc2c(cc1C)C(C)(C)CCC2(C)C,"['Retinoid X receptor alpha', 'Retinoid X receptor beta', 'Retinoid X receptor gamma', 'S91']"
CHEMBL1095282,CN(C)C(=O)OC1N=C(c2ccccc2)c2cc(Cl)ccc2N(C)C1=O,['Peripheral-type benzodiazepine receptor']
CHEMBL110094,CN(C)CCC=C1c2ccccc2C(C)(C)c2ccccc21,[]
CHEMBL1200386,CCOC(=O)O[C@]1(C(=O)COC(=O)CC)CC[C@H]2[C@@H]3CCC4=CC(=O)C=C[C@]4(C)[C@H]3[C@@H](O)C[C@@]21C,['Progesterone receptor']
CHEMBL1201127,CC(C)CN(C[C@@H](O)[C@H](Cc1ccccc1)NC(=O)O[C@H]1CO[C@H]2OCC[C@H]21)S(=O)(=O)c1ccc(N)cc1.CCO,['Human immunodeficiency virus 1']
CHEMBL1201193,CCCCN1CCCC[C@H]1C(=O)Nc1c(C)cccc1C,[]
CHEMBL1236802,[Xe],[]
CHEMBL1237070,CCCCCOc1ccc(-c2cc(-c3ccc(C(=O)N[C@H]4C[C@@H](O)[C@@H](O)NC(=O)[C@@H]5[C@@H](O)[C@@H](C)CN5C(=O)[C@H]([C@H](O)CC(N)=O)NC(=O)[C@H]([C@H](O)[C@@H](O)c5ccc(O)c(OS(=O)(=O)[O-])c5)NC(=O)[C@@H]5C[C@@H](O)CN5C(=O)[C@H]([C@@H](C)O)NC4=O)cc3)no2)cc1.[Na+],[]
CHEMBL1370,CCCC1O[C@@H]2C[C@H]3[C@@H]4CCC5=CC(=O)C=C[C@]5(C)[C@H]4[C@@H](O)C[C@]3(C)[C@]2(C(=O)CO)O1,"['Bile salt export pump', 'Nuclear receptor subfamily 1 group I member 2', 'Progesterone receptor']"
CHEMBL1413176,Cc1c(NC(=O)c2cccnc2)c(=O)n(-c2ccccc2)n1C,[]
CHEMBL1534,Cc1cc2nc3c(=O)[nH]c(=O)nc-3n(C[C@H](O)[C@H](O)[C@H](O)CO)c2cc1C,[]
CHEMBL1604,CC1=C(C(=O)O)N2C(=O)[C@@H](NC(=O)[C@H](N)C3=CCC=CC3)[C@H]2SC1,[]
CHEMBL1725880,CCOc1cc(OCC)c(C(=O)CCC(=O)O)cc1OCC,[]
CHEMBL1734,O=C(O[C@H]1CN2CCC1CC2)N1CCc2ccccc2[C@@H]1c1ccccc1,['Muscarinic acetylcholine receptor M3']
CHEMBL2103996,CNCC(=O)c1ccc(O)c(O)c1,[]
CHEMBL2104574,CCCCC[C@H](O)/C=C/[C@@H]1C(CCCCCCC(=O)OCCCC)=C(OC(=O)CCC)C[C@H]1O,[]
CHEMBL2106978,O=C([O-])[C@H](O)[C@@H](O)[C@H](O)[C@H](O)CO.[K+],[]
CHEMBL2107359,CONC(=N)c1ccc(-c2ccc(-c3ccc(C(=N)NOC)cc3)o2)cc1.O=C(O)/C=C\C(=O)O,[]
CHEMBL2141296,CC(C)C[C@H](NC(=O)CNC(=O)c1cc(Cl)ccc1Cl)B(O)O,[]
CHEMBL21536,CCCCCCOc1nsnc1C1=CCCN(C)C1,[]
CHEMBL2158614,CNc1ccc(-c2cc3cc(O)ccc3o2)c([18F])n1,[]
CHEMBL2179105,C[C@@H]1CN(Cc2ncccn2)C[C@H]1c1nc2c(cnn2C2CCOCC2)c(=O)[nH]1,"['Phosphodiesterase 9A', 'Phosphodiesterase 1C']"
CHEMBL24171,COc1c2ccoc2cc2oc(=O)ccc12,[]
CHEMBL263881,CCN(CC)C(=O)[C@@H]1C=C2c3cccc4[nH]cc(c34)C[C@H]2N(C)C1,"['Serotonin 1a (5-HT1a) receptor', 'Serotonin 1 (5-HT1) receptor', 'Dopamine D2 receptor', 'Serotonin 1e (5-HT1e) receptor', 'Dopamine D1 receptor', 'Cerebral cortex alpha adrenergic receptor']"
CHEMBL27577,NC(=O)c1ccccc1O,[]
CHEMBL3039511,COc1cc(CNCCC2CCOCC2)ccc1Oc1cnc(C(N)=O)cn1,[]
CHEMBL3187723,Cn1cnc2c(F)c(Nc3ccc(Br)cc3F)c(C(=O)NOCCO)cc21,"['A-375', 'LoVo', 'Dual specificity mitogen-activated protein kinase kinase 1', 'BXPC-3', 'AGS', 'KG-1', 'A-427', 'NCI-H358', 'NCI-H1650', 'RPMI-7951', 'J82', 'NCI-H292', 'Daoy', 'U-266', 'MKN-28', 'CAL-27', 'SK-MES-1', 'BT-20', 'A2058', 'MSTO-211H', 'RT-112', 'NCI-H2122', 'HCC1806', 'DU-4475', 'SK-LU-1', 'CA46', 'BV-173', 'SW48', '697', 'SNU-5', 'UMUC3', 'CFPAC-1', 'KU812 cell line', 'LAMA-84', 'PSN1', 'AU565', 'KYSE-520 cell line', 'SJRH30', 'NOMO-1', 'NCI-H441', 'NCI-H596', 'DEL', 'NCI-H526', 'RD', 'Ca9-22', 'NOS-1', 'HAL-01', 'KS-1', 'ML-2', 'SW 954', 'NKM-1', 'MKN-7', 'SNU1', 'QIMR-WIL', 'ONS-76', 'A101D', 'CTV-1', 'CHL-1', 'C32', 'BB30-HNC', 'SAS', 'NCI-H1792', 'ACN', 'SNU-423', 'MKN-1', 'HT-144', 'TE-12', 'KARPAS-45', 'TE-8', 'SK-MEL-1', 'LXF-289 cell line', 'LB2241-RCC', 'COLO-829', 'A3-KAW', 'KGN', 'ETK-1', 'A4-Fuk', 'ES4', 'Calu-3', 'SK-MEL3', 'CTB-1', 'SW872', 'SK-NEP-1', 'SH-4', 'EM-2', 'BB65-RCC', 'NTERA-2-cl-D1', 'SW 962', 'MZ1-PC', 'NCI-H82', 'SK-N-AS', 'GI-ME-N', 'NB69', 'GB-1', 'CGTH-W-1', 'A388', 'NEC8', 'NCI-H747', 'ME-180', 'SNU-387', 'JAR', 'HH', 'NCI-H1355', 'L-540', 'TE-10', 'SF-126', 'DB', 'HT1197', 'KYSE-150 cell line', 'HuP-T3', 'VA-ES-BJ', 'SW780', 'GCIY', 'NCI-H1437', 'SCC-25', 'Becker', 'BE-13', 'NMC-G1', 'G-401', 'REH', 'MZ2-MEL', 'SW1088', '8305C', 'IST-MEL1', 'Ramos-2G6-4C10', 'GT3TKB', 'MLMA', 'EW-1', 'LS-411N', 'IA-LM', 'TE-9', 'Ca-Ski', 'A704', 'GR-ST', 'L-428', 'SCC-4', 'SW1710', 'EW-3', 'J-RT3-T3-5', 'LS-123', 'K5', 'NCI-H209', 'A204', 'HCE-4', 'HD-MY-Z', 'A253 cell line', 'C2BBe1', 'C-33-A', 'DSH1', 'D-263MG', 'HCE-T', 'NB10', 'NB5', 'LB996-RCC', 'MZ7-mel', 'BFTC-905', 'MEL-HO', 'NH-12', 'SK-N-FI', 'MeWo', 'EW-13', 'GAMG', 'LCLC-97TM1', 'HSC-2', 'TE-5', 'KALS-1', 'HuP-T4', 'CHP-212', 'D283 Med', 'CAL-33', 'HCC2218', 'LB2518-MEL', 'MHH-NB-11', 'BPH-1', 'TE-6', 'YKG-1', 'HSC-3', 'SCC-15', 'NCI-H2126', 'NCI-H1155', 'KINGS-1', 'FTC-133', 'CAL-12T', 'PANC-03-27', 'TGBC1TKB', 'TCC-SUP', 'Detroit562', 'D-502MG', 'NB6', 'SHP77', 'SNU-C2B', 'NCI-H1770', 'CAL-39', 'KLE', 'BHY', 'NCI-H2009', 'MN-60', 'LS-513', 'LB771-HNC', 'KMOE-2', 'BB49-HNC', 'NCI-H2030', 'BCPAP', 'SW 1116', 'MC-IXC', 'KY821', '639-V', 'BHT-101', 'CAL-54', 'ES3', 'SBC-1', 'SNU-449', 'HuCCT-1', 'DBTRG-05MG', 'EFO-27', 'DOK', 'KYSE-410', 'LU-139', 'P12-Ichikawa', 'KYSE-180', 'SK-MEL-30', 'IGR-1', 'LS-1034', 'GCT', 'NCI-H1092', 'HO-1-N-1', 'MHH-ES-1', 'HTC-C3', 'GP5d', 'NCI-H720', 'DJM-1', 'LAN-6', 'COLO-679', 'COR-L105', 'OAW-42', 'HT-1376', 'NCI-H2170', 'JVM-3', 'CAL-85-1', 'COLO-800', 'KYSE-140', 'OMC-1', 'Lu-65', 'KNS-81-FD', 'NB17', 'CAL-62', 'EW-11', 'RVH-421', 'TYK-nu', 'NCI-H2087', 'Panc1005', 'HN', 'VM-CUB-1', 'H-EMC-SS', 'LU-99A', 'EW-18', 'HT-3', 'WM-115', 'D-247MG', 'HDLM-2', 'RPMI-8866', 'COR-L88', 'BFTC-909', 'GAK', 'HCC1187', 'NB14', 'DoTc2-4510', 'NCI-H650', 'D-392MG', 'NB12', 'KU-19-19', 'SK-MEL-24', 'NCI-H2347', '647-V', 'COLO-678', 'KOSC-2', 'RERF-LC-MS', 'DMS-79', 'MDA-MB-415', 'CAL-120', 'NCI-H2405', 'HPAF-II', 'AM-38', 'S-117', 'EFO-21', 'RCM-1', 'LB373-MEL-D', 'NB7', 'MDA-MB-175-VII', 'SKG-IIIa', 'SW13', 'RO82-W-1', 'HSC-4', 'EGI-1', 'HCC1395', 'NCI-H1573', 'HEC-1', 'DK-MG', 'NCI-H1563', 'NCI-H1651', 'OAW-28', 'GMS-10', 'CaR-1', 'SW756', 'COLO-680N', 'NCI-H1395', 'COLO-792', 'NCI-H1693', 'COLO-741', 'CP50-MEL-B', 'SK-CO-1', 'BEN', 'JEG-3', 'D-542MG', 'SW1417', 'NBsusSR', 'HCC1419', 'RMG-I', 'D-566MG', 'SCH', 'LN-405', 'EPLC-272H', 'HT55', 'SW837', 'NCI-H1793', 'ZR-75-30', 'CAL-148', 'NCI-H1048', 'MOLT-13', 'NCI-H2452', 'UACC-893', 'EC-GI-10', 'TI-73', 'NCI-H630', 'SW948', 'ECC10', 'MHH-CALL-2', 'SW1463', 'NCI-H1838', 'YH-13', 'KNS-62', 'TGBC11TKB', 'OC-314', 'KP-N-YN', 'CW-2', 'NCI-H1666', 'RH-18', 'NCI-H2291', 'SW900', 'BALL-1', 'SK-MEL19', 'LU-135', 'NCI-H2029']"
CHEMBL3301598,COc1cnc(-n2cnc(C)n2)c2c1c(C(=O)C(=O)N1CCN(C(=O)c3ccccc3)CC1)cn2COP(=O)(O)O.NC(CO)(CO)CO,[]
CHEMBL3301667,[Ca+2].[N-]=C=[N-],[]
CHEMBL3577124,CNc1ncc2cc(-c3cc(NC(=O)NCCC(C)(C)C)c(F)cc3C)c(C)nc2n1,[]
CHEMBL36342,CCCCCCCCN=c1ccn(CCCCCCCCCCn2ccc(=NCCCCCCCC)cc2)cc1.Cl.Cl,['Phospholipase B']
CHEMBL3707330,C[C@@H](OC[C@@]1(c2ccccc2)CC[C@]2(CCC(=O)N2)CN1)c1cc(C(F)(F)F)cc(C(F)(F)F)c1.Cl.O,['Neurokinin 1 receptor']
CHEMBL3989867,O=C(NCc1c(F)cc(F)cc1F)c1cn2c(c([O-])c1=O)C(=O)N1[C@H]3CC[C@H](C3)O[C@@H]1C2.[Na+],[]
CHEMBL427683,COc1ccc(C)c(OC(CCN2CCC(n3c(=O)[nH]c4ccccc43)CC2)C(C)C)c1,"['Mu opioid receptor', 'Nociceptin receptor']"
CHEMBL4289017,CC(=O)NCC(=O)N1[C@@H]2CC[C@H]1c1ccc(Nc3ncc(C(F)(F)F)c(NC4CCC4)n3)cc12,[]
CHEMBL4650277,CC(C)(C)NCCNc1ccc(C2=NN=C(C(F)(F)F)C2)nc1C1CCN(c2ncnc3c2C(C)(C)C(=O)N3)CC1,[]
CHEMBL479,CSc1ccc2c(c1)N(CCC1CCCCN1C)c1ccccc1S2,"['HT-1080', 'Dopamine D5 receptor', 'MES-SA', 'Pleiotropic ABC efflux transporter of multiple drugs', 'CTLL', 'Heart', 'Serum albumin', 'Panc02']"
CHEMBL4802247,CC(=O)O.NCC(=O)Nc1cncc(-c2nn3c(=O)cc(N4CCNCC4)nc3s2)c1,['Integrin alpha-IIb']
CHEMBL486208,CC1(C)[C@@H]2CC[C@@]1(C)[C@@H](O)C2,[]
CHEMBL48802,C[S+]([O-])CCCCN=C=S,[]
CHEMBL493287,N[C@H]1C(O)O[C@H](CO)[C@@H](O)[C@@H]1O,[]
CHEMBL501867,CC[C@]1(O)C[C@H]2CN(CCc3c([nH]c4ccccc34)[C@@](C(=O)OC)(c3cc4c(cc3OC)N(C=O)[C@H]3[C@@](O)(C(=O)OC)[C@H](OC(C)=O)[C@]5(CC)C=CCN6CC[C@]43[C@@H]65)C2)C1.O=S(=O)(O)O,['HCT-116']
CHEMBL523,O=C1CN=C(c2ccccc2)c2cc(Cl)ccc2N1,[]
CHEMBL69308,CC(C(=O)O)c1ccc(/C=C2\CCCCC2=O)cc1,[]
CHEMBL839,CC(C)(C)NCC(O)COc1cccc2c1CCC(=O)N2,[]
CHEMBL107,COc1cc2c(c(OC)c1OC)-c1ccc(OC)c(=O)cc1[C@@H](NC(C)=O)CC2,"['LoVo', 'Tubulin alpha chain', 'COLO357', 'Nuclear receptor subfamily 0 group B member 1', 'TE-671']"
CHEMBL113,Cn1c(=O)c2c(ncn2C)n(C)c1=O,[]
CHEMBL1200503,CC(C)C[C@H]1C(=O)N2CCC[C@H]2[C@]2(O)O[C@](NC(=O)[C@@H]3C=C4c5cccc6[nH]c(Br)c(c56)C[C@H]4N(C)C3)(C(C)C)C(=O)N12.CS(=O)(=O)O,"['Endonuclease 4', 'Cerebral cortex alpha adrenergic receptor']"
CHEMBL1200545,CC(=O)OCC(=O)[C@@]1(OC(C)=O)[C@@H](C)C[C@H]2[C@@H]3C[C@H](F)C4=CC(=O)C=C[C@]4(C)[C@@]3(F)[C@@H](O)C[C@@]21C,"['Nuclear receptor subfamily 1 group I member 2', 'Progesterone receptor']"
CHEMBL1201780,NC(=O)N[C@@H](CCC(=O)O)C(=O)O,['Glutamate carboxypeptidase II']
CHEMBL1213252,O=C(O)C1N=C(c2ccccc2)c2cc(Cl)ccc2NC1=O,[]
CHEMBL1236395,OC[C@H]1O[C@H](O[C@H]2O[C@H](CO)[C@@H](O)[C@H](O)[C@H]2O)[C@H](O)[C@@H](O)[C@@H]1O,[]
CHEMBL1697759,O=C(NCN1CCOCC1)c1cnccn1,[]
CHEMBL1906890,CC[C@H]1CN2CCC1C[C@@H]2[C@@H](O)c1ccnc2ccc(OC)cc12,"['Plasmodium falciparum', 'Cytochrome P450 2D2']"
CHEMBL1908391,Cc1ccc(NC(=O)c2ccc(CN3CCN(C)CC3)cc2)cc1Nc1nc(-c2cccnc2)cs1,"['Tyrosine-protein kinase ABL', 'Bcr/Abl fusion protein']"
CHEMBL2063215,N#Cc1ccc(Oc2cccc(NC(=O)Nc3ccc(Cl)c(C(F)(F)F)c3)c2)cc1,[]
CHEMBL2103810,CCOC(=O)[C@@H](N)CCC(=O)N[C@@H](CSCc1ccccc1)C(=O)N[C@@H](C(=O)OCC)c1ccccc1.Cl,[]
CHEMBL2104153,CC(CN(C)C)CN1c2ccccc2Sc2ccc(C#N)cc21,[]
CHEMBL2104722,N=C(NC(=N)N1CCN(C(=N)NC(=N)Nc2ccc(Cl)cc2)CC1)Nc1ccc(Cl)cc1,[]
CHEMBL2146110,Cl.Fc1ccc(-c2cncc(CNC[C@H]3CCc4ccccc4O3)c2)cc1,[]
CHEMBL2312181,CN1CCC(c2c(O)cc(O)c3c(=O)cc(-c4ccccc4)oc23)C1CO,"['CDK9/cyclin T1', 'Cyclin-dependent kinase 4/cyclin D1', 'Caco-2']"
CHEMBL313155,[Cl-].[Cl-].c1ccc(-c2nn(-c3ccccc3)[n+](-c3ccc(-c4ccc(-[n+]5nc(-c6ccccc6)nn5-c5ccccc5)cc4)cc3)n2)cc1,[]
CHEMBL3301618,CCCN(CCC)C(=O)C1=Cc2ccc(-c3ccc(C(=O)N4CCCC4)cc3)cc2N=C(N)C1,['Toll-like receptor 8']
CHEMBL3357685,Cc1c(NS(=O)(=O)c2c(Cl)cc(-c3ccnc(N4CCNCC4)c3)cc2Cl)c(CC(C)C)nn1C,"['Glycylpeptide N-tetradecanoyltransferase', 'Peptide N-myristoyltransferase 1']"
CHEMBL3707373,CN[C@H](C)CCC=C(C)C.CN[C@H](C)CCC=C(C)C.O=C(O)[C@@H](O)[C@H](O)[C@@H](O)[C@@H](O)C(=O)O,[]
CHEMBL398440,Cc1cc(O)cc(C)c1Cl,[]
CHEMBL44657,COc1cc([C@@H]2c3cc4c(cc3[C@@H](O[C@@H]3O[C@@H]5CO[C@@H](C)O[C@H]5[C@H](O)[C@H]3O)[C@H]3COC(=O)[C@H]23)OCO4)cc(OC)c1O,[]
CHEMBL5095224,Cc1cnc(-c2cc(O[C@@H]3CCOC3)cc(C(=O)N[C@H](C)c3cnc(C(F)(F)F)nc3)c2)s1,[]
CHEMBL5314517,COc1cc(-c2ccc(CN[C@H]3C[C@@H](O)[C@@H](N(C)c4ncnc5sc(CC(F)(F)F)cc45)C3)cc2)nnc1OC,[]
CHEMBL5314932,COc1ccc(-c2nc([C@@H](C)Sc3nc(N)cc(N)n3)c(C)s2)cc1OCCN1CCOCC1,['Deoxycytidine kinase']
CHEMBL544665,CCCCCCCCc1ccc(CCC(N)(CO)CO)cc1.Cl,['Sphingosine 1-phosphate receptor Edg-1']
CHEMBL648,CN1CCN(C(c2ccccc2)c2ccccc2)CC1,['Murine leukemia virus']
CHEMBL989,CC1(C)O[C@@H]2C[C@H]3[C@@H]4C[C@H](F)C5=CC(=O)C=C[C@]5(C)[C@@]4(F)[C@@H](O)C[C@]3(C)[C@]2(C(=O)CO)O1,"['Glucocorticoid receptor', 'Nuclear receptor subfamily 1 group I member 2', 'Progesterone receptor']"
CHEMBL1076263,CS(=O)(=O)Nc1ccc2c(c1)S(=O)(=O)N=C(C1=C(O)[C@@H]3[C@H]4CC[C@H](C4)[C@@H]3N(Cc3ccc(F)cc3)C1=O)N2,['Hepatitis C virus']
CHEMBL1200936,CC1(C)S[C@@H]2[C@H](NC(=O)Cc3ccccc3)C(=O)N2[C@H]1C(=O)O.CCN(CC)CCOC(=O)c1ccc(N)cc1.O,[]
CHEMBL1363,COc1ccc(C[C@@H](C)NC[C@H](O)c2ccc(O)c(NC=O)c2)cc1,"['Beta-2 adrenergic receptor', 'Beta-1 adrenergic receptor']"
CHEMBL14762,CC[C@H](CO)Nc1nc(NCc2ccccc2)c2ncn(C(C)C)c2n1,['Cyclin-dependent kinase 2/cyclin E1']
CHEMBL198877,Oc1ccc([C@H]2COc3cc(O)ccc3C2)cc1,"['Estrogen receptor alpha', 'Estrogen receptor beta']"
CHEMBL2104786,CC(C)(CO)[C@@H](O)C(=O)NCCC(=O)NCCSSCCNC(=O)CCNC(=O)[C@H](O)C(C)(C)CO,[]
CHEMBL2104962,Cc1ccc(S(=O)(=O)O)cc1.N#C[C@@H]1C[C@H](F)CN1C(=O)[C@@H](N)C(c1ccc(F)cc1)c1ccc(F)cc1,['Dipeptidyl peptidase IV']
CHEMBL2105758,O=C(Nc1nc(-c2cc(Cl)cs2)c(N2CCN(C3CCCCC3)CC2)s1)c1cnc(N2CCC(C(=O)O)CC2)c(Cl)c1.O=C(O)/C=C\C(=O)O,[]
CHEMBL2106060,COc1ccc(CCNCC(O)COc2cccc(C)c2)cc1OC.Cl,[]
CHEMBL2106618,Cc1cc(C(=O)NCCc2ccc(S(=O)(=O)NC(=O)NN3CCCCCC3)cc2)no1,[]
CHEMBL2219642,[Cl-].[Cl-].[Mg+2],[]
CHEMBL254328,C[C@]12CC[C@H](O)CC1=CC[C@@H]1[C@@H]2CC[C@]2(C)C(c3cccnc3)=CC[C@@H]12,"['Cytochrome P450 17A1', 'Cytochrome P450 21']"
CHEMBL281594,Fc1ccc(C(OCCN2CCN(CCCc3ccccc3)CC2)c2ccc(F)cc2)cc1,"['Serotonin transporter', 'Dopamine transporter', 'Dopamine transporter']"
CHEMBL285123,N[C@H](CO)C(=O)O,"['Regulator of G-protein signaling 4', 'GABA-B receptor', 'Betaine transporter', 'Gamma-amino-N-butyrate transaminase', 'GABA receptor gamma-1 subunit', 'Glutamate receptor AMPA 1/2', 'GABA receptor alpha-1 subunit', 'Gamma-amino-N-butyrate transaminase']"
CHEMBL307739,CNCCc1ccc(OC(=O)C(C)C)c(OC(=O)C(C)C)c1,[]
CHEMBL3137314,CC#CC[C@H](C)[C@H](O)/C=C/[C@@H]1[C@H]2c3cccc(CCCC(=O)O)c3O[C@H]2C[C@H]1O,[]
CHEMBL3545224,Nc1cc(N2CCN(CCP(=O)(O)O)CC2)nc(NCC2CCC(CNCCCNC3CCCCC3)CC2)n1,[]
CHEMBL3701238,C=CC(=O)N1CC[C@H](n2nc(C#Cc3cc(OC)cc(OC)c3)c3c(N)ncnc32)C1,"['Fibroblast growth factor receptor 1', 'Fibroblast growth factor receptor 3', 'Fibroblast growth factor receptor 4', 'Fibroblast growth factor receptor 2']"
CHEMBL3989689,CC(C)[C@@H](CC[C@@H](C)[C@H]1CC[C@H]2[C@@H]3[C@H](O)C[C@H]4C[C@@H](NCCCNCCCCN)CC[C@]4(C)[C@H]3CC[C@]12C)OS(=O)(=O)O.C[C@H](O)C(=O)O.O,[]
CHEMBL4297438,O=C(O)/C=C\C(=O)O.OC1CN(CCCOCCc2ccc3sccc3c2)C1,[]
CHEMBL4297610,C[C@H](Nc1ccc(C#N)n(C)c1=O)c1cc2cc(Cl)ccc2[nH]c1=O,[]
CHEMBL436,COc1ccc2c(C(=S)N(C)CC(=O)O)cccc2c1C(F)(F)F,"['Aldose reductase', 'Aldose reductase']"
CHEMBL4584965,Cl[TeH]1(Cl)(Cl)OCCO1.N,[]
CHEMBL520733,CC(C)[C@H](O)C(=O)N[C@@H](C)C(=O)N[C@@H]1C(=O)N(C)CCc2ccccc21,[]
CHEMBL5314471,N[C@@H]1c2ccccc2OC12CCN(c1cnc3c(N4CCCc5ncccc54)nnc-3[nH]1)CC2,[]
CHEMBL5314590,COc1ccccc1Oc1c([N-]S(=O)(=O)c2ccc(C)cn2)nc(-c2ccnc(-c3nnn[n-]3)c2)nc1OCCO.[Na+].[Na+],"['Endothelin receptor ET-A', 'Endothelin receptor ET-B']"
CHEMBL64545,CN(C)CCOC(=O)COc1ccc(Cl)cc1,[]
CHEMBL968,CCN(CC)CCN1C(=O)CN=C(c2ccccc2F)c2cc(Cl)ccc21,[]
CHEMBL1072,CCCCNc1cc(C(=O)O)cc(S(N)(=O)=O)c1Oc1ccccc1,[]
CHEMBL109480,C=CCNC1=C2C[C@@H](C)C[C@H](OC)[C@H](O)[C@@H](C)/C=C(\C)[C@H](OC(N)=O)[C@@H](OC)/C=C\C=C(/C)C(=O)NC(=CC1=O)C2=O,['SK-BR-3']
CHEMBL1190199,CN(C(=O)C(c1ccccc1)c1ccccc1)[C@H](CN1CC[C@H](O)C1)c1ccccc1,[]
CHEMBL12089,COc1ccc2cc3[n+](cc2c1OC)CCc1cc2c(cc1-3)OCO2.[Cl-],['Mycosphaerella graminicola']
CHEMBL15797,c1cnccn1,['Alcohol dehydrogenase']
CHEMBL170,C=C[C@H]1CN2CC[C@H]1C[C@H]2[C@H](O)c1ccnc2ccc(OC)cc12,"['Plasmodium falciparum', 'Solute carrier family 22 member 1', 'Cytochrome P450 2D2', 'Solute carrier family 22 member 1', 'Solute carrier organic anion transporter family member 1A4']"
CHEMBL190083,C[C@@H](C(=O)O)c1ccc(-c2ccccc2)c(F)c1,"['Cyclooxygenase-2', 'Cyclooxygenase-1', 'Cyclooxygenase-1', 'N2a']"
CHEMBL1908394,C[C@@H](Oc1cc(-n2cnc3ccc(CN4CCN(C)CC4)cc32)sc1C(N)=O)c1ccccc1C(F)(F)F,"['Serine/threonine-protein kinase PLK1', 'Serine/threonine-protein kinase PLK3', 'Serine/threonine-protein kinase NEK2', 'Serine/threonine-protein kinase NEK9']"
CHEMBL2059028,COc1cc(C(=O)C(=O)N(C)[C@@H](Cc2ccc(Cl)cc2)C(=O)N(Cc2ccccc2)C(CCc2ccncc2)CCc2ccncc2)cc(OC)c1OC,[]
CHEMBL2103807,CC(C)Cn1cnc2c(N)nc3cccnc3c21,[]
CHEMBL2107073,CO[C@H]1CCC[C@H]2C1=C(C(=O)OC(C)OC(=O)OC1CCCCC1)N1C(=O)[C@H]([C@@H](C)O)[C@@H]21,[]
CHEMBL2140408,Cc1csc(-c2nnc(Nc3ccc(Oc4ncccc4-c4ccnc(N)n4)cc3)c3ccccc23)c1,"['Vascular endothelial growth factor receptor 2', 'Tyrosine-protein kinase TIE-2']"
CHEMBL296913,CCC(=O)[N-]S(=O)(=O)c1ccc(-c2c(-c3ccccc3)noc2C)cc1.[Na+],[]
CHEMBL3121849,COC(=O)N[C@H](C(=O)N1CCC[C@H]1c1nc(-c2ccc3cc(-c4ccc5[nH]c([C@@H]6CCCN6C(=O)[C@@H](NC(=O)OC)C(C)C)nc5c4)ccc3c2)c[nH]1)C(C)C,"['Hepatitis C virus', 'Nonstructural protein 5A']"
CHEMBL3183075,CNC(=C[N+](=O)[O-])NCCSCc1csc(CN(C)C)n1,"['Muscarinic acetylcholine receptor M1', 'Histamine H2 receptor']"
CHEMBL3184512,CCC[C@@H]1C[C@@H](C(=O)N[C@@H]([C@H]2O[C@H](SC)[C@H](OP(=O)(O)O)[C@@H](O)[C@H]2O)[C@H](C)Cl)N(C)C1,[]
CHEMBL3298910,CCc1nc2ccc(Cl)cn2c1C(=O)NCc1ccc(N2CCC(c3ccc(OC(F)(F)F)cc3)CC2)cc1,[]
CHEMBL3301595,N[C@@H]1CC[C@@H](c2ccc(Cl)c(Cl)c2)c2ccccc21,['Dopamine transporter']
CHEMBL33845,Oc1ccc(Cl)cc1Cc1cc(Cl)ccc1O,[]
CHEMBL35,NS(=O)(=O)c1cc(C(=O)O)c(NCc2ccco2)cc1Cl,"['Carbonic anhydrase II', 'Carbonic anhydrase I', 'Carbonic anhydrase VII', 'Carbonic anhydrase VA', 'Carbonic anhydrase VB', 'Carbonic anhydrase VI', 'Carbonic anhydrase XIII']"
CHEMBL3544988,O=C(O)CNC(=O)C1C(=O)N(C2CCCCC2)C(=O)N(C2CCCCC2)C1=O,[]
CHEMBL3646118,O=c1c(-n2ccnn2)c[nH]n1-c1cc(N2CCOCC2)ncn1,"['Hypoxia-inducible factor prolyl hydroxylase 1', 'Hypoxia-inducible factor prolyl 4-hydroxylase', 'Prolyl 3-hydroxylase OGFOD1']"
CHEMBL3702854,CC(C)(/C=C(\C#N)C(=O)N1CCC[C@@H](n2nc(-c3ccc(Oc4ccccc4)cc3F)c3c(N)ncnc32)C1)N1CCN(C2COC2)CC1,['Tyrosine-protein kinase BTK']
CHEMBL3833375,O.O.O.O.O.O.O.O.O.O.[Na+].[Na+].[O-]B1OB2OB([O-])OB(O1)O2,[]
CHEMBL3833413,CCCCC1C(=O)N(C)N(C)C1=O.CCN(CC)CCNC(=O)COc1ccc(Cl)cc1,[]
CHEMBL3991065,C[C@@H]1[C@H](c2c(F)ccc(F)c2F)C[C@H](NC(=O)c2cnc3c(c2)C[C@@]2(C3)C(=O)Nc3ncccc32)C(=O)N1CC(F)(F)F,"['Calcitonin-gene-related peptide receptor, CALCRL/RAMP1', 'Calcitonin gene-related peptide type 1 receptor']"
CHEMBL4059888,Cc1cc(F)cc(C)c1C(=O)c1sc2cc(O)ccc2c1Oc1ccc(/C=C/C(=O)O)cc1,['Estrogen receptor alpha']
CHEMBL4297641,C/C(=N\NC(=O)c1cccc(S(=O)(=O)N2CCN(C)CC2)c1)c1cc(Cl)ccc1O,['Unchecked']
CHEMBL4297646,Fc1cc(F)c(OCc2ccccc2C2CCNCC2)c(F)c1,['Serotonin transporter']
CHEMBL4582651,CO[C@]1(C(=O)N[C@@H](C)c2ccc(-n3cc(F)cn3)nc2)CC[C@H](c2nc(C)cc(Nc3cc(C)[nH]n3)n2)CC1,"['Kinesin-1 heavy chain/ Tyrosine-protein kinase receptor RET', 'Coiled-coil domain-containing protein 6/Tyrosine-protein kinase receptor RET']"
CHEMBL4651002,Cc1cn(C(=O)c2c(-c3c(Cl)cc(Cl)cc3Cl)noc2C(C)(C)F)c2cccc(/C=C/C(=O)O)c12,"['Nuclear receptor ROR-gamma', 'Bile acid receptor FXR']"
CHEMBL488,CCC1(c2ccc(N)cc2)CCC(=O)NC1=O,['Cytochrome P450 11A1']
CHEMBL77101,CCNCCCCNCCCCNCCCCNCC,"['L1210', 'NCI-H157']"
CHEMBL1076211,Cc1ccc(C(=O)C(C)CN2CCCCC2)cc1,[]
CHEMBL1198855,CC(C)(CC1Cc2ccccc2C1)NC[C@@H](O)COc1cc(CCC(=O)O)cc(F)c1F,[]
CHEMBL1200,CCCCOc1cc(C(=O)OCCN(CC)CC)ccc1N,[]
CHEMBL1201002,CC(C)(C)NCC(O)COc1cccc2c1CCC(=O)N2.Cl,[]
CHEMBL1237119,CCCCC[C@H](O)CC[C@@H]1[C@H]2Cc3cccc(OCC(=O)O)c3C[C@H]2C[C@H]1O,[]
CHEMBL1241951,COc1cccc(N2CCN(C3=Nc4c(F)cccc4[C@H](CC(=O)O)N3c3cc(C(F)(F)F)ccc3OC)CC2)c1,[]
CHEMBL13291,CN1C(=O)CN=C(c2ccccc2F)c2cc(Cl)ccc21,[]
CHEMBL1353,O=C([O-])O.[Na+],['Olfactory receptor 51E2']
CHEMBL1409,COCCCC/C(=N\OCCN)c1ccc(C(F)(F)F)cc1.O=C(O)/C=C\C(=O)O,[]
CHEMBL1476022,CC(=O)O[C@]1(C(C)=O)CC[C@H]2[C@@H]3C=C(C)C4=CC(=O)CC[C@@H]4[C@H]3CC[C@@]21C,"['Nuclear receptor subfamily 1 group I member 2', 'Progesterone receptor']"
CHEMBL1628227,CN(C)CCC=C1c2ccccc2COc2ccccc21,['Histamine H1 receptor']
CHEMBL1697744,O=C(O)CSCC(=O)NC1CCSC1=O,[]
CHEMBL1741078,CC1CCC(C(=O)N(c2cc(-c3ccccc3)sc2C(=O)O)C2CCC(O)CC2)CC1,[]
CHEMBL1908359,O=P([O-])([O-])F.[Na+].[Na+],['Carbonic anhydrase V']
CHEMBL1921976,CNC(=O)c1ccc2cc([C@@]3(O)CCn4cncc43)ccc2c1,"['Cytochrome P450 17A1', 'Cytochrome P450 17A1']"
CHEMBL2103860,COC(=O)[C@H](c1ccccc1)N1CCC(c2ccc(NC(=O)c3ccccc3-c3ccc(C(F)(F)F)cc3)cc2)CC1,"['Microsomal triglyceride transfer protein large subunit', 'Apolipoprotein B-100']"
CHEMBL2105435,CC(C)(Oc1ccc(Cl)cc1)C(=O)OCCCOC(=O)C(C)(C)Oc1ccc(Cl)cc1,[]
CHEMBL211471,CN(C)C(=O)Oc1cccc([N+](C)(C)C)c1.COS(=O)(=O)[O-],[]
CHEMBL258734,CC(C)(C)OC(=O)N[C@H]1CCCCC/C=C\[C@@H]2C[C@@]2(C(=O)NS(=O)(=O)C2CC2)NC(=O)[C@@H]2C[C@@H](OC(=O)N3Cc4cccc(F)c4C3)CN2C1=O,"['Unchecked', 'Hepatitis C virus']"
CHEMBL303960,COCc1cccc(C[C@H](O)/C=C/[C@H]2[C@H](O)CC(=O)[C@@H]2CCSCCCC(=O)OC)c1,"['Prostanoid EP3 receptor', 'Prostanoid EP4 receptor']"
CHEMBL31634,O=c1[nH]c(=O)n([C@H]2C[C@H](O)[C@@H](CO)O2)cc1/C=C/Br,"['Human herpesvirus 1', 'Thymidine kinase']"
CHEMBL3187812,CC(=O)S[C@H](C(=O)N[C@H]1Cc2ccccc2[C@H]2CCC[C@@H](C(=O)O)N2C1=O)C(C)C,[]
CHEMBL3634561,O=c1nc(OCCc2ccc(Oc3ccc(Cl)c(C(F)(F)F)c3)cc2)[nH]cc1Cc1cncnc1,"['LDL-associated phospholipase A2', 'Platelet-activating factor acetylhydrolase']"
CHEMBL36633,NC(=O)CN1CC(O)CC1=O,[]
CHEMBL3707403,CCCCc1oc2ccc(C(=O)OC(C)C)cc2c1C(=O)c1ccc(CCCN(CCCC)CCCC)cc1,[]
CHEMBL3786182,O=C(O)c1ccc(CN2CCC(CN[C@@H]3C[C@H]3c3ccccc3)CC2)cc1,[]
CHEMBL3989923,O=C([O-])C[C@H](O)C[C@H](O)/C=C/c1c(C2CC2)nc2ccccc2c1-c1ccc(F)cc1.O=C([O-])C[C@H](O)C[C@H](O)/C=C/c1c(C2CC2)nc2ccccc2c1-c1ccc(F)cc1.[Mg+2],['HMG-CoA reductase']
CHEMBL4297264,C1=Cc2ccccc2NN=C1,[]
CHEMBL4297276,CC1=Nc2ccc(Cl)cc2S(=O)(=O)[N-]1.C[N+](C)(C)CCO,[]
CHEMBL4297677,Br.C[C@@H](O)[C@H]1C(=O)N2C(C(=O)OCOC(=O)C(C)(C)C)=C(SC3CN(C4=NCCS4)C3)[C@H](C)[C@H]12,[]
CHEMBL4298153,Br.Br.CCC[C@H](N[C@H]1CCc2cc(F)cc(F)c2C1)C(=O)Nc1cn(C(C)(C)CNCC(C)(C)C)cn1,[]
CHEMBL4650336,COc1ccc([C@H]2c3[nH]c4ccc(Cl)cc4c3CCN2C(=O)Oc2ccc(Cl)cc2)cc1,[]
CHEMBL5095189,CC(C)C(=O)N1CCC[C@]12CN([C@H](C(N)=O)[C@@H](C)O)C2=O,['Synaptic vesicle protein 2a']
CHEMBL5095232,Cc1cc2c(-c3ccccc3F)nc(N3CCNCC3)nc2s1.Cl.O,[]
CHEMBL5303393,O=C(O)C(O)C(O)C(=O)O.c1cnc2cc3c(cc2n1)[C@@H]1CNC[C@H]3C1,[]
CHEMBL5314385,CCc1ccc(CSc2ccc(NS(=O)(=O)c3ccc(C)c(C(=O)O)c3)cc2)cc1,[]
CHEMBL539,CC(=O)O,['Olfactory receptor 51E2']
CHEMBL778,Cc1cccc([C@H](C)c2c[nH]cn2)c1C,"['Alpha-1a adrenergic receptor', 'Alpha-2a adrenergic receptor', 'Alpha-2c adrenergic receptor']"
CHEMBL1095607,Cn1c(=O)c2c(ncn2CCCNCC(O)c2cc(O)cc(O)c2)n(C)c1=O,[]
CHEMBL1201155,CN1CCN(C2=Nc3ccccc3Oc3ccc(Cl)cc32)CC1.O=C(O)CCC(=O)O,[]
CHEMBL1201191,O=C(O)COCCN1CCN([C@H](c2ccccc2)c2ccc(Cl)cc2)CC1,['Murine leukemia virus']
CHEMBL1201356,CC[C@@H](CO)NC(=O)[C@@H]1C=C2c3cccc4[nH]cc(c34)C[C@H]2N(C)C1,['Serotonin 1a (5-HT1a) receptor']
CHEMBL1230866,[Ag+],['Carbonic anhydrase V']
CHEMBL1236524,Nc1ncnc2c([C@@H]3N[C@H](CO)[C@@H](O)[C@H]3O)c[nH]c12,[]
CHEMBL1237212,O=C1OC(=O)[C@H]2[C@@H]1[C@H]1CC[C@H]2O1,"['Serine-threonine protein phosphatase 2A regulatory subunit', 'Serine/threonine protein phosphatase PP1-gamma catalytic subunit', 'Protein phosphatase 2C beta']"
CHEMBL1261,O=C(O)CC(O)(CC(=O)O)C(=O)O,"['Glutamate carboxypeptidase II', '5-enolpyruvylshikimate-3-phosphate synthase', 'ATP-citrate synthase', 'Solute carrier family 22 member 6', 'Methylcytosine dioxygenase TET2', '3-dehydroquinate synthase']"
CHEMBL1351474,CC1=CC(=O)[N-]S(=O)(=O)O1.[K+],['Carbonic anhydrase II']
CHEMBL1454946,COC(=O)Nc1nc2cc(C(=O)c3ccc(F)cc3)ccc2[nH]1,[]
CHEMBL1701,CCOC(=O)C1(c2ccccc2)CCN(C)CC1.Cl,[]
CHEMBL2103768,CN(C(=O)C(Cl)Cl)c1ccc(O)cc1,[]
CHEMBL2105935,C[N+](C)(C)CCO.O=C([O-])C(O)C(O)C(=O)O,[]
CHEMBL2111101,CC(C)COc1ccc(CNC(=O)N(Cc2ccc(F)cc2)C2CCN(C)CC2)cc1,['Urotensin II receptor']
CHEMBL2355839,CNC(C)CCC=C(C)C.CNC(C)CCC=C(C)C.O=C(O)[C@@H](O)[C@H](O)[C@H](O)[C@@H](O)C(=O)O,[]
CHEMBL263198,Nc1c2c(nc3c1CCCC3)CCCC2,['Acetylcholinesterase']
CHEMBL273862,CC[C@@]1(O)C(=O)OCc2c1cc1n(c2=O)Cc2cc3cc(O)ccc3nc2-1,[]
CHEMBL3186538,COC1=C(C(=O)O)N2C(=O)[C@@H](NC(=O)[C@H](N)C3=CCC=CC3)[C@H]2SC1,[]
CHEMBL3989857,O.O.O.O.O.O.O.O=S(=O)([O-])[O-].[Mg+2],[]
CHEMBL4297507,C[C@H]1CN(C(=O)CC#N)[C@]12CCN(c1ncnc3[nH]ccc13)C2,"['Tyrosine-protein kinase JAK2', 'Tyrosine-protein kinase JAK1', 'Tyrosine-protein kinase JAK3']"
CHEMBL4519121,C[C@H]1c2cccc(CCC(C)(C)O)c2C[C@H](CO)N1C(=O)Cc1c(Cl)cccc1Cl.O=C(O)c1ccc(O)cc1,[]
CHEMBL462018,CN1N=C(N)c2cn([C@@H]3O[C@H](COP(=O)(O)O)[C@@H](O)[C@H]3O)c3ncnc1c23,[]
CHEMBL5095028,CC(C)N1C[C@@H]2C[C@H]1CN2c1ccc(Nc2ncc(-c3coc(C(N)=O)c3)n3ncnc23)cc1,[]
CHEMBL5095064,COCc1nn(Cc2ccc(Cn3cc(F)ccc3=O)cc2)cc1C(=O)NCc1nccc(OC)c1F,['Plasma kallikrein']
CHEMBL5201870,COCc1cc(C(=O)Nc2cc([C@H]3CC[C@@H](OC(=O)NC(C)C)C3)[nH]n2)n(C)n1,[]
CHEMBL560592,NCC(=O)N1C[C@H](NC(=O)c2ccccc2)C[C@H]1C(=O)O,['Platelet']
CHEMBL809,CN[C@H]1CC[C@@H](c2ccc(Cl)c(Cl)c2)c2ccccc21,"['Serotonin transporter', 'Serotonin transporter', 'Norepinephrine transporter', 'Dopamine transporter', 'Dopamine transporter', 'Norepinephrine transporter']"
CHEMBL101253,Clc1ccc(Nc2nnc(Cc3ccncc3)c3ccccc23)cc1,"['Vascular endothelial growth factor receptor 2', 'Vascular endothelial growth factor receptor 1']"
CHEMBL1101,OC(CCN1CCCCC1)(c1ccccc1)C1CC2C=CC1C2,[]
CHEMBL113051,CC[C@@]1(O)C(=O)OCc2c1cc1n(c2=O)Cc2c-1nc1ccccc1c2/C=N/OC(C)(C)C,['KB']
CHEMBL1173532,COC[C@@]12CNCC[C@]1(c1ccc(Cl)c(Cl)c1)C2,"['Serotonin transporter', 'Norepinephrine transporter', 'Dopamine transporter']"
CHEMBL1181829,CN(c1ccc(Cl)cc1)c1cc[n+](Cc2ccc(-c3ccc(C[n+]4ccc(N(C)c5ccc(Cl)cc5)c5ccccc54)cc3)cc2)c2ccccc12,['Choline kinase alpha']
CHEMBL1200380,Nc1nc([O-])c2ncn(COCCO)c2n1.[Na+],['Human herpesvirus 2']
CHEMBL1200391,NC(CO)(CO)CO,"['GABA-B receptor', 'Ornithine decarboxylase', 'GABA receptor gamma-1 subunit']"
CHEMBL1200458,O=C([O-])CC(O)(CC(=O)[O-])C(=O)[O-].[K+].[K+].[K+],['5-enolpyruvylshikimate-3-phosphate synthase']
CHEMBL1200475,COc1cccc2c1C(=O)c1c(O)c3c(c(O)c1C2=O)C[C@@](O)(C(C)=O)C[C@@H]3O[C@H]1C[C@H](N)[C@H](O)[C@H](C)O1.O=C(O)CC(O)(CC(=O)O)C(=O)O,['Shiga toxin 1 variant A subunit']
CHEMBL1222251,O[C@H]1[C@H](O)[C@@H](O)[C@H](O)[C@@H](O)[C@H]1O,[]
CHEMBL1237,NCCCC[C@H](N[C@@H](CCc1ccccc1)C(=O)O)C(=O)N1CCC[C@H]1C(=O)O,['Angiotensin-converting enzyme']
CHEMBL12610,CN(C)CCCOc1nn(Cc2ccccc2)c2ccccc12,[]
CHEMBL155572,NCc1ccccc1O,"['Lysyl oxidase homolog 2', 'Phenylethanolamine N-methyltransferase', 'Matrix metalloproteinase 9']"
CHEMBL1738697,CNC(=O)c1c(C)oc2cc(Oc3ccnc4cc(OCCN5CCOCC5)ccc34)ccc12,['Vascular endothelial growth factor receptor 2']
CHEMBL19224,COc1ccc(Cc2nccc3cc(OC)c(OC)cc23)cc1OC,['Phosphodiesterase 10A']
CHEMBL2103761,COC(=O)C1=C(C)NC(C)=C(C(=O)O[C@H]2CCN(Cc3ccccc3)C2)[C@H]1c1cccc([N+](=O)[O-])c1,[]
CHEMBL230011,Nc1nc(N)c2nc(-c3cccc(O)c3)c(-c3cccc(O)c3)nc2n1,"['PI3-kinase p110-alpha subunit', 'Casein kinase I delta', 'Phosphatidylinositol-4-phosphate 5-kinase type-1 gamma', 'Serine/threonine-protein kinase LATS2', 'Chaperone activity of bc1 complex-like, mitochondrial', 'Casein kinase I isoform alpha-like', 'Receptor-interacting serine/threonine-protein kinase 4', 'Phosphatidylinositol-4-phosphate 3-kinase C2 domain-containing subunit gamma', 'Uncharacterized aarF domain-containing protein kinase 4', 'Serine/threonine-protein kinase OSR1', 'Ribosomal protein S6 kinase 2', 'Estrogen receptor alpha', 'Pyridoxal kinase', 'Insulin-like growth factor II receptor', 'Transient receptor potential cation channel subfamily M member 6']"
CHEMBL25336,C(=N/NC1=NCCN1)\c1c2ccccc2c(/C=N/NC2=NCCN2)c2ccccc12,[]
CHEMBL3137301,CCOC(=O)[C@H](C)C[C@@H](Cc1ccc(-c2ccccc2)cc1)NC(=O)CCC(=O)O,['Neprilysin']
CHEMBL336360,CC(CCCCCCCCCCCCc1ccc(I)cc1)CC(=O)O,[]
CHEMBL3545062,COC[C@H]1C[C@@H](c2nc(-c3ccc4c(c3)COc3cc5c(ccc6nc([C@@H]7CC[C@H](C)N7C(=O)[C@@H](NC(=O)OC)C(C)C)[nH]c65)cc3-4)c[nH]2)N(C(=O)[C@H](NC(=O)OC)c2ccccc2)C1,['Nonstructural protein 5A']
CHEMBL35505,N/N=c1\[nH][nH]/c(=N\N)c2ccccc12,[]
CHEMBL3681949,C#Cc1cc(Nc2nccc(Oc3ccc(NC(=O)Nc4cc(C(C)(C)C)cc(NS(C)(=O)=O)c4OC)c4ccccc34)n2)cc(C(=O)NCCOCCOCCOC)c1,[]
CHEMBL3989920,O=C([O-])C[C@H](O)C[C@H](O)/C=C/c1c(C2CC2)nc2ccccc2c1-c1ccc(F)cc1.[Na+],['HMG-CoA reductase']
CHEMBL3989969,C[C@@H](O)C(=N)NS(=O)(=O)c1cc(C(=O)C(C(=O)c2cc(F)ccc2F)=C2Nc3ccccc3N2)ccc1F,[]
CHEMBL4297258,C=CC(=O)Nc1cc(Nc2nccc(-c3cn(C)c4ccccc34)n2)c(OCC(F)(F)F)nc1N(C)CCN(C)C,"['Epidermal growth factor receptor erbB1', 'NCI-H1975']"
CHEMBL4297445,Cc1cc(Cc2c(C)nn(CCC(=O)O)c2C)c2c(c1O)CCC2,"['Solute carrier family 22 member 12', 'Thyroid hormone receptor alpha']"
CHEMBL4297647,CC(C)Oc1ccc(-c2nc(O[C@@H]3C[C@H]4C(=O)N[C@]5(C(=O)NS(=O)(=O)C6(C)CC6)C[C@H]5/C=C\CCCCC[C@H](NC(=O)OC5CCCC5)C(=O)N4C3)c3oc4ccccc4c3n2)cc1,"['Hepatitis C virus', 'Hepatitis C virus serine protease, NS3/NS4A']"
CHEMBL441,CCCC(C)C1(CC)C(=O)NC(=S)NC1=O,[]
CHEMBL4457723,CC(C)N(C)[C@@H]1CC[C@H](N2CC[C@H](Nc3ncnc4ccc(C(F)(F)F)cc34)C2=O)[C@H](NS(C)(=O)=O)C1,"['C-C chemokine receptor type 2', 'C-C chemokine receptor-like 2']"
CHEMBL4514636,C=CC(=O)N[C@H]1CCOC[C@H]1Nc1ncc2cc(-c3c(Cl)c(OC)cc(OC)c3Cl)ccc2n1,"['Fibroblast growth factor receptor 1', 'Fibroblast growth factor receptor 4', 'Fibroblast growth factor receptor 2']"
CHEMBL452,O=C1CN=C(c2ccccc2Cl)c2cc([N+](=O)[O-])ccc2N1,[]
CHEMBL5095202,Cc1nc(-c2cnc(NC(C)C)n(C)c2=O)ccc1Oc1ccnc(-c2cnn(C)c2)c1,['NFS-60']
CHEMBL5095225,Cc1nc(-c2ccccc2F)c(C(=O)NC(Cc2ccccc2)C(=O)C(N)=O)o1,['Calpain 1']
CHEMBL5095264,Cc1cc(N2CCc3cc(F)ccc3C2)cc(C)c1NC(=O)CC(C)(C)C,['Voltage-gated potassium channel subunit Kv7.2']
CHEMBL5314629,CC(C)OC(=O)Nc1ccc(-c2cnc([C@H]3CC[C@H](NC(=O)OC(C)C)CC3)s2)c(S(=O)(=O)NC(C)(C)C)c1,[]
CHEMBL672,CC(C)OC(=O)C(C)(C)Oc1ccc(C(=O)c2ccc(Cl)cc2)cc1,"['Fatty acid-binding protein, liver']"
CHEMBL75124,CCCCCCCCC(=O)NCc1ccc(O)c(OC)c1,[]
CHEMBL797,CN1C(=O)CC(c2ccccc2)C1=O,[]
CHEMBL93124,CNc1ccc(-c2nc3ccc(O)cc3s2)cc1,"['Beta amyloid A4 protein', 'Sulfotransferase 1A1']"
CHEMBL962,CCCCC[C@H](O)/C=C/[C@@H]1[C@H]2C/C(=C/CCCC(=O)[O-])O[C@H]2C[C@H]1O.[Na+],[]
CHEMBL1396177,CC1(C)S[C@@H]2[C@H](NC(=O)COc3ccccc3)C(=O)N2[C@H]1C(=O)O.CC1(C)S[C@@H]2[C@H](NC(=O)COc3ccccc3)C(=O)N2[C@H]1C(=O)O.c1ccc(CNCCNCc2ccccc2)cc1,[]
CHEMBL1615025,Cn1c(=O)c(F)c(Nc2ccc(I)cc2F)c2c(=O)n(C[C@@H](O)CO)cnc21,['Dual specificity mitogen-activated protein kinase kinase 1']
CHEMBL1735,CC(C)(C)NC(=O)[C@@H]1CN(Cc2cccnc2)CCN1C[C@@H](O)C[C@@H](Cc1ccccc1)C(=O)N[C@H]1c2ccccc2C[C@H]1O.O=S(=O)(O)O,['Human immunodeficiency virus type 1 protease']
CHEMBL1797128,C[S+](C)CC[C@H](N)C(=O)O.[Cl-],['Betaine transporter']
CHEMBL2068841,O=[N+]([O-])c1nccn1CC(O)CF,"['Trypanosoma cruzi', 'Thioredoxin reductase']"
CHEMBL2105694,COCC(=O)[C@@]1(OC(C)=O)CC[C@H]2[C@@H]3CCC4=CC(=O)CCC4=C3[C@@H](c3ccc(N(C)C)cc3)C[C@@]21C,[]
CHEMBL2105704,COc1cc2nccc(Oc3ccc(NC(=O)NC4CC4)c(Cl)c3)c2cc1C(N)=O.CS(=O)(=O)O,"['Vascular endothelial growth factor receptor 2', 'Serine/threonine-protein kinase RIPK2']"
CHEMBL33,C[C@H]1COc2c(N3CCN(C)CC3)c(F)cc3c(=O)c(C(=O)O)cn1c23,"['Mycobacterium smegmatis', 'Streptococcus pneumoniae', 'Mycobacterium intracellulare']"
CHEMBL3549142,NC[C@H]1OB(O)c2c(OCCCO)cccc21,[]
CHEMBL3899477,COc1cc(N2CCC(N3CCN(C)CC3)CC2)ccc1Nc1nc2c(c(Nc3ccccc3S(=O)(=O)NC(C)C)n1)CCN2,"['Focal adhesion kinase 1', 'Protein tyrosine kinase 2 beta']"
CHEMBL3977543,Cc1ccc2c(Nc3cccc(Cl)c3F)nccc2c1NC(=O)c1csc2c(N)ncnc12,['Serine/threonine-protein kinase B-raf']
CHEMBL398707,CN1CC[C@]23c4c5ccc(O)c4O[C@H]2C(=O)CC[C@H]3[C@H]1C5,"['Delta opioid receptor', 'Opioid receptors; mu & kappa']"
CHEMBL4216467,CCn1c(=O)c(-c2cc(NC(=O)Nc3ccccc3)c(F)cc2Br)cc2cnc(NC)cc21,[]
CHEMBL465,CCCCCc1cc(O)c2c(c1)OC(C)(C)[C@@H]1CCC(C)=C[C@@H]21,"['Cannabinoid CB2 receptor', 'Cannabinoid CB1 receptor', 'Cannabinoid CB1 receptor', 'Cannabinoid CB2 receptor', 'Transient receptor potential cation channel subfamily V member 2', 'Cannabinoid receptor', 'Transient receptor potential cation channel subfamily V member 2']"
CHEMBL5095070,Fc1ccc(N(c2ccc(F)cc2)[C@H]2CCNC2)cc1,"['Serotonin transporter', 'Norepinephrine transporter', 'Dopamine transporter']"
CHEMBL5095408,C[C@H](CCOc1cccc(CC(=O)[O-])c1)N(Cc1cccc(C(F)(F)F)c1Cl)CC(c1ccccc1)c1ccccc1.C[C@H](CCOc1cccc(CC(=O)[O-])c1)N(Cc1cccc(C(F)(F)F)c1Cl)CC(c1ccccc1)c1ccccc1.[Zn+2],[]
CHEMBL5095409,Cc1ccc(S(=O)(=O)O)cc1.O=C(O)c1nc2ccccc2n([C@@H]2C[C@H]3CCC[C@@H](C2)N3C2C[C@H]3CCC[C@@H](C2)C3)c1=O,"['Mu opioid receptor', 'Opioid growth factor receptor-like protein 1']"
CHEMBL5314919,Br.O=C(NO)c1ccc(Cn2cc(CN[C@@H]3C[C@H]3c3ccccc3)cn2)cc1,['Histone deacetylase 1']
CHEMBL569713,CN1[C@@H]2C[C@@H](OC(=O)[C@H](CO)c3ccccc3)C[C@H]1[C@@H]1O[C@@H]12,['Trachea']
CHEMBL692,OCC(O)CO,"['GABA-B receptor', 'GABA receptor alpha-1 subunit']"
CHEMBL73822,Cn1c(/C=C/CO)c(CO)c2c1C(=O)C=C(N1CC1)C2=O,['AGS']
CHEMBL107400,Cc1cc(OCC(=O)O)cc(C)c1Cc1ccc(O)c(C(C)C)c1,"['Thyroid hormone receptor beta-1', 'Thyroid hormone receptor alpha', 'Thyroid hormone receptor']"
CHEMBL1076903,c1cnc2cc3c(cc2n1)[C@@H]1CNC[C@H]3C1,"['Neuronal acetylcholine receptor; alpha4/beta2', 'Neuronal acetylcholine receptor; alpha4/beta2', 'Neuronal acetylcholine receptor; alpha2/beta2']"
CHEMBL1089962,O=P(O)(O)OC[C@H]1O[C@@](O)(COP(=O)(O)O)[C@@H](O)[C@@H]1O,"['5-enolpyruvylshikimate-3-phosphate synthase', '6-phosphogluconate dehydrogenase', 'Inositol 1,4,5-trisphosphate receptor', '6-phosphogluconate dehydrogenase, decarboxylating, putative']"
CHEMBL1149,C[N+](C)(C)C[C@H](O)CC(=O)[O-],['Gamma-butyrobetaine dioxygenase']
CHEMBL1200588,CCC[C@@H]1C[C@@H](C(=O)N[C@@H]([C@H]2O[C@H](SC)[C@H](O)[C@@H](O)[C@H]2O)[C@H](C)Cl)N(C)C1.Cl,[]
CHEMBL1201080,COc1cc(Cc2cnc(N)nc2N)cc(OC)c1OC.Cl,"['Dihydrofolate reductase', 'Dihydrofolate reductase']"
CHEMBL1201284,C[C@@H](NCCCc1cccc(C(F)(F)F)c1)c1cccc2ccccc12,"['Calcium sensing receptor', 'Calcium sensing receptor']"
CHEMBL1237132,CCCC(=O)OCOC(=O)C1=C(C)NC(C)=C(C(=O)OC)C1c1cccc(Cl)c1Cl,"['Voltage-gated L-type calcium channel alpha-1D subunit', 'Voltage-gated L-type calcium channel alpha-1C subunit']"
CHEMBL1278118,COc1cc(OC)cc(N2CCN(C(=O)Nc3nc4cc(F)ccc4nc3OC)CC2)c1,"['A549', 'HCT-116', 'MDA-MB-231', 'PC-3', 'PANC-1', 'MKN-45']"
CHEMBL1410877,Clc1ccc([C@H](Cn2ccnc2)OCc2csc3c(Cl)cccc23)c(Cl)c1,[]
CHEMBL1580,OC[C@H]1O[C@@H](n2cnc3c2N=CNC[C@H]3O)C[C@@H]1O,['Adenosine deaminase']
CHEMBL1581,CCC[C@H](N[C@@H](C)C(=O)N1[C@H](C(=O)O)C[C@@H]2CCCC[C@@H]21)C(=O)OCC,[]
CHEMBL17,NS(=O)(=O)c1cc(Cl)c(Cl)c(S(N)(=O)=O)c1,"['Carbonic anhydrase II', 'Carbonic anhydrase I', 'Carbonic anhydrase VII']"
CHEMBL1788387,CCOCCN(Cc1ccc(CN(CCOCC)C(=O)C(Cl)Cl)cc1)C(=O)C(Cl)Cl,[]
CHEMBL2087337,CC(C)n1c(=O)c(C(=O)N[C@H]2C[C@H]3CC[C@@H](C2)N3C[C@@H](O)CN(C)S(C)(=O)=O)cc2ccccc21,['Serotonin 4 (5-HT4) receptor']
CHEMBL2105648,CC1(C)CCC(C)(C)c2cc(Cn3cccn3)c(/C=C/c3ccc(C(=O)O)cc3)cc21,['Cytochrome P450 26A1']
CHEMBL2219416,C=CCN1CC[C@]23c4c5ccc(O)c4O[C@H]2[C@@H](OCCOCCOCCOCCOCCOCCOCCOC)CC[C@@]3(O)[C@H]1C5.O=C(O)C(=O)O,[]
CHEMBL2336071,CCc1cc(/C(C)=N/OCc2ccc(C3CCCCC3)c(C(F)(F)F)c2)ccc1CN1CC(C(=O)O)C1,['Sphingosine 1-phosphate receptor Edg-1']
CHEMBL253592,CCN(CC)CCNC(C(=O)OCCC(C)C)c1ccccc1,[]
CHEMBL288149,CC(=O)NC[C@H]1CN(c2ccc(N3CCSCC3)c(F)c2)C(=O)O1,['Escherichia coli']
CHEMBL30116,CCn1cc(C(=O)O)c(=O)c2cnc(N3CCNCC3)nc21,['Streptococcus pneumoniae']
CHEMBL3039522,CC[C@H](NC(=O)[C@H](C)NC)C(=O)N1C[C@@H](O)C[C@H]1Cc1c(-c2[nH]c3cc(F)ccc3c2C[C@@H]2C[C@H](O)CN2C(=O)[C@H](CC)NC(=O)[C@H](C)NC)[nH]c2cc(F)ccc12,[]
CHEMBL3092041,COc1ccc2c3c1O[C@H]1[C@@H](OC(C)=O)CC[C@H]4[C@@H](C2)N(C)CC[C@@]341,[]
CHEMBL3355009,CCOc1cc(=O)[nH]cc1-c1ccc(CC(=O)Nc2cc(C(C)(C)C(F)(F)F)on2)c(F)c1,[]
CHEMBL3545097,CC(C)n1nc(-c2ccc3oc(N)nc3c2)c2c(N)ncnc21,"['PI3-kinase p110-alpha subunit', 'Serine/threonine-protein kinase mTOR', 'PI3-kinase p110-delta subunit', 'PI3-kinase p110-gamma subunit', 'PI3-kinase p110-beta subunit', 'DNA-dependent protein kinase', 'PI4-kinase beta subunit', 'mTORC1', 'mTORC2']"
CHEMBL3545125,CCC1=C[C@@H]2[C@H](C1)C[C@]2(CN)CC(=O)O,[]
CHEMBL3707341,CBr.CN(C)CCOC(c1ccccc1)c1ccccc1,[]
CHEMBL392149,OC[C@H]1O[C@@H](n2cnc3c(N[C@@H]4CCOC4)ncnc32)[C@H](O)[C@@H]1O,[]
CHEMBL39560,CC(=O)c1ccc2c(c1)N(CCCN(C)C)c1ccccc1S2,"['HT-1080', 'MES-SA', 'Serum albumin']"
CHEMBL458876,Nc1nc(N)c2ncn([C@H]3CO[C@@H](CO)O3)c2n1,[]
CHEMBL4650317,CC(C)(C)CNCCn1c(Sc2cc3c(cc2I)OCO3)nc2c(N)ncnc21,['Heat shock protein HSP90']
CHEMBL4650366,Cn1cc(-c2cc(S(C)(=O)=O)ccc2OCC2CC2)c2ccccc2c1=O,"['Bromodomain-containing protein 4', 'Bromodomain adjacent to zinc finger domain protein 2A']"
CHEMBL482967,Cc1nc(N)sc1-c1ccnc(Nc2ccc(N3CCOCC3)cc2)n1,"['Glycogen synthase kinase-3 beta', 'Cyclin-dependent kinase 2', 'c-Jun N-terminal kinase 1', 'Dual specificity protein kinase CLK2', 'c-Jun N-terminal kinase 2', 'Cyclin-dependent kinase 1', 'Cyclin-dependent kinase 9', 'Cyclin-dependent kinase 4', 'Dual specificity mitogen-activated protein kinase kinase 1', 'Glycogen synthase kinase-3 alpha', 'Casein kinase I delta', '3-phosphoinositide dependent protein kinase-1', 'Serine/threonine-protein kinase TBK1', 'Inhibitor of nuclear factor kappa B kinase epsilon subunit', 'Dual specificty protein kinase CLK1', 'Serine/threonine-protein kinase TAO1', 'Cyclin-dependent kinase 7', 'Serine/threonine-protein kinase Nek1', 'CaM kinase II gamma', 'MAP kinase-activated protein kinase 5', 'Ephrin type-A receptor 4', 'Serine/threonine-protein kinase SIK2', 'Interferon-induced, double-stranded RNA-activated protein kinase', 'Serine/threonine-protein kinase 33', 'Citron Rho-interacting kinase', 'Uncharacterized protein FLJ45252', 'Serine/threonine-protein kinase NEK9', 'Mitotic checkpoint serine/threonine-protein kinase BUB1', 'Serine/threonine-protein kinase Nek3', 'Uncharacterized aarF domain-containing protein kinase 1', 'Human rhinovirus 45', 'Human rhinovirus 89', 'CD63 antigen', 'Human rhinovirus 1A', 'Acyl-CoA dehydrogenase family member 10', 'CDK1/Cyclin E', 'Cyclin A2']"
CHEMBL521686,O=C(c1cc(Cc2n[nH]c(=O)c3ccccc23)ccc1F)N1CCN(C(=O)C2CC2)CC1,"['Poly [ADP-ribose] polymerase-1', 'Poly [ADP-ribose] polymerase 12']"
CHEMBL5314436,COc1cc(C(=O)N[C@H]2CC[C@H](N3CCN(C)CC3)CC2)ccc1Nc1ncc2c(n1)N(C1CCCC1)CC1(CC1)C(=O)N2C,['Bromodomain-containing protein 4']
CHEMBL5314458,NC(=O)c1c(N)nn2ccc(N3C[C@@H](F)C[C@@H]3c3cc(F)ccc3F)nc12,['Nerve growth factor receptor Trk-A']
CHEMBL68055,CC1=C(c2ccc(O)cc2)[C@H](c2ccc(OCCN3CCCCC3)cc2)Oc2cc(O)ccc21,"['Estrogen receptor alpha', 'Estrogen receptor beta']"
CHEMBL1200961,CN(C)CCC(c1ccc(Br)cc1)c1ccccn1.O=C(O)/C=C\C(=O)O,[]
CHEMBL1201022,Cl.Nc1ccc(/N=N/c2ccccc2)c(N)n1,[]
CHEMBL1201084,[131I-].[Na+],['Carbonic anhydrase V']
CHEMBL1349,CC(C)[C@H](N)C(=O)OCCOCn1cnc2c(=O)nc(N)[nH]c21,[]
CHEMBL15413,CO[C@@]1(NC(=O)CSC(F)F)C(=O)N2C(C(=O)O)=C(CSc3nnnn3CCO)CO[C@@H]21,['PER-2 beta-lactamase']
CHEMBL1946618,CN(CCO)C(=O)c1ccc(C(=C2CCN(Cc3cscn3)CC2)c2cccc3cccnc23)cc1,['Delta opioid receptor']
CHEMBL2035874,CC(C)c1cc(Oc2c(Br)cc(NC(=O)CC(=O)O)cc2Br)ccc1O,"['Thyroid hormone receptor beta-1', 'Thyroid hormone receptor alpha', 'Thyroid hormone receptor beta-1']"
CHEMBL2042122,CNc1ccc(-c2nc3ccc(O)cc3s2)cc1[18F],"['Beta amyloid A4 protein', 'Sulfotransferase 1A1']"
CHEMBL2104404,CC(C)C[C@H]1C(=O)O[C@H](Cc2ccc(N3CCOCC3)cc2)C(=O)N(C)[C@@H](CC(C)C)C(=O)O[C@H](C)C(=O)N(C)[C@@H](CC(C)C)C(=O)O[C@H](Cc2ccc(N3CCOCC3)cc2)C(=O)N(C)[C@@H](CC(C)C)C(=O)O[C@H](C)C(=O)N1C,[]
CHEMBL2110659,O=C1Cc2c(ccc3c2O[C@@H](CNCc2ccccc2)CO3)N1,[]
CHEMBL223360,Cc1ccc(F)c(NC(=O)Nc2ccc(-c3cccc4[nH]nc(N)c34)cc2)c1,"['Vascular endothelial growth factor receptor 2', 'Hepatocyte growth factor receptor', 'Nerve growth factor receptor Trk-A', 'Tyrosine-protein kinase receptor FLT3', 'Serine/threonine-protein kinase Aurora-A', 'Fibroblast growth factor receptor 1', 'Rho-associated protein kinase 2', 'Serine/threonine-protein kinase Aurora-B', 'Stem cell growth factor receptor', 'Dual specificity protein kinase CLK2', 'c-Jun N-terminal kinase 2', 'Dual specificity protein kinase CLK4', 'Vascular endothelial growth factor receptor 1', 'Tyrosine-protein kinase receptor RET', 'MAP kinase signal-integrating kinase 2', 'Tyrosine-protein kinase receptor UFO', 'Casein kinase I delta', 'Vascular endothelial growth factor receptor 3', 'Tyrosine-protein kinase FYN', 'Ephrin type-A receptor 2', 'Mitogen-activated protein kinase kinase kinase kinase 2', 'Serine/threonine-protein kinase PLK4', 'Tyrosine-protein kinase receptor TYRO3', 'Serine/threonine-protein kinase MST2', 'Serine/threonine-protein kinase TAO1', 'Serine/threonine-protein kinase 2', 'Tyrosine-protein kinase BLK', 'Proto-oncogene tyrosine-protein kinase ROS', 'Homeodomain-interacting protein kinase 4', 'Tyrosine-protein kinase FRK', 'Mixed lineage kinase 7', 'Serine/threonine-protein kinase SRPK1', 'Serine/threonine protein kinase NLK']"
CHEMBL23838,CCOP(=O)(OCC)Oc1ccc([N+](=O)[O-])cc1,[]
CHEMBL300138,Cn1cc(C2=C(c3cn(C4CCN(Cc5ccccn5)CC4)c4ccccc34)C(=O)NC2=O)c2ccccc21,"['Glycogen synthase kinase-3 beta', 'Protein kinase C alpha', 'Protein kinase C beta', 'Protein kinase C (PKC)']"
CHEMBL305380,Cc1ccc(Cl)c(OCC(O)CNC(C)(C)C)c1,[]
CHEMBL3301599,CC(C)c1cc(C(=O)N2Cc3ccc(CN4CCN(C)CC4)cc3C2)c(O)cc1O.C[C@H](O)C(=O)O,[]
CHEMBL3544971,C[C@H](N)Cc1ccccc1.C[C@H](N)Cc1ccccc1.O=S(=O)(O)O,[]
CHEMBL373081,CNC[C@@H]1CC[C@@H](N)[C@@H](O[C@H]2[C@H](O)[C@@H](O[C@H]3OC[C@](C)(O)[C@H](NC)[C@H]3O)[C@H](N)C[C@@H]2N)O1,"['Bacterial 70S ribosome', 'Ribosomal RNA A-site']"
CHEMBL3919831,CNc1nc(-c2nc3ccc(N4CCN(C)CC4)cc3n2Cc2ccccc2)cn2c(C)nnc12,"['Bromodomain-containing protein 4', 'Histone H4']"
CHEMBL4129018,CN1CCN(c2cc(-c3ccncc3)c(-c3ccc4ccccc4c3)nn2)CC1,[]
CHEMBL4297517,CC(C)n1c(=O)cc(N[C@@H](C)c2ccccc2)[nH]c1=O,[]
CHEMBL4297629,COc1ccc([C@@H](O)c2cc(-c3ncnc4cc(N5CCOCC5)ccc34)c(F)cc2Cl)nn1,[]
CHEMBL473,CN(CCOc1ccc(NS(C)(=O)=O)cc1)CCc1ccc(NS(C)(=O)=O)cc1,[]
CHEMBL5095248,COCc1nn(Cc2ccc(Cn3ccccc3=O)cc2)cc1C(=O)NCc1nccc(OC)c1F,['Plasma kallikrein']
CHEMBL5095401,CCO[C@H]1CCN(Cc2c(OC)cc(C)c3[nH]ccc23)[C@H](c2ccc(C(=O)O)cc2)C1.Cl.O,"['Complement factor B', 'Complement factor B']"
CHEMBL582,CC(C)O,"['GABA-B receptor', 'Alcohol dehydrogenase', 'Pectobacterium carotovorum']"
CHEMBL592374,Clc1ccc([C@]23CNC[C@H]2C3)cc1Cl,"['Serotonin transporter', 'Norepinephrine transporter', 'Dopamine transporter', 'Transporter']"
CHEMBL595,CCc1ccc(CCOc2ccc(CC3SC(=O)NC3=O)cc2)nc1,"['Peroxisome proliferator-activated receptor gamma', 'Peroxisome proliferator-activated receptor alpha', 'Free fatty acid receptor 1', 'RXR alpha/PPAR gamma', 'Bile salt export pump', 'Mesenchymal stem cells']"
CHEMBL808,Clc1ccc(COC(Cn2ccnc2)c2ccc(Cl)cc2Cl)cc1,"['Trypanosoma cruzi', 'Indoleamine 2,3-dioxygenase', 'Arachidonate 15-lipoxygenase, type II', 'Bile salt export pump', 'Cytochrome P450 19A1', '7-alpha-hydroxycholest-4-en-3-one 12-alpha-hydroxylase', 'Indoleamine 2,3-dioxygenase 2', 'Naegleria gruberi', 'Progesterone receptor', 'Cytochrome P450 51', 'Aspergillus fumigatus', 'Tryptophan 2,3-dioxygenase', 'Lanosterol 14-alpha demethylase', 'Eukaryotic peptide chain release factor GTP-binding subunit', 'Trichophyton longifusum', 'Cytochrome P450 121']"
CHEMBL1171837,Cc1ccc(C(=O)Nc2ccc(CN3CCN(C)CC3)c(C(F)(F)F)c2)cc1C#Cc1cnc2cccnn12,"['Tyrosine-protein kinase ABL', 'KG-1', 'WSU-NHL', 'SW948', 'KBM5']"
CHEMBL119443,C[C@@H](CO)NC(=O)[C@@H]1C=C2c3cccc4[nH]cc(c34)C[C@H]2N(C)C1,['Serotonin 1a (5-HT1a) receptor']
CHEMBL1200907,C[C@]12CC[C@H]3[C@@H](CC[C@@]45O[C@@H]4C(O)=C(C#N)C[C@]35C)[C@@H]1CC[C@@H]2O,[]
CHEMBL1276663,CO/N=C(\C(=O)N[C@@H]1C(=O)N2C(C(=O)[O-])=C(C[n+]3ccn4ncccc43)CS[C@H]12)c1nsc(N)n1,[]
CHEMBL1541,C=CC1=C(C(=O)O)N2C(=O)[C@@H](NC(=O)/C(=N\OCC(=O)O)c3csc(N)n3)[C@H]2SC1,"['DNA polymerase iota', 'DNA polymerase eta', 'Phosphoglycerate kinase, glycosomal', 'Phosphoglycerate kinase', 'Small ubiquitin-related modifier 1', 'Solute carrier family 22 member 8']"
CHEMBL1620794,CCN(CC)CCOC(=O)C(Cc1cccc2ccccc12)CC1CCCO1,[]
CHEMBL1672002,CC1=CC(=O)C(C(C)C)=CC1=O,['OST']
CHEMBL1742439,CN(C)CCn1nc(Cc2ccccc2)c2ccccc2c1=O,"['Alpha-1a adrenergic receptor', 'Histamine H1 receptor']"
CHEMBL2064455,Nc1ccn([C@@H]2C(F)=C(CO)[C@@H](O)[C@H]2O)c(=O)n1,"['MSTO-211H', 'NCI-H2122', 'SW1463', 'Influenza B virus (B/Lee/40)', 'HEL 299', '9L']"
CHEMBL2103836,CCC[C@@H](C)C[C@H](N)CC(=O)O,[]
CHEMBL2107691,COC(CN1CCN(CCC(O)c2ccccc2)CC1)c1ccccc1,['Sigma-1 receptor']
CHEMBL2110760,CCN(CCO)CCn1c(Cc2ccccc2)nc2c1c(=O)n(C)c(=O)n2C,[]
CHEMBL2356097,COCCc1ccc(OCC(O)CNC(C)C)cc1.COCCc1ccc(OCC(O)CNC(C)C)cc1.O=C(O)CCC(=O)O,[]
CHEMBL26215,CCCCCCCCO,"['Alcohol dehydrogenase', 'Pectobacterium carotovorum']"
CHEMBL268501,Cc1ccc2c(-c3ccccc3)nc(=O)n(C(C)C)c2c1,['Calcium sensing receptor']
CHEMBL315795,Cc1ncsc1CCCl,[]
CHEMBL36715,NC(=O)CN1CCCC1=O,[]
CHEMBL3707349,CCN(CC)CCNC(=O)c1c(C)[nH]c(/C=C2\C(=O)Nc3ccc(-c4csc(-c5ccccc5)n4)cc32)c1C,['FaDu']
CHEMBL3950590,CN1CCN(Cc2ccc(-c3cnc(N4CCO[C@H](Cn5nnc6ncc(-c7cnn(C)c7)nc65)C4)nc3)cc2)CC1,"['Hepatocyte growth factor receptor', 'NCI-H1993']"
CHEMBL3982723,CC1(N)CCN(c2cccnc2NC(=O)c2nc(-c3ncccc3C(F)(F)F)cnc2N)CC1,"['Protein kinase C alpha', 'Protein kinase C theta']"
CHEMBL3989862,C=C1/C(=C\C=C2/CCC[C@]3(C)C([C@H](C)OCC(=O)NCC(F)(F)C(F)(F)F)=CC[C@@H]23)C[C@@H](O)C[C@@H]1O,[]
CHEMBL4297279,NC(=O)CC[C@@H](C(=O)O)N(CCNC(=S)Nc1ccc2c(c1)C(=O)OC21c2ccc(O)cc2Oc2cc(O)ccc21)C(=O)c1ccc(NCc2cnc3nc(N)[nH]c(=O)c3n2)cc1,[]
CHEMBL4303323,C[C@H](Nc1ncnc2[nH]cnc12)c1nc2ccc(F)cc2c(=O)n1-c1ccccc1,"['PI3-kinase p110-delta subunit', 'PI3-kinase p110-gamma subunit', 'PI3-kinase p110-delta/p85-alpha']"
CHEMBL4303449,C#CC[C@H](c1nc2cc(Cl)ccc2c(=O)n1Nc1ccccc1)N(CCCN)C(=O)c1cccc(Cl)c1F,['Kinesin-like protein 1']
CHEMBL455,CC(=O)NS(=O)(=O)c1ccc(N)cc1,['Carbonic anhydrase II']
CHEMBL4594403,CC1=CN2CCS(=O)(=O)N=C2C(c2ccc(OC3CCCCC3)cc2)=N1,[]
CHEMBL46257,NCCCCN,"['Ornithine decarboxylase', 'Deoxyhypusine synthase']"
CHEMBL4650358,CCCc1c(-c2ccccc2)nn(-c2ccccn2)c1O.Cl,['Unchecked']
CHEMBL515387,O=C([C@@H]1C[C@H](N2CCN(c3ncccn3)CC2)CN1)N1CCC(F)(F)C1,"['Dipeptidyl peptidase IV', 'Dipeptidyl peptidase IV']"
CHEMBL5314381,CCc1c2c(nc3ccc(OC(=O)N4CCC(N5CCCCC5)CC4)cc13)-c1cc3c(c(=O)n1C2)COC(=O)[C@]3(O)CC.CCc1c2c(nc3ccc(OC(=O)N4CCC(N5CCCCC5)CC4)cc13)-c1cc3c(c(=O)n1C2)COC(=O)[C@]3(O)CC.CCc1c2c(nc3ccc(OC(=O)N4CCC(N5CCCCC5)CC4)cc13)-c1cc3c(c(=O)n1C2)COC(=O)[C@]3(O)CC.CCc1c2c(nc3ccc(OC(=O)N4CCC(N5CCCCC5)CC4)cc13)-c1cc3c(c(=O)n1C2)COC(=O)[C@]3(O)CC.O=S(=O)(O)OC[C@H]1O[C@@](COS(=O)(=O)O)(O[C@H]2O[C@H](COS(=O)(=O)O)[C@@H](OS(=O)(=O)O)[C@H](OS(=O)(=O)O)[C@H]2OS(=O)(=O)O)[C@@H](OS(=O)(=O)O)[C@@H]1OS(=O)(=O)O,[]
CHEMBL5314463,C=CC(=O)N1CCN2c3c(c(=O)n(-c4c(C)ccnc4C(C)C)c4nc(-c5c(O)cccc5F)c(Cl)cc34)N(C)C(=O)[C@H]2C1,['GTPase KRas']
CHEMBL563251,CN1C[C@@H]2[C@H](C1)[C@H]2CN(Cc1ccc(F)c(Cl)c1)C(=O)c1cn(C)cn1,[]
CHEMBL61006,CC(N)C(O)c1ccccc1,[]
CHEMBL1043,Nc1ccc(S(=O)(=O)c2ccc(N)cc2)cc1,[]
CHEMBL1200340,CCOC(=O)C1=C[C@@H](OC(CC)CC)[C@H](NC(C)=O)[C@@H](N)C1.O=P(O)(O)O,"['Influenza A virus', 'Neuraminidase', 'Influenza B virus (B/Lee/40)', 'Neuraminidase', 'Neuraminidase', 'Neuraminidase']"
CHEMBL1200963,CCNC(=O)CCC/C=C\C[C@@H]1[C@@H](/C=C/[C@@H](O)CCc2ccccc2)[C@H](O)C[C@@H]1O,"['Prostanoid FP receptor', 'Prostanoid FP receptor']"
CHEMBL1201152,C=C1CC[C@@]2(O)[C@H]3Cc4ccc(O)c5c4[C@@]2(CCN3CC2CC2)[C@H]1O5.Cl,['Opioid receptors; mu/kappa/delta']
CHEMBL1201204,Cc1cc(O)c(C(=O)N[C@@H](C(=O)N[C@@H]2C(=O)N3C(C(=O)O)=C(CSc4nnnn4C)CS[C@H]23)c2ccc(O)cc2)cn1,['Solute carrier family 22 member 8']
CHEMBL1201275,CCN(CC)c1ccc(C(=C2C=CC(=[N+](CC)CC)C=C2)c2cc(S(=O)(=O)[O-])ccc2S(=O)(=O)O)cc1,[]
CHEMBL122270,CN1[C@@H](CC(=O)c2ccccc2)CCC[C@H]1C[C@H](O)c1ccccc1,"['Dopamine transporter', 'Synaptic vesicular amine transporter', 'Synaptic vesicular amine transporter']"
CHEMBL1256994,C[N+](C)(C)CCOP(=O)([O-])OP(=O)([O-])OC[C@H]1O[C@@H](n2ccc(N)nc2=O)[C@H](O)[C@@H]1O.[Na+],[]
CHEMBL1475252,COc1ccc2[nH]c([S+]([O-])Cc3ncc(C)c(OC)c3C)nc2n1,"['Phosphodiesterase 10A', 'Canis familiaris', 'Potassium-transporting ATPase', 'Potassium-transporting ATPase', 'Histone-lysine N-methyltransferase 2A/WDR5', 'NAD(+) hydrolase SARM1']"
CHEMBL1583,CCOC(=O)OC(C)OC(=O)[C@@H]1N2C(=O)[C@@H](NC(=O)[C@H](N)c3ccccc3)[C@H]2SC1(C)C,[]
CHEMBL1628233,O=C([O-])c1ccccc1-c1c2ccc(=O)cc-2oc2cc([O-])ccc12.[Na+].[Na+],[]
CHEMBL1650443,Cn1c(=O)cc(N2CCC[C@@H](N)C2)n(Cc2cc(F)ccc2C#N)c1=O,['Dipeptidyl peptidase IV']
CHEMBL1794791,O=C(O)CC(=O)C(=O)O,"['Glutamate carboxypeptidase II', '5-enolpyruvylshikimate-3-phosphate synthase', 'ATP-citrate synthase', 'Olfactory receptor 51E2', 'Solute carrier family 22 member 6', 'Methylcytosine dioxygenase TET2']"
CHEMBL1908397,O=C(c1ccc(/C=C/c2n[nH]c3ccccc23)cc1)N1CCNCC1,"['Vascular endothelial growth factor receptor 2', 'Hepatocyte growth factor receptor', 'Tyrosine-protein kinase JAK3', 'Nerve growth factor receptor Trk-A', 'Tyrosine-protein kinase receptor FLT3', 'Tyrosine-protein kinase SYK', 'Glycogen synthase kinase-3 beta', 'Serine/threonine-protein kinase Aurora-A', 'Tyrosine-protein kinase SRC', 'Serine/threonine-protein kinase AKT', 'Fibroblast growth factor receptor 1', 'Tyrosine-protein kinase ABL', 'Insulin-like growth factor I receptor', 'Rho-associated protein kinase 2', 'Serine/threonine-protein kinase Aurora-B', 'Dual-specificity tyrosine-phosphorylation regulated kinase 1A', 'Serine/threonine-protein kinase Chk1', 'Tyrosine-protein kinase LCK', 'Leucine-rich repeat serine/threonine-protein kinase 2', 'ALK tyrosine kinase receptor', 'Macrophage colony stimulating factor receptor', 'Cyclin-dependent kinase 2', 'Stem cell growth factor receptor', 'Focal adhesion kinase 1', 'Fibroblast growth factor receptor 3', 'c-Jun N-terminal kinase 1', 'Rho-associated protein kinase 1', 'Serine/threonine-protein kinase PIM3', 'Platelet-derived growth factor receptor beta', 'Inhibitor of nuclear factor kappa B kinase beta subunit', 'Dual specificity protein kinase CLK2', 'c-Jun N-terminal kinase 2', 'Dual specificity protein kinase CLK4', 'Cyclin-dependent kinase 1', 'Vascular endothelial growth factor receptor 1', 'Tyrosine-protein kinase receptor RET', 'Fibroblast growth factor receptor 2', 'Dual specificity protein kinase TTK', 'MAP kinase signal-integrating kinase 2', 'Cyclin-dependent kinase 9', 'Maternal embryonic leucine zipper kinase', 'Serine/threonine-protein kinase AKT2', 'Protein kinase C alpha', 'Protein kinase C theta', 'Tyrosine-protein kinase receptor UFO', 'Tyrosine-protein kinase ITK/TSK', 'Platelet-derived growth factor receptor alpha', 'Dual specificity mitogen-activated protein kinase kinase 1', 'Mitogen-activated protein kinase kinase kinase kinase 4', 'MAP kinase-activated protein kinase 2', 'Cyclin-dependent kinase 2/cyclin A', 'Protein kinase C delta', 'Casein kinase II alpha', 'Glycogen synthase kinase-3 alpha', 'Casein kinase I delta', 'Tyrosine-protein kinase TIE-2', '3-phosphoinositide dependent protein kinase-1', 'Serine/threonine-protein kinase Chk2', 'Vascular endothelial growth factor receptor 3', 'Serine/threonine-protein kinase TBK1', 'Dual specificity tyrosine-phosphorylation-regulated kinase 1B', 'Neurotrophic tyrosine kinase receptor type 2', 'Tyrosine kinase non-receptor protein 2', 'Inhibitor of nuclear factor kappa B kinase epsilon subunit', 'Dual specificity protein kinase CLK3', 'Tyrosine-protein kinase Lyn', 'Mitogen-activated protein kinase kinase kinase 12', 'Protein kinase C iota', 'Cyclin-dependent kinase 5', 'CDK8/Cyclin C', 'Cell division protein kinase 8', 'Cell division cycle 7-related protein kinase', 'LIM domain kinase 1', 'Tyrosine-protein kinase FYN', 'Ephrin type-A receptor 2', 'Mitogen-activated protein kinase kinase kinase kinase 2', 'Serine/threonine-protein kinase PAK 4', 'NT-3 growth factor receptor', 'Tyrosine-protein kinase YES', 'Serine/threonine-protein kinase PLK4', 'Proto-oncogene tyrosine-protein kinase MER', 'Tyrosine-protein kinase receptor TYRO3', 'Serine/threonine-protein kinase D2', 'Protein kinase C nu', 'Serine/threonine-protein kinase MST2', 'cAMP-dependent protein kinase alpha-catalytic subunit', 'Protein tyrosine kinase 2 beta', 'Casein kinase I epsilon', 'Serine/threonine-protein kinase/endoribonuclease IRE1', 'MAP kinase-interacting serine/threonine-protein kinase MNK1', 'Tyrosine-protein kinase HCK', 'Misshapen-like kinase 1', 'Dual specificty protein kinase CLK1', 'Mitogen-activated protein kinase kinase kinase kinase 5', 'Serine/threonine-protein kinase TAO1', 'Serine/threonine-protein kinase 2', 'Tyrosine-protein kinase BLK', 'Serine/threonine-protein kinase AKT3', 'Activin receptor type-1', 'CaM kinase II delta', 'Serine/threonine-protein kinase c-TAK1', 'Cyclin-dependent kinase 7', 'Serine/threonine-protein kinase WEE1', 'Cyclin-dependent kinase 6', 'Protein kinase C epsilon', 'Proto-oncogene tyrosine-protein kinase ROS', 'Serine/threonine-protein kinase PAK 1', 'Cyclin-dependent kinase 1/cyclin B', 'Casein kinase I alpha', 'Inhibitor of nuclear factor kappa B kinase alpha subunit', 'Glycogen synthase kinase-3', 'Serine/threonine-protein kinase 17A', 'Receptor-interacting serine/threonine-protein kinase 1', 'Receptor protein-tyrosine kinase erbB-4', 'Ribosomal protein S6 kinase alpha 2', 'AMP-activated protein kinase, alpha-1 subunit', 'Homeodomain-interacting protein kinase 2', 'Serine/threonine-protein kinase PLK3', 'Protein kinase N2', 'Death-associated protein kinase 3', 'Interleukin-1 receptor-associated kinase 1', 'Protein kinase C gamma', 'Casein kinase II alpha (prime)', 'Serine/threonine-protein kinase NEK2', 'Homeodomain-interacting protein kinase 4', 'Serine/threonine-protein kinase MST1', 'MAP kinase p38 beta', 'Ribosomal protein S6 kinase alpha 5', 'G-protein coupled receptor kinase 2', 'Epithelial discoidin domain-containing receptor 1', 'MAP/microtubule affinity-regulating kinase 2', 'Dual-specificity tyrosine-phosphorylation regulated kinase 3', 'KG-1', 'Adaptor-associated kinase', 'Serine/threonine-protein kinase RIPK2', 'Tyrosine-protein kinase BRK', 'Discoidin domain-containing receptor 2', 'Serine/threonine-protein kinase GAK', 'TRAF2- and NCK-interacting kinase', 'Serine/threonine-protein kinase LATS1', 'Tyrosine-protein kinase FRK', 'Casein kinase I gamma 2', 'Protein kinase C zeta', 'Dual-specificity tyrosine-phosphorylation regulated kinase 2', 'Serine/threonine-protein kinase PRKX', 'Serine/threonine-protein kinase Nek1', 'Mitogen-activated protein kinase kinase kinase 7', 'Mixed lineage kinase 7', 'Protein kinase C eta', 'Macrophage-stimulating protein receptor', 'Serine/threonine-protein kinase Sgk2', 'Serine/threonine-protein kinase MRCK-A', 'Serine/threonine-protein kinase Sgk1', 'Tyrosine-protein kinase BMX', 'BR serine/threonine-protein kinase 1', 'CaM kinase II gamma', 'Mitogen-activated protein kinase kinase kinase kinase 1', 'LIM domain kinase 2', 'Platelet-derived growth factor receptor', 'MAP kinase p38 gamma', 'Ribosomal protein S6 kinase alpha 1', 'NCI-H1650', 'Tyrosine-protein kinase ZAP-70', 'Serine/threonine-protein kinase SRPK1', 'Serine/threonine-protein kinase TNNI3K', 'Casein kinase I gamma 1', 'MAP kinase p38 delta', 'Tyrosine-protein kinase FER', 'Leukocyte tyrosine kinase receptor', 'cGMP-dependent protein kinase 1 beta', 'CaM kinase II beta', 'Serine/threonine-protein kinase 10', 'Protein kinase C mu', 'G protein-coupled receptor kinase 5', 'c-Jun N-terminal kinase, JNK', 'Mitogen-activated protein kinase 7', 'Calcium-dependent protein kinase 1', 'Dual specificity mitogen-activated protein kinase kinase 2', 'Casein kinase I isoform gamma-3', 'Serine/threonine-protein kinase Nek4', 'Ubiquitin carboxyl-terminal hydrolase 7', 'Tyrosine-protein kinase FGR', 'cAMP-dependent protein kinase (PKA)', 'Serine/threonine-protein kinase Aurora-C', 'Tyrosine-protein kinase ABL2', 'Galanin receptor 3', 'NUAK family SNF1-like kinase 1', 'Phosphorylase kinase gamma subunit 2', 'Protein kinase C (PKC)', 'Tyrosine-protein kinase CSK', 'MAP kinase-activated protein kinase 5', 'CaM-kinase kinase beta', 'TAK1/TAB1', 'Tyrosine-protein kinase TXK', 'Tyrosine-protein kinase FES', 'CDK6/cyclin D1', 'Dual specificity mitogen-activated protein kinase kinase 4', 'Tyrosine-protein kinase TEC', 'TGF-beta receptor type II', 'Serine/threonine-protein kinase receptor R3', 'Protein kinase C (PKC)', 'Ephrin type-A receptor 4', 'RBL-2H3', 'Serine/threonine-protein kinase 17B', 'HMEC', 'Non-receptor tyrosine-protein kinase TNK1', 'Serine/threonine-protein kinase TAO3', 'H9c2', 'Testis-specific serine/threonine-protein kinase 1', 'cGMP-dependent protein kinase 2', 'Dual specificity mitogen-activated protein kinase kinase 5', 'Ephrin type-B receptor 2', 'CaM kinase II alpha', 'Mitogen-activated protein kinase kinase kinase kinase 3', 'Mitogen-activated protein kinase; ERK1/ERK2', 'MSTO-211H', 'Serine/threonine-protein kinase SIK2', 'Platelet-derived growth factor receptor', 'CaM kinase I alpha', 'G protein-coupled receptor kinase 6', 'NCI-H2122', 'Ribosomal protein S6 kinase alpha 6', 'CaM kinase I delta', 'Ribosomal protein S6 kinase alpha 4', 'Serine/threonine-protein kinase ULK1', 'BMP-2-inducible protein kinase', 'Mitogen-activated protein kinase kinase kinase 11', 'Mitogen-activated protein kinase kinase kinase 9', 'Aurora kinase B/Inner centromere protein', 'Phosphatidylinositol-5-phosphate 4-kinase type-2 gamma', 'Serine/threonine-protein kinase DCLK1', 'Myosin light chain kinase, smooth muscle', 'Activin receptor type-1B', 'Kinesin-1 heavy chain/ Tyrosine-protein kinase receptor RET', 'Homeodomain-interacting protein kinase 1', 'Tyrosine-protein kinase Srms', 'Eukaryotic translation initiation factor 2-alpha kinase 4', 'BV-173', 'Serine/threonine-protein kinase pknB', 'Serine/threonine-protein kinase haspin', 'Serine/threonine-protein kinase RIO2', 'Dual specificity tyrosine-phosphorylation-regulated kinase 4', 'Serine/threonine-protein kinase 16', 'SNU-5', 'LS174T', 'Cyclin-dependent kinase 12', 'Vascular endothelial growth factor receptor 2', 'LAMA-84', 'Protein kinase N1', 'Ephrin type-A receptor 3', 'Serine/threonine-protein kinase SIK1', 'Cyclin-dependent kinase 13', 'Bone morphogenetic protein receptor type-1A', 'Ephrin type-A receptor 1', 'Interferon-induced, double-stranded RNA-activated protein kinase', 'MAP/microtubule affinity-regulating kinase 4', 'AMP-activated protein kinase, alpha-2 subunit', 'Interleukin-1 receptor-associated kinase 3', 'Cell division cycle 2-like protein kinase 6', 'HAL-01', 'Serine/threonine-protein kinase MARK1', 'Ephrin type-B receptor 3', 'Serine/threonine-protein kinase 33', 'Serine/threonine-protein kinase PCTAIRE-1', 'Serine/threonine-protein kinase MST4', 'Muscle, skeletal receptor tyrosine protein kinase', 'Death-associated protein kinase 1', 'Ephrin type-B receptor 6', 'SPS1/STE20-related protein kinase YSK4', 'NUAK family SNF1-like kinase 2', 'Bone morphogenetic protein receptor type-1B', 'Citron Rho-interacting kinase', 'Ephrin type-A receptor 8', 'Serine/threonine-protein kinase SIK3', 'Ephrin type-A receptor 5', 'MAP kinase-activated protein kinase 3', 'Serine/threonine protein kinase NLK', 'Dual specificity mitogen-activated protein kinase kinase 6', 'Ephrin type-B receptor 1', 'Serine/threonine-protein kinase TAO2', 'MAP kinase-interacting serine/threonine-protein kinase 1/2', 'NCI-H82', 'Receptor tyrosine-protein kinase erbB-3', 'Serine/threonine-protein kinase PAK 2', 'Mitogen-activated protein kinase 15', 'Protein kinase 6', 'Relaxin-3 receptor 1', 'C-C motif chemokine 2', 'RT-4', 'Ephrin type-A receptor 7', 'RL', 'CHO-K1', 'Mitogen-activated protein kinase kinase kinase 2', 'Tyrosine-protein kinase CTK', 'BR serine/threonine-protein kinase 2', 'Calcium-dependent protein kinase 4', 'Eukaryotic translation initiation factor 2-alpha kinase 1', 'Homeodomain-interacting protein kinase 3', 'Mitogen-activated protein kinase kinase kinase 1', 'Phosphorylase kinase gamma subunit 1', 'Splenocytes', 'Serine/threonine-protein kinase pim-3', 'CaM kinase IV', 'HOS-TE85', 'Breakpoint cluster region protein', 'Serine/threonine-protein kinase ULK3', 'Mitogen-activated protein kinase kinase kinase 10', 'K5', 'Ephrin type-A receptor 6', 'Phosphatidylinositol-4-phosphate 5-kinase type-1 gamma', 'Serine/threonine-protein kinase ULK2', 'c-Jun N-terminal kinase 3', 'Toll-like receptor 1/2', 'Testis-specific serine/threonine-protein kinase 2', 'Serine/threonine-protein kinase TAO2', 'D-263MG', 'Serine/threonine-protein kinase LATS2', 'CaM-kinase kinase alpha', 'Epstein-Barr nuclear antigen 1', 'SK-N-FI', 'Tyrosine-protein kinase receptor Tie-1', 'PITSLRE serine/threonine-protein kinase CDC2L2', 'STE20/SPS1-related proline-alanine-rich protein kinase', 'HCC2218', 'Uncharacterized protein FLJ45252', 'Serine/threonine-protein kinase PCTAIRE-2', 'Tau-tubulin kinase 1', 'LAD2', '1-phosphatidylinositol 3-phosphate 5-kinase', 'NCI-H1155', 'Death-associated protein kinase 2', 'Insulin receptor-related protein', 'G protein-coupled receptor kinase 7', 'Serine/threonine-protein kinase NEK6', 'Hypoxia-inducible factor prolyl 4-hydroxylase', 'Bone morphogenetic protein receptor type-2', 'Glycosyltransferase-like protein LARGE1', 'MRK-nu-1', 'Mitogen-activated protein kinase kinase kinase 3', 'myosin light chain kinase 2', 'Serine/threonine-protein kinase NEK9', 'Myotonin-protein kinase', 'Serine/threonine-protein kinase DCLK3', 'Dual specificity mitogen-activated protein kinase kinase 3', 'Activin receptor type-2A', 'Serine/threonine-protein kinase Sgk3', 'Cyclin-dependent kinase 3', 'Serine/threonine-protein kinase PAK 3', 'NCI-H720', 'Rho-associated protein kinase 2', 'Serine/threonine-protein kinase 24', 'Maver1', 'Inositol hexakisphosphate kinase 1', 'Histamine H2 receptor', 'Rhodopsin kinase', 'JVM-2', 'G protein-coupled receptor kinase 4', 'Serine/threonine-protein kinase PAK7', 'Tau-tubulin kinase 2', 'TERT-RPE1', 'Serine/threonine-protein kinase PFTAIRE-1', 'Nuclear receptor subfamily 4 group A member 2', 'Mitogen-activated protein kinase 6', 'Machupo mammarenavirus', 'Serine/threonine-protein kinase 36', 'Serine/threonine-protein kinase SRPK3', 'Mitogen-activated protein kinase kinase kinase 7-interacting protein 1', 'Casein kinase 1, delta tv1', 'RL95-2', 'Serine/threonine-protein kinase MRCK beta', 'Beta-adrenergic receptor kinase 2', 'Serine/threonine-protein kinase ICK', 'Phosphatidylinositol-5-phosphate 4-kinase type-2 beta', 'Myosin light chain kinase', 'Serine/threonine-protein kinase PAK6', 'Chaperone activity of bc1 complex-like, mitochondrial', 'Serine/threonine-protein kinase 25', 'Transcriptional coactivator YAP1', 'MDA-MB-415', 'Serine/threonine-protein kinase 11', 'IMR-5', 'Serine/threonine-protein kinase RIO1', 'Mitogen-activated protein kinase kinase kinase 4', 'NCI-H1563', 'A10', 'Myosin light chain kinase, smooth muscle', 'Dual specificity testis-specific protein kinase 1', 'Myosin light chain kinase family member 4', 'Inositol hexakisphosphate kinase 3', 'Phosphatidylinositol-4-phosphate 5-kinase type-1 alpha', 'Serine/threonine-protein kinase RIO3', 'CaM kinase I gamma', 'Cyclin-dependent kinase-like 2', 'Phosphodiesterase 1A', 'NBsusSR', 'Histone-lysine N-methyltransferase 2A/WDR5', 'Transient receptor potential cation channel subfamily M member 2', 'Calcium/calmodulin-dependent protein kinase kinase 2', 'Microtubule-associated protein 2', 'Activin receptor type-2B', 'Serine/threonine-protein kinase PCTAIRE-3', 'Menin', 'LN-405', 'Ankyrin repeat and protein kinase domain-containing protein 1', 'cAMP-dependent protein kinase beta-1 catalytic subunit', 'Serine/threonine-protein kinase SRPK2', 'RH7777', 'Metallo-beta-lactamase type 2', 'Casein kinase I isoform alpha-like', 'ZR-75-30', 'Peripheral plasma membrane protein CASK', 'Ferrochelatase, mitochondrial', 'Receptor-interacting serine/threonine-protein kinase 4', 'Serine/threonine-protein kinase NEK7', 'Serine/threonine-protein kinase 35', 'Mitogen-activated protein kinase kinase kinase 13', 'Phosphatidylinositol-4-phosphate 3-kinase C2 domain-containing subunit gamma', 'J774.2', 'Epithelial cells', 'TT', 'Cytochrome P450 3A5', 'PITSLRE serine/threonine-protein kinase CDC2L1', 'Uncharacterized aarF domain-containing protein kinase 4', 'Serine/threonine-protein kinase tousled-like 1', 'Serine/threonine-protein kinase SBK1', 'Serine/threonine-protein kinase OSR1', 'Putative uncharacterized serine/threonine-protein kinase SgK110', 'Mitotic checkpoint serine/threonine-protein kinase BUB1', 'AMP-activated protein kinase, gamma-2 subunit', 'Replicase polyprotein 1ab', 'ADM2', 'NCI-H1436', 'Dihydrofolate reductase', 'Dual serine/threonine and tyrosine protein kinase', 'Hormonally up-regulated neu tumor-associated kinase', 'BlaVIM-1', 'Mycobacterium intracellulare', 'Tryptophan 2,3-dioxygenase', 'AMP-activated protein kinase, beta-1 subunit', 'Serine/threonine-protein kinase Nek3', 'Calcitonin gene-related peptide 2', 'SNU-475', 'Melanoma cell line', 'OC-314', 'Serine/threonine-protein kinase 32A', 'Serine/threonine-protein kinase 32B', 'Serine/threonine-protein kinase NIM1', 'Serine/threonine-protein kinase Nek5', 'AMP-activated protein kinase, gamma-1 subunit', 'Cytochrome P450 11B2, mitochondrial', 'Serine/threonine-protein kinase tousled-like 2', 'Wee1-like protein kinase 2', 'Myosin-IIIB', 'Serine/threonine-protein kinase PRP4 homolog', 'Glycogen synthase kinase-3 beta', 'GBM', 'Ecdysone receptor', 'Kinesin-like protein KIFC1', 'Ajellomyces capsulatus', 'CNE', 'Microtubule-associated serine/threonine-protein kinase 1', 'Serine/threonine-protein kinase DCLK2', 'Photosystem Q(B) protein', 'Serine/threonine-protein kinase WNK1', 'Serine/threonine-protein kinase MRCK gamma', 'Cyclin-dependent kinase-like 5', 'Protein kinase C epsilon', 'Plasma', 'Ecdysone receptor', 'Cyclin-dependent kinase 4', 'HCT-29', 'Serine/threonine-protein kinase PFTAIRE-2', 'Serine/threonine-protein kinase 38-like', '25-hydroxyvitamin D-1 alpha hydroxylase, mitochondrial', 'Serine/threonine-protein kinase MAK', 'Inhibitor of NF-kappa-B kinase (IKK)', 'Echinochloa crus-galli var. formosensis', 'Chlamydophila pneumoniae', 'Serine/threonine-protein kinase Nek11', 'Ribosomal protein S6 kinase 2', 'Mitogen-activated protein kinase 4', 'Retinoblastoma-associated protein', 'Uncharacterized aarF domain-containing protein kinase 1', 'Zinc finger protein GLI1', 'Gamma-amino-N-butyrate transaminase', 'Trypanothione reductase', 'Tubulin alpha-1 chain', ""Inosine-5'-monophosphate dehydrogenase"", 'Serine/threonine-protein kinase VRK2', 'Myosin IIIA', 'Casein kinase I', 'Arachidonate 12-lipoxygenase', 'Interleukin-5 receptor subunit alpha', 'Glutathione-S-transferase', 'B-ALL', 'MCF7-DOX', 'Serine/threonine-protein kinase 38', 'Mitogen-activated protein kinase kinase kinase 15', 'General transcription and DNA repair factor IIH helicase subunit XPD', 'Genome polyprotein', 'Mas-related G-protein coupled receptor member X2', 'Signal transducer and activator of transcription 5A', 'Colletotrichum lagenarium', 'Tyrosine-protein phosphatase non-receptor type 9', 'Adenylate cyclase', 'Cyclin-dependent kinase-like 3', 'Thioredoxin reductase', 'Protein delta homolog 1', 'Human rhinovirus 45', 'Human rhinovirus 89', 'Mixed lineage kinase domain-like protein', '5-hydroxytryptamine receptor 2A/Metabotropic glutamate receptor 2', 'Histone acetyltransferase KAT8', 'MEC1', 'Collagenase ColH', 'Macrophages', 'P19', 'Phospholipase C-gamma-1', 'Mitogen-activated protein kinase 1', 'Hepcidin', 'C-terminal-binding protein 2', 'Toll-like receptor 9', 'C6-BU-1', 'MCF-12A', 'Serine/threonine-protein kinase 32C', 'Serine/threonine-protein kinase LMTK3', 'SK-MEL19', 'Trypanosoma vivax', 'Kallikrein 8', 'PH domain leucine-rich repeat-containing protein phosphatase 2', 'Microtubule-associated serine/threonine-protein kinase 3', 'Acetylcholinesterase', 'GABA A receptor alpha-6/beta-2/gamma-2', 'Prostaglandin G/H synthase 2', 'Cyclin-dependent kinase-like 1', 'cAMP-dependent protein kinase, gamma catalytic subunit', 'Calcium/calmodulin-dependent protein kinase type 1B', 'Serine/threonine-protein kinase WNK2', 'Onchocerca volvulus', 'Glucose-6-phosphate translocase', 'KBM5', 'LIM domain kinase 1/2', 'BCoR-BCL6', 'RXF 944', 'AP-2 complex subunit sigma', 'GABA A receptor alpha-6/beta-2/gamma-2', 'Estrogen receptor alpha', 'RCC4', 'SNF-related serine/threonine-protein kinase', 'Modulator of drug activity A', 'HEC-1-A', 'Somatostatin receptor', 'CpG DNA methylase', 'TNF-alpha', 'Human rhinovirus 4', 'Schistosoma haematobium', 'Serine/threonine-protein kinase WNK3', 'LIM domain kinase 1', 'Ribosomal protein S6 kinase', 'G-protein coupled receptor 4', 'Relaxin-3 receptor 2', 'Serotonin receptor 2a and 2c (5HT2A and 5HT2C)', 'Tyrosine-protein kinase BLK', 'Estrogen receptor beta', 'Neuronal acetylcholine receptor protein alpha-9 subunit', 'TP53-regulating kinase', 'Cyclooxygenase-1', 'Carboxypeptidase G2', 'Whole blood', 'Photosystem Q(B) protein', 'Cereblon/BCR/ABL', 'Beta-lactamase', 'CDK8/CDK19', 'Histone acetyltransferase p300/Hypoxia-inducible factor 1-alpha', 'Microtubule-associated serine/threonine-protein kinase 4', 'Carbonic anhydrase', 'MAXF401 cell line', 'Lung LXF 629L tumor cell line', 'L132', 'Spiral organ of cochlea', 'Trypsin III', 'CDK2/Cyclin O', 'Phosphorylase kinase', 'Carnitine palmitoyltransferase 1A', 'Protein kinase C, PKC; classical/novel', 'Cytochrome P450 121', 'Diplodia seriata', 'Neofusicoccum ribis', 'STE20-related kinase adapter protein alpha', 'Aldehyde dehydrogenase X', 'Serine/threonine-protein kinase VRK1', 'Melanocortin receptor (M1 and M4)', 'Chitinase A', 'Poly [ADP-ribose] polymerase 12', 'Glutamine synthetase, chloroplastic', 'RmtA', 'Cyclin-dependent kinase 10', 'Glutamate [NMDA] receptor subunit epsilon 4', 'Heat shock protein Hsp-16.2', 'Cdc2-related kinase', 'Human echovirus 11', 'Mycobacterium', 'Tetranychus urticae', 'Kinesin-like protein KIF20A', 'G-protein coupled receptor 4', 'Putative alpha-1-antitrypsin-related protein', 'Peroxisomal membrane protein PEX14', 'TEL/KDR', 'Cereblon/Lrrk2', 'Atrial natriuretic peptide receptor 3', 'YT-NU', 'SW620/AD300', 'Nuclear receptor subfamily 2 group E member 1', 'Tyrosine-protein kinase SYK', 'Influenza B virus (B/Lee/40)', 'Testis-specific serine/threonine-protein kinase 3', 'UoC-B1', 'Serine/threonine-protein kinase/endoribonuclease IRE2', 'WEHI-164', 'Casein kinase I delta/epsilon', 'Cysteine protease falcipain-3', 'Lactoylglutathione lyase', 'GIST882', 'Tryptophan 2,3-dioxygenase', 'Plasma', 'Vibrio fischeri', '40S ribosomal protein S27', 'UDP-3-O-[3-hydroxymyristoyl] N-acetylglucosamine deacetylase', 'Acyl-CoA dehydrogenase family member 10', 'Venus kinase receptor 2', 'Methyl-CpG-binding domain protein 2', 'Picornaviridae', 'Glycine receptor subunit alpha-3', 'Eukaryotic initiation factor 4A-I', 'Glutamate [NMDA] receptor subunit epsilon 3', 'NU-DUL-1', 'Baculoviral IAP repeat-containing protein 3/Mucosa-associated lymphoid tissue lymphoma translocation protein 1', 'Receptor-type tyrosine-protein phosphatase O', 'Canalicular multispecific organic anion transporter 2', 'HEL 299', 'PLC', 'Dipeptidyl peptidase 3', 'Renca', 'DNA topoisomerase I', 'LX-1', 'Enoyl-[acyl-carrier-protein] reductase [NADH]', 'ULK3 kinase', 'CL97', 'Serine/threonine-protein kinase N3', 'CDK1/Cyclin E', 'Cell division control protein 2 homolog', 'Cyclin-dependent kinase 1', 'Eosinophil peroxidase', 'G protein-coupled receptor kinase 5', 'GIST48', 'Corticotropin releasing factor receptor 2', '7-dehydrocholesterol reductase', 'Leishmania peruviana', 'Cholinesterase', 'Scavenger receptor type A', 'cAMP-dependent protein kinase A', 'AEC', 'Tyrosine-protein kinase ABL2', 'C-X-C chemokine receptor type 2', 'Balanus improvisus', 'Histidine kinase', 'Ubiquitin carboxyl-terminal hydrolase isozyme L3', 'Dickkopf-related protein 1', 'Transcription factor p65', 'Acyl-protein thioesterase 2', 'Sterol regulatory element-binding protein 1', 'Nuclear receptor subfamily 2 group C member 2', 'Escherichia coli DH5[alpha]', 'KOPTK1', 'Uncharacterized protein', 'Mitogen-activated protein kinase kinase kinase 11', 'Friend leukemia integration 1 transcription factor (Proto-oncogene Fli-1)/RNA-binding protein EWS', 'SU-DHL-8', 'Aurora kinase B-B', 'Panc02', 'IGR-37 cell line', 'Sodium-dependent phosphate transport protein 2B', 'C2D cell line', 'C2G cell line', 'TAMH', 'Somatostatin receptor', 'CAKI-2', 'DC3F', 'GABA receptor alpha-1 subunit', 'Serotonin 1b (5-HT1b) receptor', 'Serotonin (5-HT) receptor', 'Fibroblast growth factor receptor 1', 'WALKER', 'Taste receptor type 2 member 31', 'PAM212', 'cAMP-dependent protein kinase alpha-catalytic subunit', 'CCD-841CoN', 'Serine/threonine-protein kinase MST2', 'Pseudopodium-enriched atypical kinase 1', 'MLF', 'Integrin subunit alpha 2b/beta-3', 'Shiga toxin 1 variant A subunit', 'Simplexvirus', 'Voltage-gated potassium channel subunit Kv1.4', 'Serine/threonine-protein kinase Aurora-A', 'GIST430', 'Kynureninase', 'Acetylcholine receptor protein delta chain', 'Spodoptera littoralis', 'Pyridoxal kinase', 'Human papillomavirus type 11', 'Kinesin-like protein KIF15', 'Colletotrichum lindemuthianum', 'Trichinella spiralis', 'Valsa mali', 'Insulin-like growth factor II receptor', 'Alpha-(1,3)-fucosyltransferase 7', 'NAD-dependent deacetylase HST2', 'Transient receptor potential cation channel subfamily M member 6', 'Cell division protein ftsZ', 'Lanosterol synthase', 'Hepatocyte growth factor receptor', 'Guanyl-specific ribonuclease T1', 'Macrophage-stimulating protein receptor', 'ATP phosphoribosyltransferase', 'Cyclin A2', 'Cytokinin dehydrogenase 2', 'Sarcoplasmic/endoplasmic reticulum calcium ATPase 3', 'Microtubule-associated protein tau', 'Pectobacterium carotovorum', 'Ecdysone receptor', 'Carboxypeptidase B', 'Dihydroorotate dehydrogenase (quinone), mitochondrial', 'NACHT, LRR and PYD domains-containing protein 1', 'Puccinia asparagi', 'Lectin', 'Heme oxygenase 2', 'Transforming growth factor beta-1', 'DOPA decarboxylase', 'G-protein coupled receptor family C group 6 member A', 'Receptor-interacting serine/threonine-protein kinase 2', 'Toll-like receptor 3', 'CD40-CD40L', 'Peroxidase', 'NTRK1/NTRK2', 'Aryl hydrocarbon receptor', 'JC polyomavirus', 'Cereblon/GSPT1', 'Choline trimethylamine-lyase', 'Syntenin-1/Syndecan-2', 'Group XIIA secretory phospholipase A2', 'Phaeosphaeria nodorum']"
CHEMBL2103794,CN(C)N(C)C(=O)[C@@]1(Cc2ccccc2)CCCN(C(=O)[C@@H](Cc2c[nH]c3ccccc23)NC(=O)C(C)(C)N)C1.Cl,[]
CHEMBL2103959,C[C@H]1O[C@@H](O[C@H]2[C@@H](OC=O)C[C@H](O[C@H]3[C@@H](OC=O)C[C@H](O[C@H]4CC[C@@]5(C)[C@H](CC[C@@H]6[C@@H]5CC[C@]5(C)[C@@H](C7=CC(=O)OC7)[C@@H](OC=O)C[C@]65O)C4)O[C@@H]3C)O[C@@H]2C)C[C@H](OC=O)[C@@H]1OC=O,"['COLO 205', 'OVCAR-3', 'LOX IMVI', '786-0', 'IGROV-1', 'CAKI-1', 'Malme-3M', 'SW 1116']"
CHEMBL2107386,CCOC(=O)N[C@@H]1CC[C@@H]2[C@@H](C1)C[C@H]1C(=O)O[C@H](C)[C@H]1[C@H]2/C=C/c1ccc(-c2cccc(F)c2)cn1.O=S(=O)(O)O,['Proteinase-activated receptor 1']
CHEMBL2110781,Cc1ccccc1CN1CCN(CCOC(c2ccccc2)c2ccccc2Cl)CC1,[]
CHEMBL2111112,COc1ccc(CCO[C@@H]2CCCC[C@H]2N2CC[C@@H](O)C2)cc1OC,[]
CHEMBL2165615,Cc1cnc(NC(=O)c2cc(Oc3cnc(C(=O)N(C)C)nc3)c3cc(C)oc3c2)cn1,['Hexokinase type IV']
CHEMBL225071,Cc1nc(=O)c2cc(CN(C)c3ccc(C(=O)N[C@@H](CCC(=O)O)C(=O)O)s3)ccc2[nH]1,"['L1210', 'KB', 'Thymidylate synthase', 'Thymidylate synthase', 'Thymidylate synthase', 'Thymidylate synthase (EC 2.1.1.45) (TS) (TSase)']"
CHEMBL2396661,Cc1nc(NC(=O)N2CCC[C@H]2C(N)=O)sc1-c1ccnc(C(C)(C)C(F)(F)F)c1,"['PI3-kinase p110-alpha subunit', 'PI3-kinase p110-delta subunit', 'PI3-kinase p110-gamma subunit', 'PI3-kinase p110-beta subunit', 'Phosphatidylinositol 4,5-bisphosphate 3-kinase catalytic subunit beta isoform', 'cAMP-dependent protein kinase, gamma catalytic subunit']"
CHEMBL244243,C[C@@H](NC(=O)[C@@H](CC(=O)N1CCC(N2CCCCC2)CC1)N1C(=O)[C@@H](N2C(=O)OC[C@@H]2c2ccccc2)[C@H]1/C=C/c1ccccc1)c1cccc(C(F)(F)F)c1,['Vasopressin V1a receptor']
CHEMBL3301601,CN1C(N)=N[C@](C)(c2cc(NC(=O)c3ccc(F)cn3)ccc2F)CS1(=O)=O,"['Beta-secretase 1', 'Beta secretase 2', 'Beta-secretase 2']"
CHEMBL3301622,CCc1nc(C(N)=O)c(Nc2ccc(N3CCC(N4CCN(C)CC4)CC3)c(OC)c2)nc1NC1CCOCC1,"['ALK tyrosine kinase receptor', 'Tyrosine-protein kinase receptor RET', 'Tyrosine-protein kinase receptor UFO', 'Proto-oncogene tyrosine-protein kinase ROS', 'Bone morphogenetic protein receptor type-1A', 'Serine/threonine-protein kinase 33', 'EML4-ALK', 'Uncharacterized protein FLJ45252', 'Mitotic checkpoint serine/threonine-protein kinase BUB1', 'Serine/threonine-protein kinase Nek3', 'Uncharacterized aarF domain-containing protein kinase 1', 'TP53-regulating kinase', 'TEL/AXL']"
CHEMBL3707219,COC(=O)c1ccc(OC(=O)CCCCCCC(=O)NO)cc1,['Histone deacetylase']
CHEMBL376408,CN(C)CC[C@H](CSc1ccccc1)Nc1ccc(S(=O)(=O)NC(=O)c2ccc(N3CCN(Cc4ccccc4-c4ccc(Cl)cc4)CC3)cc2)cc1[N+](=O)[O-],"['Apoptosis regulator Bcl-2', 'Apoptosis regulator Bcl-X', 'Bcl2-antagonist of cell death (BAD)']"
CHEMBL4297457,CC(C)(O)c1cccn2c(C3(c4ccc(Cl)cc4)CC3)nnc12.Cl,['11-beta-hydroxysteroid dehydrogenase 1']
CHEMBL4297481,Cn1ncc2cc(-c3cc(CCC(=O)O)cc(N)c3OC3Cc4ccccc4C3)ccc21,[]
CHEMBL4298158,CN1CCN(c2ccc(OC(F)(F)F)c(Nc3ncc4c(n3)-c3c(c(C(N)=O)nn3CCO)CC4)c2)CC1.O=C(O)/C=C/C(=O)O,[]
CHEMBL4650218,N#Cc1ccc(COc2cccc(C3CCN(Cc4nc5ccc(C(=O)O)cc5n4C[C@@H]4CCO4)CC3)n2)c(F)c1.NC(CO)(CO)CO,[]
CHEMBL508583,CC(C)[C@@H](CC[C@@H](C)[C@H]1CC[C@H]2[C@@H]3[C@H](O)C[C@H]4C[C@@H](NCCCNCCCCNCCCN)CC[C@]4(C)[C@H]3CC[C@]12C)OS(=O)(=O)O,[]
CHEMBL514215,COc1ccc(-c2c(C#N)c(C(=O)NN3CCCCC3)nn2-c2ccc(Cl)cc2Cl)cc1,"['Cannabinoid CB2 receptor', 'Cannabinoid CB1 receptor']"
CHEMBL5314485,N#CC[C@H](C1CCCC1)n1cc(-c2ncnc3[nH]ccc23)c(N)n1,"['Tyrosine-protein kinase JAK2', 'Tyrosine-protein kinase JAK1', 'Tyrosine-protein kinase JAK3', 'Dual specificity mitogen-activated protein kinase kinase 1', 'Serine/threonine-protein kinase TBK1', 'Serine/threonine-protein kinase PAK 4', 'Adaptor-associated kinase', 'G protein-coupled receptor kinase 5', 'CaM kinase II alpha', 'CaM kinase I delta', 'Myosin light chain kinase, smooth muscle', 'Bone morphogenetic protein receptor type-1A', 'Serine/threonine-protein kinase MARK1', 'NUAK family SNF1-like kinase 2', 'BR serine/threonine-protein kinase 2', 'Mitogen-activated protein kinase kinase kinase 1', 'Uncharacterized protein FLJ45252', 'TF-1', 'Serine/threonine-protein kinase NEK9', 'Myotonin-protein kinase', 'Dual specificity mitogen-activated protein kinase kinase 3', 'Activin receptor type-2A', 'Serine/threonine-protein kinase PAK7', 'Serine/threonine-protein kinase PAK6', 'Chaperone activity of bc1 complex-like, mitochondrial', 'Dual specificity testis-specific protein kinase 1', 'Casein kinase I isoform alpha-like', 'Receptor-interacting serine/threonine-protein kinase 4', 'Phosphatidylinositol-4-phosphate 3-kinase C2 domain-containing subunit gamma', 'Uncharacterized aarF domain-containing protein kinase 4', 'Serine/threonine-protein kinase OSR1', 'Mitotic checkpoint serine/threonine-protein kinase BUB1', 'Serine/threonine-protein kinase Nek3', 'Serine/threonine-protein kinase WNK1', 'Echinochloa crus-galli var. formosensis', 'Serine/threonine-protein kinase VRK2', 'CTLL', 'Serine/threonine-protein kinase LMTK3', 'cAMP-dependent protein kinase, gamma catalytic subunit', 'Calcium/calmodulin-dependent protein kinase type 1B', 'Serine/threonine-protein kinase WNK2', 'LIM domain kinase 1/2', 'Serine/threonine-protein kinase WNK3', 'CDK2/Cyclin O', 'STE20-related kinase adapter protein alpha', 'Testis-specific serine/threonine-protein kinase 3', 'Baculoviral IAP repeat-containing protein 3/Mucosa-associated lymphoid tissue lymphoma translocation protein 1', 'Serine/threonine-protein kinase N3', 'CDK1/Cyclin E', 'Cell division control protein 2 homolog', 'Corticotropin releasing factor receptor 2', 'Leishmania peruviana', 'Nuclear receptor subfamily 2 group C member 2', 'Panc02', 'Pseudopodium-enriched atypical kinase 1', 'Pyridoxal kinase', 'Insulin-like growth factor II receptor', 'Transient receptor potential cation channel subfamily M member 6', 'DOPA decarboxylase']"
CHEMBL5314490,C[C@H](c1ccc(Cl)cc1Cl)n1nc(C(F)(F)F)c2ncc(N3CC([C@H]4CCCN(CCO)C4)C3)nc21,['C-C chemokine receptor type 4']
CHEMBL5314578,Br.Cc1ccc(Sc2ccccc2N2CCNCC2)c(C)c1.Cc1ccc(Sc2ccccc2N2CCNCC2)c(C)c1,[]
CHEMBL5314585,CCOCc1cnc(Cl)nc1Oc1ccc2c(ccc3sc4c(c32)NC[C@@H](C)NC4=O)n1,[]
CHEMBL5314964,CCCCCCCCCC(=O)O[C@H]1CC[C@@]2(C)C(=CC[C@@H]3[C@@H]2CC[C@]2(C)C(c4cccnc4)=CC[C@@H]32)C1,[]
CHEMBL609109,CN1CCN(CCCN2c3ccccc3Sc3ccc(S(=O)(=O)N(C)C)cc32)CC1,[]
CHEMBL688,CCC(=O)N(c1ccccc1)C1CCN(CCc2ccccc2)CC1.O=C(O)CC(O)(CC(=O)O)C(=O)O,[]
CHEMBL7492,COc1ccc(OC)c(Cc2cnc3nc(N)nc(N)c3c2C)c1,"['Dihydrofolate reductase', 'Dihydrofolate reductase', 'Toxoplasma gondii', 'Dihydrofolate reductase', 'Dihydrofolate reductase', 'D54 cell line']"
CHEMBL1162,C#C[C@]1(O)CC[C@H]2[C@@H]3CCC4=CC(=O)CC[C@@H]4[C@H]3CC[C@@]21C,"['Testis-specific androgen-binding protein', 'Progesterone receptor']"
CHEMBL1200410,CNNCc1ccc(C(=O)NC(C)C)cc1.Cl,[]
CHEMBL1200470,COc1ccc2[n-]c([S@@+]([O-])Cc3ncc(C)c(OC)c3C)nc2c1.[Na+],"['Canis familiaris', 'Potassium-transporting ATPase', 'Potassium-transporting ATPase', 'Histone-lysine N-methyltransferase 2A/WDR5', 'NAD(+) hydrolase SARM1']"
CHEMBL1201006,COc1ccc(CN(CCN(C)C)c2ccccn2)cc1.O=C(O)/C=C\C(=O)O,['Lysine-specific demethylase 4A']
CHEMBL1231160,NS(=O)(=O)OC[C@@H]1C[C@@H](n2ccc3c(N[C@H]4CCc5ccccc54)ncnc32)C[C@@H]1O,"['NEDD8 activating enzyme', 'NEDD8-activating enzyme E1 regulatory subunit', 'PLC']"
CHEMBL1256978,Cn1c(=O)c(C(=O)NCCO)c(O)c2ncc(Cc3ccc(F)cc3)cc21,"['Human immunodeficiency virus type 1 integrase', 'Human immunodeficiency virus']"
CHEMBL1290,CC(C)(C)NC[C@H](O)COc1ccccc1C1CCCC1,[]
CHEMBL159659,CCC(=O)C(C[C@@H](C)N(C)C)(c1ccccc1)c1ccccc1,[]
CHEMBL16,O=C1NC(=O)C(c2ccccc2)(c2ccccc2)N1,[]
CHEMBL1623738,COc1ccc(CN(CCN(C)C)c2ncccn2)cc1,[]
CHEMBL1695,Cc1ccsc1C(=CCCN1CCC[C@@H](C(=O)O)C1)c1sccc1C.Cl,"['GABA transporter 1', 'GABA transporter 1', 'GABA transporter 1']"
CHEMBL1796997,[He],['Carbonic anhydrase V']
CHEMBL2103837,O=C(O)c1ccc2nc(-c3cc(Cl)cc(Cl)c3)oc2c1,"['Inositol hexakisphosphate kinase 1', 'Inositol hexakisphosphate kinase 3']"
CHEMBL2104114,CN(CCOP(=O)(O)O)C(=N)N,[]
CHEMBL2106119,O=C([O-])[C@H](O)[C@@H](O)[C@H](O)[C@H](O)CO.O=C([O-])[C@H](O)[C@@H](O)[C@H](O)[C@H](O)CO.[Ca+2],[]
CHEMBL2107123,N[C@@H](CCC(=O)[O-])C(=O)N[C@@H](Cc1c[nH]c2ccccc12)C(=O)[O-].[Na+].[Na+],[]
CHEMBL2110686,CC(C)(CCCCOCCCCC(C)(C)C(=O)O)C(=O)O,[]
CHEMBL2218917,CC1OC2(CS1)CN1CCC2CC1.Cl.O,[]
CHEMBL256997,O=C(O)c1cccc(-c2noc(-c3ccccc3F)n2)c1,"['Unchecked', 'Luciferin 4-monooxygenase']"
CHEMBL260829,Cc1cccc(C)c1NC(=O)CN1CCCC1=O,[]
CHEMBL288470,Cc1c(N(C)C)c(=O)n(-c2ccccc2)n1C,[]
CHEMBL3039515,CCCCC1(CCCC)CN(c2ccccc2)c2cc(SC)c(OCC(=O)N[C@@H](C(=O)NCC(=O)O)c3ccccc3)cc2S(=O)(=O)C1,['Ileal bile acid transporter']
CHEMBL313302,O=C1C=C(N2CC2)C(=O)C(N2CC2)=C1N1CC1,[]
CHEMBL3301607,O=C(Nc1nc2cccc(-c3ccc(CN4CCS(=O)(=O)CC4)cc3)n2n1)C1CC1,"['Tyrosine-protein kinase JAK2', 'Tyrosine-protein kinase JAK1', 'Tyrosine-protein kinase JAK3', 'Tyrosine-protein kinase TYK2', 'Uncharacterized aarF domain-containing protein kinase 1']"
CHEMBL3707298,[Mg+2].[O-][O-],[]
CHEMBL3707375,CCCCCCCOc1ccc(CCC(N)(CO)CO)cc1C(F)(F)F,['Sphingosine 1-phosphate receptor Edg-1']
CHEMBL42,CN1CCN(C2=Nc3cc(Cl)ccc3Nc3ccccc32)CC1,"['Dopamine D2 receptor', 'Dopamine D4 receptor', 'Dopamine D1 receptor', 'Serotonin 2 (5-HT2) receptor', 'Serotonin 3 (5-HT3) receptor', 'Dopamine D1 receptor', 'Dopamine D5 receptor', 'Adenylate cyclase', 'Histone H1.0']"
CHEMBL4297623,NC(=O)/C(=C/n1cnc(-c2cc(C(F)(F)F)cc(C(F)(F)F)c2)n1)c1cncnc1,['Exportin-1']
CHEMBL443684,CC1(C)CCC(c2ccc(Cl)cc2)=C(CN2CCN(c3ccc(C(=O)NS(=O)(=O)c4ccc(N[C@H](CCN5CCOCC5)CSc5ccccc5)c(S(=O)(=O)C(F)(F)F)c4)cc3)CC2)C1,"['Apoptosis regulator Bcl-2', 'Apoptosis regulator Bcl-X', 'AGS', 'RS4-11', 'NCI-H1650', 'J82', 'PA-1', 'U-266', 'MKN-28', 'DOHH-2', 'MG-63', 'OCI-AML2', 'MEF', 'BT-20', 'MSTO-211H', 'NCI-H2122', 'HCC1806', 'DU-4475', 'SAOS-2', 'SK-LU-1', 'BV-173', 'MEG-01', 'NCI-H187', '697', 'SNU-5', 'LC-2-ad', 'AN3-CA', 'KU812 cell line', 'LAMA-84', 'HT', 'PSN1', 'Calu-6', 'AU565', 'SJRH30', 'NOMO-1', 'SW982', 'NCI-H596', 'DEL', 'GOTO', 'NCI-H526', 'RD', 'NOS-1', 'HAL-01', 'HuTu80', 'LB1047-RCC', 'EW-16', 'KS-1', 'ML-2', 'SW 954', 'NKM-1', 'MKN-7', 'SNU1', 'QIMR-WIL', 'ONS-76', 'A101D', 'L-363', 'CTV-1', 'C32', 'BB30-HNC', 'ALL-PO', 'ACN', 'SNU-423', 'MKN-1', 'HT-144', 'TE-12', 'KARPAS-45', 'TE-8', 'LXF-289 cell line', 'LB2241-RCC', 'COLO-829', 'A3-KAW', 'KGN', 'ETK-1', 'A4-Fuk', 'ES4', 'Calu-3', 'SK-MEL3', 'CTB-1', 'ES8', 'SK-NEP-1', 'SH-4', 'EM-2', 'BB65-RCC', 'NTERA-2-cl-D1', 'SW 962', 'MZ1-PC', '8-MG-BA', 'NCI-H82', 'MOLT-16', 'GI-ME-N', 'NB69', 'ES1', 'GB-1', 'CGTH-W-1', 'GI-1', 'A388', 'NEC8', 'NCI-H747', 'JAR', 'HH', 'NCI-H1355', 'TE-10', 'SF-126', 'DB', 'OCUB-M', 'HT1197', 'VA-ES-BJ', 'KURAMOCHI', 'SW780', 'GCIY', 'ES6', 'SK-UT-1', 'Becker', 'BE-13', 'NMC-G1', 'REH', 'MZ2-MEL', '8305C', 'SK-N-DZ', 'Ramos-2G6-4C10', 'NB13', 'GT3TKB', 'MLMA', 'EW-1', 'LS-411N', 'KE-37', 'IA-LM', 'T84', 'NCI-H1648', 'TE-9', 'Ca-Ski', 'A704', 'GR-ST', 'L-428', 'SCC-4', 'TE-11', 'EW-3', 'J-RT3-T3-5', 'LS-123', 'K5', 'NCI-H209', 'HCE-4', 'HD-MY-Z', 'A253 cell line', 'ATN-1', 'C2BBe1', 'MS-1', 'C-33-A', 'DSH1', 'MC116', 'LU-134-A', 'D-263MG', 'no-11', 'HCE-T', 'NB5', 'LB996-RCC', 'MZ7-mel', 'P30-OHK', 'MEL-HO', 'OE19', 'NH-12', 'MPP-89', 'SK-N-FI', 'MeWo', 'EW-13', 'GAMG', 'SK-LMS-1', 'LCLC-97TM1', 'HSC-2', 'HC-1', 'TE-5', 'KALS-1', 'G-402', 'HuP-T4', 'SW626', 'CHP-212', 'D283 Med', 'CAL-33', 'HCC2218', 'LB2518-MEL', 'MHH-NB-11', 'ES7', 'BPH-1', 'TE-6', 'YKG-1', 'HSC-3', 'SCC-15', 'NCI-H2126', 'NCI-H1155', 'IST-SL1', 'SIG-M5', 'KINGS-1', 'FTC-133', 'CAL-12T', 'TGBC1TKB', 'D-502MG', 'MFH-ino', 'NB6', 'SHP77', 'COLO-684', 'NCI-H1417', 'HuO-3N1', 'SNU-C2B', 'MDA-MB-157', 'NCI-H1770', 'CAL-39', 'KLE', 'NCI-H2009', 'MN-60', 'LS-513', 'LB771-HNC', 'KMOE-2', 'NCI-H2030', 'BCPAP', 'SW 1116', 'MC-IXC', 'KY821', 'CAL-54', 'ES3', 'ES5', 'SBC-1', 'MRK-nu-1', 'MMAC-SF', 'COLO-668', 'KP-N-YS', 'DBTRG-05MG', 'EFO-27', 'TGBC24TKB', 'LU-139', 'NCI-H1963', 'SU-DHL-1', 'P12-Ichikawa', 'KYSE-180', 'SK-MEL-30', 'IGR-1', 'LS-1034', 'GCT', 'PF-382', 'NCI-H1092', 'no-10', 'LNCaP-Clone-FGC', 'MHH-ES-1', 'GP5d', 'RPMI-2650', 'KM-H2', 'NCI-H720', 'DJM-1', 'LAN-6', 'COLO-679', 'ESS-1', 'OAW-42', 'NCI-H2170', 'JVM-3', 'OMC-1', 'Lu-65', 'KNS-81-FD', 'GDM-1', 'NB17', 'EW-11', 'RVH-421', 'NCI-H2087', 'Panc1005', 'NCI-H2342', 'HN', 'H-EMC-SS', 'IST-SL2', 'JVM-2', 'EW-18', 'HCC38', 'WM-115', 'D-247MG', 'RCC10RGB', 'HDLM-2', 'RPMI-8866', 'BC1 cell line', 'COLO-320-HSR', 'COR-L88', 'CP66-MEL', 'HCC2157', 'NB14', 'DoTc2-4510', 'KP-4', 'D-392MG', 'CESS', 'RL95-2', 'NB12', 'NCI-H1304', 'EFM-19', 'KU-19-19', 'SK-MEL-24', 'LK-2', 'HCC1569', '647-V', 'COLO-678', 'TGW', 'DMS-79', 'MDA-MB-415', 'CAL-120', 'NCI-H2405', 'HPAF-II', 'AM-38', 'RCM-1', 'LOUCY', 'LB373-MEL-D', 'HCC1599', 'DG-75', 'MDA-MB-175-VII', 'NCI-H1755', 'IMR-5', 'SKG-IIIa', 'SW13', 'MC-CAR', 'RO82-W-1', 'COLO-824', 'EGI-1', 'HCC1395', 'HEC-1', 'HuO9', 'DK-MG', 'NCI-H1563', 'NCI-H1651', 'OAW-28', 'MFE-280', 'GMS-10', 'NCI-H1623', 'SW1783', 'CaR-1', 'SW756', 'PANC-08-13', 'COLO-792', 'NCI-H1693', 'COLO-741', 'PFSK-1', 'CP50-MEL-B', 'BEN', 'JEG-3', 'NCI-H2052', 'D-542MG', 'LB647-SCLC', 'SW1417', 'SW684', 'NBsusSR', 'EHEB', 'COR-L279', 'HCC1419', 'RMG-I', 'SCH', 'EB-3', 'EVSA-T', 'LN-405', 'SIMA', 'EPLC-272H', 'UMC-11', 'HT55', 'NCI-H1793', 'CAL-148', 'WSU-NHL', 'NCI-H1048', 'K052', 'MOLT-13', 'NCI-H64', 'LC-1F', 'NCI-H345', 'NCI-H2452', 'UACC-893', 'EC-GI-10', 'TI-73', 'NCI-H630', 'SCLC-21H', 'CHP-134', 'EW-22', 'SW948', 'ECC10', 'ECC4', 'MHH-CALL-2', 'NCI-H2196', 'NCI-H1694', 'SW1463', 'YH-13', 'LU-165', 'NCI-H524', 'NCI-H1522', 'TGBC11TKB', 'NCI-H889', 'TUR', 'MDA-MB-134-VI', 'KP-N-YN', 'CW-2', 'NCI-H1666', 'KMS-12-PE', 'RH-18', 'SW900', 'LU-135', 'NCI-H2029', 'P31-FUJ', 'Aspartyl/asparaginyl beta-hydroxylase']"
CHEMBL456,C=C(CC)C(=O)c1ccc(OCC(=O)O)c(Cl)c1Cl,['Glutathione S-transferase Pi']
CHEMBL4594277,Cl.Fc1cc(F)c(OCc2ccccc2C2CCNCC2)c(F)c1,['Serotonin transporter']
CHEMBL4594441,COc1cc(Nc2ncc(C)c(Nc3ccc4oc(=O)[nH]c4c3)n2)cc(C)c1F,[]
CHEMBL4650310,O=c1ccc2ccc(O[C@@H]3C[C@H]4CC[C@@H](C3)N4)cc2o1,"['Neuronal acetylcholine receptor; alpha4/beta2', 'Neuronal acetylcholine receptor protein alpha-7 subunit']"
CHEMBL5314391,CCN1CCC(Nc2ccc3c(c2)/C(=C(\c2cccc(F)c2)c2nc(C)c[nH]2)C(=O)N3)CC1,[]
CHEMBL723,COc1ccccc1OCCNCC(O)COc1cccc2[nH]c3ccccc3c12,['Beta-1 adrenergic receptor']
CHEMBL77622,Oc1ccc(CCNCCCCCCNCCc2ccccc2)cc1O,[]
CHEMBL8,O=C(O)c1cn(C2CC2)c2cc(N3CCNCC3)c(F)cc2c1=O,"['Escherichia coli', 'Staphylococcus aureus', 'DNA gyrase', 'Mycobacterium smegmatis', 'Topoisomerase IV subunit A', 'Streptococcus pneumoniae', 'Mycobacterium intracellulare', 'Isocitrate lyase', 'Micrococcus luteus', 'Vibrio cholerae', 'Bacillus megaterium']"
CHEMBL833,Clc1ccccc1CN1CCc2sccc2C1,['Cytochrome P450 2A13']
CHEMBL103735,CCCC1(CCC)CCC2(CCN(CCCN(CC)CC)C2)CC1,[]
CHEMBL104,Clc1ccccc1C(c1ccccc1)(c1ccccc1)n1ccnc1,"['Trypanosoma cruzi', 'Voltage-gated potassium channel subunit Kv1.5', 'Cytochrome P450 19A1', 'Intermediate conductance calcium-activated potassium channel protein 4', 'Lanosterol 14-alpha demethylase', 'Eukaryotic peptide chain release factor GTP-binding subunit', 'Cytochrome P450 121']"
CHEMBL112570,CC(C)CCC[C@@H](C)[C@H]1CC[C@H]2[C@@H]3CC=C4C[C@@H](O)CC[C@]4(C)[C@H]3CC[C@]12C,[]
CHEMBL1201020,CC(C)N(CCC(C(N)=O)(c1ccccc1)c1ccccn1)C(C)C.O=P(O)(O)O,[]
CHEMBL1433361,CCCCCCCCOc1ccccc1C(=O)Nc1ccc(C(=O)OCC[N+](C)(CC)CC)cc1,[]
CHEMBL148,C[C@@H](O)[C@H]1C(=O)N2C(C(=O)O)=C(SCCNC=N)C[C@H]12,['BlaVIM-1']
CHEMBL157101,CC(=O)N1CCN(c2ccc(OCC3COC(Cn4ccnc4)(c4ccc(Cl)cc4Cl)O3)cc2)CC1,"['Trypanosoma cruzi', 'Cytochrome P450 17A1']"
CHEMBL1707,CN(C)C(=O)C(CCN1CCC(O)(c2ccc(Cl)cc2)CC1)(c1ccccc1)c1ccccc1.Cl,"['C-C chemokine receptor type 1', 'Human herpesvirus 5 chemokine receptor']"
CHEMBL1738758,CN1CCN(c2ccc(OC(F)(F)F)c(Nc3ncc4c(n3)-c3c(c(C(N)=O)nn3CCO)CC4)c2)CC1,"['Serine/threonine-protein kinase PLK1', 'Serine/threonine-protein kinase PLK3']"
CHEMBL2103883,O=C(Nc1nc(-c2cc(Cl)cs2)c(N2CCN(C3CCCCC3)CC2)s1)c1cnc(N2CCC(C(=O)O)CC2)c(Cl)c1,[]
CHEMBL2104769,CCN1CCC[C@H]1CNC(=O)c1c(O)c(Cl)cc(Cl)c1O[11CH3],"['Dopamine D2 receptor', 'Dopamine receptor', 'Dopamine receptor']"
CHEMBL2110773,C[N+]1(CC2CC2)[C@@H]2C[C@@H](OC(=O)[C@H](CO)c3ccccc3)C[C@H]1[C@@H]1O[C@@H]12,[]
CHEMBL2110774,CN(C)CCOC(C)(c1ccccc1)c1ccc(Cl)cc1,[]
CHEMBL2110796,C[N+](C)(C)CCOC(Cc1ccccc1)c1ccccc1,[]
CHEMBL23588,O=C(O)c1ccccc1Nc1cccc(C(F)(F)F)c1,"['Aldo-keto-reductase family 1 member C3', 'Aldo-keto reductase family 1 member C2', 'Aldo-keto reductase family 1 member C4', 'H4']"
CHEMBL255863,Cc1cn(-c2cc(NC(=O)c3ccc(C)c(Nc4nccc(-c5cccnc5)n4)c3)cc(C(F)(F)F)c2)cn1,"['Tyrosine-protein kinase ABL', 'Bcr/Abl fusion protein', 'PCSK9/LDLR', 'KBM5', 'GIST882', 'GIST48']"
CHEMBL298470,COc1cc(C)c2c(Oc3cccc(C(F)(F)F)c3)c(OC)cc(NC(C)CCCN)c2n1,[]
CHEMBL3218390,Cc1nc[nH]c1CN1CCN(C(=O)N[C@@H](CC(C)C)C(=O)O)[C@@H](Cc2ccccc2)C1=O,[]
CHEMBL3763743,Oc1ccc(Oc2sc3cc(O)ccc3c2-c2ccc(F)cc2)cc1,"['Estrogen receptor alpha', 'Estrogen receptor beta']"
CHEMBL3990804,Cc1oc(-c2ccccc2)nc1CCOc1ccc(CC2SC(=O)NC2=O)c2sccc12,"['Peroxisome proliferator-activated receptor gamma', 'Peroxisome proliferator-activated receptor alpha', 'RXR alpha/PPAR gamma']"
CHEMBL4297290,C[C@@H]1CN(Cc2ncccn2)C[C@H]1c1cn2c(C3CCOCC3)ncc2c(=O)[nH]1,['Phosphodiesterase 9A']
CHEMBL4297378,CC1=C[C@@H]2CN(C(=O)N2OS(=O)(=O)[O-])[C@@H]1C(N)=O.[Na+],[]
CHEMBL4303525,CC1(C)CC[C@]2(NC(=O)C(C)(F)F)CC[C@]3(C)[C@H](C(=O)C=C4[C@@]5(C)C=C(C#N)C(=O)C(C)(C)[C@@H]5CC[C@]43C)[C@@H]2C1,['RAW']
CHEMBL449062,C=C(C)[C@H]1CC=C(C)CC1,['Olfactory receptor 5K1']
CHEMBL4802214,COc1cccc2[nH]c(C(=O)N[C@@H](CC(C)C)C(=O)N[C@@H](C[C@@H]3CCNC3=O)C(=O)COP(=O)(O)O)cc12,[]
CHEMBL54918,O=c1[nH]c(=O)n([C@@H]2O[C@H](CO)[C@@H](O)[C@H]2O)cc1F,"['COLO 320DM', 'RL', 'S180', 'HEL 299', 'AZ-521 cell line', 'Orotidine phosphate decarboxylase']"
CHEMBL713,C=C1[C@H](CO)[C@@H](O)C[C@@H]1n1cnc2c(=O)[nH]c(N)nc21,[]
CHEMBL118,Cc1ccc(-c2cc(C(F)(F)F)nn2-c2ccc(S(N)(=O)=O)cc2)cc1,"['Cyclooxygenase-2', 'Cyclooxygenase-1', 'Cytochrome c oxidase subunit 1']"
CHEMBL1200461,COc1ccc(OC)c(C(O)CNC(=O)CN)c1.Cl,[]
CHEMBL1200728,Cl.N=C(N)N,"['Ornithine decarboxylase', 'Aldehyde dehydrogenase 1A1', 'Arginase-1', 'Arginase-1', 'Gamma-amino-N-butyrate transaminase']"
CHEMBL1201049,Clc1ccc(COC(Cn2ccnc2)c2ccc(Cl)cc2Cl)cc1.O=[N+]([O-])O,"['Arachidonate 15-lipoxygenase, type II', 'Fusarium solani', 'Cytochrome P450 121']"
CHEMBL1201216,Cc1ccccc1N1CCN(CCc2nnc3n2CCCC3)CC1,['Serotonin 1a (5-HT1a) receptor']
CHEMBL126648,C#CCN(Cc1cc2c(O)nc(C)nc2cc1C)c1ccc(C(=O)N[C@@H](CCc2nnn[nH]2)C(=O)O)c(F)c1,"['L1210', 'Thymidylate synthase', 'Thymidylate synthase', 'L1210 (RD1694)']"
CHEMBL1330792,CC(=O)Nc1cc([As](=O)(O)O)ccc1O,[]
CHEMBL1436,CO/N=C(\C(=O)N[C@@H]1C(=O)N2C(C(=O)O)=C(COC(N)=O)CS[C@H]12)c1ccco1,"['Solute carrier family 22 member 8', 'PER-2 beta-lactamase']"
CHEMBL1657,CCOC(=O)c1ccc(C#Cc2ccc3c(c2)C(C)(C)CCS3)nc1,[]
CHEMBL1658,C=C[C@]1(C)C[C@@H](OC(=O)CS[C@@H]2C[C@H]3CC[C@@H](C2)N3C)[C@]2(C)[C@H](C)CC[C@]3(CCC(=O)[C@H]32)[C@@H](C)[C@@H]1O,['Wolbachia']
CHEMBL1817968,CC(C)(C)c1cc(C(C)(C)C)c2[nH]c(C(C)(C)C)c(C[C@H](NC(=O)[C@@H](N)CCCNC(=N)N)C(=O)N[C@@H](CCCNC(=N)N)C(=O)NCCc3ccccc3)c2c1,[]
CHEMBL1908355,NC(=O)N1C(=O)/C(=C(\O)c2cccs2)c2cc(Cl)ccc21,[]
CHEMBL2104194,COC(=O)CCC=C=CC[C@H]1C(=O)C[C@@H](O)[C@@H]1/C=C/[C@@H](O)COc1ccccc1,[]
CHEMBL2104955,C=C1[C@H](O)CC(=C/C=C2\CCC[C@]3(C)[C@@H]([C@@H](C)CC)CC[C@@H]23)C[C@H]1O,['Vitamin D receptor']
CHEMBL2106566,O=P([O-])([O-])[O-].O=P([O-])([O-])[O-].[Ca+2].[Ca+2].[Ca+2],[]
CHEMBL2106939,CCCCCCNC(=N)NC(=N)N,['Polyamine oxidase']
CHEMBL269732,C=CC[C@@H]1/C=C(\C)C[C@H](C)C[C@H](OC)[C@H]2O[C@@](O)(C(=O)C(=O)N3CCCC[C@H]3C(=O)O[C@H](/C(C)=C/[C@@H]3CC[C@@H](O)[C@H](OC)C3)[C@H](C)[C@@H](O)CC1=O)[C@H](C)C[C@@H]2OC,"['FK506-binding protein 1A', 'CD4+ve Th']"
CHEMBL278623,CC(C)(N)C(=O)N[C@H](Cc1c[nH]c2ccccc12)C(=O)N[C@H](Cc1c[nH]c2ccccc12)NC=O,['Ghrelin receptor']
CHEMBL289351,COc1ccc(/C=C\c2cc(OC)c(OC)c(OC)c2)cc1OP(=O)([O-])[O-].[Na+].[Na+],"['MCF7', 'A549', 'HT-29', 'K562', 'DU-145', 'HMEC-1', 'Colon 26', 'MCF7-DOX']"
CHEMBL290960,CC1CS(=O)(=O)CCN1/N=C/c1ccc([N+](=O)[O-])o1,['Unchecked']
CHEMBL3113974,CS(=O)(=O)Nc1ccc(C(=O)O[C@@H](Cc2c(Cl)c[n+]([O-])cc2Cl)c2ccc(OC(F)F)c(OCC3CC3)c2)cc1OCC1CC1,['Phosphodiesterase 4']
CHEMBL3126004,C[C@H](NP(=O)(OC[C@H]1O[C@@H](n2ccc(N)nc2=O)C(F)(F)[C@@H]1O)Oc1ccccc1)C(=O)OCc1ccccc1,['Hepatitis C virus']
CHEMBL3545213,N#CC(c1ccnc(OCc2ccc(CN3CCOCC3)cc2)n1)c1nc2ccccc2s1,[]
CHEMBL3585580,COc1ccc(Oc2cc(N(C)CCOc3ccc(CC4SC(=O)NC4=O)cc3)ncn2)cc1,"['Peroxisome proliferator-activated receptor gamma', 'Peroxisome proliferator-activated receptor alpha']"
CHEMBL3989868,Cc1cc(Nc2ncnc3ccc(NC4=NC(C)(C)CO4)cc23)ccc1Oc1ccn2ncnc2c1,['Receptor protein-tyrosine kinase erbB-2']
CHEMBL4227721,CCOC(=O)O[C@@H](C)n1nnnc1-c1c(-c2ccc(C(=O)N(c3ncccc3Cl)[C@@H]3CCCNC3)cc2F)cnn1C,['Subtilisin/kexin type 9']
CHEMBL43048,CNC(C)Cc1ccc2c(c1)OCO2,[]
CHEMBL43068,CC(C)[C@H](N)C(=O)O,['Gamma-amino-N-butyrate transaminase']
CHEMBL46469,O=C1c2c(O)cccc2Cc2cccc(O)c21,"['HaCaT', 'Arachidonate 5-lipoxygenase', 'Liposome']"
CHEMBL4650349,O=C(c1ccc(F)cc1)c1ccccc1N[C@@H](Cc1ccc(OCCn2c3ccccc3c3ccccc32)cc1)C(=O)O,['Peroxisome proliferator-activated receptor gamma']
CHEMBL471897,Cc1cc(OCP2(=O)OCC[C@@H](c3cccc(Cl)c3)O2)cc(C)c1Cc1ccc(O)c(C(C)C)c1,[]
CHEMBL4847106,C[C@@H]1CC[C@@H](Nc2nc(NC(C)(C)C)ncc2C(N)=O)C[C@H]1O,['Mitogen-activated protein kinase 8']
CHEMBL507674,CCN1CCN(C(=O)N[C@@H](C(=O)N[C@@H]2C(=O)N3C(C(=O)O)=C(CSc4nnnn4C)CS[C@H]23)c2ccc(O)cc2)C(=O)C1=O,"['Solute carrier family 22 member 6', 'Solute carrier family 22 member 8', 'Solute carrier family 22 member 11']"
CHEMBL5095250,COc1nc(C)ccc1-c1cc(Nc2cncc(O[C@@H]3CCCNC3)n2)n[nH]1,[]
CHEMBL5314910,CC(C)NC(=O)Cn1c(-c2cccc(Cl)c2)nn(-c2ccc(CCN3CCOCC3)cc2)c1=O,[]
CHEMBL90555,CC[C@]1(O)C[C@H]2CN(CCc3c([nH]c4ccccc34)[C@@](C(=O)OC)(c3cc4c(cc3OC)N(C=O)[C@H]3[C@@](O)(C(=O)OC)[C@H](OC(C)=O)[C@]5(CC)C=CCN6CC[C@]43[C@@H]65)C2)C1,"['L1210', 'HCT-116/VM46']"
CHEMBL1068,NC(=O)N1c2ccccc2CC(=O)c2ccccc21,[]
CHEMBL1256137,Cl.NCCS,"['Ornithine decarboxylase', 'Gamma-amino-N-butyrate transaminase']"
CHEMBL1265,COc1ccc(-c2ccc3cc(C(=O)O)ccc3c2)cc1C12CC3CC(CC(C3)C1)C2,['Protein tyrosine phosphatase receptor type C-associated protein']
CHEMBL1294,C=C[C@H]1CN2CC[C@H]1C[C@@H]2[C@@H](O)c1ccnc2ccc(OC)cc12,"['Plasmodium falciparum', 'Solute carrier family 22 member 1', 'Cytochrome P450 2D2', 'Solute carrier family 22 member 1', 'Solute carrier organic anion transporter family member 1A4']"
CHEMBL1563,COc1cccc2c1C(=O)c1c(O)c3c(c(O)c1C2=O)C[C@@](O)(C(C)=O)C[C@@H]3O[C@H]1C[C@H](N)[C@H](O)[C@H](C)O1.Cl,"['J774.2', '14-3-3 protein gamma', 'RXF 944', 'MAXF401 cell line', 'Lung LXF 629L tumor cell line', 'WI-38 VA13', 'MCF10', 'WALKER', 'Shiga toxin 1 variant A subunit']"
CHEMBL1676,C[C@@H]1C[C@H]2[C@@H]3C[C@H](F)C4=CC(=O)C=C[C@]4(C)[C@@]3(F)[C@@H](O)C[C@]2(C)[C@@]1(OC(=O)c1ccco1)C(=O)SCF,['Glucocorticoid receptor']
CHEMBL170988,N=C(N)NC(=N)NCCc1ccccc1,[]
CHEMBL1908360,CO[C@H]1C[C@@H]2CC[C@@H](C)[C@@](O)(O2)C(=O)C(=O)N2CCCC[C@H]2C(=O)O[C@H]([C@H](C)C[C@@H]2CC[C@@H](OCCO)[C@H](OC)C2)CC(=O)[C@H](C)/C=C(\C)[C@@H](O)[C@@H](OC)C(=O)[C@H](C)C[C@H](C)/C=C/C=C/C=C/1C,"['NCI-H596', 'J-RT3-T3-5', 'NCI-H1155', 'LS-513', 'LS-1034', 'KNS-81-FD', 'DMS-79', 'LB373-MEL-D', 'DG-75', 'NB7', 'EHEB', 'EB-3', 'CAL-148', 'NCI-H64', 'DMS-153', 'MHH-CALL-2', 'NCI-H1694', 'NCI-H1838', 'LU-165', 'NCI-H524', 'MDA-MB-134-VI']"
CHEMBL2103879,CC(C)c1cc(-c2n[nH]c(=O)n2-c2ccc3c(ccn3C)c2)c(O)cc1O,['Heat shock protein HSP 90-alpha']
CHEMBL2110602,CC(=O)OCC1=C(C(=O)O)N2C(=O)[C@@H](NC(=O)CC#N)[C@H]2SC1,['Solute carrier family 22 member 8']
CHEMBL236687,C=C(C)[C@@H]1CC=C(CO)CC1,"['Diacylglycerol O-acyltransferase 1', 'Lecithin retinol acyltransferase']"
CHEMBL24828,COc1cc2/c(=N/c3ccc(Br)cc3F)nc[nH]c2cc1OCC1CCN(C)CC1,"['Vascular endothelial growth factor receptor 2', 'Tyrosine-protein kinase SRC', 'Platelet-derived growth factor receptor beta', 'Tyrosine-protein kinase YES', 'Serine/threonine-protein kinase RIPK2', 'Serine/threonine-protein kinase 10', 'Ephrin type-A receptor 4', 'Ephrin type-B receptor 2', 'Serine/threonine-protein kinase SIK2', 'Kinesin-1 heavy chain/ Tyrosine-protein kinase receptor RET', 'Ephrin type-A receptor 1', 'Serine/threonine-protein kinase 33', 'Ephrin type-A receptor 8', 'Ephrin type-A receptor 5', 'Ephrin type-B receptor 1', 'Ephrin type-A receptor 7', 'Breakpoint cluster region protein', 'Ephrin type-A receptor 6', 'Chaperone activity of bc1 complex-like, mitochondrial', 'Serine/threonine-protein kinase 35', 'Uncharacterized aarF domain-containing protein kinase 4', 'Serine/threonine-protein kinase 32A', 'Serine/threonine-protein kinase MRCK gamma', 'Tubulin alpha-1 chain']"
CHEMBL267044,CCN1CCC[C@H]1CNC(=O)c1cc(S(N)(=O)=O)ccc1OC,"['Dopamine D2 receptor', 'Carbonic anhydrase']"
CHEMBL304383,CNCC(=O)O,"['GABA-B receptor', 'GABA A receptor alpha-3/beta-2/gamma-2', 'Olfactory receptor 51E2', 'Betaine transporter', 'Gamma-amino-N-butyrate transaminase', 'GABA receptor gamma-1 subunit', 'GABA receptor alpha-1 subunit', 'Gamma-amino-N-butyrate transaminase']"
CHEMBL3233142,CN1CCN2c3c(cccc31)[C@@H]1CN(CCCC(=O)c3ccc(F)cc3)CC[C@@H]12.Cc1ccc(S(=O)(=O)O)cc1,[]
CHEMBL3545254,CC(C)CCC[C@@H](C)[C@H]1CC[C@H]2[C@@H]3CCC4=CC(=NO)CC[C@]4(C)[C@H]3CC[C@]12C,[]
CHEMBL3989917,Cc1ccccc1-c1cc(N2CC[N+](C)(COP(=O)([O-])O)CC2)ncc1N(C)C(=O)C(C)(C)c1cc(C(F)(F)F)cc(C(F)(F)F)c1,['Neurokinin 1 receptor']
CHEMBL4086143,O=C1CC(c2c[nH]c3ccc(F)cc23)C(=O)N1,[]
CHEMBL419380,O=C(OCCN1CCCCCC1)C(c1ccsc1)C1CCCCC1,[]
CHEMBL4297253,COc1nc(C(Cl)(Cl)Cl)c(Cl)c(OC(=O)O[C@H]2CC[C@@]3(C)C(=CC[C@H]4[C@@H]5CC[C@H]([C@H](C)CCCC(C)C)[C@@]5(C)CC[C@@H]43)C2)c1Cl,[]
CHEMBL4297477,Cn1cc(Nc2nccc(N3C[C@H]4CC[C@@H](C3)N4C(=O)[C@@H]3CC3(F)F)n2)cn1,[]
CHEMBL4302507,[Cs],['Carbonic anhydrase V']
CHEMBL4303389,C[C@H](Nc1cc(-c2cnn(C)c2)cc(Nc2cnccn2)n1)c1ccc(F)cc1,[]
CHEMBL440498,O=C(NO)C1(CS(=O)(=O)c2ccc(Oc3ccc(Cl)cc3)cc2)CCOCC1,"['Matrix metalloproteinase-2', 'Matrix metalloproteinase 13']"
CHEMBL4594436,Cc1cc([N+](=O)[O-])c(NS(=O)(=O)c2cccc(C(=O)O)c2)cc1-c1cccnc1,[]
CHEMBL4650463,[2H][C@@](N)(CO)C(=O)O,"['Regulator of G-protein signaling 4', 'GABA-B receptor', 'Betaine transporter', 'Gamma-amino-N-butyrate transaminase', 'GABA receptor gamma-1 subunit', 'GABA receptor alpha-1 subunit']"
CHEMBL5095231,COC1CN([C@H]2CC[C@H]([C@@]3(C)Oc4c(Cl)cc(C(=O)NCc5c(SC)cc(C)[nH]c5=O)c(C)c4O3)CC2)C1,"['Histone-lysine N-methyltransferase EZH2', 'KARPAS-422']"
CHEMBL5314960,[O-][n+]1c(CO)c(CO)[n+]([O-])c2ccccc21,[]
CHEMBL556,CC(=O)N(O)CCCCCNC(=O)CCC(=O)N(O)CCCCCNC(=O)CCC(=O)N(O)CCCCCN,['Deoxyhypusine hydroxylase']
CHEMBL896,OCCOCCN1CCN(C(c2ccccc2)c2ccc(Cl)cc2)CC1,['Murine leukemia virus']
CHEMBL998,CCOC(=O)N1CCC(=C2c3ccc(Cl)cc3CCc3cccnc32)CC1,"['Histamine H1 receptor', 'Histamine H1 receptor', 'Sodium-dependent neutral amino acid transporter B(0)AT2']"
CHEMBL1200881,CN(C)c1ccc(O)c2c1C[C@H]1C[C@H]3[C@H](N(C)C)C(O)=C(C(N)=O)C(=O)[C@@]3(O)C(O)=C1C2=O.Cl,[]
CHEMBL1428,COCCOC(=O)C1=C(C)NC(C)=C(C(=O)OC(C)C)C1c1cccc([N+](=O)[O-])c1,"['Voltage-gated L-type calcium channel alpha-1D subunit', 'Voltage-gated L-type calcium channel alpha-1C subunit', 'Voltage-gated L-type calcium channel alpha-1C subunit']"
CHEMBL152408,CN1CCC(=C2c3ccccc3Sc3ccccc32)CC1,['Adenylate cyclase']
CHEMBL1535,CCN(CCO)CCCC(C)Nc1ccnc2cc(Cl)ccc12,"['Plasmodium falciparum', 'Plasmodium malariae']"
CHEMBL169901,N=C(N)N1CCc2ccccc2C1,[]
CHEMBL207433,O=C(Nc1ccccc1Br)N[C@@H]1CCN(c2ccc(C(F)(F)F)cn2)C1,[]
CHEMBL2103774,C#C[C@]1(O)CC[C@H]2[C@@H]3[C@H](C)CC4=C(CCC(=O)C4)[C@H]3CC[C@@]21C,['Progesterone receptor']
CHEMBL2103857,COc1ccc(F)cc1C[C@@](O)(C1CCOCC1)[C@@H]1CNCCO1,"['Serotonin transporter', 'Norepinephrine transporter', 'Dopamine transporter']"
CHEMBL2103884,COC[C@H](NC(=O)c1cnc(C)s1)C(=O)N[C@@H](COC)C(=O)N[C@@H](Cc1ccccc1)C(=O)[C@@]1(C)CO1,"['Proteasome Macropain subunit MB1', '20S proteasome']"
CHEMBL2110725,CC[C@]12C=CCN3CC[C@@]4(c5cc([C@@]6(C(=O)OC)C[C@@H]7C[C@@H](C(C)(F)F)CN(Cc8c6[nH]c6ccccc86)C7)c(OC)cc5N(C)[C@H]4[C@@](O)(C(=O)OC)[C@@H]1OC(C)=O)[C@@H]32,[]
CHEMBL240597,C[C@H](CCC(=O)O)[C@H]1CC[C@H]2[C@@H]3[C@H](O)C[C@@H]4C[C@H](O)CC[C@]4(C)[C@H]3CC[C@]12C,"['G-protein coupled bile acid receptor 1', 'Multidrug resistance-associated protein 4']"
CHEMBL240624,COCCOc1ccc(N2CCN(CCn3ncc4c3nc(N)n3nc(-c5ccco5)nc43)CC2)cc1,['Adenosine A2a receptor']
CHEMBL273264,N=C(N)Nc1ccc(C(=O)Oc2ccc3cc(C(=N)N)ccc3c2)cc1,['Trypsin I']
CHEMBL277535,c1ccc(-c2ccc(C(c3ccccc3)n3ccnc3)cc2)cc1,"['Trypanosoma cruzi', 'Cytochrome P450 19A1', 'Cytochrome P450 26A1']"
CHEMBL281398,CC(C)(C)N/C(=N\C#N)Nc1cccc(/C(=C\CCCC(=O)O)c2cccnc2)c1,"['Homo sapiens', 'Thromboxane A2 receptor', 'Thromboxane-A synthase']"
CHEMBL301265,CCCN[C@H]1CCc2nc(N)sc2C1,"['Dopamine D2 receptor', 'Dopamine receptors; D1 & D2']"
CHEMBL3787344,Cc1cc(C(=O)Nc2nc3cccc(Cl)c3n2[C@@H]2CCCCN(C(=O)/C=C/CN(C)C)C2)ccn1,[]
CHEMBL3989844,C[C@H](N)Cc1ccccc1.O=C(O)[C@@H](O)[C@@H](O)[C@H](O)[C@@H](O)C(=O)O,[]
CHEMBL4089731,Cn1ncc(S(=O)(=O)N2CC[C@H]3Cc4c(cnn4-c4ccc(F)cc4)C[C@]3(C(=O)c3cc(C(F)(F)F)ccn3)C2)n1,['Glucocorticoid receptor']
CHEMBL4297088,N=C(NCCCCCCNC(=N)NC(=N)Nc1ccc(Cl)cc1)NC(=N)Nc1ccc(Cl)cc1.O=C(O)[C@H](O)[C@@H](O)[C@H](O)[C@H](O)CO.O=C(O)[C@H](O)[C@@H](O)[C@H](O)[C@H](O)CO,[]
CHEMBL4297615,CCOc1c([C@H](C)n2nc(C)c3c(N)ncnc32)cc(Cl)c(F)c1[C@@H]1CNC(=O)C1,[]
CHEMBL5095262,CCCO[C@H]1CC[C@H](N(C(=O)Nc2ncc(SCC(=O)O)s2)C2CCCCC2)CC1,[]
CHEMBL514270,COc1ccc(N2CCc3c(-n4ccc(N5CCNC5=O)n4)cc(C)nc32)c(C)c1,[]
CHEMBL56367,CS(=O)(=O)Nc1ccc([N+](=O)[O-])cc1Oc1ccccc1,[]
CHEMBL567597,C[C@@H]1CC[C@H]2[C@@H](C)C(=O)O[C@@H]3O[C@]4(C)CC[C@@H]1[C@]32OO4,['Ipomoea grandifolia']
CHEMBL593019,Cc1ncc(CO)c(CN)c1O,[]
CHEMBL599,Cc1cnc(NC(=O)C2=C(O)c3ccccc3S(=O)(=O)N2C)s1,[]
CHEMBL71595,OO,['Olfactory receptor 51E2']
CHEMBL965,C[N+](C)(C)CCOC(N)=O,[]
CHEMBL106,OC(Cn1cncn1)(Cn1cncn1)c1ccc(F)cc1F,"['Cytochrome P450 51', 'Lanosterol 14-alpha demethylase', 'Cytochrome P450 121', '14-alpha sterol demethylase']"
CHEMBL1092067,OC[C@H]1O[C@H](O)[C@H]([18F])[C@@H](O)[C@@H]1O,[]
CHEMBL1200711,CC/C=C\C/C=C\C/C=C\C/C=C\C/C=C\C/C=C\CCC(=O)OCC.CC/C=C\C/C=C\C/C=C\C/C=C\C/C=C\CCCC(=O)OCC,[]
CHEMBL1213033,CCN(CC)CCCN(c1ccccc1)C1Cc2ccccc2C1,[]
CHEMBL145,O=C(O)/C=C/c1ccc(O)c(O)c1,[]
CHEMBL1614707,FC(F)(F)c1ccc(/C=C/c2nc(COc3ccc(CCCCn4ccnn4)cc3)co2)cc1,[]
CHEMBL1644029,O=[N+]([O-])[O-].[K+],['Carbonic anhydrase V']
CHEMBL1707454,Cc1ccccc1/N=N/c1ccc(/N=N/c2c(O)ccc3ccccc23)c(C)c1,[]
CHEMBL1716,CN1CCC(=C2c3ccccc3C=Cc3ccccc32)CC1.Cl,[]
CHEMBL1789842,CCc1cc2c(cc1CC)CC(NC[C@H](O)c1ccc(O)c3[nH]c(=O)ccc13)C2.O=C(O)/C=C\C(=O)O,"['Beta-2 adrenergic receptor', 'Beta-1 adrenergic receptor']"
CHEMBL1874750,COc1cc(/C=C/C(=O)N2CCN(CC(=O)N3CCCC3)CC2)cc(OC)c1OC,[]
CHEMBL1980825,O=C1CC[C@H](NC(=O)Cc2ccccc2)C(=O)N1,[]
CHEMBL2105059,O=C(OCCN1CCOCC1)c1cccnc1Nc1cccc(C(F)(F)F)c1,[]
CHEMBL2105668,Cc1cc(F)ccc1[C@H]1C[C@@H](N2CCN3C(=O)CC[C@H]3C2)CCN1C(=O)N(C)[C@H](C)c1cc(C(F)(F)F)cc(C(F)(F)F)c1.O=C(O)/C=C\C(=O)O,['Neurokinin 1 receptor']
CHEMBL2107756,C=CC1=C(C)c2cc3[nH]c(cc4nc(cc5[nH]c(cc1n2)c(C)c5CCC(=O)OCCC)C(CCC(=O)OCCO)=C4C)C1(C)C3=CC=C(C(=O)OC)C1C(=O)OC,"['A549', 'HCT-116']"
CHEMBL2181929,CC1(C)Oc2cc(NS(C)(=O)=O)ccc2N(c2ccc(F)cc2)C1=O,['Mineralocorticoid receptor']
CHEMBL220491,CCN[C@H]1CN(CCCOC)S(=O)(=O)c2sc(S(N)(=O)=O)cc21,"['Carbonic anhydrase II', 'Carbonic anhydrase I', 'Carbonic anhydrase IV', 'Carbonic anhydrase 15', 'Carbonic anhydrase 2', 'Astrosclerin-3', 'Alpha carbonic anhydrase', 'Carbonic anhydrase, alpha family', 'Carbonate dehydratase', 'Carbonic anhydrase', 'Delta carbonic anhydrase', 'Carbonic anhydrase', 'AGAP002992-PA', 'Carbonic anhydrase']"
CHEMBL2206292,CC(C)CNC(=O)[C@H]1C[C@@](F)(c2ccc(CN3CCCC3)c(F)c2)C1,['Histamine H3 receptor']
CHEMBL2218861,CCCN1CC(NS(=O)(=O)N(CC)CC)CC2Cc3c(O)cccc3CC21,[]
CHEMBL2364624,O=C(O)C[C@H]1CC[C@H](c2ccc(-c3ccc(Nc4ccc(C(F)(F)F)nc4)cn3)cc2)CC1,['Diacylglycerol O-acyltransferase 1']
CHEMBL275638,O=c1cc(-c2ccccc2)oc2ccccc12,"['Tankyrase-1', 'GABA-A receptor; anion channel']"
CHEMBL277474,Cc1cc(=O)n(-c2ccccc2)n1C,[]
CHEMBL312862,CN[C@H]1CCc2cc(OC)c(OC)c(OC)c2-c2ccc(OC)c(=O)cc21,"['LoVo', 'BALB/3T3', 'TE-671']"
CHEMBL3301611,Nc1ccncc1N.O=P(O)(O)O,[]
CHEMBL3707301,COc1ccc(C2(c3ccc(OC)cc3)NC(=O)N(CCN3CCCCC3)C2=O)cc1,[]
CHEMBL4297505,CCc1cc(-c2noc(-c3cc(OC)nc(C4CCCC4)c3)n2)cc(C)c1OC[C@@H](O)CO,"['Sphingosine 1-phosphate receptor Edg-1', 'Sphingosine 1-phosphate receptor Edg-3']"
CHEMBL4298170,CC(O)c1ccc(CCOc2ccc(CC3SC(=O)NC3=O)cc2)nc1.Cl,"['Peroxisome proliferator-activated receptor gamma', 'Peroxisome proliferator-activated receptor alpha', 'RXR alpha/PPAR gamma', 'Bile salt export pump']"
CHEMBL450940,C=Cc1cc(O)cc2nc(-c3ccc(O)c(F)c3)oc12,"['Estrogen receptor alpha', 'Estrogen receptor beta']"
CHEMBL455461,CC(=O)NC[C@H]1CN(c2ccc(-c3ccc(CNCc4cnn[nH]4)cc3)c(F)c2)C(=O)O1,['Escherichia coli']
CHEMBL4650337,CNC[C@@H]1OCCc2ccsc21,[]
CHEMBL467399,COc1c(C)cnc(Cn2cnc3c(Cl)nc(N)nc32)c1C,"['Heat shock protein HSP 90-alpha', 'Heat shock protein HSP90', 'Phosphodiesterase 8A', 'Cell cycle histidine kinase CckA']"
CHEMBL5095095,C[C@H](CC[C@](C)(O)C(F)(F)F)[C@H]1CC[C@H]2[C@@H]3CC=C4C[C@@](C)(O)CC[C@]4(C)[C@H]3CC[C@]12C,[]
CHEMBL5095218,C[C@@H](N)c1cc(Cl)ccc1Cn1c(=S)[nH]c(=O)c2[nH]ccc21,"['Myeloperoxidase', 'Thyroid peroxidase']"
CHEMBL5314443,Cn1ccc2c([C@@H](c3cn(C45CC(C4)C5)nn3)N(C(=O)OCOP(=O)(O)O)c3cc(Cl)c4nc(NCC(C)(C)C)c(C#N)cc4c3)cccc2c1=O,[]
CHEMBL5314455,Cc1c(C(=O)O)ccc2c3n(nc12)[C@@H]1[C@H](C3)N(CC2CC2)[C@@]2(C(=O)Nc3cc(Cl)ccc32)[C@H]1c1cccc(Cl)c1F,['p53-binding protein Mdm-2']
CHEMBL5314548,CN1CCC[C@]1(C)/C=C/S(=O)(=O)NC(=O)Nc1c2c(cc3c1CCC3)CCC2,"['NACHT, LRR and PYD domains-containing protein 3']"
CHEMBL535,CCN(CC)CCNC(=O)c1c(C)[nH]c(/C=C2\C(=O)Nc3ccc(F)cc32)c1C,"['Platelet-derived growth factor receptor beta', 'KG-1', 'CaM-kinase kinase beta', 'Platelet-derived growth factor receptor', 'NOMO-1', 'AMP-activated protein kinase, alpha-2 subunit', 'Serine/threonine-protein kinase 33', 'Ephrin type-A receptor 6', 'IM-9', 'Serine/threonine-protein kinase PAK 3', 'Phosphatidylinositol-4-phosphate 5-kinase type-1 alpha', 'Casein kinase I isoform alpha-like', 'ULK3 kinase', 'Serine/threonine-protein kinase MST2', 'GIST430', 'Pyridoxal kinase']"
CHEMBL94394,CCCCOc1ccc(CC(=O)NO)cc1,[]
CHEMBL1076930,CO[C@@H]1[C@H](OP(=O)(OC[C@H]2O[C@@H](n3cnc4c(N)ncnc43)C[C@@H]2O)SCOC(=O)OC(C)C)[C@@H](CO)O[C@H]1n1ccc(=O)[nH]c1=O,['Stimulator of interferon genes protein']
CHEMBL117822,C=C,[]
CHEMBL1200473,CN(C)CCOC(=O)C(c1ccccc1)C1(O)CCCC1.Cl,[]
CHEMBL1201758,O=C(O)CCCN1CCC(O[C@@H](c2ccc(Cl)cc2)c2ccccn2)CC1,[]
CHEMBL1404,COc1ccccc1OCC(O)CN1CCN(CC(=O)Nc2c(C)cccc2C)CC1,[]
CHEMBL1486,CC(C)OC(=O)OCOP(=O)(CO[C@H](C)Cn1cnc2c(N)ncnc21)OCOC(=O)OC(C)C.O=C(O)/C=C/C(=O)O,[]
CHEMBL1628385,CC1(C)S[C@@H]2[C@H](NC(=O)Cc3ccccc3)C(=O)N2[C@H]1C(=O)O.CCN(CC)CCOC(=O)c1ccc(N)cc1,[]
CHEMBL186141,C=C1CC[C@@H]2[C@](C)(CO)[C@H](O)CC[C@@]2(C)[C@@H]1C/C=C1/C(=O)OC[C@H]1O,['Tubulin--tyrosine ligase']
CHEMBL186179,COc1ccc(OC(=O)N(CC(=O)O)Cc2ccc(OCCc3nc(-c4ccccc4)oc3C)cc2)cc1,"['Peroxisome proliferator-activated receptor gamma', 'Peroxisome proliferator-activated receptor alpha']"
CHEMBL191,CCCCc1nc(Cl)c(CO)n1Cc1ccc(-c2ccccc2-c2nnn[nH]2)cc1,['Angiotensin II receptor']
CHEMBL1910856,CC(C)(CCC(C(N)=O)(c1ccccc1)c1ccccc1)N1CC(Oc2cccc(O)c2)C1,[]
CHEMBL2048484,Cc1ccc([C@@H]2O[C@H](CO)[C@@H](O)[C@H](O)[C@H]2O)cc1Cc1ccc(-c2ccc(F)cc2)s1,['Sodium/glucose cotransporter 2']
CHEMBL2103991,Cn1c(COc2ccc(CC3SC(=O)NC3=O)cc2)nc2ccccc2c1=O,[]
CHEMBL2105611,C=C1/C(=C\C=C2/CCC[C@]3(C)[C@@H]([C@H](C)CC[C@@H](O)C(C)C)CC[C@@H]23)C[C@@H](O)C[C@@H]1O,"['Vitamin D receptor', 'Keratinocytes', 'Liver microsome', 'Vitamin D receptor', 'Vitamin D3 receptor A']"
CHEMBL2105760,O=c1ccc2ccc(OCCCCN3CCN(c4cccc5sccc45)CC3)cc2[nH]1,[]
CHEMBL2354444,COc1cccc2c1C(=O)c1c(O)c3c(c(O)c1C2=O)C[C@@](O)(C(=O)CO)C[C@@H]3O[C@H]1C[C@H](N)[C@H](O[C@@H]2CCCCO2)[C@H](C)O1,[]
CHEMBL2364608,Cn1c(Cn2ccc(C(F)(F)F)c(Oc3cc(Cl)cc(C#N)c3)c2=O)n[nH]c1=O,"['Human immunodeficiency virus 1', 'Human immunodeficiency virus type 1 reverse transcriptase']"
CHEMBL2364614,CN1Cc2cc(-c3ccc(N)nn3)ccc2[C@H](c2ccc3ccccc3c2)C1,"['Serotonin transporter', 'Norepinephrine transporter', 'Dopamine transporter']"
CHEMBL2364628,O=C(CCCCCCNC(=O)c1cnc(N(c2ccccc2)c2ccccc2)nc1)NO,"['Histone deacetylase 1', 'Histone deacetylase 6']"
CHEMBL3311228,O[C@@](Cn1cnnn1)(c1ccc(F)cc1F)C(F)(F)c1ccc(-c2ccc(OCC(F)(F)F)cc2)cn1,"['Cytochrome P450 51', 'Lanosterol 14-alpha demethylase']"
CHEMBL3545308,C=CC(=O)Nc1cccc(Nc2nc(Nc3ccc(N4CCN(C(C)=O)CC4)cc3OC)ncc2C(F)(F)F)c1,[]
CHEMBL3707351,Cc1cc(O[C@@H](CCC(F)(F)F)c2ccc(C(=O)NCCC(=O)O)cc2)cc(C)c1-c1ccc(C(C)(C)C)cc1,['Glucagon receptor']
CHEMBL370753,OCCN1CCN(CCCN2c3ccccc3C=Cc3ccccc32)CC1,[]
CHEMBL374385,CC(=O)Oc1ccccc1C(=O)Oc1cccc(CO[N+](=O)[O-])c1,[]
CHEMBL376140,CN(C)c1cc(NC(=O)CNC(C)(C)C)c(O)c2c1C[C@H]1C[C@H]3[C@H](N(C)C)C(O)=C(C(N)=O)C(=O)[C@@]3(O)C(O)=C1C2=O,[]
CHEMBL3833316,C[C@@H]1O[C@@H](O[C@@H]2[C@@H](NC(=O)c3cc(=O)[nH]c(=O)[nH]3)C[C@@H](C(=O)NCCNC(=O)COCCOCC(=O)Nc3cc(S(=O)(=O)[O-])cc4cc(S(=O)(=O)[O-])cc(S(=O)(=O)[O-])c34)C[C@H]2O[C@@H]2O[C@H](CO)[C@H](O)[C@H](O[C@@H](CC3CCCCC3)C(=O)[O-])[C@H]2OC(=O)c2ccccc2)[C@@H](O)[C@H](O)[C@@H]1O.[Na+].[Na+].[Na+].[Na+],[]
CHEMBL3989859,CC(=O)Oc1c(C)c(C)c2c(c1C)CCC(C)(CCC[C@H](C)CCC[C@H](C)CCCC(C)C)O2,[]
CHEMBL403664,Cc1c(N)nc([C@H](CC(N)=O)NC[C@H](N)C(N)=O)nc1C(=O)N[C@H](C(=O)N[C@H](C)[C@@H](O)[C@H](C)C(=O)N[C@H](C(=O)NCCc1nc(-c2nc(C(=O)NCCC[S+](C)C)cs2)cs1)[C@@H](C)O)[C@@H](O[C@@H]1O[C@@H](CO)[C@@H](O)[C@H](O)[C@@H]1O[C@H]1O[C@H](CO)[C@@H](O)[C@H](OC(N)=O)[C@@H]1O)c1c[nH]cn1,[]
CHEMBL4297316,CCC[C@@H](C)C[C@H](CN)CC(=O)O,[]
CHEMBL429844,CC(C)C[C@H](N[C@@H](Cc1cncn1Cc1cc(Cl)cc(Cl)c1)C(=O)O)C(=O)O,['Angiotensin-converting enzyme 2']
CHEMBL447629,O[C@@H]([C@H](O)[C@H](O)CBr)[C@H](O)CBr,[]
CHEMBL451770,CCN(CC)C(=O)Cc1c(-c2ccc(OCC[18F])cc2)nn2c(C)cc(C)nc12,"['Peripheral-type benzodiazepine receptor', 'Translocator protein']"
CHEMBL460287,C(COCCOCC1CO1)OCCOCC1CO1,[]
CHEMBL4650521,C[C@@H]1OCC2(CCN(c3cnc(Sc4ccnc(N)c4Cl)c(N)n3)CC2)[C@@H]1N,"['Protein-tyrosine phosphatase 2C', 'KYSE-520 cell line']"
CHEMBL50,O=c1c(O)c(-c2ccc(O)c(O)c2)oc2cc(O)cc(O)c12,"['Alpha-synuclein', 'Pyruvate kinase isozymes M1/M2', '6-phospho-1-fructokinase', 'ATP-dependent DNA helicase Q1', 'Runt-related transcription factor 1/Core-binding factor subunit beta', 'Flap endonuclease 1', 'Bloom syndrome protein', 'Xanthine dehydrogenase', 'DNA polymerase kappa', 'Radical scavenging activity', 'Phosphoglycerate kinase, glycosomal', 'Phosphoglycerate kinase', 'M-phase phosphoprotein 8', 'Arachidonate 15-lipoxygenase', 'Protein kinase C (PKC)', 'G protein-coupled receptor kinase 6', 'NADPH oxidase 4', 'Short transient receptor potential channel 5', 'Neutrophils', 'Gibberella zeae', 'Replicase polyprotein 1ab', 'Solute carrier organic anion transporter family member 2B1', 'Inositol hexakisphosphate kinase 2', 'DNA repair protein RAD52 homolog', 'Heat shock cognate 71 kDa protein', 'Receptor-type tyrosine-protein phosphatase S', 'Aldose reductase', 'ELAV-like protein 1', 'Avian myoblastosis virus polyprotein II', 'Arginase', 'UDP-glucuronosyltransferase 1-1', 'Translin-associated protein X', 'Islet amyloid polypeptide', 'Cytochrome c', 'Thiosulfate sulfurtransferase', 'Salivary alpha-amylase', 'Fatty acid synthase', '3-oxoacyl-acyl-carrier protein reductase', 'Glucose-6-phosphate translocase', 'Lactoperoxidase', 'TNF-alpha', 'Pythium aphanidermatum', 'Eukaryotic peptide chain release factor GTP-binding subunit', 'Chaperone protein dnaK', 'Potato virus X', 'Anthrax toxin receptor 2', 'UDP-galactopyranose mutase', 'Tyrosine-protein kinase SYK', 'Beta-glucuronidase', 'Bcl-xL/BH3-interacting domain death agonist', 'Inositol polyphosphate multikinase', 'Human immunodeficiency virus type 2 integrase', 'ELAV-like protein 3', 'Neuraminidase', 'Telomere resolvase resT', 'Transcription factor p65', 'ANN-1', 'Regulator of G-protein signaling 17', 'DNA-3-methyladenine glycosylase', 'Kinesin-like protein KIF15', 'Insulin-like growth factor II receptor', 'Alpha-(1,3)-fucosyltransferase 7', 'Isocitrate lyase', 'DOPA decarboxylase']"
CHEMBL5095249,Cc1ccc2c(Nc3cccc(OC(F)(F)F)c3)nccc2c1Nc1ncccc1-c1ncnc2[nH]cnc12,['Serine/threonine-protein kinase B-raf']
CHEMBL538943,CCC1=C[C@@H]2CN(C1)Cc1c([nH]c3ccccc13)[C@@](C(=O)OC)(c1cc3c(cc1OC)N(C)[C@H]1[C@@](O)(C(=O)OC)[C@H](OC(C)=O)[C@]4(CC)C=CCN5CC[C@]31[C@@H]54)C2.O=C(O)C(O)C(O)C(=O)O.O=C(O)C(O)C(O)C(=O)O,[]
CHEMBL591429,C=CCc1cccc(/C=N/NC(=O)CN2CCN(Cc3ccccc3)CC2)c1O,"['SJRH30', 'NCI-H441', 'Calu-3', 'CAL-54', 'COLO-679', 'MC-CAR', 'COLO-824', 'EL4', 'NCI-H1651', 'COLO-741', 'NCI-H2052', 'YT', 'EB2', 'EB-3', 'SIMA', 'WSU-NHL', 'SK-MEL19', 'Cereblon/BCR/ABL']"
CHEMBL668,CNCCCC1c2ccccc2C=Cc2ccccc21,"['Serotonin transporter', 'Norepinephrine transporter', 'Norepinephrine transporter']"
CHEMBL680,N[C@@H](C(=O)N[C@@H]1C(=O)N2C(C(=O)O)=C(Cl)CS[C@H]12)c1ccccc1,[]
CHEMBL811,CN(C)CCC(c1ccc(Br)cc1)c1ccccn1,[]
CHEMBL859,Oc1nc(O)c2cn[nH]c2n1,[]
CHEMBL86304,O=C(NCCN1CCOCC1)c1ccc(Cl)cc1,[]
CHEMBL116438,COc1cc(/C=C/C(=O)/C=C(O)/C=C/c2ccc(O)c(OC)c2)ccc1O,"['Trypanosoma evansi', 'CpG DNA methylase']"
CHEMBL1200749,CCCCN1CCCC[C@H]1C(=O)Nc1c(C)cccc1C.Cl,[]
CHEMBL1214,CC1(C)S[C@@H]2[C@H](NC(=O)C(C(=O)O)c3ccccc3)C(=O)N2[C@H]1C(=O)O,[]
CHEMBL1257070,Cc1oc(=O)oc1COC(=O)C1=C([C@H]2CCCO2)S[C@@H]2[C@@H]([C@@H](C)O)C(=O)N12,[]
CHEMBL1263,OCc1cc(C(O)CNCCCCCCOCCCCc2ccccc2)ccc1O,[]
CHEMBL1530428,CC(=O)OCC(=O)[C@@]1(O)[C@H](C)C[C@H]2[C@@H]3CCC4=CC(=O)C=C[C@]4(C)[C@@]3(F)[C@@H](O)C[C@@]21C,"['Nuclear receptor subfamily 1 group I member 2', 'Progesterone receptor']"
CHEMBL1557,Cl.NCCc1ccc(O)c(O)c1,[]
CHEMBL1619528,CC[N+]1(C)CCCC(OC(=O)C(O)(c2ccccc2)c2ccccc2)C1,['Muscarinic acetylcholine receptor M3']
CHEMBL167150,COP(=O)(OC)C(O)C(Cl)(Cl)Cl,['Beta-lactamase']
CHEMBL1852164,C/C(=N\O)c1ncc([C@@H](O)[C@H](O)[C@H](O)CO)[nH]1,[]
CHEMBL1908919,CNc1ccc(/C=C/c2ccc(OCCOCCOCCF)nc2)cc1,['Beta amyloid A4 protein']
CHEMBL2104264,CCN(CC)CCn1cnc2c1c(=O)n(C)c(=O)n2C,[]
CHEMBL2105731,Cc1cc(-c2ccccc2[C@@H](C)OC[C@H](O)CNC(C)(C)Cc2ccc(Cl)c(F)c2)ccc1C(=O)O.Cc1cc(-c2ccccc2[C@@H](C)OC[C@H](O)CNC(C)(C)Cc2ccc(Cl)c(F)c2)ccc1C(=O)O.O.O=S(=O)(O)O,[]
CHEMBL2110791,CCN(CC)CCCNCc1cc(Cl)c2cccnc2c1O,"['Plasmodium falciparum', 'MES-SA']"
CHEMBL2151572,O=C(N[C@H]1CN2CCC1CC2)c1cc2cccc(Cl)c2s1,"['Neuronal acetylcholine receptor protein alpha-7 subunit', 'Serotonin 3 (5-HT3) receptor']"
CHEMBL240163,C[C@H]1COc2c(C3(N)CC3)c(F)cc3c(=O)c(C(=O)O)cn1c23,"['DNA gyrase', 'Kynurenine/alpha-aminoadipate aminotransferase, mitochondrial', 'Mycobacterium smegmatis', 'Mycobacterium intracellulare']"
CHEMBL3304485,CN1Cc2c(Cl)cc(Cl)cc2[C@H](c2cccc(S(=O)(=O)NCCOCCOCCNC(=O)NCCCCNC(=O)NCCOCCOCCNS(=O)(=O)c3cccc([C@@H]4CN(C)Cc5c(Cl)cc(Cl)cc54)c3)c2)C1,"['Sodium/hydrogen exchanger 3', 'Sodium/hydrogen exchanger 3']"
CHEMBL3707205,CC[N+](C)(CC)CCOC(c1ccccc1)c1ccccc1,['Muscarinic acetylcholine receptor M1']
CHEMBL38380,O=S(=O)(c1cccc2cnccc12)N1CCCNCC1,"['Rho-associated protein kinase 2', 'cAMP-dependent protein kinase (PKA)', 'Protein kinase N1', 'Serine/threonine-protein kinase N3']"
CHEMBL4297065,CC[C@H]1CCC[C@H](O[C@H]2CC[C@H](N(C)C)[C@@H](C)O2)[C@@H](C)C(=O)C2=C[C@@H]3[C@@H](C=C(C)[C@@H]4C[C@@H](O[C@@H]5O[C@@H](C)[C@H](OC)[C@@H](OC)[C@H]5OC)C[C@@H]34)[C@@H]2CC(=O)O1.CC[C@H]1CCC[C@H](O[C@H]2CC[C@H](N(C)C)[C@@H](C)O2)[C@@H](C)C(=O)C2=C[C@H]3[C@@H]4C[C@H](O[C@@H]5O[C@@H](C)[C@H](OC)[C@@H](OC)[C@H]5OC)C[C@H]4C=C[C@H]3C2CC(=O)O1,[]
CHEMBL4297484,COCCC(=O)N[C@H]1CC[C@H](CCN2CCN(c3cccc(C#N)c3)CC2)CC1,"['Dopamine D2 receptor', 'Dopamine D3 receptor']"
CHEMBL4297488,CC(C)c1cnn2c(NCc3ccccc3)cc(NC[C@H]3CCNC[C@@H]3O)nc12,"['Cyclin-dependent kinase 2/cyclin E1', 'Cyclin-dependent kinase 2/cyclin A']"
CHEMBL4300944,CCCCCc1ccc(-c2cc3cn([C@H]4C[C@H](O)[C@@H](COC(=O)[C@@H](N)C(C)C)O4)c(=O)nc3o2)cc1,[]
CHEMBL459016,COC(=O)C1=CO[C@@H](O)[C@@H]2C(CO)=CC[C@H]12,[]
CHEMBL501,CC(N)Cc1ccccc1.O=S(=O)(O)O,[]
CHEMBL5314386,Cc1c(O)ccc2c1OC[C@@H](c1ccc(O)cc1)[C@H]2c1ccc(O)cc1,"['Estrogen receptor alpha', 'Estrogen receptor beta']"
CHEMBL5314907,C[C@H](c1c[nH]c(=O)c2cc(F)c(F)cc12)N(C)C(=O)Nc1ccc(F)c(C#N)c1,[]
CHEMBL592445,CN(C)C1CCN(C(=O)c2ccc(NC(=O)Nc3ccc(-c4nc(N5CCOCC5)nc(N5CCOCC5)n4)cc3)cc2)CC1,"['PI3-kinase p110-alpha subunit', 'Serine/threonine-protein kinase mTOR', 'MDA-MB-361', 'CNE-2']"
CHEMBL1200837,CC(C)NC[C@H](O)COc1ccc(CCOCC2CC2)cc1.Cl,[]
CHEMBL1201743,Cl.N#C[C@@H]1C[C@@H]2C[C@@H]2N1C(=O)[C@@H](N)C12CC3CC(CC(O)(C3)C1)C2,['Dipeptidyl peptidase IV']
CHEMBL1208422,O=C(O)c1c(Cl)c(Cl)c(Cl)c(Cl)c1-c1c2cc(I)c(=O)c(I)c-2oc2c(I)c(O)c(I)cc12,[]
CHEMBL1214185,CC[C@H]1OC(=O)[C@H](C)[C@@H](O[C@H]2C[C@@](C)(OC)[C@@H](O)[C@H](C)O2)[C@H](C)[C@@H](O[C@@H]2O[C@H](C)C[C@H](N(C)C)[C@H]2O)[C@](C)(O)C[C@@H](C)/C(=N\OCOCCOC)[C@H](C)[C@@H](O)[C@]1(C)O,['Motilin receptor']
CHEMBL124363,C#C[C@@]1(CO)C=C[C@H](n2cc(C)c(=O)[nH]c2=O)O1,['Human immunodeficiency virus 1']
CHEMBL1330729,CC(C)(C)NCC(O)c1cc(Cl)c(N)c(Cl)c1.Cl,[]
CHEMBL1538,CC(C)OC(=O)OCOP(=O)(CO[C@H](C)Cn1cnc2c(N)ncnc21)OCOC(=O)OC(C)C,"['Vaccinia virus', 'Human herpesvirus 1 strain KOS']"
CHEMBL1668019,CCCCN1C(=O)[C@@H]([C@H](O)C2CCCCC2)NC(=O)C12CCN(Cc1ccc(Oc3ccc(C(=O)O)cc3)cc1)CC2.Cl,['C-C chemokine receptor type 5']
CHEMBL1779325,CC(=O)N[C@H]1C(O)O[C@H](CO)[C@@H](O)[C@@H]1O[C@H](C)C(=O)N[C@@H](C)C(=O)N[C@H](CCC(=O)O)C(N)=O,[]
CHEMBL1788390,CCOC(=O)/C(=C/c1ncc([N+](=O)[O-])n1C)C(C)=O,[]
CHEMBL1884833,C[N+]1(CCC(C(N)=O)(c2ccccc2)c2ccccc2)CCCCC1,['Muscarinic acetylcholine receptor M3']
CHEMBL1901349,CC(C)(CO)[C@@H](O)C(=O)NCCC(=O)[O-].CC(C)(CO)[C@@H](O)C(=O)NCCC(=O)[O-].[Ca+2],[]
CHEMBL2103790,COC(=O)N1CC2(CC2)C[C@H](C(=O)NO)[C@H]1C(=O)N1CCN(c2ccccc2)CC1,"['Matrix metalloproteinase-2', 'Receptor protein-tyrosine kinase erbB-2', 'ADAM10']"
CHEMBL2106467,Cc1ccc(C(C)C)c(OCC2=NCCN2)c1,"['Nischarin', 'Adrenergic receptor alpha']"
CHEMBL2110641,N=C(N)NNCCOc1c(Cl)cccc1Cl,[]
CHEMBL2178579,O=C(Nc1ccc(Cl)c(S(=O)(=O)N2CCNCC2)c1O)Nc1cccc(F)c1Cl,['Interleukin-8 receptor B']
CHEMBL223228,O=C1Nc2ccc(Cl)cc2[C@@](C#CC2CC2)(C(F)(F)F)O1,"['Human immunodeficiency virus 1', 'Human immunodeficiency virus type 1 reverse transcriptase']"
CHEMBL239243,NCCS(=O)(=O)O,"['Endonuclease 4', 'GABA-B receptor']"
CHEMBL3235620,COC1=C(OC)[C@H](O)[C@H](C/C=C(\C)CC/C=C(\C)CCC=C(C)C)[C@@H](C)C1=O,[]
CHEMBL346919,COc1cc(C(C)=O)ccc1O,[]
CHEMBL3707235,N[C@@H](CC(=O)N1CCc2c(nc(C(F)(F)F)nc2C(F)(F)F)C1)CN1CC(F)(F)CCC1=O,['Dipeptidyl peptidase IV']
CHEMBL3707366,C[C@H](N)C(=O)N[C@@H](CCC(N)=O)C(=O)O,[]
CHEMBL399910,O=C1C[C@@H](c2ccccc2)Oc2cc(O)cc(O)c21,['Taste receptor type 2 member 31']
CHEMBL4065616,CCC(CC)COC(=O)[C@H](C)N[P@](=O)(OC[C@H]1O[C@@](C#N)(c2ccc3c(N)ncnn23)[C@H](O)[C@@H]1O)Oc1ccccc1,[]
CHEMBL4243974,CC1=C(CC(=O)NCc2ccccc2)c2cc(F)ccc2/C1=C\c1ccncc1.Cl,[]
CHEMBL4297624,CCOC(=O)C12CCC(NCC(=O)N3C[C@@H](F)C[C@H]3C#N)(CC1)CC2,['Dipeptidyl peptidase IV']
CHEMBL4297642,CC(=O)N(CCCCNCCCn1c(=O)[nH]c2ccccc2c1=O)CCCn1c(=O)[nH]c2ccccc2c1=O,[]
CHEMBL4303596,C[C@H](Nc1ncnc2[nH]cnc12)c1cc2ccc(F)cc2nc1-c1ccccn1,['PI3-kinase p110-delta subunit']
CHEMBL43708,C[C@@H](O)[C@H]1C(=O)N2C(C(=O)O)=C(SCCNC=N)C[C@H]12.O,['BlaVIM-1']
CHEMBL448570,CCCCNC(=O)NS(=O)(=O)c1ccc(N)cc1,[]
CHEMBL486386,O=c1c(-c2ccc(O)cc2)coc2c([C@@H]3O[C@H](CO)[C@@H](O)[C@H](O)[C@H]3O)c(O)ccc12,[]
CHEMBL5315055,C=C1CC[C@@]2(O)[C@H]3Cc4ccc(O)c5c4[C@@]2(CCN3CC2CC2)[C@H]1O5.Cl.O.O,['Opioid receptors; mu/kappa/delta']
CHEMBL550348,O=C(O)c1ccc(-n2nc(-c3ccccc3O)nc2-c2ccccc2O)cc1,[]
CHEMBL593430,C[C@H]1CC(CN)(CC(=O)O)C[C@@H]1C,['Voltage-dependent calcium channel alpha2delta subunit']
CHEMBL635,C[C@]12C=CC(=O)C=C1CC[C@@H]1[C@@H]2C(=O)C[C@@]2(C)[C@H]1CC[C@]2(O)C(=O)CO,[]
CHEMBL1094,NC(=O)OCC(COC(N)=O)c1ccccc1,[]
CHEMBL1200870,CC(C)(C)NC[C@H](O)COc1nsnc1N1CCOCC1.O=C(O)/C=C\C(=O)O,[]
CHEMBL1201748,CO[C@H]1C(=O)[C@]2(C)[C@@H](OC)C[C@H]3OC[C@@]3(OC(C)=O)[C@H]2[C@H](OC(=O)c2ccccc2)[C@]2(O)C[C@H](OC(=O)[C@H](O)[C@@H](NC(=O)OC(C)(C)C)c3ccccc3)C(C)=C1C2(C)C,['A549/TR']
CHEMBL1237061,O=C([O-])C[C@H](O)C[C@H](O)/C=C/c1c(C2CC2)nc2ccccc2c1-c1ccc(F)cc1.O=C([O-])C[C@H](O)C[C@H](O)/C=C/c1c(C2CC2)nc2ccccc2c1-c1ccc(F)cc1.[Ca+2],['HMG-CoA reductase']
CHEMBL1493,Cc1c(-c2ccccc2)oc2c(C(=O)OCCN3CCCCC3)cccc2c1=O,[]
CHEMBL1508,CN(C)CCC[C@@]1(c2ccc(F)cc2)OCc2cc(C#N)ccc21,['Serotonin transporter']
CHEMBL1569,Cl.NC12CC3CC(CC(C3)C1)C2,[]
CHEMBL159226,CC(=O)Oc1cc(C(C)C)c(OCCN(C)C)cc1C,[]
CHEMBL1605,Nc1nc(/C(=C/CC(=O)O)C(=O)N[C@@H]2C(=O)N3C(C(=O)O)=CCS[C@H]23)cs1,"['Solute carrier family 22 member 6', 'Solute carrier family 22 member 8']"
CHEMBL1698,CC(NC(C)(C)C)C(=O)c1cccc(Cl)c1.Cl,[]
CHEMBL1743260,CC[C@@]1(O)C(=O)OCc2c1cc1n(c2=O)Cc2cc3c(CC[Si](C)(C)C)cccc3nc2-1,[]
CHEMBL1808388,OC[C@H]1O[C@@H](c2ccc(Cl)c(Cc3ccc(OCCOC4CC4)cc3)c2)[C@H](O)[C@@H](O)[C@@H]1O,['Sodium/glucose cotransporter 2']
CHEMBL2105581,C=CCN1CCCC1CNC(=O)c1cc(S(N)(=O)=O)cc(OC)c1OC,['Carbonic anhydrase']
CHEMBL2106403,CC[C@H]1OC(=O)[C@H](C)[C@@H](O[C@H]2C[C@@](C)(OC)[C@@H](O)[C@H](C)O2)[C@H](C)[C@@H](O[C@@H]2O[C@H](C)C[C@H](N(C)C)[C@H]2O)[C@](C)(O)C[C@](C)(F)C(=O)[C@H](C)[C@@H](O)[C@]1(C)O,"['Motilin receptor', 'Streptococcus pneumoniae']"
CHEMBL2107387,Br.Cc1ccc(Sc2ccccc2N2CCNCC2)c(C)c1,"['Serotonin transporter', 'Norepinephrine transporter']"
CHEMBL2152922,OC1(CN2CCC(COc3noc4cccc(O[C@@H]5CCOC5)c34)CC2)CCOCC1,[]
CHEMBL218394,CC(C)(C)NC(=O)N[C@H](C(=O)N1C[C@H]2[C@@H]([C@H]1C(=O)NC(CC1CCC1)C(=O)C(N)=O)C2(C)C)C(C)(C)C,[]
CHEMBL253376,CN(Cc1cc(Br)cc(Br)c1N)C1CCCCC1,"['Nitric-oxide synthase, brain']"
CHEMBL3301626,Cc1nc(C#Cc2ccnc(Cl)c2)c(C)n1-c1ccc(F)cc1,['Metabotropic glutamate receptor 5']
CHEMBL3707234,O=C(NC(Cc1ccccc1)c1ccccc1)c1cccnc1,[]
CHEMBL4297363,CCOC(=O)[C@H](Cc1ccc(Nc2nccc3ccncc23)cc1)NC1=C(Br)C(=O)C12CCCCC2,[]
CHEMBL4297434,CC(C)(CS(=O)(=O)[O-])N(Cl)Cl.O.[Na+],[]
CHEMBL4297648,[O-][n+]1cccc(-c2nc3c(Cl)cccc3cc2[C@@H](Nc2ncnc3cccnc23)C(F)(F)F)c1,[]
CHEMBL4297657,CC(=O)O.CCc1cc2c(cc1CC)CC(NC[C@H](O)c1ccc(O)c3[nH]c(=O)ccc13)C2,"['Beta-2 adrenergic receptor', 'Beta-1 adrenergic receptor']"
CHEMBL4594407,CCCCCCCCC=CCCCCCCCC(=O)OCC1COP(=O)(O)C1,"['Autotaxin', 'Lysophosphatidic acid receptor Edg-2', 'Lysophosphatidic acid receptor Edg-4', 'Lysophosphatidic acid receptor 4', 'Lysophosphatidic acid receptor 6']"
CHEMBL460,CCc1c(C)[nH]c2c1C(=O)C(CN1CCOCC1)CC2,[]
CHEMBL4650314,O=C(O)CNC(=O)c1c(O)c2ccccc2n(OCC2CC2)c1=O,"['Egl nine homolog 1', 'Hypoxia-inducible factor prolyl hydroxylase 1', 'Prolyl 4-hydroxylase']"
CHEMBL468154,O[C@H]1[C@H](O)[C@@H](O)[C@H](O)[C@@H](O)[C@@H]1O,[]
CHEMBL481611,CC(C)(F)C[C@H](N[C@@H](c1ccc(-c2ccc(S(C)(=O)=O)cc2)cc1)C(F)(F)F)C(=O)NC1(C#N)CC1,"['Cathepsin S', 'Cathepsin K', 'Cathepsin L', 'Osteoclasts']"
CHEMBL5095190,COc1cc2c(cc1-c1c(C)noc1C)cc(C)c(=O)n2Cc1ccccn1,['Bromodomain-containing protein 4']
CHEMBL5314955,CC[C@@H](Oc1ccc(C(=O)C2CC2)cc1)c1nc(-c2ccc(C(=O)N[C@H](C)CO)c(F)c2)no1,[]
CHEMBL550961,CC(C)=CCC/C(C)=C/CC/C(C)=C/CN1C(=O)c2cccc(O)c2Nc2c(O)cc(O)cc21,[]
CHEMBL592868,CC#C[C@]1(O)CC[C@H]2[C@@H]3CCc4cc(O)ccc4[C@H]3CC[C@@]21C,['Sulfotransferase 1A1']
CHEMBL956,CC(C(=O)O)c1ccc(C(=O)c2cccs2)cc1,"['Interleukin-8 receptors, CXCR1/CXCR2', 'Fatty acid-binding protein, liver']"
CHEMBL1175,CNCC[C@H](Oc1cccc2ccccc12)c1cccs1,"['Serotonin transporter', 'Norepinephrine transporter']"
CHEMBL1200680,S=[Se]=S,"['Carbonic anhydrase II', 'Carbonic anhydrase V']"
CHEMBL1200875,Cc1c(-c2ccccc2)oc2c(C(=O)OCCN3CCCCC3)cccc2c1=O.Cl,[]
CHEMBL1201073,O=C(O)[C@@H](S)[C@@H](S)C(=O)O,[]
CHEMBL1201099,COc1ccc2c3c1O[C@H]1[C@@H](O)C=C[C@H]4[C@@H](C2)N(C)CC[C@@]341.O.O=P(O)(O)O,[]
CHEMBL1201132,Cl.Oc1ccc2c3c1O[C@H]1[C@@H](O)CC[C@@]4(O)[C@@H](C2)N(CC2CCC2)CC[C@]314,[]
CHEMBL1233940,CC(C)(C)NC(=O)[C@@H]1CN(Cc2cc3ccccc3o2)CCN1C[C@@H](O)C[C@@H](Cc1ccccc1)C(=O)N[C@H]1c2ccccc2C[C@H]1O,['Human immunodeficiency virus type 1 protease']
CHEMBL1350,O=P(O)(O)C(Sc1ccc(Cl)cc1)P(=O)(O)O,[]
CHEMBL1437,NC[C@H](O)c1ccc(O)c(O)c1,[]
CHEMBL1675,CCCCCCCCCCCCCCCC(=O)OC/C=C(C)/C=C/C=C(C)/C=C/C1=C(C)CCCC1(C)C,[]
CHEMBL1765508,O=C(N[C@H]1CCN(C(=O)c2cc(C(F)(F)F)cc(C(F)(F)F)c2)[C@H](Cc2ccc(Cl)cc2)C1)c1ccnc2ccccc12,['Neurokinin 1 receptor']
CHEMBL180022,CCOc1cc2ncc(C#N)c(Nc3ccc(OCc4ccccn4)c(Cl)c3)c2cc1NC(=O)/C=C/CN(C)C,"['Epidermal growth factor receptor erbB1', 'Receptor protein-tyrosine kinase erbB-2', 'A-431', 'SK-BR-3', 'Receptor protein-tyrosine kinase erbB-4', 'COLO-678', 'NUGC-4']"
CHEMBL1829174,Cc1cc(OCCCS(C)(=O)=O)cc(C)c1-c1cccc(COc2ccc3c(c2)OC[C@H]3CC(=O)O)c1,"['Free fatty acid receptor 1', 'Free fatty acid receptor 1']"
CHEMBL1835919,Nc1ncnc2c1C(=O)N(c1ccc([C@H]3CC[C@H](CC(=O)O)CC3)cc1)CCO2,['Diacylglycerol O-acyltransferase 1']
CHEMBL2104840,O=P([O-])(O)O.O=P([O-])([O-])O.O=S(=O)([O-])[O-].[Cl-].[Cl-].[K+].[K+].[Mg+2].[Na+].[Na+].[Na+],[]
CHEMBL2105373,CC(=O)[C@H]1CC[C@H]2[C@@H]3CC=C4C[C@@H](OC(=O)CCC(=O)O)CC[C@]4(C)[C@H]3CC[C@]12C,['Steroid 5-alpha-reductase']
CHEMBL2106123,O=C([O-])CC(O)(CC(=O)[O-])C(=O)[O-].O=C([O-])CC(O)(CC(=O)[O-])C(=O)[O-].[Ca+2].[Ca+2].[Ca+2],[]
CHEMBL2106633,CCCCCCCCCCCCCCCCCC(=O)[O-].CCCCCCCCCCCCCCCCCC(=O)[O-].[Mg+2],[]
CHEMBL2325014,Nc1[nH]ncc1-c1cc(Cl)ccc1Oc1cc(F)c(S(=O)(=O)Nc2cscn2)cc1Cl,['Sodium channel protein type IX alpha subunit']
CHEMBL236593,O=C(N[C@@H]1CC[C@@H](c2cccc(F)c2F)CN(CC(F)(F)F)C1=O)N1CCC(n2c(=O)[nH]c3ncccc32)CC1,['Calcitonin gene-related peptide type 1 receptor']
CHEMBL3544985,COc1c(-c2ccc3cc(NS(C)(=O)=O)ccc3c2)cc(-n2ccc(=O)[n-]c2=O)cc1C(C)(C)C.O.[Na+],[]
CHEMBL3545396,COc1cccc(Nc2ncnn3ccc(CN4CC[C@@H](N)[C@H](O)C4)c23)c1,"['Epidermal growth factor receptor erbB1', 'Receptor protein-tyrosine kinase erbB-2']"
CHEMBL3661754,Cc1nc(-c2cc(C(=O)N3CCC(c4ccc(C#N)cc4)CC3)c(C)cc2C2CCC2)n[nH]1,['Fatty acid synthase']
CHEMBL3707409,N#CCC1(n2cc(-c3ncnc4[nH]ccc34)cn2)CN(C2CCN(C(=O)c3ccnc(C(F)(F)F)c3F)CC2)C1.O=C(O)CCCCC(=O)O,"['Tyrosine-protein kinase JAK2', 'Tyrosine-protein kinase JAK1']"
CHEMBL3707448,C1N2CN3CN1CN(C2)C3.N#C[S-].N#C[S-].[Ca+2],[]
CHEMBL3908979,COCCNc1cc(NC(=O)N2CCCc3cc(CN4CCN(C)CC4=O)c(C=O)nc32)ncc1C#N,"['Fibroblast growth factor receptor 4', 'Huh-7', 'Hep 3B2']"
CHEMBL412272,C[C@H](CCC(=O)NCCS(=O)(=O)O)[C@H]1CC[C@H]2[C@@H]3CC[C@@H]4C[C@H](O)CC[C@]4(C)[C@H]3C[C@H](O)[C@]12C,"['G-protein coupled bile acid receptor 1', 'Solute carrier organic anion transporter family member 2B1', 'Multidrug resistance-associated protein 4', 'Bile acid transporter', 'Solute carrier organic anion transporter family member 1A2']"
CHEMBL4175981,CC(C)(C)[C@@H](CO)NC(=O)c1nn(-c2c[n+]([O-])ccn2)c2c1C[C@@H]1C[C@H]21,"['Cannabinoid CB2 receptor', 'Cannabinoid CB2 receptor']"
CHEMBL428647,CC(=O)O[C@H]1C(=O)[C@@]2(C)[C@H]([C@H](OC(=O)c3ccccc3)[C@]3(O)C[C@H](OC(=O)[C@H](O)[C@@H](NC(=O)c4ccccc4)c4ccccc4)C(C)=C1C3(C)C)[C@]1(OC(C)=O)CO[C@@H]1C[C@@H]2O,"['HCT-116', 'NCI-H1650', 'NCI-H292', 'MSTO-211H', 'NCI-H661', 'HT', 'NCI-H596', 'SK-MEL-1', 'NCI-H82', 'J-RT3-T3-5', 'K5', 'NCI-H209', 'HD-MY-Z', 'MZ7-mel', 'MeWo', 'Panel ovarian (Carcinoma cell lines)', 'HCC2218', 'TGBC1TKB', 'SHP77', 'NCI-H1417', 'LS-513', 'SW 1116', 'SBC-1', 'LU-139', 'LS-1034', 'LNCaP-Clone-FGC', 'KM-H2', 'DJM-1', 'LAN-6', 'Lu-65', 'KNS-81-FD', 'RPMI-8866', 'COLO-320-HSR', 'CP66-MEL', 'CESS', 'SK-MEL-24', 'NCI-H510A', 'DMS-79', 'MDA-MB-415', 'LB373-MEL-D', 'HCC1599', 'EW-24', 'JEG-3', 'COR-L279', 'EVSA-T', 'LN-405', 'CAL-148', 'K052', 'LC-1F', 'NCI-H345', 'J774.2', 'UACC-893', 'EC-GI-10', 'NCI-H630', 'SCLC-21H', 'NCI-H2141', 'SW948', 'ECC4', 'MHH-CALL-2', 'NCI-H1694', 'SW1463', 'LU-165', 'NCI-H524', 'NCI-H1522', 'SNU-475', 'NCI-H748', 'KMS-12-PE', 'UACC-812', 'MCF7-DOX', 'K562/VCR', 'RXF 944', 'WI-38 VA13', 'C2D cell line', 'C2G cell line', 'Solute carrier organic anion transporter family member 1A4', 'YOSHIDA', 'WALKER', 'LT12 tumor cell line', 'Shiga toxin 1 variant A subunit']"
CHEMBL4297439,COCN1C(=O)N(COC)C(=O)C(c2ccccc2)(c2ccccc2)C1=O,[]
CHEMBL4299850,CN1CC2CCCC(C1)C2OC(=O)C(O)(c1ccccc1)C1CCCC1,[]
CHEMBL4525964,CC[C@@H]1C[C@]1(NC(=O)[C@@H]1C[C@@H]2CN1C(=O)[C@H](C(C)(C)C)NC(=O)OCC(C)(C)CCCCc1cccc3c1CN(C3)C(=O)O2)C(=O)NS(=O)(=O)C1CC1,"['Unchecked', 'Hepatitis C virus']"
CHEMBL4594437,Cc1cccc(N2CCN(CCc3ccc4ccccc4n3)CC2)c1,['Serotonin 1a (5-HT1a) receptor']
CHEMBL494753,C[C@]12CC[C@@H]3c4ccc(OS(=O)(=O)O)cc4CC[C@H]3[C@@H]1CCC2=O,"['Steryl-sulfatase', 'Solute carrier organic anion transporter family member 1A1', 'Solute carrier organic anion transporter family member 1A2']"
CHEMBL5087025,C[C@@H]1Cc2c([nH]c3ccccc23)[C@@H](c2c(Cl)cc(/C=C/C(=O)O)cc2Cl)N1CC(C)(C)F,['Estrogen receptor alpha']
CHEMBL5314500,[2H]c1cc([C@]2(C#N)O[C@H](COC(=O)C(C)C)[C@@H](OC(=O)C(C)C)[C@H]2OC(=O)C(C)C)n2ncnc(N)c12,[]
CHEMBL54893,CC(C)=CCOc1cc(NC(=S)c2ccoc2C)ccc1Cl,[]
CHEMBL80830,CC(C)(S)C(=O)N[C@@H](CS)C(=O)O,"['Carboxypeptidase A1', 'D-alanyl-D-alanine dipeptidase']"
CHEMBL927,C=CC1=C(C(=O)O)N2C(=O)[C@@H](NC(=O)/C(=N\O)c3csc(N)n3)[C@H]2SC1,[]
CHEMBL1013,N[C@@H](C(=O)N[C@@H]1C(=O)N2C(C(=O)O)=C(Cl)CC[C@H]12)c1ccccc1,[]
CHEMBL1025,CC(C)OP(=O)(F)OC(C)C,"['Blattella germanica', 'Beta-lactamase']"
CHEMBL1201251,Oc1ccc(CCCCNC[C@H](O)c2ccc(O)c(O)c2)cc1,['Beta-2 adrenergic receptor']
CHEMBL1201735,Br.CC(NC(C)(C)C)C(=O)c1cccc(Cl)c1,[]
CHEMBL1215923,O=C(O)Cc1cccc(-c2cc(CCCCCCc3ccc(O[C@H]4O[C@H](CO)[C@@H](O)[C@H](O)[C@@H]4O)c(-c4cccc(CC(=O)O)c4)c3)ccc2O[C@H]2O[C@H](CO)[C@@H](O)[C@H](O)[C@@H]2O)c1,"['Sodium/glucose cotransporter 2', 'P-selectin']"
CHEMBL1230245,C[C@H](O)[C@H](O)[C@H]1CNc2nc(N)nc(N)c2N1,[]
CHEMBL1278146,CCN(CC)CCN1CCc2[nH]c(/C=C3\C(=O)Nc4ccc(F)cc43)c(C)c2C1=O,"['AMP-activated protein kinase, alpha-2 subunit']"
CHEMBL1531134,CC1CCN(CCCC(=O)c2ccc(F)cc2)CC1,[]
CHEMBL166863,CC1(C)OC(c2ccc(S(N)(=O)=O)cc2)=C(c2cccc(F)c2)C1=O,[]
CHEMBL1672054,CC(=O)N1CCN([C@H]2CCN(C(=O)N(C)[C@H](C)c3cc(C(F)(F)F)cc(C(F)(F)F)c3)[C@@H](c3ccc(F)cc3C)C2)CC1,"['Neurokinin 1 receptor', 'Neurokinin 2 receptor', 'Gerbil, jird']"
CHEMBL2107254,O=C1CN2CCOC2(c2ccccc2Cl)c2cc(Cl)ccc2N1,[]
CHEMBL2107371,CCNC(=O)[C@H]1O[C@@H](n2cnc3c(NC4CCCC4)ncnc32)[C@H](O)[C@@H]1O,['Adenosine A1 receptor']
CHEMBL2107611,[Na+].[Na+].[S-2],[]
CHEMBL2110700,CC[N+](C)(CC)CCOC(=O)C(O)(c1cccs1)C1CCCC1,['Muscarinic acetylcholine receptor M3']
CHEMBL2447938,O=[O+][O-],['Carbonic anhydrase V']
CHEMBL285802,CN(C)CCOC1=Cc2ccccc2Sc2ccc(Cl)cc21,['Histamine H1 receptor']
CHEMBL292707,CC(C)Cc1ccc(C(C)C(=O)NO)cc1,[]
CHEMBL3828074,CCc1nc2c(C)cc(N3CCN(CC(=O)N4CC(O)C4)CC3)cn2c1N(C)c1nc(-c2ccc(F)cc2)c(C#N)s1,['Autotaxin']
CHEMBL426559,CS(=O)(=O)c1cc(F)cc2c3c(n(Cc4ccc(Cl)cc4)c12)[C@@H](CC(=O)O)CC3,"['Thromboxane A2 receptor', 'Prostanoid DP receptor']"
CHEMBL4297270,Cc1noc(-c2ccc(-c3ccc(C4(C(=O)O)CC4)cc3)cc2)c1NC(=O)O[C@H](C)c1ccccc1,['Lysophosphatidic acid receptor Edg-2']
CHEMBL4297386,COCCOc1cc(Cn2c(C(=O)O)c(-c3ccc(C(C)(C)C)cc3)c3ccccc32)cc(OCCOC)c1,[]
CHEMBL4297412,CC1(C)C(/C=C/C2=C(Oc3ccc(C[C@H](NC(=O)c4ccc(NCc5cnc6nc(N)[nH]c(=O)c6n5)cc4)C(=O)[O-])cc3)/C(=C/C=C3\N(CCCCS(=O)(=O)[O-])c4ccc(S(=O)(=O)[O-])cc4C3(C)C)CCC2)=[N+](CCCCS(=O)(=O)[O-])c2ccc(S(=O)(=O)[O-])cc21.[H+].[H+].[H+].[H+],[]
CHEMBL4535757,C=CC(=O)N1CCN(c2nc(=O)n(-c3c(C)ccnc3C(C)C)c3nc(-c4c(O)cccc4F)c(F)cc23)[C@@H](C)C1,['GTPase KRas']
CHEMBL4747845,N=C(NOCC(O)CN1CCCCC1)c1cccnc1,[]
CHEMBL4779773,C[C@H](NC(=O)Cn1nnc2ccccc2c1=O)c1ccc(OC(F)(F)F)cc1,"['Probable G-protein coupled receptor 139', 'Probable G-protein coupled receptor 139']"
CHEMBL4802151,Cc1c(S(C)(=O)=O)c(-c2cc(F)cc(N3CCN(c4ccc(NS(=O)(=O)c5ccc(N[C@H](CCN6CCC(C(=O)OCCCP(=O)(O)O)CC6)CSc6ccccc6)c(S(=O)(=O)C(F)(F)F)c5)cc4)CC3)c2)c(-c2ccc(Cl)cc2)n1C(C)C,['NCI-H1417']
CHEMBL494089,CCn1c(-c2nonc2N)nc2c(C#CC(C)(C)O)ncc(OC[C@H]3CCCNC3)c21,"['Serine/threonine-protein kinase AKT', 'Serine/threonine-protein kinase PAK 4', 'Serine/threonine-protein kinase AKT3', 'Protein kinase C eta', 'Ribosomal protein S6 kinase alpha 1', 'Protein kinase C mu', 'Ribosomal protein S6 kinase alpha 4', 'Serine/threonine-protein kinase Sgk3', 'Serine/threonine-protein kinase PAK7', 'Serine/threonine-protein kinase PAK6', 'Ferrochelatase, mitochondrial']"
CHEMBL5314603,CCCCC[C@@H](CC[C@@H]1[C@H]2Cc3cccc(OCC(=O)O)c3C[C@H]2C[C@H]1OP(=O)(O)O)OP(=O)(O)O,[]
CHEMBL5316158,O=C(NO)c1ccc(Cn2cc(CN[C@@H]3C[C@H]3c3ccccc3)cn2)cc1,"['Histone deacetylase 1', 'Histone deacetylase 6']"
CHEMBL632,C[C@H]1C[C@H]2[C@@H]3CCC4=CC(=O)C=C[C@]4(C)[C@@]3(F)[C@@H](O)C[C@]2(C)[C@@]1(O)C(=O)CO,"['Nuclear receptor subfamily 1 group I member 2', 'Progesterone receptor']"
CHEMBL1082,CC1(C)S[C@@H]2[C@H](NC(=O)[C@H](N)c3ccc(O)cc3)C(=O)N2[C@H]1C(=O)O,[]
CHEMBL1095930,CO/N=C(\C(=O)N[C@@H]1C(=O)N2C(C(=O)OC(C)OC(C)=O)=C(COC(N)=O)CS[C@H]12)c1ccco1,[]
CHEMBL1180725,CC(C)[N+](C)(CCOC(=O)C1c2ccccc2Oc2ccccc21)C(C)C,[]
CHEMBL1200686,CC[C@@H]1/C=C(\C)C[C@H](C)C[C@H](OC)[C@H]2O[C@@](O)(C(=O)C(=O)N3CCCC[C@H]3C(=O)O[C@H](/C(C)=C/[C@@H]3CC[C@H](Cl)[C@H](OC)C3)[C@H](C)[C@@H](O)CC1=O)[C@H](C)C[C@@H]2OC,"['FK506-binding protein 1A', 'T-cells']"
CHEMBL1200953,CCCC(=O)O[C@]1(C(=O)COC(=O)CC)CC[C@H]2[C@@H]3CCC4=CC(=O)CC[C@]4(C)[C@H]3[C@@H](O)C[C@@]21C,[]
CHEMBL1257030,O=C(O)c1nn(Cc2ccc(Cl)cc2Cl)c2ccccc12,['C-C chemokine receptor type 2']
CHEMBL1292,CC(C)/N=c1\cc2n(-c3ccc(Cl)cc3)c3ccccc3nc-2cc1Nc1ccc(Cl)cc1,"['BT-20', 'Rabies virus', 'Spike glycoprotein']"
CHEMBL1485,N=C(N)NCCC[C@H](N)C(=O)O,"['Nitric-oxide synthase, brain', 'Nitric oxide synthase, inducible', 'N(G),N(G)-dimethylarginine dimethylaminohydrolase 1', 'Arginase-1', 'Arginase-1']"
CHEMBL1549,C[C@]12CCC(=O)C=C1CC[C@@H]1[C@@H]2[C@@H](O)C[C@@]2(C)[C@H]1CC[C@]2(O)C(=O)COC(=O)CCC1CCCC1,[]
CHEMBL1587,CN1C(CSCC(F)(F)F)Nc2cc(Cl)c(S(N)(=O)=O)cc2S1(=O)=O,['Carbonic anhydrase II']
CHEMBL1598608,CN1C(=O)COc2c(C(=O)NC3CN4CCC3CC4)cc(Cl)cc21,"['Serotonin 3 (5-HT3) receptor', 'Serotonin 3a (5-HT3a) receptor']"
CHEMBL1639,COCCCOc1cc(C[C@@H](C[C@H](N)[C@@H](O)C[C@H](C(=O)NCC(C)(C)C(N)=O)C(C)C)C(C)C)ccc1OC,['Renin']
CHEMBL176687,CC1=CC(=O)NS(=O)(=O)O1,"['Carbonic anhydrase II', 'Carbonic anhydrase I', 'Carbonic anhydrase IX', 'Carbonic anhydrase XII']"
CHEMBL1940832,O=CNc1cc([C@@H](O)CNCCc2ccc(NC[C@H](O)c3ccccc3)cc2)ccc1O,"['Beta-2 adrenergic receptor', 'Beta-3 adrenergic receptor', 'Beta-1 adrenergic receptor']"
CHEMBL1951032,COc1c(Nc2ccc(S(C)(=O)=O)nc2C)ncnc1OC1CCN(C(=O)OC(C)C)CC1,"['Glucose-dependent insulinotropic receptor', 'Glucose-dependent insulinotropic receptor']"
CHEMBL2105630,CO[C@H]1/C=C\C=C(/C)C(=O)NC2=CC(=O)C(NCCN(C)C)=C(C[C@@H](C)C[C@H](OC)[C@H](O)[C@@H](C)/C=C(\C)[C@@H]1OC(N)=O)C2=O.Cl,['SK-BR-3']
CHEMBL277945,CCN1CCCC1CNC(=O)c1cc(S(=O)(=O)CC)ccc1OC,[]
CHEMBL279229,COc1ccccc1N1CCN(CCCNc2cc(=O)n(C)c(=O)n2C)CC1,['Serotonin 1a (5-HT1a) receptor']
CHEMBL330829,CCOC(=O)/C=C1\SC(N2CCCCC2)C(=O)N1C,[]
CHEMBL3338194,CS(=O)(=O)c1ccc(-n2cc(Cl)c(OC3CCN(c4ncc(Cl)cn4)CC3)cc2=O)c(F)c1,['Glucose-dependent insulinotropic receptor']
CHEMBL3989444,CC[C@@H](C)C(=O)O[C@@H]1[C@H](OC(C)=O)c2c(ccc3ccc(=O)oc23)OC1(C)C,[]
CHEMBL4297585,CCCCCCC(=O)OCC(COC(=O)CCCCCC)OC(=O)CCCCCC,[]
CHEMBL4301600,CC(C)(O)c1cccn2c(C3(c4ccc(Cl)cc4)CC3)nnc12,"['11-beta-hydroxysteroid dehydrogenase 1', '11-beta-hydroxysteroid dehydrogenase 1', 'Pregnane X receptor']"
CHEMBL434,CC(C)NCC(O)c1ccc(O)c(O)c1,[]
CHEMBL447878,CC(=O)N[C@@H]1[C@@H](O)[C@H](O)[C@@H](CO)O[C@H]1O,['Killer cell lectin-like receptor subfamily B member 1A']
CHEMBL4594254,C(=C/[C@H]1CCNC1)\c1cncnc1,['Neuronal acetylcholine receptor; alpha4/beta2']
CHEMBL5095175,COc1ccc(C2(CCCN(C)C)OCc3cc(C#N)ccc32)cc1,['Serotonin transporter']
CHEMBL5095256,Cc1c(Nc2c(F)ccc(NS(=O)(=O)CCCF)c2Cl)ccc2ncn(C)c(=O)c12,['Dual specificity mitogen-activated protein kinase kinase 1']
CHEMBL5314515,CC(C)C[C@H](NC(=O)CNC(=O)[C@@H]1CCN1c1ccc(F)cc1F)B1OC(=O)[C@H](CC(=O)O)O1,[]
CHEMBL587723,CCN1CCN(Cc2ccc(-c3cc4c(N[C@H](C)c5ccccc5)ncnc4[nH]3)cc2)CC1,[]
CHEMBL1092581,CNC(=O)c1c(-c2ccc(F)cc2)oc2cc(N(CCO)S(C)(=O)=O)c(C3CC3)cc12,"['Hepatitis C virus', 'Hepatitis C virus NS5B RNA-dependent RNA polymerase']"
CHEMBL1160714,CC(C)NC[C@H](O)COc1ccc(O)cc1,[]
CHEMBL1199324,C[C@@H](O[C@H]1OCCN(Cc2nn(P(=O)(O)O)c(=O)[nH]2)[C@H]1c1ccc(F)cc1)c1cc(C(F)(F)F)cc(C(F)(F)F)c1,[]
CHEMBL1200791,Cc1cc(C(C)(C)C)c(O)c(C)c1CC1=NCCN1.Cl,['Adrenergic receptor alpha']
CHEMBL1200965,CCOC(=O)OC(C)OC(=O)[C@@H]1N2C(=O)[C@@H](NC(=O)[C@H](N)c3ccccc3)[C@H]2SC1(C)C.Cl,[]
CHEMBL1221986,CC1=C(CO)C(=O)O[C@H]([C@@H](C)[C@H]2CC[C@H]3[C@@H]4C[C@H]5O[C@]56[C@@H](O)C=CC(=O)[C@]6(C)[C@H]4CC[C@]23C)C1,[]
CHEMBL1231723,CCCCCCCCCCCCOCCOCCOCCOCCOCCOCCOCCOCCOCCO,"['MOLT-4', 'SR', 'NCI-H522', 'COLO 205', 'OVCAR-3', 'LOX IMVI', 'NCI-H23', '786-0', 'IGROV-1', 'CAKI-1', 'RXF 393', 'SF-295']"
CHEMBL1256901,CCCC[N+]1(C)[C@@H]2C[C@@H](OC(=O)[C@H](CO)c3ccccc3)C[C@H]1[C@@H]1O[C@@H]12.[Br-],[]
CHEMBL1257096,COc1c(N2CCC/C(=C(\F)CN)C2)c(F)cc2c(=O)c(C(=O)O)cn(C3CC3)c12,"['DNA gyrase', 'Mycobacterium smegmatis', 'Topoisomerase IV subunit A', 'Mycobacterium intracellulare', 'Isocitrate lyase']"
CHEMBL1266,c1ccc2c(c1)CCCC2C1=NCCN1,"['Adrenergic receptor alpha-2', 'Nischarin']"
CHEMBL1900528,C[N+]1(C)[C@@H]2C[C@@H](OC(=O)C(O)(c3cccs3)c3cccs3)C[C@H]1[C@@H]1O[C@@H]12,['Muscarinic acetylcholine receptor M3']
CHEMBL2105950,CC1(C)S[C@@H]2[C@H](NC(=O)[C@H](N)c3ccc(O)cc3)C(=O)N2[C@H]1C(=O)[O-].[Na+],[]
CHEMBL2107355,Cl.OC[C@H]1NC[C@H](O)[C@@H](O)[C@H]1O,"['Alpha-L-fucosidase 1', 'Lactase-glycosylceramidase']"
CHEMBL24778,C[C@H](Cc1cc2c(c(C(N)=O)c1)N(CCCO)CC2)NCCOc1ccccc1OCC(F)(F)F,"['Alpha-1a adrenergic receptor', 'Alpha-1b adrenergic receptor', 'Alpha-1d adrenergic receptor']"
CHEMBL325041,CC(C)C[C@H](NC(=O)[C@H](Cc1ccccc1)NC(=O)c1cnccn1)B(O)O,[]
CHEMBL3301605,O.O=C(NC1CCNCC1)[C@@H]1CC[C@@H]2CN1C(=O)N2OS(=O)(=O)O,"['Beta-lactamase', 'Beta-lactamase']"
CHEMBL3544911,COc1cccc(OCCCN)c1-c1cc(Nc2cnc(C#N)cn2)n[nH]1,['Serine/threonine-protein kinase Chk1']
CHEMBL3989408,CC(C)Cc1ccc(C(C)C(=O)[O-])cc1.O.O.[Na+],[]
CHEMBL3989927,O=C1CC[C@H](N2Cc3c(OCc4ccc(CN5CCOCC5)cc4)cccc3C2=O)C(=O)N1,['Cereblon/Aiolos']
CHEMBL3989937,CNC(=O)c1ccc(-c2cnc3ncc(Cc4ccc5ncccc5c4)n3n2)cc1F.Cl.Cl.O,['Hepatocyte growth factor receptor']
CHEMBL4225088,CCc1ccc(N(CC(C)C)S(=O)(=O)c2ccc(OCC3CCOCC3)c(CO)c2)cc1,['Nuclear receptor ROR-gamma']
CHEMBL4297376,Cc1ccc(NS(=O)(=O)c2cccc(C#N)c2)c2[nH]cc(C#N)c12,[]
CHEMBL4297406,CC(=O)N[C@@H](CSSC[C@H](N)C(=O)O)C(=O)O,[]
CHEMBL4297421,O=C(Nc1nc(-c2ccc(O)c(O)c2)c(-c2ccccc2)s1)c1ccc(O)c(O)c1,['Phospholipid transfer protein']
CHEMBL4297458,Cc1nnn(C)c1-c1cnc2c3ccc(C(C)(C)O)cc3n([C@H](c3ccccc3)C3CCOCC3)c2c1,"['Bromodomain-containing protein 4', 'Myc proto-oncogene protein', 'Bromodomain-containing protein 3', 'NCI-H211', 'Transcription initiation factor TFIID subunit 1-like']"
CHEMBL430,CO/N=C1\CN(c2nc3c(cc2F)c(=O)c(C(=O)O)cn3C2CC2)CC1CN,[]
CHEMBL441765,CN(C(=O)Cc1ccc(Cl)c(Cl)c1)[C@@H]1CCCC[C@H]1N1CCCC1,"['Kappa opioid receptor', 'Kappa opioid receptor']"
CHEMBL4594425,CCC(=O)N[C@H]1Cc2cccc(C(=O)OCOC(=O)C(CC)CC)c2OB1O,[]
CHEMBL460291,CCOC(=O)C1=C(C)NC(C)=C(C(=O)OCC)C1c1ccccc1/C=C/C(=O)OC(C)(C)C,"['Voltage-gated L-type calcium channel alpha-1D subunit', 'Voltage-gated L-type calcium channel alpha-1C subunit', 'Voltage-gated L-type calcium channel alpha-1C subunit']"
CHEMBL4650220,Cc1cc(C[C@@H](NC(=O)N2CCC(c3cc4ccccc4[nH]c3=O)CC2)C(=O)N2CCN(C3CCN(C)CC3)CC2)cc2cn[nH]c12.Cl,"['Calcitonin gene-related peptide type 1 receptor', 'Calcitonin gene-related peptide 1', 'Callithrix jacchus']"
CHEMBL483465,Cn1cc(C2=C(c3coc4ccc(F)cc34)C(=O)NC2=O)c2cc3c(cc21)OCO3,['Glycogen synthase kinase-3 beta']
CHEMBL5095420,Cl.Cl.Cl.Cl.NCCNCCNCCN,[]
CHEMBL5314555,C=C(C)C(=O)Nc1ccc(-c2c(-c3ccc(Oc4nccc(C)n4)c(F)c3)c3c(N)ncnc3n2C)cc1,['Tyrosine-protein kinase BTK']
CHEMBL615,CC1(C)S[C@@H]2[C@H](NC(=O)COc3ccccc3)C(=O)N2[C@H]1C(=O)O,[]
CHEMBL82202,Cc1ncc(COP(=O)(O)O)c(C=O)c1O,['Fructose-bisphosphate aldolase']
CHEMBL1109,Nc1ccc(S(=O)(=O)Nc2ccnn2-c2ccccc2)cc1,['Cytochrome P450 2C18']
CHEMBL1200354,CCCCC(CC)CCC(CC(C)C)OS(=O)(=O)[O-].[Na+],[]
CHEMBL1200645,COc1cc([C@@H]2c3cc4c(cc3[C@@H](O[C@@H]3O[C@@H]5CO[C@@H](C)O[C@H]5[C@H](O)[C@H]3O)[C@H]3COC(=O)[C@H]23)OCO4)cc(OC)c1OP(=O)(O)O,[]
CHEMBL1200839,CC(=O)Nc1c(I)c(NC(C)=O)c(I)c(C(=O)O)c1I.CNC[C@H](O)[C@@H](O)[C@H](O)[C@H](O)CO,[]
CHEMBL1200841,CCN(CC)CCOC(=O)c1ccc(N)cc1.Cl,[]
CHEMBL1222883,CN1C(=O)CC[C@H]1C(=O)NCc1cccc(C(F)(F)F)c1Cl,['P2X purinoceptor 7']
CHEMBL1223,CC1(C)S[C@@H]2[C@H](NC(=O)Cc3ccccc3)C(=O)N2[C@H]1C(=O)[O-].[K+],[]
CHEMBL123693,CCCCCC(C)N,"['Solute carrier family 22 member 1', 'Pectobacterium carotovorum']"
CHEMBL1240967,CC(C)(Cc1cccc(CC(=O)NCc2cccc(-c3ccc(O)cc3)c2)c1)NC[C@H](O)c1ccc(O)c(NS(C)(=O)=O)c1,['Beta-2 adrenergic receptor']
CHEMBL1272307,Cc1nc(C(=O)N2CCCC[C@H]2CNC(=O)c2cccc3occc23)c(-c2ccc(F)cc2)s1,"['Orexin receptor 2', 'Orexin receptor 1']"
CHEMBL1474889,CC(CN(C)C)C(C)(O)Cc1ccc(Cl)cc1,[]
CHEMBL1500276,CCN(CC)CCOCCOC(=O)C(CC)(CC)c1ccccc1,[]
CHEMBL1819077,CCC(CC)Nc1c2c(nc3c(-c4ccc(OC)cc4Cl)c(C)nn13)CCC2,[]
CHEMBL2105801,CCCC(=O)O[C@H]1CN2CC[C@H](O)[C@@H]2[C@@H](O)[C@@H]1O.Cl,['Beta-glucocerebrosidase']
CHEMBL2106068,CCCCN(CCCC)C(=O)CN1C[C@H](c2ccc3c(c2)OCO3)[C@@H](C(=O)O)[C@@H]1c1ccc(OC)cc1.Cl,"['Endothelin receptor ET-A', 'Endothelin receptor ET-A', 'Endothelin receptor ET-B']"
CHEMBL2107358,COC1=CC(c2cc3ccccc3[nH]2)=N/C1=C\c1[nH]c(C)cc1C.CS(=O)(=O)O,"['HCT-116', 'K562', 'SW-620', 'COLO 205', 'OVCAR-3', 'LOX IMVI', 'ACHN', 'KM12', '786-0', 'IGROV-1', 'BXPC-3', 'H4', 'AGS', 'FaDu', 'HGC-27', 'KG-1', 'A-427', 'NCI-H358', 'NCI-H1650', 'MES-SA', 'Kasumi 1', 'G-361', 'NALM-6', 'KARPAS-422', 'SW1990', 'RPMI-7951', 'HOS', 'HCC70', 'J82', 'NCI-H292', '8505C', '5637', 'A 172', 'TE-1', 'Daoy', 'PA-1', 'C8166', 'NCI-H1581', 'U-266', 'OS-RC-2', 'MKN-28', 'CAL-51', 'DOHH-2', 'CAL-27', 'SK-MES-1', 'MG-63', 'OCI-AML2', 'RPMI 8402', 'BT-20', 'A2058', 'MSTO-211H', 'RT-112', 'NCI-H661', 'NCI-H2122', 'NCI-H520', 'HCC1806', 'NCI-H446', 'DU-4475', 'SAOS-2', 'COR-L23', 'MONO-MAC-6', 'KYSE-450', 'SK-LU-1', 'CA46', 'BV-173', 'MEG-01', 'NCI-H187', 'SW48', '697', 'SNU-5', 'UMUC3', 'LC-2-ad', 'AN3-CA', 'CFPAC-1', 'KU812 cell line', 'LAMA-84', 'HT', 'PSN1', 'Calu-6', 'AU565', 'KYSE-520 cell line', 'SJRH30', 'Capan-2', 'NOMO-1', 'NCI-H441', 'SW982', 'NCI-H596', 'DEL', 'GOTO', 'NCI-H526', 'RD', 'Ca9-22', 'NOS-1', 'HAL-01', 'NB1', 'HuTu80', 'LB1047-RCC', 'EW-16', 'KS-1', 'ML-2', 'SW 954', 'NKM-1', 'OE33', 'MKN-7', 'SNU1', 'QIMR-WIL', 'ONS-76', 'A101D', 'L-363', 'CTV-1', 'CHL-1', 'C32', 'BB30-HNC', 'SAS', 'U-118-MG', 'NCI-H1792', 'ALL-PO', 'ACN', 'SNU-423', 'MKN-1', 'HT-144', 'TE-12', 'KARPAS-45', 'TE-8', 'SK-MEL-1', 'LXF-289 cell line', 'LB2241-RCC', 'COLO-829', 'A3-KAW', 'KYSE-510', 'KGN', 'ETK-1', 'A4-Fuk', 'ES4', 'Calu-3', 'SK-MEL3', 'CTB-1', 'SW872', 'ES8', 'SK-NEP-1', 'SH-4', 'EM-2', 'BB65-RCC', 'NTERA-2-cl-D1', 'SW 962', 'MZ1-PC', '8-MG-BA', 'NCI-H82', 'SK-N-AS', 'MOLT-16', 'GI-ME-N', 'NB69', 'ES1', 'GB-1', 'CGTH-W-1', 'GI-1', 'A388', 'NEC8', 'NCI-H747', 'LCLC-103H cell line', 'PLC-PRF-5', 'ME-180', 'SNU-387', 'JAR', 'HH', 'NCI-H1355', 'L-540', 'TE-10', 'SF-126', 'DB', 'OCUB-M', 'HT1197', 'KYSE-150 cell line', 'HuP-T3', 'VA-ES-BJ', 'KURAMOCHI', 'SW780', 'GCIY', 'RT-4', 'ES6', 'SK-UT-1', 'NCI-H1437', 'RL', 'SCC-25', 'KYSE-70 cell line', 'Becker', 'BE-13', 'MHH-PREB-1', 'NMC-G1', 'G-401', 'REH', 'MZ2-MEL', 'SW1088', '8305C', 'SK-N-DZ', 'IST-MEL1', 'Ramos-2G6-4C10', 'NB13', 'GT3TKB', 'MLMA', 'EW-1', 'LS-411N', 'KE-37', 'IA-LM', 'T84', 'NCI-H1648', 'TE-9', 'Ca-Ski', 'A704', 'LB831-BLC', 'ST486', 'GR-ST', 'L-428', 'SCC-4', 'SW1710', 'TE-11', 'EW-3', 'J-RT3-T3-5', 'LS-123', 'K5', 'NCI-H209', 'A204', 'HCE-4', 'HD-MY-Z', 'A253 cell line', 'ATN-1', 'C2BBe1', 'MS-1', 'C-33-A', 'DSH1', 'MC116', 'LU-134-A', 'D-263MG', 'no-11', 'HCE-T', 'NB10', 'NB5', 'LB996-RCC', 'MZ7-mel', 'CMK', 'P30-OHK', 'BFTC-905', 'MEL-HO', 'OE19', 'NH-12', 'MPP-89', 'SK-N-FI', 'MeWo', 'EW-13', 'GAMG', 'KNS-42', 'SK-LMS-1', 'LCLC-97TM1', 'HSC-2', 'HC-1', 'SK-PN-DW', 'TE-5', 'KALS-1', 'G-402', 'YAPC', 'HuP-T4', 'SW626', 'CHP-212', 'MEL-JUSO', 'D283 Med', 'CAL-33', 'HCC2218', 'LB2518-MEL', 'LP-1', 'MHH-NB-11', 'ES7', 'IM-9', 'BPH-1', 'TE-6', 'YKG-1', 'HSC-3', 'SCC-15', 'NCI-H2126', 'NCI-H1155', 'IST-SL1', 'SIG-M5', 'KINGS-1', 'IST-MES1', 'KYSE-270', 'FTC-133', 'CAL-12T', 'PANC-03-27', 'TGBC1TKB', 'TCC-SUP', 'Detroit562', 'D-502MG', 'MFH-ino', 'NB6', 'SHP77', 'COLO-684', 'NCI-H1417', 'HuO-3N1', 'SNU-C2B', 'MDA-MB-157', 'NCI-H1770', 'RH-1', 'CAL-39', 'KLE', 'CAS-1', 'BHY', 'NCI-H2009', 'TE-15', 'MN-60', 'LS-513', 'LB771-HNC', 'KMOE-2', 'BB49-HNC', 'NCI-H2030', 'BCPAP', 'SW 1116', 'HLE', 'MC-IXC', 'KY821', '639-V', 'BHT-101', 'NCI-H28', 'CAL-54', 'ES3', 'ES5', 'SBC-1', 'MRK-nu-1', 'MMAC-SF', 'COLO-668', 'SNU-449', 'KP-N-YS', 'HuCCT-1', 'DBTRG-05MG', 'EFO-27', 'DOK', 'TGBC24TKB', 'KYSE-410', 'LU-139', 'NCI-H1963', 'SU-DHL-1', 'BL-70', 'P12-Ichikawa', 'KYSE-180', 'SK-MEL-30', 'IGR-1', 'LS-1034', 'GCT', 'CAMA-1', 'PF-382', 'BL-41', 'NCI-H1092', 'no-10', 'HO-1-N-1', 'LNCaP-Clone-FGC', 'MHH-ES-1', 'HTC-C3', 'HMV-2 cell line', 'GP5d', 'RPMI-2650', 'KM-H2', 'NCI-H720', 'DJM-1', 'LAN-6', 'VMRC-RCZ', 'COLO-679', 'ESS-1', 'COR-L105', 'OAW-42', 'HT-1376', 'NCI-H2170', 'JVM-3', 'CAL-85-1', 'COLO-800', 'KYSE-140', 'OMC-1', 'Lu-65', 'KNS-81-FD', 'GDM-1', 'NB17', 'CAL-62', 'EW-11', 'RVH-421', 'TYK-nu', 'NCI-H2087', 'Panc1005', 'NCI-H2342', 'HN', 'VM-CUB-1', 'H-EMC-SS', 'IST-SL2', 'JVM-2', 'LU-99A', 'EW-18', 'HCC38', 'SCC-9', 'HT-3', 'WM-115', 'D-247MG', 'RCC10RGB', 'HDLM-2', 'RPMI-8866', 'BC1 cell line', 'COLO-320-HSR', 'COR-L88', 'BFTC-909', 'M059J', 'GAK', 'NCI-H810', 'D-336MG', 'CP66-MEL', 'HCC2157', 'HCC1187', 'LC4-1', 'NCCIT', 'NB14', 'RPMI-6666', 'DoTc2-4510', 'ChaGo-K-1', 'NCI-H650', 'KP-4', 'D-392MG', 'JIYOYE', 'CESS', 'RL95-2', 'NB12', 'NCI-H1304', 'NY', 'EFM-19', 'SBC-5', 'KU-19-19', 'SK-MEL-24', 'LK-2', 'Multidrug resistance-associated protein 4', 'NCI-H510A', 'BC-3', 'ABC-1', 'HCC1569', 'NCI-H2347', '647-V', 'COLO-678', 'KOSC-2', 'C3A', 'RERF-LC-MS', 'TGW', 'DMS-79', 'MDA-MB-415', 'CAL-120', 'NCI-H2405', 'HPAF-II', 'AM-38', 'S-117', 'EFO-21', 'RCM-1', 'LOUCY', 'LB373-MEL-D', 'HCC1599', 'DG-75', 'NB7', 'MDA-MB-175-VII', 'NCI-H1755', 'IMR-5', 'SKG-IIIa', '23132-87', 'SW13', 'MC-CAR', 'RO82-W-1', 'HSC-4', 'COLO-824', 'EGI-1', 'HCC1395', 'NCI-H1573', 'HEC-1', 'HuO9', 'DK-MG', 'NCI-H1563', 'NCI-H1651', 'OAW-28', 'MFE-280', 'GMS-10', 'NCI-H1623', 'SW1783', 'SUP-T1', 'ARH-77', 'CaR-1', 'SW756', 'COLO-680N', 'PANC-08-13', 'NCI-H1395', 'EW-24', 'COLO-792', 'NCI-H1693', 'COLO-741', 'PFSK-1', 'CP50-MEL-B', 'SK-CO-1', 'BEN', 'JEG-3', 'NCI-H2052', 'D-542MG', 'LB647-SCLC', 'CAL-72', 'SW1417', 'YT', 'SW684', 'NBsusSR', 'MFM-223', 'SCC-3', 'EHEB', 'COR-L279', 'EB2', 'CCF-STTG1', 'HCC1419', 'RMG-I', 'D-566MG', 'SCH', 'EB-3', 'EVSA-T', 'CHP-126', 'SK-MM-2', 'LN-405', 'SIMA', 'EPLC-272H', 'NCI-H1882', 'UMC-11', 'HT55', 'SW837', 'TE-441-T', 'NCI-H1793', 'ZR-75-30', 'Ferrochelatase, mitochondrial', 'HCC1143', 'CAL-148', 'WSU-NHL', 'MFE-296', 'BOKU', 'NCI-H1048', 'K052', 'MOLT-13', 'NCI-H64', 'LC-1F', 'NCI-H345', 'J774.2', 'NCI-H2452', 'UACC-893', 'TT', 'EC-GI-10', 'U-698-M', 'TI-73', 'NCI-H630', 'SCLC-21H', 'DMS-153', 'NCI-H2141', 'CPC-N', 'SNG-M', 'EW-22', 'SW948', 'ECC10', 'NCI-H1436', 'ECC4', 'MHH-CALL-2', 'NCI-H2196', 'NCI-H1694', 'SW1463', 'NCI-H1838', 'YH-13', 'KNS-62', 'LU-165', 'NCI-H524', 'NCI-H1522', 'DMS-53', 'SNU-475', 'TGBC11TKB', 'OC-314', 'NCI-H748', 'NCI-H719', 'NCI-H889', 'EW-7', 'TUR', 'NCI-H2081', 'MDA-MB-134-VI', 'KP-N-YN', 'NCI-H1734', 'H69AR', 'CW-2', 'C-4-II', 'NCI-H1666', 'SNU-C1', 'IPC-298', 'KMS-12-PE', 'NCI-H838', 'RH-18', 'NCI-H716', 'EFE-184', 'NCI-H2291', 'UACC-812', 'B-ALL', 'NCI-H1618', 'SW900', 'ECC12', 'DV-90', 'K562/VCR', 'BALL-1', 'NCI-H2227', 'LU-135', 'NCI-H2029', 'P31-FUJ', 'RXF 944', 'MAXF401 cell line', 'Lung LXF 629L tumor cell line', 'WI-38 VA13', 'DNA topoisomerase I', 'C2D cell line', 'C2G cell line', 'MCF10', 'CAKI-2', 'DC3F', 'YOSHIDA', 'WALKER', 'LT12 tumor cell line']"
CHEMBL2355051,CCN(CC)CCOc1ccc(C(=C(Cl)c2ccccc2)c2ccccc2)cc1,"['Estrogen-related receptor gamma', 'MCF7S', '3-beta-hydroxysteroid-delta(8),delta(7)-isomerase', 'C-8 sterol isomerase', 'Anti-estrogen binding site (AEBS)', 'MCF-12A', 'HEC-1-A', 'Rev responsive element (RRE) RNA']"
CHEMBL256705,C[C@@H]1CC(=O)c2c(ccc3c2C(=O)c2cccc(O)c2C3=O)C1,[]
CHEMBL3186849,O=C(O)CCCCC(CCSCc1ccccc1)SCc1ccccc1,[]
CHEMBL3707338,Cc1ncc(COP(=O)([O-])O)c(C=O)c1O.NC(=O)CC[C@H](N)C(=O)[O-].[Mg+2],[]
CHEMBL3984441,Cc1c(C(=O)Nc2ccc(Oc3ccnc4cc(OCC(C)(C)O)ccc34)c(F)c2)c(=O)n(-c2ccccc2)n1C,"['Hepatocyte growth factor receptor', 'Tyrosine-protein kinase receptor UFO']"
CHEMBL3989954,C=C1CC[C@H]2[C@H](CN)[C@@H]([C@@]3(C)CC[C@H](O)C[C@@H]3CO)CC[C@]12C,['P19']
CHEMBL4297292,C[N+](C)(Cc1ccc(NC(=O)c2ccc(Cl)c(Cl)c2)cc1)C1CCOCC1.[Cl-],['C-C chemokine receptor type 2']
CHEMBL4297388,C[C@@H]1C[C@H]2[C@@H]3C[C@H](F)C4=CC(=O)C=C[C@]4(C)[C@@]3(F)[C@@H](O)C[C@]2(C)[C@@]1(OC(=O)C1C(C)(C)C1(C)C)C(=O)OCC#N,['Tyrosine aminotransferase']
CHEMBL4297619,O=C(O)CNC(=O)c1c(O)cc(CCc2ccccc2)n2ncnc12,"['Egl nine homolog 1', 'Prolyl 4-hydroxylase']"
CHEMBL4297636,C/C=C\C[C@@H](C/C=C\NC(=O)[C@@H](NC(=O)/C=C\C=C/C(C)=C/[C@H](C)[C@@H]1CC=C(OC)C(=O)O1)C(C)(C)C)OC(N)=O,[]
CHEMBL431770,CCn1c(=O)c2c(nc(/C=C/c3ccc(OC)c(OC)c3)n2C)n(CC)c1=O,"['Adenosine A1 receptor', 'Adenosine A2a receptor', 'Adenosine A2 receptor']"
CHEMBL4459585,Cn1cc(-c2cn3nccc3c(-c3cnn([C@]4(CC#N)C[C@@H](C#N)C4)c3)n2)cn1,"['Tyrosine-protein kinase JAK2', 'Tyrosine-protein kinase JAK1', 'Tyrosine-protein kinase JAK3']"
CHEMBL4802136,NC(=O)Nc1cc(C#Cc2cccc(F)c2)sc1C(=O)N[C@H]1CCCNC1,"['Serine/threonine-protein kinase Chk1', 'KG-1', 'MeWo']"
CHEMBL506569,CC(=O)O[C@H]1C[C@H](O[C@H]2[C@@H](O)C[C@H](O[C@H]3[C@@H](O)C[C@H](O[C@H]4CC[C@@]5(C)[C@H](CC[C@@H]6[C@@H]5C[C@@H](O)[C@]5(C)[C@@H](C7=CC(=O)OC7)CC[C@]65O)C4)O[C@@H]3C)O[C@@H]2C)O[C@H](C)[C@H]1O[C@@H]1O[C@H](CO)[C@@H](O)[C@H](O)[C@H]1O,"['HCT-116', 'K562', 'CCRF-CEM', 'NCI-H460', 'MOLT-4', 'SR', 'RPMI-8226', 'SW-620', 'NCI-H522', 'COLO 205', 'OVCAR-3', 'U-251', 'LOX IMVI', 'T47D', 'MDA-MB-435', 'ACHN', 'UACC-62', 'SK-MEL-5', 'KM12', 'NCI-H23', '786-0', 'IGROV-1', 'SF-268', 'M14', 'CAKI-1', 'OVCAR-8', 'SF-539', 'RXF 393', 'HOP-92', 'UO-31', 'HOP-62', 'SF-295', 'Malme-3M', 'SK-MEL-2', 'UACC-257', 'A498', 'NCI/ADR-RES']"
CHEMBL5095170,CCN(Cc1nc2c(N)nc3cc(-c4cc[nH]n4)ccc3c2[nH]1)C(C)=O,[]
CHEMBL5095172,O=C1COc2ccc(OCCCCN3CCN(c4cccc(Cl)c4Cl)CC3)cc2N1,['Dopamine D2 receptor']
CHEMBL71,CN(C)CCCN1c2ccccc2Sc2ccc(Cl)cc21,"['Cytochrome P450 2D6', 'Saccharomyces cerevisiae', 'Arachidonate 15-lipoxygenase, type II', 'Dopamine D1 receptor', 'Histamine H1 receptor', 'Alpha-2c adrenergic receptor', 'Histamine H2 receptor', 'Peripheral myelin protein 22', 'Nuclear factor NF-kappa-B p105 subunit', 'Thrombopoietin', 'Prion protein', 'Galanin receptor 3', 'Bile salt export pump', 'Trypanothione reductase', 'Transient receptor potential cation channel subfamily M member 7', 'Histamine H1 receptor', 'Sodium channel alpha subunits; brain (Types I, II, III)', 'Solute carrier family 22 member 1', 'Multidrug and toxin extrusion protein 1', 'Nociceptin receptor', 'Solute carrier family 22 member 2', 'Potassium channel subfamily K member 2', 'Sindbis virus', 'DNA polymerase', 'Pleiotropic ABC efflux transporter of multiple drugs', 'Aldehyde oxidase', 'Acetylcholine receptor protein alpha chain', 'Adenylate cyclase', 'BK polyomavirus', 'Sodium channel alpha subunit', 'Calmodulin', 'Murine leukemia virus', '2,3-bisphosphoglycerate-independent phosphoglycerate mutase', 'Calmodulin', 'Nuclear receptor subfamily 2 group E member 1', 'Serum albumin']"
CHEMBL1005,CCC(=O)N(c1ccccc1)C1(C(=O)OC)CCN(CCC(=O)OC)CC1,[]
CHEMBL1062,CC(=O)[C@@]1(O)CC[C@H]2[C@@H]3CCC4=CC(=O)CC[C@]4(C)[C@H]3CC[C@@]21C,"['Progesterone receptor', 'Corticosteroid binding globulin']"
CHEMBL1200613,Cc1ccc(C(=O)c2ccc(CC(=O)[O-])n2C)cc1.[Na+],[]
CHEMBL1201010,CC(=O)OCC(=O)[C@@]1(O)CC[C@H]2[C@@H]3CCC4=CC(=O)CC[C@]4(C)[C@@]3(F)[C@@H](O)C[C@@]21C,"['Nuclear receptor subfamily 1 group I member 2', 'Progesterone receptor']"
CHEMBL1201407,CCCCCCCC(=O)CC[C@@H]1[C@@H](C/C=C\CCCC(=O)O)[C@@H](O)C[C@H]1O,[]
CHEMBL1282,CC(C)Cn1cnc2c(N)nc3ccccc3c21,[]
CHEMBL1465,CCC(c1ccccc1)c1c(O)c2ccccc2oc1=O,['Vitamin K epoxide reductase complex subunit 1']
CHEMBL2057236,CN(C)[C@@H]1C(O)=C(C(N)=O)C(=O)[C@@]2(O)C(O)=C3C(=O)c4c(O)c(NC(=O)[C@@H]5CCCN5C)cc(F)c4C[C@H]3C[C@@H]12,[]
CHEMBL2106238,CCCCC/C=C\C/C=C\CCCCCCCC(=O)OCC,['Transient receptor potential cation channel subfamily V member 2']
CHEMBL2178578,CC(C)(C)c1ccc(S(=O)(=O)Nc2ccc(Cl)cc2C(=O)c2cc[n+]([O-])cc2)cc1,['C-C chemokine receptor type 9']
CHEMBL2392545,COc1cc(C(=O)NC2CCN(C)CC2)c(F)cc1Nc1ncc2c(n1)N(C1CCCC1)CC(F)(F)C(=O)N2C,['Serine/threonine-protein kinase PLK1']
CHEMBL295619,CN1CCN(c2c(F)cc3c(=O)c(C(=O)O)cn4c3c2SCC4)CC1,[]
CHEMBL3113734,Cc1ccc(O)c(C(=O)N[C@H]2CC[C@@H](NC(=O)c3cc(F)cnc3Oc3ccc(F)c(F)c3)CC2)c1,['Whole blood']
CHEMBL3126832,CC(C)[C@H]1NC(=O)[C@H]2CSSCC/C=C/[C@H](CC(=O)N[C@H](C)C(=O)N2)OC(=O)C[C@@H]1O,"['Histone deacetylase 1', 'MKN-28', 'Histone deacetylase 6', 'MKN-7', 'MKN-74', 'St-4', 'Histone deacetylase 1/Nuclear receptor corepressor 2', 'Histone deacetylase 2/Nuclear receptor corepressor 2']"
CHEMBL3219124,COC[C@H](C)Oc1cc(Oc2cnc(C(=O)N3CCC3)cn2)cc(C(=O)Nc2cnc(C)cn2)c1,['Hexokinase type IV']
CHEMBL3545169,CC(C)(C)OC(=O)NCCN1CC2CN(CCOc3ccc(C#N)cc3F)CC(C1)O2,[]
CHEMBL3545378,Cc1cc(Nc2cc(N3CC(F)(C4CC4)C3)nc(O[C@H]3CCN(C(=O)c4cc(Cl)ccc4F)C3)n2)n[nH]1,[]
CHEMBL355200,C#Cc1c[nH]c(=O)[nH]c1=O,"['Thymidine phosphorylase', 'D-amino-acid oxidase', 'Dihydropyrimidine dehydrogenase']"
CHEMBL3644587,O=c1[nH]nc2c3c(cccc13)N=C(CN1Cc3ccccc3C1)N2,['Poly [ADP-ribose] polymerase-1']
CHEMBL3655081,CCCS(=O)(=O)N[C@H]1C[C@@H](N(C)c2ncnc3[nH]ccc23)C1,"['Tyrosine-protein kinase JAK2', 'Tyrosine-protein kinase JAK1', 'Tyrosine-protein kinase JAK3', 'JAK1/TYK2']"
CHEMBL3707333,O[B-]1(O)OO[B-](O)(O)OO1.[Na+].[Na+],[]
CHEMBL3989698,N[C@@H]1C[C@H]1c1ccccc1.N[C@H]1C[C@@H]1c1ccccc1.O=S(=O)(O)O,['Lysine-specific histone demethylase 1']
CHEMBL3989947,CCCCCCCCCCCCCCOc1ccc(C(=O)OCC(=O)N(C)CC(=O)OCC)o1,[]
CHEMBL4296719,O=C(CN[C@@H]1CCNC1)N1CCC[C@H]1B(O)O,[]
CHEMBL4297277,CC(/C=C1\SC(=S)N(CC(=O)O)C1=O)=C\c1ccccc1.CC(/C=C1\SC(=S)N(CC(=O)[O-])C1=O)=C\c1ccccc1.C[N+](C)(C)CCO,[]
CHEMBL4442620,C[C@@H](O)[C@@H](C)Oc1nc(Nc2ccc(S(=N)(=O)C3CC3)cc2)ncc1C(F)(F)F,"['Cyclin-dependent kinase 2', 'Cyclin-dependent kinase 1']"
CHEMBL4456085,COc1ccc(Oc2cc(NCCC(F)(F)F)c3ncc(-c4ccc(C(=O)NC5CC5)c(C)c4)n3n2)c(F)c1F,['Dual specificity protein kinase TTK']
CHEMBL4518483,N#Cc1ccc(COc2cccc(C3CCN(Cc4nc5ccc(C(=O)O)cc5n4C[C@@H]4CCO4)CC3)n2)c(F)c1,[]
CHEMBL506,COc1cc(NC(C)CCCN)c2ncccc2c1,[]
CHEMBL5095198,CCC(CC)c1cc(C)nc2c(-c3nc(N4CCOCC4)sc3Cl)c(C)nn12,[]
CHEMBL517231,C#C[C@]1(CO)O[C@@H](n2cnc3c(N)nc(F)nc32)C[C@@H]1O,[]
CHEMBL521606,CC(C)(C)NCC(O)COc1cccc2c1CC(O)C(O)C2,[]
CHEMBL5314576,C[C@@H](Oc1ccc(S(C)(=O)=O)cc1C(=O)N1C[C@@H]2C[C@]2(c2cc(C(F)(F)F)on2)C1)C(F)(F)F,[]
CHEMBL5314607,[2H]C([2H])([2H])C(/C=C/C=C(C)/C=C/C1=C(C)CCCC1(C)C)=C\COC(C)=O,[]
CHEMBL714,CC(C)(C)NCC(O)c1ccc(O)c(CO)c1,[]
CHEMBL72,CNCCCN1c2ccccc2CCc2ccccc21,"['Serotonin 2a (5-HT2a) receptor', 'Cytochrome P450 2D6', 'Serotonin 2c (5-HT2c) receptor', 'Norepinephrine transporter', 'Arachidonate 15-lipoxygenase, type II', 'Dopamine D1 receptor', 'Histamine H1 receptor', 'Muscarinic acetylcholine receptor M1', 'Histamine H2 receptor', 'Peripheral myelin protein 22', 'Cerebroside-sulfatase', 'Nuclear factor NF-kappa-B p105 subunit', 'Thrombopoietin', 'Alpha-1b adrenergic receptor', 'Endonuclease 4', 'Histamine H1 receptor', 'Sodium channel alpha subunits; brain (Types I, II, III)', 'Solute carrier family 22 member 1', 'Serotonin (5-HT) receptor', 'Serotonin transporter', 'Muscarinic acetylcholine receptor M5', 'Nociceptin receptor', 'Solute carrier family 22 member 2', 'Norepinephrine transporter', 'Solute carrier family 22 member 2', 'Acetylcholine receptor protein alpha chain', 'Adenylate cyclase', 'Protein arginine N-methyltransferase 1', 'Sodium channel alpha subunit', 'Calmodulin', 'Serotonin 2c (5-HT2c) receptor', 'Endothiapepsin', '2,3-bisphosphoglycerate-independent phosphoglycerate mutase', 'Calmodulin', 'Nuclear receptor subfamily 2 group E member 1', 'Cytochrome P450 2D2', 'Serum albumin']"
CHEMBL1088752,Cc1c(F)cc(C(=O)NC2CC2)cc1-c1ccc(C(=O)NCC(C)(C)C)cn1,[]
CHEMBL1091024,CCC(=O)O[C@@H]1CC(=O)O[C@H](C)C/C=C/C=C/[C@H](OC(C)=O)[C@H](C)C[C@H](CC=O)[C@H](O[C@@H]2O[C@H](C)[C@@H](O[C@H]3C[C@@](C)(OC(C)=O)[C@@H](OC(=O)CC)[C@H](C)O3)[C@H](N(C)C)[C@H]2O)[C@H]1OC,['Bacterial 70S ribosome']
CHEMBL1178725,CC(C)Oc1cccc(CC(=O)N2CCC[C@](CC[N+]34CCC(c5ccccc5)(CC3)CC4)(c3ccc(Cl)c(Cl)c3)C2)c1,['Neurokinin 2 receptor']
CHEMBL1201057,CC1(C)C[C@@H]1C(=O)N/C(=C\CCCCSC[C@H](N)C(=O)O)C(=O)[O-].[Na+],['Renal dipeptidase']
CHEMBL141,Nc1ccn([C@@H]2CS[C@H](CO)O2)c(=O)n1,"['Human immunodeficiency virus 1', 'ADMET', 'Hepatoma cell line']"
CHEMBL1908892,N[C@@H](Cc1ccc(OCCF)cc1)C(=O)O,"['Excitatory amino acid transporter 3', 'L-type amino acid transporter 1', 'Voltage-gated calcium channel alpha2/delta subunit 1']"
CHEMBL204656,COc1cc2c(cc1Cc1cccc(Cl)c1F)c(=O)c(C(=O)O)cn2[C@H](CO)C(C)C,['Human immunodeficiency virus 1']
CHEMBL2103862,O=C(c1ccc(CN2CCOCC2)cc1)N1CCN(C2CC2)CC1,['Histamine H3 receptor']
CHEMBL2110609,CCCCCCCCCCCC[N+](CCO)(CCO)Cc1ccccc1,[]
CHEMBL2110786,[SrH2],['Carbonic anhydrase V']
CHEMBL2111083,CN(C)C(=O)COc1ccc2c(c1)C[C@@H](NC[C@H](O)c1ccc(O)c(CCO)c1)CC2,[]
CHEMBL2111164,O=[N+]([O-])OCCN(CCO[N+](=O)[O-])CCO[N+](=O)[O-],[]
CHEMBL21731,CNCCCC12CCC(c3ccccc31)c1ccccc12,[]
CHEMBL2251727,CCN=C=S,['Sclerotinia sclerotiorum']
CHEMBL259571,CC(C)c1c(O)cc(/C=C/c2ccccc2)cc1O,['Cyclooxygenase']
CHEMBL269277,C=C(C)[C@@H]1CC[C@]2(C(=O)O)CC[C@]3(C)[C@H](CC[C@@H]4[C@@]5(C)CC[C@H](O)C(C)(C)[C@@H]5CC[C@]43C)[C@@H]12,[]
CHEMBL273124,COc1nc(C(Cl)(Cl)Cl)c(Cl)c(OC)c1Cl,['Nitrosomonas sp. TK794']
CHEMBL301829,O=C(O)c1ccc(C(F)(F)F)cc1-c1ccc2c(c1)OC[C@H](Cc1ccccc1)[C@H]2O,[]
CHEMBL3087323,Cc1ncc([N+](=O)[O-])n1CCNS(N)(=O)=O,"['Carbonic anhydrase II', 'Carbonic anhydrase I']"
CHEMBL3099551,C[C@H](NC(=O)[C@H](CCC(=O)O)NC(=O)CCCC[C@@H]1CCSS1)C(=O)O,[]
CHEMBL331743,CCOC(=S)SSC(=S)OCC,"['Sclerotinia sclerotiorum', 'Beta-lactamase']"
CHEMBL3334824,CC(C)[C@@H](NC(=O)NCC(C)(C)O)C(=O)N1CC[C@](O)(c2ccc(Cl)cc2)C(C)(C)C1,['C-C chemokine receptor type 1']
CHEMBL3545413,Cc1ncc(NC(=O)c2ccc(CN3CCN(C)CC3)c(C(F)(F)F)c2)cc1Nc1nccc(-c2cccnc2)n1,"['Tyrosine-protein kinase ABL', 'Bcr/Abl fusion protein', 'KBM5']"
CHEMBL3689071,COc1cc(C2CCN(C)CC2)ccc1Nc1ncc(C(F)(F)F)c(CCc2ccccc2CC(N)=O)n1,['Focal adhesion kinase 1']
CHEMBL3989909,CCC(=O)N1CC[C@H](Nc2ncnc3c2CN(c2cnc(OC)c(C(F)(F)F)c2)CC3)C1.O=P(O)(O)O,[]
CHEMBL3989910,O=C(O)c1ccc(-c2ccc3cc(O)ccc3n2)c(Cl)c1,[]
CHEMBL412262,CN/C(=N\S(=O)(=O)c1ccc(Cl)cc1)N1C[C@H](c2ccccc2)C(c2ccc(Cl)cc2)=N1,"['Cannabinoid CB1 receptor', 'Cannabinoid CB1 receptor']"
CHEMBL4303782,COc1cc2c(c(OC)n1)[C@]1(O)[C@H](O)[C@H](CN(C)C)[C@@H](c3ccccc3)[C@]1(c1ccc(C#N)cc1)O2,['Eukaryotic initiation factor 4A-I']
CHEMBL4444976,COc1cc(N2CCN(C(=O)Cn3nc(-c4ncc[nH]4)c4cccnc43)CC2)ccc1Cl,[]
CHEMBL45029,CCC1(c2ccccc2)C(=O)NC(=O)N(C)C1=O,[]
CHEMBL4650485,COc1ccc(F)cc1C(=O)NCc1ccc(-c2nn([C@@H](C)C(F)(F)F)c(N)c2C(N)=O)cc1,[]
CHEMBL567,OCCN1CCN(CCCN2c3ccccc3Sc3ccc(Cl)cc32)CC1,[]
CHEMBL570,CN(C)CCCN1c2ccccc2Sc2ccc(C(F)(F)F)cc21,"['Histamine H1 receptor', 'Histamine H2 receptor', 'Prion protein', 'Galanin receptor 3', 'Trypanothione reductase', 'Sodium channel alpha subunits; brain (Types I, II, III)', 'Potassium channel subfamily K member 2', 'Sindbis virus', 'Pleiotropic ABC efflux transporter of multiple drugs', 'Aldehyde oxidase', 'Adenylate cyclase', 'Protein arginine N-methyltransferase 1', 'BK polyomavirus', 'Sodium channel alpha subunit', 'Calmodulin', '2,3-bisphosphoglycerate-independent phosphoglycerate mutase', 'Calmodulin', 'Serum albumin']"
CHEMBL93047,CCN1C(=O)OC(C)(C)C1=O,[]
CHEMBL1002,CC(C)(C)NC[C@H](O)c1ccc(O)c(CO)c1,['Beta-2 adrenergic receptor']
CHEMBL1086440,CSc1nc2cc(Cl)c(Oc3cccc(Cl)c3Cl)cc2[nH]1,['Uracil-DNA glycosylase']
CHEMBL1095032,O=C([C@H](O)CS(=O)(=O)c1ccc2cc(Cl)ccc2c1)N1CCC(N2CCCNC2=O)CC1,['Coagulation factor X']
CHEMBL1129,O=c1[nH]c(=O)n([C@H]2C[C@H](O)[C@@H](CO)O2)cc1C(F)(F)F,"['Thymidine kinase', 'S180', 'Thymidine kinase', 'Thymidine kinase', 'AZ-521 cell line']"
CHEMBL1188395,NCc1c[nH]c(=S)n1[C@H]1CCc2c(F)cc(F)cc2C1,['Myeloperoxidase']
CHEMBL1200661,CCCCCCCC(=O)CC[C@@H]1[C@@H](C/C=C\CCCC(=O)OC(C)C)[C@@H](O)C[C@H]1O,[]
CHEMBL1562610,Cc1ccc(Cl)c(Nc2ccccc2C(=O)[O-])c1Cl.O.[Na+],['H4']
CHEMBL1742461,O=C(C[S+]([O-])Cc1ccco1)NC/C=C\COc1cc(CN2CCCCC2)ccn1,[]
CHEMBL1760,CC(C)(C)NCC(O)c1cc(O)cc(O)c1,[]
CHEMBL1765293,C=C(C)CNc1ccc(C(C)C(=O)O)cc1,[]
CHEMBL1788403,C=CCC1=C(C)C(OC(=O)[C@@H]2[C@@H](C=C(C)C)C2(C)C)CC1=O,[]
CHEMBL1908373,CN(C)c1ccc([C@H]2C[C@]3(C)[C@@H](CC[C@]3(O)CCCO)[C@@H]3CCC4=CC(=O)CCC4=C32)cc1,['Glucocorticoid receptor']
CHEMBL200022,O=C(O)CCN1C(=O)/C(=C/c2ccc(-c3ccc(Cl)cc3)o2)SC1=S,[]
CHEMBL2012520,CC(C)(Cc1ccc(Oc2ccc(C(N)=O)cn2)cc1)NC[C@H](O)COc1cccc2[nH]c3ccccc3c12,"['Beta-3 adrenergic receptor', 'Beta-1 adrenergic receptor']"
CHEMBL2063705,CNC(=O)C[C@@H]1NC(=O)c2csc(n2)-c2ccc(-c3nc(N(CCCCC(=O)O)C(=O)O[C@H]4CC[C@H](C(=O)O)CC4)cs3)nc2-c2csc(n2)-c2csc(n2)[C@H]([C@@H](O)c2ccccc2)NC(=O)CNC(=O)c2nc(sc2COC)[C@H](C(C)C)NC(=O)c2nc1sc2C,[]
CHEMBL2104523,CCOc1cc(N)c([N+](=O)[O-])cc1C(=O)NC1CCN(CC2CC=CCC2)CC1,"['Serotonin 4 (5-HT4) receptor', 'Serotonin 4 (5-HT4) receptor']"
CHEMBL2105762,CS(=O)(=O)n1cc2c(n1)CN([C@H]1CO[C@H](c3cc(F)ccc3F)[C@@H](N)C1)C2,['Dipeptidyl peptidase IV']
CHEMBL2105763,Cn1cc(CNCC2CCN(c3ncc(C(=O)NO)cn3)CC2)c2ccccc21,"['HCT-116', 'Histone deacetylase 1', 'HEK-293T']"
CHEMBL2107486,C[C@@H](O)[C@H]1C(=O)N2C(C(=O)OCOC(=O)C(C)(C)C)=C(SC3CN(C4=NCCS4)C3)[C@H](C)[C@H]12,[]
CHEMBL2110727,CCCCOCCOc1ccc(-c2ccc3c(c2)/C=C(/C(=O)Nc2ccc([S@@+]([O-])Cc4cncn4CCC)cc2)CCCN3CC(C)C)cc1,[]
CHEMBL2216870,CC[C@H](Nc1ncnc2[nH]cnc12)c1nc2cccc(F)c2c(=O)n1-c1ccccc1,"['PI3-kinase p110-delta subunit', 'PI3-kinase p110-gamma subunit', 'PI3-kinase p110-delta/p85-alpha']"
CHEMBL246600,COc1ccc(C[C@@H](O)c2cc(OC)c(OC)c(OC)c2)cc1O,['CEM-DNR']
CHEMBL262075,CC(=O)N(C)c1cccc(-c2ccnc3c(C(=O)c4cccs4)cnn23)c1,['GABA receptor alpha-1 subunit']
CHEMBL3039503,CC(C)(C)C#Cc1cc(N(C(=O)[C@H]2CC[C@H](C)CC2)[C@H]2CC[C@H](O)CC2)c(C(=O)O)s1,['Hepatitis C virus']
CHEMBL364804,CCOc1ccc(-c2nn3ncccc3c2-c2ccc(S(C)(=O)=O)cc2)cc1,['Cyclooxygenase-2']
CHEMBL3989798,COc1ccc(CC(C)NCC(O)c2ccc(O)c(NC=O)c2)cc1.COc1ccc(CC(C)NCC(O)c2ccc(O)c(NC=O)c2)cc1.O.O.O=C(O)/C=C/C(=O)O,['Beta-2 adrenergic receptor']
CHEMBL4089083,O/N=c1\cc(-c2cc3sccc3cn2)oc2ccc(CCCN3CCOCC3)cc12,['Metabotropic glutamate receptor 4']
CHEMBL4110551,COC(=O)NCCCn1nc([C@@H](C)N(C(=O)[C@H]2CNCCO2)C2CC2)c2ccc(C)nc21,['Renin']
CHEMBL4297312,COC[C@@]1(C)CCCN2CCc3c(oc4ccccc34)[C@@H]21,[]
CHEMBL4297375,Cc1cnc(C[S@@+]([O-])c2nc3ccccc3[n-]2)c(C)c1OCC1COC(C)(C)OC1.[Na+],"['Phosphodiesterase 10A', 'Canis familiaris', 'Potassium-transporting ATPase']"
CHEMBL4297503,COC(=O)OCOc1c2n(ccc1=O)N([C@@H]1c3ccccc3SCc3c1ccc(F)c3F)[C@@H]1COCCN1C2=O,[]
CHEMBL4472508,CC(C)(C[C@H]1CN(S(=O)(=O)c2cccc(C(F)(F)F)c2)c2cc(-c3cc(F)cc(OC(F)F)c3)ccc2O1)C(=O)O,['Nuclear receptor ROR-gamma']
CHEMBL4594438,CC(C)(C#Cc1ccc(-c2ccc(Cl)c3c(NS(C)(=O)=O)nn(CC(F)(F)F)c23)c([C@H](Cc2cc(F)cc(F)c2)NC(=O)Cn2nc(C(F)(F)F)c3c2C(F)(F)[C@@H]2C[C@H]32)n1)S(C)(=O)=O,[]
CHEMBL5315052,C#CCN[C@@H]1CCc2ccccc21.C#CCN[C@@H]1CCc2ccccc21.O=C(O)C(O)C(O)C(=O)O,[]
CHEMBL561157,CCCCC[C@H](O)CC[C@@H]1[C@H]2Cc3cccc(OCC(=O)[O-])c3C[C@H]2C[C@H]1O.[Na+],[]
CHEMBL578,CCOC(=O)[C@H](CCc1ccccc1)N[C@@H](C)C(=O)N1CCC[C@H]1C(=O)O,['Angiotensin-converting enzyme']
CHEMBL61872,CC(=O)N1N=C(c2ccc(N)cc2)c2cc3c(cc2C[C@H]1C)OCO3,[]
CHEMBL1200329,Cl.Clc1ccc2nsnc2c1NC1=NCCN1,['Alpha-1B adrenergic receptor']
CHEMBL1200498,CS(=O)(=O)O.C[C@H](N)C(=O)N[C@@H](C)C(=O)N[C@H]1[C@@H]2CN(c3nc4c(cc3F)c(=O)c(C(=O)O)cn4-c3ccc(F)cc3F)C[C@@H]21,[]
CHEMBL1200500,CCC(=O)OCC(=O)[C@@]1(OC(=O)CC)[C@@H](C)C[C@H]2[C@@H]3CCC4=CC(=O)C=C[C@]4(C)[C@@]3(Cl)[C@@H](O)C[C@@]21C,"['Nuclear receptor subfamily 1 group I member 2', 'Progesterone receptor']"
CHEMBL1617,CO[C@H]1/C=C/O[C@@]2(C)Oc3c(C)c(O)c4c(O)c(c5c(nc6cc(C)ccn65)c4c3C2=O)NC(=O)/C(C)=C\C=C\[C@H](C)[C@H](O)[C@@H](C)[C@@H](O)[C@@H](C)[C@H](OC(C)=O)[C@@H]1C,[]
CHEMBL1648,COC(=O)C1=C(C)NC(C)=C(C(=O)OC(C)C)C1c1cccc2nonc12,['Voltage-gated L-type calcium channel alpha-1D subunit']
CHEMBL19,CC(=O)/N=c1/sc(S(N)(=O)=O)nn1C,"['Carbonic anhydrase II', 'Carbonic anhydrase I', 'Carbonic anhydrase', 'Chitinase']"
CHEMBL204021,CCN(CC)CCN(Cc1ccc(-c2ccc(C(F)(F)F)cc2)cc1)C(=O)Cn1c(SCc2ccc(F)cc2)nc(=O)c2c1CCC2,['LDL-associated phospholipase A2']
CHEMBL20489,N=C(N)NCCC(=O)O,"['Cerebroside-sulfatase', 'N(G),N(G)-dimethylarginine dimethylaminohydrolase 1', 'Betaine transporter', 'Arginase-1', 'Arginase-1', 'Gamma-amino-N-butyrate transaminase']"
CHEMBL2105060,CCc1cc2cc(OC)c(OC)cc2c(Cc2ccccc2)n1,[]
CHEMBL2105682,CN1CCc2nc(C(=O)N[C@@H]3C[C@@H](C(=O)N(C)C)CC[C@@H]3NC(=O)C(=O)Nc3ccc(Cl)cn3)sc2C1.Cc1ccc(S(=O)(=O)O)cc1,['Coagulation factor X']
CHEMBL2105735,C=C[C@@H]1C[C@]1(NC(=O)[C@@H]1C[C@@H](Oc2ncc(OC)c3ccc(Cl)cc23)CN1C(=O)[C@@H](NC(=O)OC(C)(C)C)C(C)(C)C)C(=O)NS(=O)(=O)C1CC1,"['Unchecked', 'Hepatitis C virus', 'Hepatitis C virus serine protease, NS3/NS4A']"
CHEMBL2111110,C1CCC2(C1)[C@H]1CN(CC3CC3)C[C@@H]2CN(CC2CC2)C1,[]
CHEMBL2178575,COc1cccc2c1c(NS(=O)(=O)c1ccc(Cl)s1)nn2Cc1cccc(NC(=O)CO)c1,['C-C chemokine receptor type 4']
CHEMBL255231,C#CCN[C@@H]1CCc2ccc(OC(=O)N(C)CC)cc21,"['Monoamine oxidase B', 'Monoamine oxidase A']"
CHEMBL3039528,CN1CCN([C@@H]2C[C@@H](c3ccccc3)c3ccc(Cl)cc32)CC1(C)C,[]
CHEMBL3183968,CO/N=C(\C(=O)N[C@@H]1C(=O)N2C(C(=O)[O-])=C(CSc3nc(=O)c([O-])nn3C)CS[C@H]12)c1csc(N)n1.O.O.O.[Na+].[Na+],"['Solute carrier family 22 member 6', 'Solute carrier family 22 member 8']"
CHEMBL3304486,CN(C)CC(C)(C)OC(=O)C(O)(c1ccccc1)c1ccccc1,[]
CHEMBL344159,Cc1ccccc1C(=O)Nc1ccc(C(=O)N2CCCC(O)c3cc(Cl)ccc32)c(C)c1,"['Vasopressin V1a receptor', 'Vasopressin V2 receptor']"
CHEMBL3707209,CCCC(C)(CCO[N+](=O)[O-])O[N+](=O)[O-],[]
CHEMBL3833382,CCC[N+]12[C@H](O)[C@@H](CC)[C@@H]3C[C@H]1[C@@H]1N(C)c4ccccc4[C@]14C[C@H]2[C@@H]3[C@H]4O,[]
CHEMBL444633,CO[C@H]1/C=C/O[C@@]2(C)Oc3c(C)c(O)c4c(c3C2=O)C2=NC3(CCN(CC(C)C)CC3)NC2=C(NC(=O)/C(C)=C\C=C\[C@H](C)[C@H](O)[C@@H](C)[C@@H](O)[C@@H](C)[C@H](OC(C)=O)[C@@H]1C)C4=O,[]
CHEMBL464982,CCCCC/C=C\C/C=C\C/C=C\CCCCC(=O)O,"['Regulator of G-protein signaling 4', 'Serum albumin', 'Phomopsis obscurans', 'HSVEC']"
CHEMBL4802152,O=C(c1cc(Cn2c(=O)[nH]c(=O)c3c(F)cccc32)ccc1F)N1CCN(c2ncccn2)CC1,['Poly [ADP-ribose] polymerase-1']
CHEMBL487253,Cn1c(CCCC(=O)O)nc2cc(N(CCCl)CCCl)ccc21,[]
CHEMBL501174,CC(C)=CCC/C(C)=C/C=C/C(C)=C/C=C/C(C)=C/C=C/C=C(C)/C=C/C=C(C)/C=C/C=C(\C)CCC=C(C)C,[]
CHEMBL509,Cc1ccc(Cl)c(Nc2ccccc2C(=O)O)c1Cl,"['Aldo-keto reductase family 1 member C2', 'Fatty acid-binding protein, liver', 'H4']"
CHEMBL518924,NCCCCN(Cc1nc2ccccc2[nH]1)[C@H]1CCCc2cccnc21,"['Human immunodeficiency virus 1', 'C-X-C chemokine receptor type 4']"
CHEMBL5314947,CC(=O)[O-].CC[N+](CC)(CC(=O)Nc1c(C)cccc1C)Cc1ccccc1.O,[]
CHEMBL9967,CN1CCN(CC(=O)N2c3ccccc3C(=O)Nc3cccnc32)CC1,"['Muscarinic acetylcholine receptor M1', 'Muscarinic acetylcholine receptor M2']"
CHEMBL1159,CC(N/C(=N\C#N)Nc1ccncc1)C(C)(C)C,[]
CHEMBL1200335,CCCCCCC(=O)O[C@H]1CC[C@H]2[C@@H]3CCC4=CC(=O)CC[C@]4(C)[C@H]3CC[C@]12C,[]
CHEMBL1200706,[OH][Al]([OH])[OH],[]
CHEMBL1200945,O=C([O-])CN(CCN(CC(=O)[O-])CC(=O)[O-])CCN(CC(=O)[O-])CC(=O)[O-].[Ca+2].[Na+].[Na+].[Na+],[]
CHEMBL1201220,CC(=O)Nc1c(I)c(NC(C)=O)c(I)c(C(=O)O)c1I,[]
CHEMBL1230165,O=C(O)c1ccc2c(c1)nc(Nc1cccc(Cl)c1)c1ccncc12,"['Casein kinase II alpha', 'Casein kinase II', 'Casein kinase 2', 'TP53-regulating kinase']"
CHEMBL134920,Cn1c([N+](=O)[O-])cnc1/C=C/c1ccnc(N)n1,['Giardia intestinalis']
CHEMBL1382627,Nc1ccc(S(=O)(=O)[N-]c2ncccn2)cc1.[Ag+],[]
CHEMBL1520188,O=P([O-])(O)C(Cl)(Cl)P(=O)([O-])O.[Na+].[Na+],[]
CHEMBL1788404,C[N+](C)(CCOc1ccccc1)Cc1ccccc1,[]
CHEMBL2103741,N[C@@H](Cc1cc(I)c(Oc2cc(I)c(O)c(I)c2)c(I)c1)C(=O)[O-].O.[Na+],"['Thyroid hormone receptor beta-1', 'Thyroid hormone receptor alpha']"
CHEMBL2103880,CN(C)CCCOc1ccc2[nH]nc(S(=O)(=O)c3cccc4ccccc34)c2c1,['Serotonin 6 (5-HT6) receptor']
CHEMBL2104207,CC(NCCn1cnc2c1c(=O)n(C)c(=O)n2C)C(O)c1ccccc1,[]
CHEMBL2107819,CCO[C@@H]1OC(=O)C[C@@H]1NC(=O)[C@@H]1CCCN1C(=O)[C@@H](NC(=O)c1ccc(N)c(Cl)c1)C(C)(C)C,[]
CHEMBL272080,CN[C@@H]1[C@@H](O)[C@@H](O[C@@H]2[C@@H](O)[C@H](O[C@H]3O[C@H](CN)[C@@H](O)[C@H](O)[C@H]3O)[C@@H](N)C[C@H]2NC(=O)[C@@H](O)CN)OC[C@]1(C)O,"['Bacterial 70S ribosome', 'Ribosomal RNA A-site', 'Ribosome', 'Human immunodeficiency virus type 1 REV']"
CHEMBL3545042,CC(C)c1cc2[nH]c(=O)n(NS(C)(=O)=O)c(=O)c2cc1-c1ccnn1C,[]
CHEMBL39541,CC[C@H](C)[C@@H]([C@@H](CC(=O)N1CCC[C@H]1[C@H](OC)[C@@H](C)C(=O)N[C@@H](Cc1ccccc1)c1nccs1)OC)N(C)C(=O)[C@@H](NC(=O)[C@H](C(C)C)N(C)C)C(C)C,"['BXPC-3', 'Panel NCI-60 (60 carcinoma cell lines)', 'A10']"
CHEMBL3989658,CS(=O)(=O)O.Nc1ncnc2c1ncn2CCOC[P@@]1(=O)OCC[C@@H](c2cccc(Cl)c2)O1,[]
CHEMBL4297543,COCCCC(=O)NCc1ccc(C(F)(F)F)cc1,['T-complex protein 1 subunit beta']
CHEMBL460702,CCOc1ccn(-c2ccc(F)cc2)c(=O)c1C(=O)Nc1ccc(Oc2ccnc(N)c2Cl)c(F)c1,"['Hepatocyte growth factor receptor', 'Tyrosine-protein kinase receptor UFO', 'Proto-oncogene tyrosine-protein kinase MER', 'Tyrosine-protein kinase receptor TYRO3', 'EBC-1']"
CHEMBL46740,Cc1c(-c2ccc(O)cc2)n(Cc2ccc(OCCN3CCCCCC3)cc2)c2ccc(O)cc12,"['Estrogen receptor alpha', 'Estrogen receptor beta']"
CHEMBL4756129,CC(C)CN(C[C@@H](O)[C@H](Cc1ccccc1)NC(=O)O[C@H]1CO[C@H]2OCC[C@H]21)S(=O)(=O)c1ccc2nc(NC3CCN(C4CCCC4)CC3)sc2c1,['Human immunodeficiency virus 1']
CHEMBL5095402,C=CC(=O)N1CCC(Oc2cc3c(Nc4ccc(Cl)c(Cl)c4F)ncnc3cc2OC)CC1.Cl,['Epidermal growth factor receptor erbB1']
CHEMBL566752,CNc1ccc(/C=C/c2ccc(OCCOCCOCC[18F])cc2)cc1,['Beta amyloid A4 protein']
CHEMBL70418,CN1C(=O)CC(=O)N(c2ccccc2)c2cc(Cl)ccc21,[]
CHEMBL802,Nc1cc(N2CCCCC2)nc(N)[n+]1[O-],[]
CHEMBL857,O=C(O)CCCC[C@@H]1SC[C@@H]2NC(=O)N[C@@H]21,['Ras and Rab interactor 1/Tyrosine-protein kinase ABL1']
CHEMBL862,N=C(N)NC(=O)Cc1c(Cl)cccc1Cl,[]
CHEMBL96,NCCCC(=O)O,"['Regulator of G-protein signaling 4', 'Cerebroside-sulfatase', 'GABA-A receptor; anion channel', 'Endonuclease 4', 'GABA-B receptor', 'GABA A receptor alpha-3/beta-2/gamma-2', 'Gamma-amino-N-butyrate transaminase', 'Betaine transporter', 'Gamma-amino-N-butyrate transaminase', 'GABA receptor gamma-1 subunit', 'GABA receptor alpha-1 subunit', 'Gamma-amino-N-butyrate transaminase']"
CHEMBL985,NC(N)=O,"['Regulator of G-protein signaling 4', 'Cerebroside-sulfatase', 'GABA-B receptor', 'Olfactory receptor 51E2', 'Ornithine decarboxylase', 'Gamma-amino-N-butyrate transaminase', 'GABA receptor gamma-1 subunit', 'Gamma-amino-N-butyrate transaminase']"
CHEMBL114283,Nc1ccc2c(c1)CN1C(=O)c3ccccc3C1=N2,[]
CHEMBL1177,NC1=NC(=O)C(c2ccccc2)O1,[]
CHEMBL1200430,CC(=O)Oc1ccc2c(c1)CC[C@@H]1[C@@H]2CC[C@]2(C)[C@@H](O)CC[C@@H]12,[]
CHEMBL1200733,FC(F)OC(F)C(F)(F)F,['Carboxylesterase']
CHEMBL1201314,CC(C)[C@H](N)C(=O)OCC(CO)OCn1cnc2c(=O)[nH]c(N)nc21,[]
CHEMBL1237065,COc1cccc(C2(O)CCCCC2CN(C)C)c1.Cl,[]
CHEMBL1620875,CCN(CC)CCc1nc(-c2ccccc2)no1,[]
CHEMBL1642,CS(=O)(=O)O.Cc1ccc(NC(=O)c2ccc(CN3CCN(C)CC3)cc2)cc1Nc1nccc(-c2cccnc2)n1,['KBM5']
CHEMBL1950651,COC(=O)N1CCC(CC#Cc2nc(N)c3ncn([C@@H]4O[C@H](C(=O)NC5CC5)[C@@H](O)[C@H]4O)c3n2)CC1,[]
CHEMBL207456,[11CH3]Nc1ccc(-c2nc3ccc(O)cc3s2)cc1,"['Beta amyloid A4 protein', 'Sulfotransferase 1A1']"
CHEMBL2104266,CC1(C)S[C@@H]2[C@H](NC(=O)[C@H](N)C3=CCC=CC3)C(=O)N2[C@H]1C(=O)O,['Isoleucyl-tRNA synthetase']
CHEMBL2105148,CC1(CCN2CCCCC2)C(=O)CCc2ccccc21,[]
CHEMBL2107529,OC[C@@H]1O[C@H](O[C@]2(CCl)O[C@H](CCl)[C@@H](O)[C@@H]2O)[C@@H](O)[C@@H](O)[C@H]1Cl,[]
CHEMBL218291,O=c1[nH]cnc2c([C@@H]3N[C@H](CO)[C@@H](O)[C@H]3O)c[nH]c12,['Purine nucleoside phosphorylase']
CHEMBL3137322,O[C@H]([C@H](O)[C@@H]1CO1)[C@H]1CO1,[]
CHEMBL3137332,Cc1c(CC(=O)O)c2cccnc2n1Cc1ccc(S(C)(=O)=O)cc1C(F)(F)F,['G protein-coupled receptor 44']
CHEMBL3301614,Cc1cc(C)c2nc(-c3cnc(NCCCC4CCN(C)CC4)nc3C)[nH]c2c1.Cc1cc(C)c2nc(-c3cnc(NCCCC4CCN(C)CC4)nc3C)[nH]c2c1.O=C(O)C(O)C(O)C(=O)O,[]
CHEMBL3301673,CCCCCNC(=O)c1coc([C@H]2[C@@H](Cc3ccccc3CCC(=O)O)[C@@H]3CC[C@H]2O3)n1,[]
CHEMBL3330226,O=c1nc(N2CCN(CC3CCCCC3)CC2)sc2c([N+](=O)[O-])cc(C(F)(F)F)cc12,['FAD-dependent decaprenylphosphoryl-beta-D-ribofuranose 2-oxidase']
CHEMBL3546271,Fc1ccc(-c2ccc3c(c2)[nH]c2ccncc23)cn1,['Monoamine oxidase A']
CHEMBL37390,CC(O)Cn1cnc2c1c(=O)n(C)c(=O)n2C,[]
CHEMBL388590,CCc1oc2ccccc2c1C(=O)c1cc(Br)c(O)c(Br)c1,[]
CHEMBL3989926,COCCNCc1ccc(-c2cc3nccc(Oc4ccc(NC(=O)C5(C(=O)Nc6ccc(F)cc6)CC5)cc4F)c3s2)nc1,"['Vascular endothelial growth factor receptor 2', 'Hepatocyte growth factor receptor', 'Macrophage-stimulating protein receptor']"
CHEMBL408701,C[C@H](CCC(=O)NCCS(=O)(=O)O)[C@H]1CC[C@H]2[C@@H]3CC[C@@H]4C[C@H](O)CC[C@]4(C)[C@H]3CC[C@]12C,"['G-protein coupled bile acid receptor 1', 'Solute carrier organic anion transporter family member 2B1', 'Multidrug resistance-associated protein 4', 'Bile acid transporter', 'Solute carrier organic anion transporter family member 1A2']"
CHEMBL4204869,C[C@H]1OC[C@]2(c3cc(NC(=O)c4cnc(C(F)F)cn4)ccc3F)N=C(N)SC[C@H]12,['Beta-secretase 1']
CHEMBL4297274,CCCCCCCCCCCCNCC(O)CCCCCCCCCn1c(=O)c2c(ncn2C)n(C)c1=O,"['Sulfide:quinone oxidoreductase, mitochondrial']"
CHEMBL4594294,CNCC1CCCCN1C(=O)Oc1ccc(CNC(=O)CCCC/C=C/C(C)C)cc1OC,[]
CHEMBL462019,O=P1(N(CCCl)CCCl)OCCCN1CCCl,[]
CHEMBL4650305,O=C(O)CCn1ccc(-c2cc(C(F)(F)F)cc(C(F)(F)F)c2)n1,[]
CHEMBL109,CCCC(CCC)C(=O)O,"['Carboxypeptidase A1', 'Solute carrier family 22 member 20']"
CHEMBL1200388,Cc1onc(-c2ccccc2Cl)c1C(=O)N[C@@H]1C(=O)N2[C@@H]1SC(C)(C)[C@@H]2C(=O)[O-].O.[Na+],[]
CHEMBL1200718,[Mg+2].[OH-].[OH-],[]
CHEMBL1200825,CCC(=O)C(CC(C)N(C)C)(c1ccccc1)c1ccccc1.Cl,[]
CHEMBL1229214,CC[N+]1(CC)CCC(=C(c2ccccc2)c2ccccc2)C1C,[]
CHEMBL1232461,CCNC(=O)C[C@@H]1N=C(c2ccc(Cl)cc2)c2cc(OC)ccc2-n2c(C)nnc21,['Bromodomain-containing protein 4']
CHEMBL1259059,CC(C)OC(=O)[C@H](C)N[P@](=O)(OC[C@H]1O[C@@H](n2ccc(=O)[nH]c2=O)[C@](C)(F)[C@@H]1O)Oc1ccccc1,['Hepatitis C virus']
CHEMBL1902981,CCc1ccc(C(=O)C(C)CN2CCCCC2)cc1,[]
CHEMBL2105659,CCc1c(C(=O)C(N)=O)c2c(OCC(=O)OC)cccc2n1Cc1ccccc1,"['Phospholipase A2 group IIA', 'Phospholipase A2 group 1B', 'Group X secretory phospholipase A2', 'Phospholipase A2 group V', 'Phospholipase A2 group 1B', 'Phospholipase A2, membrane associated', 'Group IIE secretory phospholipase A2', 'Group IID secretory phospholipase A2', 'Phospholipase A2 group V', 'Group X secretory phospholipase A2', 'Group IIE secretory phospholipase A2', 'Group IIF secretory phospholipase A2']"
CHEMBL2111108,N=C(N)c1ncn([C@@H]2O[C@H](CO)[C@@H](O)[C@H]2O)n1,['Influenza B virus (B/Lee/40)']
CHEMBL2159122,COc1ccc(CN(C(=O)[C@@H](N)Cc2c(C)cc(C(N)=O)cc2C)[C@@H](C)c2ncc(-c3ccccc3)[nH]2)cc1C(=O)O,[]
CHEMBL2347704,CC1(C)OB(O)c2cc(NC(=O)c3ccc(F)cc3C(F)(F)F)ccc21,['SB-204269 binding site']
CHEMBL2364619,C[N@+]1(CC2CC2)CC[C@]23CC(=O)CC[C@@]2(O)[C@H]1Cc1ccc(C(N)=O)c(O)c13,[]
CHEMBL3707222,CCCC[C@]1(CC)CS(=O)(=O)c2ccc(N(C)C)cc2[C@@H](c2cccc(NC(=O)N[C@@H]3O[C@H](COS(=O)(=O)O)[C@@H](O)[C@H](OCc4ccccc4)[C@H]3O)c2)[C@H]1O,['Ileal bile acid transporter']
CHEMBL378544,CC[C@]1(O)C[C@@H]2CN(CCc3c([nH]c4ccccc34)[C@@](C(=O)OC)(c3cc4c(cc3OC)N(C)[C@H]3[C@@](O)(C(=O)OC)[C@H](OC(C)=O)[C@]5(CC)C=CCN6CC[C@]43[C@@H]65)C2)C1.O=S(=O)(O)O,"['HCT-116', 'COLO 205']"
CHEMBL3809489,Nc1nc(Nc2ccc3c(c2)CC[C@@H](N2CCCC2)CC3)nn1-c1cc2c(nn1)-c1ccccc1CCC2,['Insulin-like growth factor I receptor']
CHEMBL3833302,C/C=C/C(=O)N(CC)C(CC)C(=O)N(C)C.C/C=C/C(=O)N(CCC)C(CC)C(=O)N(C)C,[]
CHEMBL3989916,C/C=C(\C)C(=O)O[C@@H]1[C@@H](C)[C@@]2(O)[C@H]([C@@H]3C(C)(C)[C@]13OC(=O)[C@@H](C)CC)[C@@H]1O[C@]1(CO)[C@@H](O)[C@]1(O)C(=O)C(C)=C[C@H]12,[]
CHEMBL4067549,CCN1CCN(Cc2ccc(Nc3ncc(F)c(-c4sc(NC5CCCC5)nc4C)n3)nc2)CC1,"['MV4-11', 'Cyclin-dependent kinase 4/cyclin D1', 'MOLM-13', 'MDA-MB-453', 'CDK6/cyclin D3', 'Kasumi 1', 'Cyclin-dependent kinase 7/ cyclin H', 'CDK6/cyclin D1']"
CHEMBL4297377,CCC(=O)[N-]S(=O)(=O)c1ccc(NC(=O)Cc2ccc(Br)c(Oc3cc(Cl)cc(C#N)c3)c2F)c(Cl)c1.[Na+],[]
CHEMBL4297394,C=C(C#N)C(=O)OCCC(C)C,[]
CHEMBL4297455,O=C(O)Cc1nn(Cc2nc3cc(C(F)(F)F)ccc3s2)c(=O)c2nccnc12,['Aldose reductase']
CHEMBL4461070,O=C(NCCN1CCOCC1)Nc1nc2ccc(Sc3nnc4ccc(-c5ccc(F)cc5)nn34)cc2s1,['Hepatocyte growth factor receptor']
CHEMBL4596392,CNC(=O)c1nnc(NC(=O)C2CC2)cc1Nc1cccc(-c2ncn(C)n2)c1OC,"['JAK1/TYK2', 'Non-receptor tyrosine-protein kinase TYK2']"
CHEMBL463981,O=S(=O)(N[C@H](CO)C(C(F)(F)F)C(F)(F)F)c1ccc(Cl)s1,[]
CHEMBL478858,CCCCCCCCN1CCc2c(C)c(CC(=O)O)c(C)c(NC(=O)C(C)(C)C)c21,"['Acyl-CoA:cholesterol acyltransferase', 'Brain']"
CHEMBL5314922,Cc1cc(CNc2[nH]nc(Nc3ccc(N4CCOCC4)cc3)c2C(N)=O)cc(C)c1O,['Serine/threonine-protein kinase Aurora-A']
CHEMBL66115,Nc1ccn([C@H]2C[C@H](O)[C@@H](CO)O2)c(=O)n1,"['S180', 'Influenza B virus (B/Lee/40)', '9L', 'Hepatoma cell line', 'Thymidine kinase 2']"
CHEMBL683,CC(C)(Oc1ccc(Cl)cc1)C(=O)O,['Peroxisome proliferator-activated receptor alpha']
CHEMBL746,CCCc1c2oc(C(=O)O)cc(=O)c2cc2c(=O)cc(C(=O)O)n(CC)c12,[]
CHEMBL918,NC(=O)NC(=O)Cc1ccccc1,[]
CHEMBL1098659,O,['Olfactory receptor 51E2']
CHEMBL1201087,C=CCN1C[C@H](C(=O)N(CCCN(C)C)C(=O)NCC)C[C@@H]2c3cccc4[nH]cc(c34)C[C@H]21,[]
CHEMBL1228,CCCCC1C(=O)N(c2ccccc2)N(c2ccc(O)cc2)C1=O,[]
CHEMBL1231840,[C-]#[O+],['Carbonic anhydrase V']
CHEMBL1297,CC(C(=O)O)c1cccc(Oc2ccccc2)c1,"['Cyclooxygenase-2', 'Fatty acid-binding protein, liver']"
CHEMBL1448,O=C(Nc1ccc([N+](=O)[O-])cc1Cl)c1cc(Cl)ccc1O,"['KG-1', 'Human adenovirus type 5', 'P2X purinoceptor 1', 'Calcium-activated potassium channel subunit alpha-1', 'Acanthocheilonema viteae', 'Bifunctional dihydrofolate reductase-thymidylate synthase']"
CHEMBL1630842,CCN1c2ncc(CCOc3cc[n+]([O-])c4ccccc34)cc2C(=O)N(C)c2cccnc21,['Human immunodeficiency virus type 1 reverse transcriptase']
CHEMBL1646,CC1(C)C(/C=C/C=C/C=C/C=C2\N(CCCCS(=O)(=O)[O-])c3ccc4ccccc4c3C2(C)C)=[N+](CCCCS(=O)(=O)[O-])c2ccc3ccccc3c21.[Na+],[]
CHEMBL1652128,CC(C)(C)C(=O)OCOP(=O)(COC1(Cn2cnc3cnc(N)nc32)CC1)OCOC(=O)C(C)(C)C,['Human herpesvirus 1 strain KOS']
CHEMBL1738797,CCc1cc2c(cc1N1CCC(N3CCOCC3)CC1)C(C)(C)c1[nH]c3cc(C#N)ccc3c1C2=O,"['ALK tyrosine kinase receptor', 'KARPAS-299', 'EML4-ALK', 'SK-N-FI']"
CHEMBL1835207,CCOc1ccc(-c2cc(C)cn2-c2ccc(S(N)(=O)=O)cc2)cc1,['Cyclooxygenase-2']
CHEMBL1865258,NS(=O)(=O)c1ccc(Cl)c(S(N)(=O)=O)c1,"['Carbonic anhydrase II', 'Carbonic anhydrase I']"
CHEMBL1899506,CN1CCCC(=C(c2cccs2)c2cccs2)C1,[]
CHEMBL2107065,CC[N+](C)(CC)CCSC1=Nc2ccccc2N=C(c2ccc(Sc3ccccc3)cc2)C1.[I-],[]
CHEMBL2107759,CCC(=O)O[C@H]1C[C@H]2OC[C@@]2(OC(C)=O)C2[C@H](OC(=O)c3ccccc3)[C@]3(O)C[C@H](OC(=O)[C@H](O)[C@@H](CC(=O)OC(C)(C)C)c4ccco4)C(C)=C([C@@H](O)C(=O)[C@@]21C)C3(C)C,[]
CHEMBL2219425,CCCCCCCCCCCC(=O)OCN1C(=O)CCc2ccc(OCCCCN3CCN(c4cccc(Cl)c4Cl)CC3)cc21,[]
CHEMBL270190,C[C@H]1CN(C[C@H](Cc2ccccc2)C(=O)NCC(=O)O)CC[C@@]1(C)c1cccc(O)c1,"['Mu opioid receptor', 'Delta opioid receptor', 'Mu opioid receptor', 'Kappa opioid receptor']"
CHEMBL295316,CC1=CC(=O)c2c(O)cccc2C1=O,[]
CHEMBL3084748,O=C(O[C@H]1C[C@H]2CC[C@@H](C1)[N+]21CCCC1)C(O)(c1ccccc1)c1ccccc1.[Cl-],['Muscarinic acetylcholine receptor M3']
CHEMBL371405,C[C@@]12OC(=O)[C@]1([C@@H](O)[C@@H]1C=CCCC1)NC(=O)[C@@H]2CCCl,[]
CHEMBL406050,CCC(C)SSc1ncc[nH]1,"['S91', 'Thioredoxin']"
CHEMBL411,CC/C(=C(/CC)c1ccc(O)cc1)c1ccc(O)cc1,"['Estrogen receptor alpha', 'Estrogen receptor beta', 'Estrogen receptor']"
CHEMBL4297267,CSCO[C@H]1C[C@H]2OC[C@@]2(OC(C)=O)[C@H]2[C@H](OC(=O)c3ccccc3)[C@]3(O)C[C@H](OC(=O)[C@H](O)[C@@H](NC(=O)c4ccccc4)c4ccccc4)C(C)=C([C@@H](OC(C)=O)C(=O)[C@]12C)C3(C)C,[]
CHEMBL4297675,CC(=O)OC[C@H](COc1ccc(C(C)(C)c2ccc(OC[C@@H](CCl)OC(C)=O)cc2)cc1)OC(C)=O,[]
CHEMBL4302089,OC1CN(CCCOCCc2ccc3sccc3c2)C1,[]
CHEMBL4594251,CS(=O)(=O)O.CS(=O)(=O)O.Cc1ccc(C(=O)OCc2ccc([C@@H](CN)C(=O)Nc3ccc4cnccc4c3)cc2)c(C)c1,[]
CHEMBL46,Cc1nccn1CC1CCc2c(c3ccccc3n2C)C1=O,['Serotonin 3 (5-HT3) receptor']
CHEMBL471036,c1ccc2cc(COC3CCNCC3)ccc2c1,[]
CHEMBL489095,C[C@H]1CN(Cc2ccc(CC(=O)N3CCC(Nc4cccc(F)c4)CC3)cc2)CCN1,['Motilin receptor']
CHEMBL499,CC(C)(C)NC[C@H](O)COc1nsnc1N1CCOCC1,[]
CHEMBL5314631,C[C@]1(c2ccc(Cl)cn2)Oc2cccc(C3CCN(Cc4nc5ccc(C(=O)O)cc5n4C[C@@H]4CCO4)CC3)c2O1,[]
CHEMBL545315,C=CC(=O)Nc1cc2c(Nc3ccc(F)c(Cl)c3)ncnc2cc1OCCCN1CCOCC1.Cl.Cl,['Epidermal growth factor receptor erbB1']
CHEMBL650,C[C@H]1C[C@@H]2[C@H]([C@@H](O)C[C@@]3(C)[C@H]2CC[C@]3(O)C(=O)CO)[C@@]2(C)C=CC(=O)C=C12,[]
CHEMBL806,CC(C)C(=O)Nc1ccc([N+](=O)[O-])c(C(F)(F)F)c1,[]
CHEMBL842,NS(=O)(=O)c1cc2c(cc1Cl)N=CNS2(=O)=O,['Carbonic anhydrase II']
CHEMBL924,O=P(O)(O)C(O)(Cn1ccnc1)P(=O)(O)O,"['Farnesyl pyrophosphate synthase', 'Fructose-bisphosphate aldolase', 'Geranyltranstransferase']"
CHEMBL972,C#CCN(C)[C@H](C)Cc1ccccc1,['Monoamine oxidase B']
CHEMBL1200358,O=C([O-])Cc1ccccc1.[Na+],[]
CHEMBL1200762,C[C@H]1C[C@H]2[C@@H]3CCC4=CC(=O)C=C[C@]4(C)[C@@]3(F)[C@@H](O)C[C@]2(C)[C@@]1(O)C(=O)COP(=O)([O-])[O-].[Na+].[Na+],"['Glucocorticoid receptor', 'Nuclear receptor subfamily 1 group I member 2', 'Solute carrier organic anion transporter family member 1A2']"
CHEMBL1200826,O=C([O-])[O-].[Li+].[Li+],[]
CHEMBL1220,CCS(=O)(=O)CCn1c([N+](=O)[O-])cnc1C,['Trichomonas vaginalis']
CHEMBL1256841,O=C(CCNNC(=O)c1ccncc1)NCc1ccccc1,[]
CHEMBL1361347,CC1CCCC(C)N1NC(=O)c1ccc(Cl)c(S(N)(=O)=O)c1,"['Carbonic anhydrase II', 'Carbonic anhydrase I']"
CHEMBL139,O=C(O)Cc1ccccc1Nc1c(Cl)cccc1Cl,"['Aldose reductase', 'Cyclooxygenase-2', 'Interleukin-8', 'Aldo-keto reductase family 1 member C4', 'Fatty acid-binding protein, liver', 'H4', 'Dipeptidyl peptidase 3']"
CHEMBL149082,NCCCS(=O)(=O)O,"['Endonuclease 4', 'GABA-B receptor']"
CHEMBL1649931,CC(=O)N[C@@H](CCN1[C@@H]2CC[C@H]1C[C@@H](n1c(C)nc3c1CCN(C(=O)C(C)C)C3)C2)c1cccc(F)c1,['C-C chemokine receptor type 5']
CHEMBL1697841,CNC(C)CCC=C(C)C,[]
CHEMBL2103824,CC(=O)NCCOC(=O)[C@H](Oc1cccc(C(F)(F)F)c1)c1ccc(Cl)cc1,[]
CHEMBL2104521,C[C@@H]1C[C@@H](OC(=O)c2cccnc2)CC(C)(C)C1,[]
CHEMBL2104921,COc1ccc(NS(=O)(=O)c2ccc(NC(c3c(C)n(C)n(-c4ccccc4)c3=O)S(=O)(=O)O)cc2)nn1,[]
CHEMBL2105687,CCCN[C@@H]1CCc2nc(N)sc2C1.Cl.Cl.O,['Dopamine receptors; D1 & D2']
CHEMBL2105737,Cc1c(C(=O)Nc2ccc(N3C[C@@H](C)O[C@@H](C)C3)nc2)cccc1-c1ccc(OC(F)(F)F)cc1,[]
CHEMBL2205230,CCc1cc2c(c(OCC(F)(F)F)c(C(=O)NC3CCN(C(=O)CO)CC3)n2C)c(=O)n1CC(=O)c1ccccc1,['Sonic hedgehog protein']
CHEMBL2448612,CN1C[C@H](C(=O)N[C@]2(C)O[C@@]3(O)[C@@H]4CCCN4C(=O)[C@H](Cc4ccccc4)N3C2=O)C=C2c3cccc4[nH]cc(c34)C[C@H]21.CN1C[C@H](C(=O)N[C@]2(C)O[C@@]3(O)[C@@H]4CCCN4C(=O)[C@H](Cc4ccccc4)N3C2=O)C=C2c3cccc4[nH]cc(c34)C[C@H]21.O=C(O)C(O)C(O)C(=O)O,[]
CHEMBL266195,C=CCc1ccccc1OCC(O)CNC(C)C,['Adrenergic receptor beta']
CHEMBL3126842,COc1ccc2c(c1)[C@@H]1C[C@]1(C(=O)N1C3CCC1CN(C)C3)Cn1c-2c(C2CCCCC2)c2ccc(C(=O)NS(=O)(=O)N(C)C)cc21,['Hepatitis C virus']
CHEMBL3264004,CNS(=O)(=O)[N-]c1nccc(Cc2c(C)c3ccc(Oc4ncccn4)cc3oc2=O)c1F.[K+],[]
CHEMBL3306803,CN1CCN2c3c(cccc31)[C@@H]1CN(CCCC(=O)c3ccc(F)cc3)CC[C@@H]12,[]
CHEMBL3663929,C=CC(=O)N1CC[C@@H](Oc2nc(Nc3ccc(N4CCC(N5CCN(C)CC5)CC4)cc3)c(C(N)=O)nc2CC)C1,"['Tyrosine-protein kinase BTK', 'Epithelial cells']"
CHEMBL3715108,COc1ccc(OC(C)C(=O)[O-])cc1.[Na+],[]
CHEMBL4204794,Cn1cc(-c2cc3c(N4CCN(c5ncc([C@@](C)(N)c6ccc(F)cc6)cn5)CC4)ncnn3c2)cn1,['Serine/threonine-protein kinase AKT']
CHEMBL4297413,FC(F)(F)C(C(F)(F)F)(C(F)(F)F)C1(F)C(F)(F)C(F)(F)C(F)(F)C(F)(F)C1(F)F,"['HCT-116', 'COLO 205', 'OVCAR-3']"
CHEMBL5095509,Cc1cc2c(-c3ccccc3F)nc(N3CCNCC3)nc2s1,[]
CHEMBL5314378,CC(=O)O.CC(=O)O.CC[C@H](C)C[C@H](C)CCCCCCCCC(=O)N[C@H]1C[C@@H](O)[C@@H](NCCN)NC(=O)[C@@H]2[C@@H](O)CCN2C(=O)[C@H]([C@H](O)CCN)NC(=O)[C@H]([C@H](O)[C@@H](O)c2ccc(O)cc2)NC(=O)[C@@H]2C[C@@H](O)CN2C(=O)[C@H]([C@@H](C)O)NC1=O,[]
CHEMBL580,O=C1Nc2ccc(Cl)cc2C(c2ccccc2Cl)=NC1O,[]
CHEMBL659,COc1ccc2c3c1O[C@H]1C[C@@H](O)C=C[C@@]31CCN(C)C2,[]
CHEMBL70972,CC1=C(C)C(=O)C(C(CCCCCC(=O)O)c2ccccc2)=C(C)C1=O,['Glutathione reductase']
CHEMBL1083385,COC(=O)[C@H](c1ccccc1Cl)N1CCc2sccc2C1.O=S(=O)(O)O,[]
CHEMBL1130,C[C@H]1O[C@@H](n2cc(F)c(=O)[nH]c2=O)[C@H](O)[C@@H]1O,[]
CHEMBL1197091,O=C(CC1NCCCC1O)Cn1cnc2cc(Br)c(Cl)cc2c1=O,[]
CHEMBL1200559,CC(O)C(=O)O,"['Solute carrier family 22 member 6', 'Methylcytosine dioxygenase TET2']"
CHEMBL1200976,CC(=O)[C@]1(O)Cc2c(O)c3c(c(O)c2[C@@H](O[C@H]2C[C@H](N)[C@H](O)[C@H](C)O2)C1)C(=O)c1ccccc1C3=O.Cl,"['TERT-RPE1', 'WI-38 VA13', 'Shiga toxin 1 variant A subunit']"
CHEMBL1201760,N[C@@H]1CCCCN(c2c(F)cc3c(=O)c(C(=O)O)cn(C4CC4)c3c2Cl)C1,"['DNA topoisomerase II', 'Topoisomerase IV subunit A', 'Mycobacterium intracellulare']"
CHEMBL1321,CNNCc1ccc(C(=O)NC(C)C)cc1,[]
CHEMBL1489662,O=C(Cc1ccc(-c2ccccc2)cc1)Nc1ccccn1,[]
CHEMBL1607,CC[C@@]1(O)C(=O)OCc2c1cc1n(c2=O)Cc2cc3c(CN(C)C)c(O)ccc3nc2-1.Cl,"['A549', 'HCT-116', 'HT-29', 'K562', 'HL-60', 'CCRF-CEM', 'NCI-H460', 'MOLT-4', 'SR', 'RPMI-8226', 'SW-620', 'NCI-H522', 'COLO 205', 'OVCAR-3', 'U-251', 'LOX IMVI', 'ACHN', 'UACC-62', 'SK-MEL-5', 'KM12', 'NCI-H23', '786-0', 'IGROV-1', 'SF-268', 'M14', 'CAKI-1', 'OVCAR-8', 'SF-539', 'RXF 393', 'HOP-92', 'UO-31', 'HOP-62', 'SF-295', 'Malme-3M', 'UACC-257', 'DLD-1', 'DMS-114', 'DMS-273', 'M19-MEL', 'LXFL 529', 'XF498', 'KM-20L2', 'SNB-78', 'HOP-18', 'P388/ADR', 'SN12K1']"
CHEMBL1909324,COc1cc(Br)c(C[N+]2(CCOCCC3CCC4CC3C4(C)C)CCOCC2)cc1OC,[]
CHEMBL2008565,N=C(N)NCC1CCCCCCN1,"['Polyamine oxidase', 'Deoxyhypusine synthase']"
CHEMBL209821,CC(=O)Nc1cccc(N2CCN(CCCCNS(=O)(=O)CC3CCCCC3)CC2)c1,[]
CHEMBL2104984,Cc1cc(SCc2sc(-c3ccc(C(F)(F)F)cc3F)nc2C)ccc1OC(C)(C)C(=O)O,"['Peroxisome proliferator-activated receptor gamma', 'Peroxisome proliferator-activated receptor alpha', 'Peroxisome proliferator-activated receptor delta']"
CHEMBL2106111,CC(O)C(=O)[O-].CC(O)C(=O)[O-].[Ca+2],[]
CHEMBL238804,CC(C)N(CCCCOCC(=O)NS(C)(=O)=O)c1cnc(-c2ccccc2)c(-c2ccccc2)n1,['Plasma']
CHEMBL24072,CC(Cc1ccccc1)NCCC(c1ccccc1)c1ccccc1,"['Calcium sensing receptor', 'Calmodulin']"
CHEMBL255044,CCOC(=O)Nc1ccc(NCc2ccc(F)cc2)nc1N,['Voltage-gated potassium channel subunit Kv7.5']
CHEMBL318153,CCc1cn([C@H]2C[C@H](O)[C@@H](CO)O2)c(=O)[nH]c1=O,"['Thymidine kinase', 'Thymidine kinase', 'Thymidine kinase', 'Thymidine kinase 2']"
CHEMBL3545035,COCCCN1CC[C@@H](CNC(=O)c2cc(Cl)c(N)c3c2OC(C)(C)C3)[C@H](O)C1,['Serotonin 4 (5-HT4) receptor']
CHEMBL389507,O=C(Nc1ccc(O)cc1)c1ccccc1O,['Calcium-activated potassium channel subunit alpha-1']
CHEMBL3935857,Nc1nc2cc(-c3ccc4ncc(C(=O)N5CCOCC5)n4c3)ccc2o1,[]
CHEMBL3963485,COCc1c(-c2cc3cc(C)cc(OC)c3s2)c2c(N)ncnn2c1CN1CCNC(=O)C1,"['Fibroblast growth factor receptor 1', 'Fibroblast growth factor receptor 3']"
CHEMBL4297294,O=C(Nc1cnccc1Cl)N1CCN(Cc2ccc3c(c2)OC(F)(F)O3)CC1,[]
CHEMBL4297604,O=C(O)c1ccc(CN2C[C@@H]3C[C@H]2CN3Cc2ccc(Oc3ccc(-c4ncco4)cc3)cc2)cc1,['Leukotriene A4 hydrolase']
CHEMBL44354,CC(C)(O/N=C(\C(=O)N[C@@H]1C(=O)N2C(C(=O)[O-])=C(C[n+]3ccccc3)CS[C@H]12)c1csc(N)n1)C(=O)O,['Solute carrier family 22 member 8']
CHEMBL4783351,Cc1cc(-c2nc(C(=O)Nc3cc4oc(N5CCOCC5)nc4nc3N3CC[C@@H](O)C3)co2)ccn1,['Interleukin-1 receptor-associated kinase 4']
CHEMBL494397,C/N=C(\N)N(C)C(=N)N.Cl,[]
CHEMBL4994054,CC(C)(O)c1nc2ccccc2cc1N,[]
CHEMBL5087506,CCCN(C)C(=O)OCc1c(-c2ccc(O[C@H]3CCC[C@H](C(=O)O)C3)c(C)n2)nnn1C,[]
CHEMBL5095059,[2H][C@@](C)(NC(=O)COC(F)F)c1cc(F)cc(Cl)c1COc1cccc2c(-c3ncnn3C)cc(C)nc12,[]
CHEMBL523299,OC(c1ccccc1)(c1ccccc1)C12CC[N+](CCOCc3ccccc3)(CC1)CC2.[Br-],['Muscarinic acetylcholine receptor M3']
CHEMBL5314582,CC(C)[C@H](N)C(=O)SCC/C=C/[C@@H]1CC(=O)NCc2nc(cs2)C(=O)NC(C)(C)C(=O)N[C@@H](C(C)C)C(=O)O1.O=S(=O)(O)c1ccccc1,[]
CHEMBL5314595,CCN(CC)CCOC(=O)c1ccccc1OC(C)=O,[]
CHEMBL5316157,CCC(C)OC(=O)OC[N+]1(C)CCN(Cc2ccc(C(=O)Nc3ccc(C)c(Nc4nccc(-c5cccnc5)n4)c3)cc2)CC1,[]
CHEMBL698,CCCCNc1ccc(C(=O)OCCN(C)C)cc1,[]
CHEMBL710,CC(C)(C)NC(=O)[C@H]1CC[C@H]2[C@@H]3CC[C@H]4NC(=O)C=C[C@]4(C)[C@H]3CC[C@]12C,"['Steroid 5-alpha-reductase 2', 'Steroid 5-alpha-reductase']"
CHEMBL741,Nc1nnc(-c2cccc(Cl)c2Cl)c(N)n1,[]
CHEMBL753,CC(COc1ccccc1)N(CCCl)Cc1ccccc1,[]
CHEMBL930,NC(=O)CC[C@H](N)C(=O)O,"['Glutamate receptor ionotropic kainate 3', 'GABA receptor alpha-1 subunit']"
CHEMBL93077,O=C(C[S+]([O-])C(c1ccccc1)c1ccccc1)NO,[]
CHEMBL96783,OC[C@@H](O)[C@H](O)[C@@H](O)CO,[]
CHEMBL105184,COC(=O)c1cc(OC)c2c(c1-c1c(C(=O)OC)cc(OC)c3c1OCO3)OCO2,[]
CHEMBL1193,CN(C)CCC(c1ccccc1)c1ccccn1,[]
CHEMBL1200756,Cc1ncc(CO)c(CO)c1O.Cl,[]
CHEMBL1200795,CN1CCC[C@@H]1CCO[C@](C)(c1ccccc1)c1ccc(Cl)cc1.O=C(O)/C=C/C(=O)O,[]
CHEMBL1201764,CC(C)C(=O)Oc1ccc(CO)cc1[C@H](CCN(C(C)C)C(C)C)c1ccccc1,[]
CHEMBL1663,FC(F)(F)C(F)(F)C(F)(F)F,[]
CHEMBL1697843,CO[C@H]1[C@@H](O)C[C@H](O[C@H]2[C@@H](O)C[C@H](O[C@H]3[C@@H](O)C[C@H](O[C@H]4CC[C@@]5(C)[C@H](CC[C@@H]6[C@@H]5C[C@@H](O)[C@]5(C)[C@@H](C7=CC(=O)OC7)CC[C@]65O)C4)O[C@@H]3C)O[C@@H]2C)O[C@@H]1C,[]
CHEMBL1716983,C[n+]1ccc(C(=O)NCc2ccccc2)cc1.[I-],[]
CHEMBL2103778,Cc1nccn1C[C@H]1CCc2c(c3cccc4c3n2CCC4)C1=O,[]
CHEMBL2105890,CC[C@H]1OC(=O)[C@H](C)[C@@H](O[C@H]2C[C@@](C)(OC)[C@@H](O)[C@H](C)O2)[C@H](C)[C@@H](O[C@@H]2O[C@H](C)C[C@H](N(C)C(C)C)[C@H]2O)[C@@]2(C)CC(C)=C(O2)[C@H](C)C(=O)[C@]1(C)OC.O=C(O)/C=C/C(=O)O,[]
CHEMBL2106499,CC(C)[C@H](N)C(=O)O[C@@H]1C[C@@H](n2ccc(N)nc2=O)O[C@H]1CO,[]
CHEMBL2107383,COc1ccc(CCO[C@@H]2CCCC[C@H]2N2CC[C@@H](O)C2)cc1OC.Cl,['Synaptic vesicular amine transporter']
CHEMBL220492,CC1(C)O[C@@H]2[C@@H](CO[C@@]3(COS(N)(=O)=O)OC(C)(C)O[C@@H]23)O1,"['Carbonic anhydrase II', 'Carbonic anhydrase I', 'Carbonic anhydrase XIII', 'Astrosclerin-3', 'Carbonic anhydrase, alpha family', 'Carbonate dehydratase', 'Carbonic anhydrase', 'Delta carbonic anhydrase', 'Carbonic anhydrase', 'Carbonic anhydrase', 'Carbonic anhydrase']"
CHEMBL29,CC1(C)S[C@@H]2[C@H](NC(=O)Cc3ccccc3)C(=O)N2[C@H]1C(=O)O,[]
CHEMBL3544964,Cn1nccc1Nc1nccc(-c2ccn([C@H](CO)c3ccc(Cl)c(F)c3)c(=O)c2)n1,"['MAP kinase ERK2', 'MAP kinase ERK1', 'Mitogen-activated protein kinase; ERK1/ERK2']"
CHEMBL3833391,CCCCC1C(=O)N(C)N(C)C1=O.CCN(CC)CCNC(=O)COc1ccc(Cl)cc1.O.O,[]
CHEMBL4069704,CCOC(=O)[C@@H]1CC2(CCN(c3cc(O[C@H](c4ccc(Cl)cc4-c4ccccc4)C(F)(F)F)nc(N)n3)CC2)CN1,[]
CHEMBL408513,O=C(/C=C/c1cccc(S(=O)(=O)Nc2ccccc2)c1)NO,['Histone deacetylase']
CHEMBL4218271,C[C@H](N)C(=O)N1C[C@H](CCCB(O)O)[C@](N)(C(=O)O)C1,[]
CHEMBL4297478,Cc1ccc(C(=O)Nc2ccc(CN3CCN(C)CC3)c(C(F)(F)F)c2)cc1C#Cc1nnc2ccccn12,"['Tyrosine-protein kinase ABL', 'KG-1']"
CHEMBL433,CCCC(CCC)C(=O)[O-].[Na+],['Solute carrier family 22 member 20']
CHEMBL4650359,C=C1C(=O)O[C@@H]2/C=C(\C)C[C@H]3C=C(CC/C=C(\C)CC[C@@H]12)C(=O)O3,[]
CHEMBL690,CC[C@H](C)C(=O)O[C@H]1C[C@H](O)C=C2C=C[C@H](C)[C@H](CC[C@@H](O)C[C@@H](O)CC(=O)[O-])[C@H]21.[Na+],"['HMG-CoA reductase', 'HES']"
CHEMBL1231700,C[N+](C)(C)CCOP(=O)(O)OP(=O)([O-])OC[C@H]1O[C@@H](n2ccc(N)nc2=O)[C@H](O)[C@@H]1O,[]
CHEMBL1286,CC[C@@H](C(N)=O)N1CCCC1=O,['Synaptic vesicle protein 2a']
CHEMBL1433,C[C@H]1c2cccc(O)c2C(=O)C2=C(O)[C@]3(O)C(=O)C(C(N)=O)=C(O)[C@@H](N(C)C)[C@@H]3[C@@H](O)[C@@H]21,['Multidrug translocase mdfA']
CHEMBL1456,COc1c(C)c2c(c(O)c1C/C=C(\C)CCC(=O)OCCN1CCOCC1)C(=O)OC2,"[""Inosine-5'-monophosphate dehydrogenase 2""]"
CHEMBL1615439,C[C@H]1[C@H](c2ccccc2)OCCN1C,[]
CHEMBL1697760,CC(c1ccc(Cl)c(Cl)c1)N1N=C(N)CC1=O,[]
CHEMBL1908307,Cn1cc([S+](C)[O-])c(=O)c2ccc(F)cc21,[]
CHEMBL1952329,CN1CCC(CNc2ccc3ncc(-c4cccc(OC(F)(F)F)c4)n3n2)CC1,['Serine/threonine-protein kinase PIM1']
CHEMBL2103863,CN(C)Cc1c(C(=O)NCCOc2ccc(C(=O)NO)cc2)oc2ccccc12,"['Histone deacetylase 6', 'Histone deacetylase 9']"
CHEMBL2107143,O=P(NCCCl)(NCCCl)O[C@@H]1O[C@H](CO)[C@@H](O)[C@H](O)[C@H]1O,[]
CHEMBL2111029,N[C@@H](CCC(=O)O)C(=O)N[C@@H](Cc1c[nH]c2ccccc12)C(=O)O,[]
CHEMBL284838,O=C(NCCCOc1ccc2[nH]c(=O)ccc2c1)N(C1CC1)[C@@H]1CCCC[C@H]1O,[]
CHEMBL291278,CN[C@H](CC(=O)O)C(=O)O,"['Glutamate receptor ionotropic kainate 2', 'Betaine transporter', 'GABA receptor alpha-1 subunit']"
CHEMBL34412,Nc1nc2c(c(=O)[nH]1)C[C@@H](CCc1ccc(C(=O)N[C@@H](CCC(=O)O)C(=O)O)cc1)CN2,"['KB', 'GAR transformylase', 'GAR transformylase', 'Folate transporter 1']"
CHEMBL3545064,CC(C)[C@H](N)C(=O)N1CCC[C@H]1B(O)O.CS(=O)(=O)O,[]
CHEMBL3545235,COc1cc2ncnc(Nc3ccc(F)c(Cl)c3)c2cc1OCCN1CC2(CC2)C2(C1)OCCO2,['Epidermal growth factor receptor erbB1']
CHEMBL36255,COc1ccc(/C=C\c2cc(OC)c(OC)c(OC)c2)c(O)c1O,"['HMEC-1', 'Colon 26', 'TSGH 9201', 'MCF7-DOX', 'CEM-DNR', 'K562/VCR']"
CHEMBL3707303,O=C([O-])[C@@H]1CCC(O)=N1.O=C([O-])[C@@H]1CCC(O)=N1.[Mg+2],[]
CHEMBL3746388,Cn1cc(C(=O)O)c2ccc(N3CCC(OCc4c(-c5c(Cl)cccc5Cl)noc4C4CC4)CC3)cc21,['Bile acid receptor FXR']
CHEMBL3989716,CCC(=O)O[C@](Cc1ccccc1)(c1ccccc1)[C@H](C)CN(C)C.O.O=S(=O)(O)c1ccc2ccccc2c1,[]
CHEMBL404108,Cc1ccc(Nc2c(F)cccc2Cl)c(CC(=O)O)c1,['Interleukin-8']
CHEMBL4303228,CC(C)=CCC/C(C)=C/CC/C(C)=C/C=C/C(C)=C/C(=O)O,"['Candida parapsilosis', 'Phomopsis obscurans']"
CHEMBL434394,OC(CNCC(O)C1CCc2cc(F)ccc2O1)C1CCc2cc(F)ccc2O1,[]
CHEMBL449317,COc1ccc([C@@H]2CC(=O)c3c(O)cc(O[C@@H]4O[C@H](CO[C@@H]5O[C@@H](C)[C@H](O)[C@@H](O)[C@H]5O)[C@@H](O)[C@H](O)[C@H]4O)cc3O2)cc1O,[]
CHEMBL4650326,C(=C/c1cccs1)\c1cc[nH]n1,[]
CHEMBL4650339,O=C(CCC(=O)c1ccc2c(c1)OCCO2)c1ccccc1,['Unchecked']
CHEMBL5314934,CC1(C)C[C@@H]2CCCNc3cccc(n3)S(=O)(=O)NC(=O)c3ccc(-n4ccc(OCCC5C6(CC6)C56CC6)n4)nc3N1C2,[]
CHEMBL557,N[C@H](Cc1cc(I)c(Oc2ccc(O)c(I)c2)c(I)c1)C(=O)O,"['Thyroid hormone receptor beta-1', 'Thyroid hormone receptor alpha', 'Thyroid hormone receptor beta-1']"
CHEMBL57242,CCOc1nc2cccc(C(=O)O)c2n1Cc1ccc(-c2ccccc2-c2noc(=O)[nH]2)cc1,['Angiotensin II type 1a (AT-1a) receptor']
CHEMBL589586,COC(=O)/C=C/C(=O)O,[]
CHEMBL750,NS(=O)(=O)Cc1noc2ccccc12,['Carbonic anhydrase II']
CHEMBL8809,CCN1CCC[C@H]1CNC(=O)c1c(O)c(Cl)cc(Cl)c1OC,"['Dopamine D2 receptor', 'Dopamine receptor', 'Dopamine receptor']"
CHEMBL917,O=c1[nH]c(=O)n([C@H]2C[C@H](O)[C@@H](CO)O2)cc1F,"['L5178Y', 'COLO 320DM', 'S180', 'Felid herpesvirus 1', 'Thymidine kinase', 'Thymidine kinase', '9L', 'AZ-521 cell line']"
CHEMBL1078261,CCCOC(C(=O)OC1CCN(C)CC1)(c1ccccc1)c1ccccc1,[]
CHEMBL1200682,O=C([O-])CCCO.[Na+],"['Gamma-hydroxybutyrate receptor', 'Solute carrier family 22 member 6']"
CHEMBL1201784,CCCCCCOC(=O)CCC(=O)CN,[]
CHEMBL1276342,CO[C@@]1(NC(=O)CSC[C@@H](N)C(=O)O)C(=O)N2C(C(=O)O)=C(CSc3nnnn3C)CS[C@@H]21,[]
CHEMBL1410,CCCCCCCCCc1ccc(OCCOCCOCCOCCOCCOCCOCCOCCOCCO)cc1,"['COLO 205', 'LOX IMVI']"
CHEMBL1414320,CCCCC1(COC(=O)CCC(=O)O)C(=O)N(c2ccccc2)N(c2ccccc2)C1=O,[]
CHEMBL1449676,Cc1ncc([N+](=O)[O-])n1CC(O)CCl,[]
CHEMBL1551,C[C@H](CCC(=O)O)[C@H]1CC[C@H]2[C@@H]3[C@@H](O)C[C@@H]4C[C@H](O)CC[C@]4(C)[C@H]3CC[C@]12C,"['G-protein coupled bile acid receptor 1', 'Multidrug resistance-associated protein 4']"
CHEMBL1790041,CNC(=C[N+](=O)[O-])NCCSCc1ccc(CN(C)C)o1,"['Histamine H2 receptor', 'Muscarinic acetylcholine receptor M1', 'Histamine H2 receptor']"
CHEMBL1963683,CC(C)OC(=O)CCC/C=C\C[C@@H]1[C@@H](/C=C/C(F)(F)COc2ccccc2)[C@H](O)C[C@@H]1O,"['Prostanoid FP receptor', 'Prostanoid FP receptor']"
CHEMBL2005186,CC(C)NC(=O)COc1cccc(-c2nc(Nc3ccc4[nH]ncc4c3)c3ccccc3n2)c1,['Rho-associated protein kinase 2']
CHEMBL206815,CC1(C)SCCN(S(=O)(=O)c2ccc(OCC#CCO)cc2)[C@H]1C(=O)NO,"['Matrix metalloproteinase 13', 'Matrix metalloproteinase-1', 'ADAM17']"
CHEMBL2316582,Cc1ccc(C(=O)Nc2ccc(CN3CCN(C)CC3)c(C(F)(F)F)c2)cc1C#Cc1cnc2[nH]ncc2c1,"['Tyrosine-protein kinase ABL', 'KG-1']"
CHEMBL2364623,CN[C@@H]1[C@@H](O)[C@@H](O[C@@H]2[C@@H](O)[C@H](O[C@H]3OC(CNCCO)=CC[C@H]3N)[C@@H](N)C[C@H]2NC(=O)[C@@H](O)CCN)OC[C@]1(C)O.O=S(=O)(O)O,['Ribosome']
CHEMBL267495,CN(C(=O)/C=C/c1ccoc1)[C@@H]1CC[C@@]2(O)[C@H]3Cc4ccc(O)c5c4[C@@]2(CCN3CC2CC2)[C@H]1O5,[]
CHEMBL277100,CC1CN(c2cc3c(cc2F)c(=O)c(C(=O)O)cn3-c2ccc(F)cc2F)CCN1,[]
CHEMBL3039523,CCC[C@@H](N(NC(=O)c1cccc(OC)c1CC)C(=O)c1cc(C)cc(C)c1)C(C)(C)C,[]
CHEMBL329203,CNC(C)CC1CCCC1,[]
CHEMBL3545059,COCCCOc1cc(C[C@@H](C[C@H](N)[C@@H](O)C[C@H](C(=O)NCC(C)(C)C(N)=O)C(C)C)C(C)C)ccc1OC.COCCCOc1cc(C[C@@H](C[C@H](N)[C@@H](O)C[C@H](C(=O)NCC(C)(C)C(N)=O)C(C)C)C(C)C)ccc1OC.O=C(O)/C=C/C(=O)O,['Renin']
CHEMBL359744,COc1cccc2c1C(=O)c1c(O)c3c(c(O)c1C2=O)C[C@@](O)(C(=O)CO)C[C@@H]3O[C@H]1C[C@H](N)[C@H](O)[C@H](C)O1.Cl,"['14-3-3 protein gamma', 'RXF 944', 'MAXF401 cell line', 'Lung LXF 629L tumor cell line', 'WI-38 VA13', 'MCF10', 'WALKER', 'Shiga toxin 1 variant A subunit']"
CHEMBL3613118,CCCCCCC(C)(C)c1cc(OC)c([C@@H]2C=C(CO)[C@@H]3C[C@H]2C3(C)C)c(OC)c1,['Cannabinoid CB2 receptor']
CHEMBL3833319,CN(CCN1CCC(OC(=O)Nc2ccccc2-c2ccccc2)CC1)C(=O)c1ccc(CN2CCC(C(N)=O)CC2)cc1,[]
CHEMBL3833407,CN[C@@H]1[C@H](O[C@H]2[C@H](O[C@H]3[C@H](O)[C@@H](O)[C@H](NC(=N)N)[C@@H](O)[C@@H]3NC(=N)N)O[C@@H](C)[C@]2(O)C=O)O[C@@H](CO)[C@H](O)[C@H]1O.CN[C@@H]1[C@H](O[C@H]2[C@H](O[C@H]3[C@H](O)[C@@H](O)[C@H](NC(=N)N)[C@@H](O)[C@@H]3NC(=N)N)O[C@@H](C)[C@]2(O)CO)O[C@@H](CO)[C@H](O)[C@H]1O,[]
CHEMBL3989834,COc1ccccc1Oc1c(NS(=O)(=O)c2ccc(C)cn2)nc(-c2ccncc2)nc1OC,"['Endothelin receptor ET-A', 'Endothelin receptor ET-B']"
CHEMBL4297064,CCN(CC)C(=O)C1(c2ccccc2)CC1CN.Cl,['Dopamine transporter']
CHEMBL4594300,Br.Nc1nc(=O)c2c([nH]1)N[C@@H]1O[C@@H]3COP(=O)(O)O[C@@H]3C(O)(O)[C@@H]1N2.O.O,[]
CHEMBL492399,COc1ccc(N(C)c2nc(C)nc3ccccc23)cc1,"['A2780S', 'K-562R', 'K562/VCR']"
CHEMBL558752,Cn1c(Nc2ccc(C(F)(F)F)cc2)nc2cc(Oc3ccnc(-c4ncc(C(F)(F)F)[nH]4)c3)ccc21,"['Vascular endothelial growth factor receptor 2', 'Serine/threonine-protein kinase RAF', 'Tyrosine-protein kinase TIE-2']"
CHEMBL585,Nc1nc(N)c2nc(-c3ccccc3)c(N)nc2n1,[]
CHEMBL76370,CCCCCNC(=N)N/N=C/c1c[nH]c2ccc(OC)cc12,"['Relaxin-3 receptor 1', 'Relaxin-3 receptor 2']"
CHEMBL846,C=C1/C(=C\C=C2/CCC[C@]3(C)[C@@H]([C@H](C)CCCC(C)(C)O)CC[C@@H]23)C[C@@H](O)C[C@@H]1O,"['Vitamin D receptor', 'Keratinocytes', 'Liver microsome', 'Vitamin D receptor', 'Vitamin D3 receptor A']"
CHEMBL8659,CCCCCCCC/C=C\CCCCCCCC(=O)O,"['Serum albumin', 'Crithidia fasciculata', 'Phomopsis obscurans', 'HSVEC', 'Cellular retinoic acid-binding protein II']"
CHEMBL1200406,CN(C)CCOC(c1ccccc1)c1ccccc1.Cn1c(=O)c2[nH]c(Cl)nc2n(C)c1=O,[]
CHEMBL1201117,COc1ccccc1OCC(O)COC(N)=O,[]
CHEMBL1412041,C[C@H](N)[C@@H](O)c1ccccc1,[]
CHEMBL1444,N#Cc1ccc(C(c2ccc(C#N)cc2)n2cncn2)cc1,['Cytochrome P450 19A1']
CHEMBL1697733,CC(=O)O[C@H](CC(=O)[O-])C[N+](C)(C)C,['Gamma-butyrobetaine dioxygenase']
CHEMBL1766,C[C@@H]1C[C@H]2[C@@H]3CCC4=CC(=O)C=C[C@]4(C)[C@@]3(F)[C@@H](O)C[C@]2(C)[C@H]1C(=O)CO,"['Nuclear receptor subfamily 1 group I member 2', 'Progesterone receptor', 'Corticosteroid binding globulin']"
CHEMBL1893913,CCCCNC(=O)OCC#CI,[]
CHEMBL196,O=C1O[C@H]([C@@H](O)CO)C(O)=C1O,[]
CHEMBL2364603,COc1c(N2CCC/C(=C(\F)CN)C2)c(F)cc2c(=O)c(C(=O)O)cn(C3CC3)c12.Cl,"['Staphylococcus aureus', 'DNA gyrase', 'Mycobacterium smegmatis', 'Mycobacterium intracellulare', 'Isocitrate lyase']"
CHEMBL3039518,COc1cc(NC(=O)CCN2CCC(OC(=O)Nc3ccccc3-c3ccccc3)CC2)c(Cl)cc1CNC[C@H](O)c1ccc(O)c2[nH]c(=O)ccc12,"['Beta-2 adrenergic receptor', 'Muscarinic acetylcholine receptor M3']"
CHEMBL3545083,COCCN1CCN(Cc2ccc(-c3n[nH]c4c3C(=O)c3c(NC(=O)NN5CCOCC5)cccc3-4)cc2)CC1,['Cyclin-dependent kinase 4/cyclin D1']
CHEMBL3545368,CC(O)C(=O)O.Cc1[nH]c2ccccc2c1CCNCc1ccc(/C=C/C(=O)NO)cc1,['Histone deacetylase 1']
CHEMBL3644252,Cc1cccc(Cn2nc(C3CC3)c3c(NC(=O)c4cnc5cc(OCCN6CCN(C)CC6)ccn45)cccc32)n1,['Macrophage colony stimulating factor receptor']
CHEMBL3669417,N#Cc1ccc2c(c1)[C@H]1CCCN(C(=O)c3ccc4[nH]cnc4c3)[C@H]1C2,['11-beta-hydroxysteroid dehydrogenase 1']
CHEMBL3912251,Cc1cc(C(=O)O)ccc1COc1cc2c(cc1N(CC(C)C)S(=O)(=O)c1nccs1)CCC2,[]
CHEMBL3967849,CC(=O)N1CCc2c(C(=O)N3CCC(c4ccc(F)c(F)c4C(F)(F)F)CC3)n[nH]c2C1,['Plasma retinol-binding protein']
CHEMBL397783,O=C(O)c1cncc(F)c1,['Nicotinate phosphoribosyltransferase']
CHEMBL3989936,C[C@]12C[C@H](c3ccc(S(C)(=O)=O)cc3)C3=C4CCC(=O)C=C4CC[C@H]3[C@@H]1CC[C@@]2(O)C(F)(F)C(F)(F)F,[]
CHEMBL4297631,CCCCCCCCCCCCCCCCCC(=O)NCCCCOn1c(CCCC)nc2c(N)nc3ccccc3c21,[]
CHEMBL4300557,CCc1c(O)cc(O)c(C(=O)c2ccc(OCCN3CCOCC3)c(OC)c2)c1CC(=O)N(CCOC)CCOC,[]
CHEMBL4475481,O=C1Nc2ccccc2C(c2ccccc2)=N[C@@H]1Nc1nnc(-c2ncc(C(F)(F)F)cc2N2CCOCC2)o1,[]
CHEMBL4650229,Cc1cnc(C(=O)c2ncnc3[nH]ccc23)c([N-]S(=O)(=O)c2ccc(Cl)c(C(F)(F)F)c2)c1.[Na+],[]
CHEMBL4802150,Nc1cc(S(=O)(=O)c2ccc(OC(F)(F)F)cc2)cnc1-c1nnc(CO)o1,['Glucokinase/Glucokinase regulatory protein']
CHEMBL49642,O=C(Nc1ccncc1)C(=O)c1cn(Cc2ccc(Cl)cc2)c2ccccc12,['MCF7S']
CHEMBL5095399,COc1nsc(NC(=O)N2C[C@H]3C[C@H](N(C)c4ncnc5[nH]ccc45)C[C@H]3C2)n1.O=S(=O)(O)O,"['Tyrosine-protein kinase JAK2', 'Tyrosine-protein kinase JAK1']"
CHEMBL5095416,COc1ccccc1CC[C@@H]1CCc2cc([C@H]3CC[C@](N)(CO)C3)ccc2C1.Cl,[]
CHEMBL54,O=C(CCCN1CCC(O)(c2ccc(Cl)cc2)CC1)c1ccc(F)cc1,"['N-acetyltransferase Eis', 'Dopamine receptor D2 and D3', 'Human herpesvirus 5 chemokine receptor']"
CHEMBL573448,COc1ccc(OC(C)C(=O)O)cc1,[]
CHEMBL727,Nc1nc2[nH]cnc2c(=S)[nH]1,['MOLT-4']
CHEMBL838,CCOC(=O)[C@H](CCc1ccccc1)N[C@H]1CCc2ccccc2N(CC(=O)O)C1=O,"['Angiotensin-converting enzyme', 'Angiotensin-converting enzyme']"
CHEMBL1017,CCCc1nc2c(C)cc(-c3nc4ccccc4n3C)cc2n1Cc1ccc(-c2ccccc2C(=O)O)cc1,['Type-1A angiotensin II receptor']
CHEMBL111,Cc1c(C(=O)NN2CCCCC2)nn(-c2ccc(Cl)cc2Cl)c1-c1ccc(Cl)cc1,"['Cannabinoid CB2 receptor', 'Cannabinoid CB1 receptor', 'Cannabinoid CB1 receptor', 'Cannabinoid CB2 receptor']"
CHEMBL1111,COC(c1ccccc1)(c1ccccc1)[C@H](Oc1nc(C)cc(C)n1)C(=O)O,"['Peroxisome proliferator-activated receptor gamma', 'Endothelin receptor ET-A']"
CHEMBL11672,CN(C(=O)c1c(O)c2ccccc2n(C)c1=O)c1ccccc1,[]
CHEMBL1184,CC(=O)OCC[N+](C)(C)C.[Cl-],"['Choline transporter', 'Choline trimethylamine-lyase']"
CHEMBL1200977,CC(O)C(=O)O.Cc1[nH]c(=O)c(C#N)cc1-c1ccncc1,[]
CHEMBL1201013,O=C([O-])c1cc(/N=N/c2ccc(O)c(C(=O)[O-])c2)ccc1O.[Na+].[Na+],[]
CHEMBL1201159,CCC(=O)N(c1ccccc1)C1CCN(CCc2ccccc2)CC1.Cl,['Opioid receptor']
CHEMBL1201218,Cn1nnnc1SCC1=C(C(=O)O)N2C(=O)[C@@H](NC(=O)[C@H](OC=O)c3ccccc3)[C@H]2SC1,"['Solute carrier family 22 member 6', 'Solute carrier family 22 member 8', 'Solute carrier family 22 member 11']"
CHEMBL1565476,CCCC1C(=O)N2C(N(C)C)=Nc3ccc(C)cc3N2C1=O,[]
CHEMBL1567,CCN(CC)CCNC(=O)c1c(C)[nH]c(/C=C2\C(=O)Nc3ccc(F)cc32)c1C.O=C(O)C[C@H](O)C(=O)O,"['Chorioallantoic membrane', 'AMP-activated protein kinase, alpha-2 subunit']"
CHEMBL161,CO/N=C(\C(=O)N[C@@H]1C(=O)N2C(C(=O)O)=C(CSc3nc(=O)c(O)nn3C)CS[C@H]12)c1csc(N)n1,"['Solute carrier family 22 member 6', 'Solute carrier family 22 member 8', 'Solute carrier family 22 member 11']"
CHEMBL1615372,Cl.O=C1[C@@H]2[C@H]3CC[C@H](C3)[C@@H]2C(=O)N1C[C@@H]1CCCC[C@H]1CN1CCN(c2nsc3ccccc23)CC1,['Serotonin 2a (5-HT2a) receptor']
CHEMBL1625,COc1ccc(C(=O)c2ccccc2)c(O)c1,[]
CHEMBL1696,CNCCCN1c2ccccc2CCc2ccccc21.Cl,"['Arachidonate 15-lipoxygenase, type II', 'Endonuclease 4', 'Serotonin transporter', 'Norepinephrine transporter']"
CHEMBL1718,C=CCN1CC[C@]23c4c5ccc(O)c4O[C@H]2C(=O)CC[C@@]3(O)[C@H]1C5.Cl,"['Opioid receptor', 'Toll-like receptor 4', 'Opioid receptors; mu & kappa']"
CHEMBL2105161,CCCCOCCOC(=O)c1cccnc1,[]
CHEMBL2107636,Cc1nnc(SCC2=C(C(=O)O)N3C(=O)[C@@H](NC(=O)Cn4cc(Cl)c(=O)c(Cl)c4)[C@H]3SC2)s1,[]
CHEMBL2110587,O=C(NS(=O)(=O)c1ccc(Br)s1)c1ccc(Cl)cc1Cl,[]
CHEMBL2338397,C[C@H](NC(=O)CCC(F)(F)F)C(=O)N[C@@H]1C(=O)N(CCO)c2ncccc2-c2ccccc21,[]
CHEMBL2362410,CC1(C)OC[C@@H](COC(=O)CCc2ccc(OC[C@@H](O)CNCCNC(=O)N3CCOCC3)cc2)O1.Cl,[]
CHEMBL283120,COc1cc([C@@H]2c3cc4c(cc3[C@H](O)[C@H]3COC(=O)[C@@H]23)OCO4)cc(OC)c1OC,"['K562/VCR', 'GLC4 cell line']"
CHEMBL295698,CC(=O)N1CCN(c2ccc(OC[C@@H]3CO[C@@](Cn4ccnc4)(c4ccc(Cl)cc4Cl)O3)cc2)CC1,"['Cytochrome P450 11B1', 'Cytochrome P450 17A1', 'Cytochrome P450 21']"
CHEMBL3109802,COc1ncnc(Cn2cc(C(=O)NCCO)c3ncc(C)cc32)c1C,[]
CHEMBL3137317,Cc1c(C(=O)Nc2ccc(N3C[C@@H](C)O[C@@H](C)C3)nc2)cccc1-c1ccc(OC(F)(F)F)cc1.O=P(O)(O)O.O=P(O)(O)O,[]
CHEMBL3392776,COc1ccc(S(=O)(=O)Nc2cc(-c3c(O)ccc4ccccc34)c(O)c3ccccc23)cc1,[]
CHEMBL3653256,COc1ncc(-c2nc3c(n2C(C)C)[C@H](c2ccc(Cl)cc2)N(c2cc(Cl)cn(C)c2=O)C3=O)c(OC)n1,['p53-binding protein Mdm-2']
CHEMBL3707362,CC(C(=O)N1c2ccccc2Sc2ccccc21)N(C)C,[]
CHEMBL4068108,CC1=C(CC(=O)NCc2ccccc2)c2cc(F)ccc2/C1=C\c1ccncc1,"['Colletotrichum lindemuthianum', 'Puccinia asparagi']"
CHEMBL4297280,N[C@@H](CNC(=O)CC[C@@H](NC(=O)c1ccc(NCc2c[nH]c3ncnc(=O)c-3n2)cc1)C(=O)O)C(=O)N[C@@H](CC(=O)O)C(=O)N[C@@H](CS)C(=O)O,[]
CHEMBL4297334,O=C(O)CC[C@H](NC(=O)N[C@@H](CCCCNC(=O)c1ccc([18F])nc1)C(=O)O)C(=O)O,['Glutamate carboxypeptidase II']
CHEMBL4297470,COc1cc(F)ccc1-c1c(C)sc2cnc(Nc3cnn(C4CCNCC4)c3)nc12,[]
CHEMBL4297528,Cc1cn2nc(-c3cc(=O)n4cc(N5CCNC6(CC6)C5)ccc4n3)cc(C)c2n1,[]
CHEMBL43,COc1cc(NS(C)(=O)=O)ccc1Nc1c2ccccc2nc2ccccc12,[]
CHEMBL47050,OC1(c2ccc(Cl)c(C(F)(F)F)c2)CCN(CCCC(c2ccc(F)cc2)c2ccc(F)cc2)CC1,"['Serotonin 7 (5-HT7) receptor', 'H4', 'Dopamine D5 receptor', 'Serotonin 5a (5-HT5a) receptor', 'Human herpesvirus 5 chemokine receptor']"
CHEMBL485940,COc1cc(NS(=O)(=O)c2ccc(N)cc2)nc(C)n1,[]
CHEMBL496102,COc1ccc2c(OCc3nnc4ccc(-c5ccccc5)nn34)ccnc2c1,['Hepatocyte growth factor receptor']
CHEMBL503160,O=C(O)/C=C/C(=O)O,"['Olfactory receptor 51E2', 'Solute carrier family 22 member 6', 'Methylcytosine dioxygenase TET2']"
CHEMBL5095177,CNC(=O)CC1=Cc2nn(Cc3ncc(C)c(OC)c3C)c3nc(N)nc(c23)SC1,"['Heat shock protein HSP 90-alpha', 'Heat shock protein HSP90', 'Heat shock protein HSP 90-beta']"
CHEMBL5314402,O=C(N[C@@H]1C2CCN(CC2)[C@H]1Cc1cccnc1)c1cc(F)cc(F)c1,"['Neuronal acetylcholine receptor protein alpha-7 subunit', 'Neuronal acetylcholine receptor; alpha4/beta2', 'Neuronal acetylcholine receptor protein alpha-7 subunit', 'Acetylcholine-binding protein']"
CHEMBL65567,CN1CC(=O)NC1=N,[]
CHEMBL107360,c1ccc2c(c1)CCc1ccccc1N2C1CN2CCC1CC2,[]
CHEMBL1096882,Nc1nc(F)nc2c1ncn2[C@@H]1O[C@H](COP(=O)(O)O)[C@@H](O)[C@@H]1O,"['Purinergic receptor P2Y11', 'Echinoidea', 'Serine--tRNA ligase']"
CHEMBL1114,Cn1cnc2c1c(=O)[nH]c(=O)n2C,[]
CHEMBL1200694,FCOC(C(F)(F)F)C(F)(F)F,[]
CHEMBL1201192,NC(=O)C[S@@+]([O-])C(c1ccccc1)c1ccccc1,[]
CHEMBL1229,CCOC(=O)C1=C[C@@H](OC(CC)CC)[C@H](NC(C)=O)[C@@H](N)C1,"['Influenza A virus', 'Neuraminidase', 'Influenza A virus H3N2', 'Influenza B virus (B/Lee/40)', 'Neuraminidase', 'Neuraminidase']"
CHEMBL1237105,CCCCC[C@](C)(O)/C=C/[C@@H]1[C@@H](C/C=C\CCCC(=O)O)[C@@H](O)C[C@H]1O.NC(CO)(CO)CO,['Prostanoid FP receptor']
CHEMBL1276308,CC#C[C@]1(O)CC[C@H]2[C@@H]3CCC4=CC(=O)CCC4=C3[C@@H](c3ccc(N(C)C)cc3)C[C@@]21C,['Glucocorticoid receptor']
CHEMBL1908315,CCCCC(C)(C)[C@H](O)/C=C/[C@H]1[C@H](O)CC(=O)[C@@H]1CCCC/C=C/C(=O)OC,[]
CHEMBL1908917,N[C@]1(C(=O)O)C[C@@H](F)C1,['Betaine transporter']
CHEMBL2048028,CS(=O)(=O)c1cccc(C[C@H](NC(=O)c2c(Cl)cc3c(c2Cl)CCN(C(=O)c2ccc4ccoc4c2)C3)C(=O)O)c1,"['Intercellular adhesion molecule (ICAM-1), Integrin alpha-L/beta-2']"
CHEMBL2106124,O=P([O-])([O-])OCC(O)CO.[Ca+2],[]
CHEMBL2177390,CC(C)NC[C@@H](C(=O)N1CCN(c2ncnc3c2[C@H](C)C[C@H]3O)CC1)c1ccc(Cl)cc1,"['Serine/threonine-protein kinase AKT', 'Serine/threonine-protein kinase AKT2', 'Serine/threonine-protein kinase AKT3', 'C-33A cell line']"
CHEMBL2368924,CS(=O)(=O)O.O.O=C(O[C@@H]1C[C@@H]2C[C@H]3C[C@H](C1)N2CC3=O)c1c[nH]c2ccccc12,[]
CHEMBL27,CC(C)NCC(O)COc1cccc2ccccc12,"['Adrenergic receptor beta', 'Beta-2 adrenergic receptor', 'Nuclear receptor subfamily 2 group E member 1', 'Cytochrome P450 2D2']"
CHEMBL3545186,Cc1cc2c(CCc3sc(-c4ccc(C(F)(F)F)cc4)nc3C(C)C)noc2cc1OCC(=O)O,"['Peroxisome proliferator-activated receptor alpha', 'Peroxisome proliferator-activated receptor delta']"
CHEMBL3654384,O=C(Cc1c(Cl)c[n+]([O-])cc1Cl)c1ccc(OC(F)F)c2c1OC1(CCS(=O)(=O)CC1)O2,[]
CHEMBL3833334,CN1CC[C@]23c4c5ccc(O)c4O[C@H]2[C@@H](O)C=C[C@H]3[C@H]1C5.COc1ccc(Cc2nccc3cc(OC)c(OC)cc23)cc1OC.COc1ccc2c3c1OC1[C@@H](O)C=C[C@H]4[C@@H](C2)N(C)CC[C@]314.Cl.Cl.Cl,[]
CHEMBL4297511,N[C@@H](CCS(=O)(=O)O)CSSC[C@@H](N)CCS(=O)(=O)O,"['Aminopeptidase A', 'Glutamine synthetase']"
CHEMBL4297582,O=C(CCCCCCC(=O)Nc1ccc(CN[C@H](C(=O)OC2CCCC2)c2ccccc2)cc1)NO,['Histone deacetylase 1']
CHEMBL4298173,CN1C/C=C/CCOc2cccc(c2)-c2ccnc(n2)Nc2cccc(c2)C1.O=C(O)CC(O)(CC(=O)O)C(=O)O,['Tyrosine-protein kinase JAK2']
CHEMBL4594440,Fc1cc(F)c2c(c1)C[C@@H](n1c(CCNCc3ccccc3)c[nH]c1=S)CO2,[]
CHEMBL5095024,C=CC(=O)Nc1cc(C#CC(C)(C)N2CCN(C)CC2)cc2ncnc(Nc3ccc(F)c(Cl)c3)c12.Cc1ccc(S(=O)(=O)O)cc1.Cc1ccc(S(=O)(=O)O)cc1,['Epidermal growth factor receptor erbB1']
CHEMBL5314427,Cc1nc(N2CCC3(CC2)CO[C@@H](C)[C@H]3N)c(CO)nc1Sc1ccnc(N)c1Cl,"['Protein-tyrosine phosphatase 2C', 'KYSE-520 cell line']"
CHEMBL5314573,Cc1cc(-c2nc(C(=O)Nc3cc4oc(N5CCOCC5)nc4nc3N3CC[C@@H](O)C3)co2)ccn1.O=P(O)(O)O,['Interleukin-1 receptor-associated kinase 4']
CHEMBL614,NC(=O)c1cnccn1,['GM892A cell line']
CHEMBL73234,CCN(CC)CCOCCOC(=O)C1(c2ccccc2)CCCC1,"['Muscarinic acetylcholine receptor M1', 'Muscarinic acetylcholine receptor M3', 'Muscarinic acetylcholine receptor M4', 'Muscarinic acetylcholine receptor M5', 'Pancreatic alpha-amylase']"
CHEMBL1200925,O=P([O-])(O)O.[K+],['5-enolpyruvylshikimate-3-phosphate synthase']
CHEMBL1213553,CC(C)NC(=N)NC(=N)Nc1ccc(Cl)c(Cl)c1,[]
CHEMBL12420,CN(C)CCc1c[nH]c2ccccc12,['Serotonin (5-HT) receptor']
CHEMBL13960,O=C(O)C(Cl)Cl,"['Olfactory receptor 51E2', 'Solute carrier family 22 member 6', 'Methylcytosine dioxygenase TET2']"
CHEMBL1568698,CC(=O)[C@H]1CC[C@H]2[C@@H]3CC[C@H]4C[C@](C)(O)CC[C@]4(C)[C@H]3CC[C@]12C,"['GABA-A receptor; anion channel', 'GABA-A receptor; agonist GABA site']"
CHEMBL1697708,CC1(C)S[C@@H]2[C@H](NC(=O)[C@H](NC(=O)N3CCN(S(C)(=O)=O)C3=O)c3ccccc3)C(=O)N2[C@H]1C(=O)[O-].[Na+],['PER-2 beta-lactamase']
CHEMBL170630,CS(=O)(=O)OCCOS(C)(=O)=O,[]
CHEMBL1736151,CCN(CC)CCOc1ccccc1C(=O)CCc1ccccc1,[]
CHEMBL1767164,O=c1c2ccccc2c(Cc2ccc(Cl)cc2)nn1C[C@H]1CCCN1CCCCc1ccc(OCCCN2CCCCCC2)cc1,"['Histamine H3 receptor', 'Histamine H1 receptor']"
CHEMBL1957287,Fc1ccccc1-c1nc2ccn(Cc3ccc(-c4ccc(C(F)(F)F)cc4C(F)(F)F)nn3)cc-2n1,['Hepatitis C virus']
CHEMBL2103791,CCCc1c(Cn2ccnc2-c2ncccc2F)ncn2nc(C)nc12,['GABA-A receptor; anion channel']
CHEMBL2110862,CN(C)CCOCCOC(=O)N1c2ccccc2Sc2ccccc21,[]
CHEMBL2165326,NS(=O)(=O)Nc1ncnc(OCCOc2ncc(Br)cn2)c1-c1ccc(Br)cc1,[]
CHEMBL243712,CCN1CCCC1CNC(=O)c1cc(S(=O)(=O)CC)c(N)cc1OC,[]
CHEMBL272485,CCCCOC(=O)c1ccccc1C(=O)OCCCC,[]
CHEMBL28564,OC(CN1CCC(Cc2ccc(F)cc2)CC1)c1ccc(Cl)cc1,['Sigma-1 receptor']
CHEMBL3402762,CN1CCC(COc2cnc(-c3cccc(Cn4nc(-c5cccc(C#N)c5)ccc4=O)c3)nc2)CC1,"['Hepatocyte growth factor receptor', 'Hs746T']"
CHEMBL3989506,CN(C)CCOCC(=O)NC12CC3CC(CC(C3)C1)C2,[]
CHEMBL416956,OC(c1cc(C(F)(F)F)nc2c(C(F)(F)F)cccc12)C1CCCCN1,"['Plasmodium falciparum', 'Plasmodium vivax', 'Plasmodium malariae']"
CHEMBL4298152,Cn1nc(C(F)(F)C(F)(F)F)c(C(F)(F)F)c1-n1cc(-c2ccc(Cl)c(C(=O)NC3(C#N)CC3)c2)cn1,[]
CHEMBL4529465,COc1cc([C@](O)(CCN(C)C)[C@@H](c2cc3cc(Br)ccc3nc2OC)c2cccc(OC)c2F)cc(OC)n1,[]
CHEMBL4650224,COc1ncc(C)c(-c2ccc3c(c2)[nH]c(=O)c2cnn([C@H]4CCOC4)c23)c1C.O=C(O)/C=C/C(=O)O,[]
CHEMBL4802240,C[C@@](Cc1ccc(OP(=O)(O)O)c(O)c1)(NN)C(=O)O,[]
CHEMBL49080,CC(C)(C)NCC(O)c1cc(Cl)c(N)c(Cl)c1,[]
CHEMBL5095240,CCOc1cc([C@@H](CS(C)(=O)=O)N2C(=O)c3csc(NC(C)=O)c3C2=O)ccc1OC,[]
CHEMBL511,COc1ccc(CN(CCN(C)C)c2ccccn2)cc1,[]
CHEMBL5316168,CNC(=O)c1nnc(NC(=O)[C@@H]2CC23CC3)cc1Nc1ncccc1S(C)(=O)=O,[]
CHEMBL561,CCn1cc(C(=O)O)c(=O)c2cc(F)c(N3CCNC(C)C3)c(F)c21,"['DNA gyrase', 'Mycobacterium smegmatis', 'Topoisomerase IV subunit A', 'Mycobacterium intracellulare']"
CHEMBL70246,Cn1c(=O)c2c(ncn2CC(=O)O)n(C)c1=O,[]
CHEMBL773,NCC(=O)O,"['Bloom syndrome protein', 'Regulator of G-protein signaling 4', 'Cerebroside-sulfatase', 'Endonuclease 4', 'GABA-B receptor', 'GABA A receptor alpha-3/beta-2/gamma-2', 'Olfactory receptor 51E2', 'Betaine transporter', 'Gamma-amino-N-butyrate transaminase', 'GABA receptor gamma-1 subunit', 'Glutamate receptor AMPA 1/2', 'GABA receptor alpha-1 subunit', 'Gamma-amino-N-butyrate transaminase']"
CHEMBL777,O=C(O)[C@H]1/C(=C/CO)O[C@@H]2CC(=O)N21,"['Beta-lactamase SHV-1', 'Bacterial beta-lactamase TEM']"
CHEMBL885,Nc1nc(=O)n([C@@H]2CS[C@H](CO)O2)cc1F,"['Human immunodeficiency virus 1', 'Porcine endogenous retrovirus']"
CHEMBL926,CC(CCc1ccc(O)cc1)NCCc1ccc(O)c(O)c1,[]
CHEMBL997,CCCCCN(C)CCC(O)(P(=O)(O)O)P(=O)(O)O,"['Farnesyl diphosphate synthase', 'Farnesyl diphosphate synthase', 'Farnesyl synthetase, putative']"
CHEMBL1091,CC(=O)OCC(=O)[C@@]1(O)CC[C@H]2[C@@H]3CCC4=CC(=O)CC[C@]4(C)[C@H]3[C@@H](O)C[C@@]21C,"['Nuclear receptor subfamily 1 group I member 2', 'Progesterone receptor']"
CHEMBL1094982,O=C(O[C@H]1[C@H](OC(=O)c2cccnc2)[C@@H](OC(=O)c2cccnc2)[C@H](OC(=O)c2cccnc2)[C@@H](OC(=O)c2cccnc2)[C@H]1OC(=O)c1cccnc1)c1cccnc1,[]
CHEMBL1200950,C[N+]12CCC(CC1)C(OC(=O)C(O)(c1ccccc1)c1ccccc1)C2.[Br-],['Muscarinic acetylcholine receptor M3']
CHEMBL1255653,C[C@H](O)C(=O)C1=Nc2c(nc(N)[nH]c2=O)NC1,[]
CHEMBL1336,CNC(=O)c1cc(Oc2ccc(NC(=O)Nc3ccc(Cl)c(C(F)(F)F)c3)cc2)ccn1,"['Serine/threonine-protein kinase B-raf', 'Serine/threonine-protein kinase RAF', 'KG-1', 'Serine/threonine-protein kinase RIPK2', 'Serine/threonine-protein kinase TNNI3K', 'Kasumi 1', 'Ephrin type-A receptor 4', 'Ephrin type-B receptor 2', 'NOMO-1', 'Ephrin type-A receptor 8', 'Ephrin type-A receptor 5', 'GES1', 'PLC-PRF-5', 'BE-13', 'Ephrin type-A receptor 6', 'KMOE-2', 'HS27', 'ZR-75-30', 'K052', 'LC-1F', 'MHCC97H', 'Ribosomal protein S6 kinase 2', 'Eastern equine encephalitis virus', 'Cyclin-dependent kinase-like 3', 'cAMP-dependent protein kinase, gamma catalytic subunit', 'GIST882', 'GIST48', 'Rift Valley fever virus']"
CHEMBL1371200,C[C@]12CCC(=O)C=C1C=C[C@@H]1[C@@H]2CC[C@@]2(C)[C@H]1CC[C@@]2(O)CCC(=O)[O-].[K+],['Solute carrier organic anion transporter family member 1A2']
CHEMBL1544,N[C@@H](Cc1cc(I)c(Oc2ccc(O)c(I)c2)c(I)c1)C(=O)O,"['Thyroid hormone receptor beta-1', 'Thyroid hormone receptor alpha', 'Thyroid hormone receptor beta-1']"
CHEMBL1963249,C[C@@H]1CN[C@@H](C2CC2)C(=O)N(C)[C@H](C)C(=O)N[C@H](Cc2ccc(F)cc2)C(=O)NCCCc2ccccc2O1,['Ghrelin receptor']
CHEMBL2104797,C[N+]1(CCC(O)(c2ccccc2)c2cccs2)CCOCC1.[I-],"['Muscarinic acetylcholine receptor M3', 'Muscarinic acetylcholine receptor M4']"
CHEMBL2106071,CN(C)[C@@H]1C(O)=C(C(=O)NCO)C(=O)[C@@]2(O)C(O)=C3C(=O)c4c(O)ccc(Cl)c4[C@@](C)(O)[C@H]3C[C@@H]12,[]
CHEMBL210651,Nc1ccn([C@H]2CO[C@@H](CO)S2)c(=O)n1,['Hepatoma cell line']
CHEMBL2107806,C=Cc1c(C)c2cc3nc(c(CC(=O)N[C@@H](CC(=O)[O-])C(=O)[O-])c4[nH]c(cc5nc(cc1[nH]2)C(C)=C5CC)c(C)c4C(=O)[O-])[C@@H](CCC(=O)[O-])[C@@H]3C.[Na+].[Na+].[Na+].[Na+],[]
CHEMBL2165402,CC1=C[C@]23C(=O)[C@@H](C=C(CO)[C@@H](O)[C@]2(O)[C@H]1O)[C@H]1[C@@H](C[C@H]3C)C1(C)C,[]
CHEMBL217899,CCc1nn(C2CCCC2)c2c1CCn1c(-c3cccs3)nnc1-2,[]
CHEMBL2303621,COC(=O)N[C@H](C(=O)N1CCC[C@H]1c1ncc(-c2ccc(-c3ccc(-c4cnc([C@@H]5CCCN5C(=O)[C@@H](NC(=O)OC)C(C)C)[nH]4)cc3)cc2)[nH]1)C(C)C.Cl.Cl,['Nonstructural protein 5A']
CHEMBL2308885,CCCC(=O)O[C@]1(C(=O)CCl)[C@H](C)C[C@@H]2[C@@H]3CCC4=CC(=O)C=C[C@]4(C)[C@]3(F)C(=O)C[C@@]21C,"['Nuclear receptor subfamily 1 group I member 2', 'Progesterone receptor']"
CHEMBL2331680,CCNC(=O)Nc1ccc(-c2nc3c(c(N4CCOC[C@@H]4C)n2)CCN(C2COC2)C3)cc1,"['Serine/threonine-protein kinase mTOR', 'mTORC1']"
CHEMBL2346738,Fc1ccc2nc(CCC#Cc3ccccn3)cn2c1,['Metabotropic glutamate receptor 5']
CHEMBL24147,Oc1cccc(O)c1,[]
CHEMBL272980,Nc1ccccc1NC(=O)c1ccc(CNc2nccc(-c3cccnc3)n2)cc1,"['HCT-116', 'Histone deacetylase 1', 'T-24', 'NCI-H661']"
CHEMBL307429,OC[C@H]1NC[C@H](O)[C@@H](O)[C@@H]1O,"['Beta-glucocerebrosidase', 'Alpha-L-fucosidase 1', 'Lactase-glycosylceramidase', 'Glycogen debranching enzyme']"
CHEMBL3137320,Cn1ncnc1[C@H]1c2n[nH]c(=O)c3cc(F)cc(c23)N[C@@H]1c1ccc(F)cc1,"['Poly [ADP-ribose] polymerase-1', 'PARP 1, 2 and 3', 'Poly [ADP-ribose] polymerase 3', 'Poly [ADP-ribose] polymerase 4', 'Mono [ADP-ribose] polymerase PARP16']"
CHEMBL3137358,COc1ccc2c(O[C@@H]3C[C@H]4C(=O)N[C@]5(C(=O)[N-]S(=O)(=O)C6CC6)C[C@H]5/C=C\CCCCN(C)C(=O)[C@@H]4C3)cc(-c3nc(C(C)C)cs3)nc2c1C.[Na+],"['Unchecked', 'Hepatitis C virus']"
CHEMBL334830,O=C1C[C@@]2(C(=O)N1)C(=O)N(Cc1ccc(Br)cc1F)C(=O)c1cccn12,[]
CHEMBL358150,CC(C)(Oc1ccc(Cl)cc1)C(=O)OCCOC(=O)c1cccnc1,[]
CHEMBL364713,COc1ccc2c(c1OC)C(=O)O[C@@H]2[C@H]1c2c(cc3c(c2OC)OCO3)CCN1C,['Tubulin beta']
CHEMBL3707218,O=C1N(Cc2ccc(C(F)(F)F)o2)c2ccccc2[C@]12COc1cc3c(cc12)OCO3,['Sodium channel protein type IX alpha subunit']
CHEMBL4283683,Cn1cc(-c2ccc(S(=O)(=O)n3ccc(/C=C/C(=O)Nc4ccccc4N)c3)cc2)cn1,['Histone deacetylase 1']
CHEMBL4297325,C=CCc1c(OC(=O)N2CCC(N3CCCCC3)CC2)ccc2nc3c(cc12)Cn1c-3cc2c(c1=O)COC(=O)[C@]2(O)CC.Cl,[]
CHEMBL4297494,O=C(CCc1ccc(CN[C@H](C(=O)OC2CCCC2)C2CCCCC2)cn1)NO,[]
CHEMBL457299,OCCO,['GABA-B receptor']
CHEMBL4594430,CC(C)c1nc2c([nH]1)C(=O)C(=O)c1ccccc1-2,[]
CHEMBL4650232,CCCCCCCCCCCCCCCCOC(=O)COc1cccc2c1C[C@H]1C[C@@H](O)[C@H](CC[C@@H](O)CCCCC)[C@H]1C2,[]
CHEMBL4791762,O=C(c1ccc2nonc2c1)N1CCOCC1,[]
CHEMBL4802135,CC(C)(C)[C@H](NC(=O)C(F)(F)F)C(=O)N1C[C@H]2[C@@H]([C@H]1C(=O)N[C@H](C#N)C[C@@H]1CCNC1=O)C2(C)C,['Replicase polyprotein 1ab']
CHEMBL5095106,CC(C)(c1ccc(OCc2ccnc(NS(C)(=O)=O)n2)cc1)c1cc(Cl)c(OCCCl)c(C#N)c1,[]
CHEMBL5314496,Cc1nc(N2CC([C@H]3CCCN([C@H]4C[C@](C)(C(=O)O)C4)C3)C2)nc(N[C@H](C)c2ccc(Cl)cc2Cl)c1Cl,[]
CHEMBL542541,Cl.NNc1nncc2ccccc12,[]
CHEMBL579217,COc1cc2c(cc1OCCCF)CCN1C[C@@H](CC(C)C)[C@H](O)C[C@H]21,['Synaptic vesicular amine transporter']
CHEMBL762,Cc1cc(C(C)(C)C)c(O)c(C)c1CC1=NCCN1,"['Adrenergic receptor alpha', 'Adrenergic receptor alpha']"
CHEMBL76222,CNC(=O)[C@@H](NC(=O)[C@H](CC(C)C)NC(=O)[C@@H](S)CCN1C(=O)N(C)C(C)(C)C1=O)C(C)(C)C,[]
CHEMBL105,CO[C@@]12[C@H](COC(N)=O)C3=C(C(=O)C(C)=C(N)C3=O)N1C[C@@H]1N[C@@H]12,"['A-427', 'J82', 'SK-MES-1', 'MSTO-211H', 'NCI-H2122', 'SNU-5', 'AN3-CA', 'HT', 'KYSE-520 cell line', 'SJRH30', 'NCI-H596', 'ML-2', 'MKN-1', 'Calu-3', 'PLC-PRF-5', 'JAR', 'HT1197', 'REH', 'Ca-Ski', 'J-RT3-T3-5', 'K5', 'NCI-H209', 'DSH1', 'MZ7-mel', 'MeWo', 'HCC2218', 'SCC-15', 'NCI-H1155', 'FTC-133', 'SHP77', 'LS-513', 'KY821', 'LNCaP-Clone-FGC', 'KM-H2', 'NCI-H720', 'DJM-1', 'OMC-1', 'KNS-81-FD', 'EW-11', 'Panc1005', 'EW-18', 'RPMI-8866', 'COR-L88', 'CP66-MEL', 'D-392MG', 'CESS', 'SK-MEL-24', 'NCI-H510A', '647-V', 'DMS-79', 'MDA-MB-415', 'HPAF-II', 'AM-38', 'RCM-1', 'LB373-MEL-D', 'HCC1599', 'MDA-MB-175-VII', 'SW13', 'MC-CAR', 'EGI-1', 'HEC-1', 'NCI-H1651', 'MFE-280', 'SW756', 'COLO-680N', 'EW-24', 'COLO-741', 'CP50-MEL-B', 'JEG-3', 'NCI-H2052', 'D-542MG', 'COR-L279', 'EB2', 'HCC1419', 'EVSA-T', 'LN-405', 'HT55', 'NCI-H1793', 'ZR-75-30', 'CAL-148', 'WSU-NHL', 'NCI-H345', 'UACC-893', 'EC-GI-10', 'SCLC-21H', 'SW948', 'ECC4', 'MHH-CALL-2', 'NCI-H1694', 'SW1463', 'LU-165', 'SNU-475', 'KP-N-YN', 'CW-2', 'NCI-H1666', 'KMS-12-PE', 'SW900', 'BALL-1', 'P31-FUJ', 'RXF 944', 'MAXF401 cell line', 'Lung LXF 629L tumor cell line', '9L', 'C2D cell line', 'C2G cell line', 'MCF10', 'DC3F', 'YOSHIDA', 'WALKER', 'Shiga toxin 1 variant A subunit', 'Insulin-like growth factor II receptor']"
CHEMBL1200323,CC(CCc1ccccc1)NCC(O)c1ccc(O)c(C(N)=O)c1.Cl,"['Beta-2 adrenergic receptor', 'Adrenergic receptor beta', 'Dipeptidyl peptidase 3']"
CHEMBL1200751,O.S=c1[nH]cnc2nc[nH]c12,[]
CHEMBL1201147,CCCCC(CC)COC(=O)C(C#N)=C(c1ccccc1)c1ccccc1,[]
CHEMBL1472989,CC(C)NCC(O)COc1ccc(COCCOC(C)C)cc1.CC(C)NCC(O)COc1ccc(COCCOC(C)C)cc1.O=C(O)/C=C/C(=O)O,[]
CHEMBL1726,COC(=O)C1=C(C)NC(C)=C(C(=O)OCC(C)C)C1c1ccccc1[N+](=O)[O-],"['Voltage-gated L-type calcium channel alpha-1D subunit', 'Voltage-gated L-type calcium channel alpha-1C subunit', 'Voltage-gated L-type calcium channel alpha-1C subunit', 'Voltage-gated L-type calcium channel alpha-1C subunit', 'Indoleamine 2,3-dioxygenase 2', 'C6-BU-1']"
CHEMBL1887147,CS(=O)(=O)c1cc(C(F)(F)F)ccc1C(=O)c1cnoc1C1CC1,[]
CHEMBL2104956,CCCCC(CC)COc1ccc(-c2nc(-c3ccc(OC)cc3)nc(-c3ccc(OCC(CC)CCCC)cc3O)n2)c(O)c1,[]
CHEMBL2105302,c1ccc(C(Cc2noc(CCN3CCCCC3)n2)c2ccccc2)cc1,[]
CHEMBL2219414,CN(C)[C@@H]1C(O)=C(C(N)=O)C(=O)[C@@]2(O)C(O)=C3C(=O)c4c(O)c(NC(=O)CN5CCCC5)cc(F)c4C[C@H]3C[C@@H]12.Cl.Cl,[]
CHEMBL267225,C[C@H]1[C@H](C)CC[C@]2(C)CC[C@]3(C)C(=CC[C@@H]4[C@@]5(C)CC[C@@H](O)[C@](C)(C(=O)O)[C@@H]5CC[C@]43C)[C@H]12,[]
CHEMBL295829,COc1ccc2c(c1)c(CC(=O)NO)c(C)n2C(=O)c1ccc(Cl)cc1,[]
CHEMBL3039524,Cc1ccc(S(=O)(=O)O)cc1.O=C(Nc1ccc(Cl)c(S(=O)(=O)N2CCNCC2)c1O)Nc1cccc(F)c1Cl,['Interleukin-8 receptor B']
CHEMBL3182314,CC(C)(C)C(=O)Oc1ccc(S(=O)(=O)Nc2ccccc2C(=O)NCC(=O)[O-])cc1.O.O.O.O.[Na+],[]
CHEMBL325109,COc1cc(N)c(Cl)cc1C(=O)NC1CCN(Cc2ccccc2)CC1,"['Dopamine D4 receptor', 'Serotonin 4 (5-HT4) receptor', 'Serotonin 4 (5-HT4) receptor']"
CHEMBL32994,C[Si](C)(C)c1cc(C(=O)Nc2ccc(C(=O)O)cc2)cc([Si](C)(C)C)c1,['Bile acid receptor FXR']
CHEMBL350775,COc1cc(C(=O)C(=O)N2CCCC[C@H]2C(=O)OC(CCCc2cccnc2)CCCc2cccnc2)cc(OC)c1OC,"['FK506-binding protein 1A', 'FK506 binding protein 4']"
CHEMBL354077,Nc1ccncc1N,[]
CHEMBL3707248,COc1cc2c(cc1OC)[C@H]1C[C@@H](OC(=O)[C@@H](N)C(C)C)[C@H](CC(C)C)CN1CC2.Cc1ccc(S(=O)(=O)O)cc1.Cc1ccc(S(=O)(=O)O)cc1,[]
CHEMBL3833333,C=C(C)[C@@H]1CCC(C)=C[C@H]1c1c(O)cc(CCCCC)cc1O.CCCCCc1cc(O)c2c(c1)OC(C)(C)[C@@H]1CCC(C)=C[C@@H]21,[]
CHEMBL3909517,CNC[C@@H](NC(=O)c1ccc(-c2nc([C@H]3CC[C@H](O)[C@@H](F)C3)cnc2N)cc1F)c1cc(F)cc(Br)c1,['MAP kinase ERK2']
CHEMBL4297266,CCCCC[C@@H](O)/C=C/c1ccccc1/C=C/[C@@H](O)[C@@H](O)CCCC(=O)O,[]
CHEMBL4297387,C[C@@H](c1cc(Cl)cc2ccccc12)N(C)C(=O)CC1(c2ccc(F)cc2)CCN(C)CC1,['Neurokinin 1 receptor']
CHEMBL4594432,CC(C)(O)c1cc(Nc2cc(Oc3cn(C4CC4)nc3C3CCOCC3)ccn2)ccn1,"['TGF-beta receptor type I', 'TGF-beta receptor type-1']"
CHEMBL482968,Cc1cc(Nc2cc(N3CCN(C)CC3)nc(/C=C/c3ccccc3)n2)n[nH]1,[]
CHEMBL5314511,C=CC(=O)N1CCC[C@@H](c2c(F)cc(C(N)=O)c3[nH]c4c(c23)CCCCC4)C1,['Tyrosine-protein kinase BTK']
CHEMBL534,CN1CCC(=C2c3ccccc3CC(=O)c3sccc32)CC1,[]
CHEMBL550495,CN(C)c1ccc2nc3ccc(=[N+](C)C)cc-3sc2c1.O.O.O.[Cl-],[]
CHEMBL647,Nc1cc(Cl)c(N=C2NCCN2)c(Cl)c1,[]
CHEMBL75094,CC1(C)SCCN(S(=O)(=O)c2ccc(Oc3ccncc3)cc2)[C@H]1C(=O)NO,"['Matrix metalloproteinase 13', 'Matrix metalloproteinase-1']"
CHEMBL1179047,CCN(CC)CCOC(=O)c1ccc(N)cc1Cl,[]
CHEMBL1200803,O=C(O)CCC(=O)O.O=C(O[C@H]1CN2CCC1CC2)N1CCc2ccccc2[C@@H]1c1ccccc1,[]
CHEMBL1201150,CNS(=O)(=O)Cc1ccc2[nH]cc(CCN(C)C)c2c1.O=C(O)CCC(=O)O,[]
CHEMBL1222250,OC[C@H]1OC(O)[C@H](O)[C@@H](O)[C@@H]1O,[]
CHEMBL1412,C1CNCCN1,[]
CHEMBL1568276,CCOc1ccc2ccccc2c1C(=O)N[C@@H]1C(=O)N2[C@@H]1SC(C)(C)[C@@H]2C(=O)[O-].O.[Na+],[]
CHEMBL1738889,C[C@](O)(COc1ccc(C#N)cc1)C(=O)Nc1ccc(C#N)c(C(F)(F)F)c1,"['Androgen Receptor', 'LNCaP', 'Androgen Receptor']"
CHEMBL184,Nc1nc2c(ncn2COCCO)c(=O)[nH]1,"['Human herpesvirus 4', 'Human herpesvirus 2', 'Murine cytomegalovirus', 'Herpes simplex virus (type 1 / strain F)', 'Felid herpesvirus 1', 'Human herpesvirus 1 DNA polymerase']"
CHEMBL1910936,O=C(CN1C(=O)C2(CCCC2)NC[C@H]1c1cc(F)cc(F)c1)Nc1ccc2c(c1)C[C@@]1(C2)C(=O)Nc2ncccc21,"['Calcitonin gene-related peptide type 1 receptor', 'Calcitonin gene-related peptide 1', 'Calcitonin gene-related peptide type 1 receptor']"
CHEMBL2105456,CCCCC(C(=O)O)C(=O)N(Nc1ccccc1)c1ccccc1,[]
CHEMBL2105497,COC(CN1CCN(CC(O)C(OC)c2ccccc2)CC1)c1ccccc1,[]
CHEMBL2110372,CNC(=C[N+](=O)[O-])NCCSCc1ccc(CN(C)C)o1.Cl,['Muscarinic acetylcholine receptor M1']
CHEMBL211538,OB1OCc2cc(Cl)ccc21,[]
CHEMBL284642,Cc1c[nH]c2c(O)cc3c(c12)[C@H](CCl)CN3C(=O)c1cc2cc(NC(=O)Nc3ccc4[nH]c(C(=O)N5C[C@@H](CCl)c6c5cc(O)c5[nH]cc(C)c65)cc4c3)ccc2[nH]1,['L1210']
CHEMBL284906,O=C(NCCO[N+](=O)[O-])c1cccnc1,[]
CHEMBL3092995,NS(=O)(=O)NC[C@H]1COc2cc(Cl)ccc2O1,['Carbonic anhydrase II']
CHEMBL318191,CC(=O)c1ccc2c(c1)[C@H](NC(=O)c1ccc(F)c(Cl)c1)[C@H](O)C(C)(C)O2,"['Serotonin 1d (5-HT1d) receptor', 'SB-204269 binding site']"
CHEMBL3979920,Cn1cc(-c2nc(N[C@@H]3CCCC[C@@H]3N)c(F)c3c2C(=O)NC3)cn1,[]
CHEMBL3989573,CN1C(=O)CC[C@H]1c1cccnc1.CN1C(=O)CC[C@H]1c1cccnc1.O=C(O)/C=C/C(=O)O,[]
CHEMBL4297482,Cc1c2c(nn1C)CSCc1cc(n(C)n1)CSc1cc(c3ccccc3c1)OCCCc1c(C(=O)O)n(C)c3c-2c(Cl)ccc13,['Induced myeloid leukemia cell differentiation protein Mcl-1']
CHEMBL4469414,Cc1cc(-c2cnn3c(NC[C@H]4C[C@@](C)(O)C4)cc(Oc4cccnc4)nc23)ccc1C(=O)NC1CC1,['Dual specificity protein kinase TTK']
CHEMBL4859268,CC(C)(Cc1ccc(F)cc1)NC(=O)[C@H](CCC(=O)O)NC(=O)c1ccc(-c2ccccc2)cc1,[]
CHEMBL5314540,O=C1CCC(N2Cc3cc(CNC(=O)C(=O)c4ccc(C5(C(F)(F)F)CC5)cc4)ccc3C2=O)C(=O)N1,['Cereblon/GSPT1']
CHEMBL5314959,CCOC(=O)N1CCC[C@H](N2CCC(C(=O)NC3(C)CCC3)CC2)CC1,[]
CHEMBL5315125,C[C@H](Nc1ncnc2nc[nH]c12)c1cc2cccc(Cl)c2c(=O)n1-c1ccccc1.O,"['PI3-kinase p110-delta subunit', 'PI3-kinase p110-gamma subunit', 'PI3-kinase p110-delta/p85-alpha']"
CHEMBL53929,NCC(O)c1ccc(O)cc1,[]
CHEMBL629,CN(C)CCC=C1c2ccccc2CCc2ccccc21,"['Histamine H1 receptor', 'Muscarinic acetylcholine receptor M1', 'Histamine H2 receptor', 'Cerebroside-sulfatase', 'Histamine H1 receptor', 'Sodium channel alpha subunits; brain (Types I, II, III)', 'Solute carrier family 22 member 1', 'Serotonin (5-HT) receptor', 'Serotonin transporter', 'Muscarinic acetylcholine receptor M5', 'Solute carrier family 22 member 2', 'Solute carrier family 22 member 3', 'Norepinephrine transporter', 'Solute carrier family 22 member 2', 'Acetylcholine receptor protein alpha chain', 'Sodium channel alpha subunit', 'Serotonin 2c (5-HT2c) receptor']"
CHEMBL864,CN(C)CCOC(c1ccc(Cl)cc1)c1ccccn1,[]
CHEMBL894,CC(NC(C)(C)C)C(=O)c1cccc(Cl)c1,[]
CHEMBL1161,C[C@@H]1C[C@H]2[C@@H]3CCC4=CC(=O)C=C[C@]4(C)[C@@]3(Cl)[C@@H](O)C[C@]2(C)[C@@]1(OC(=O)c1ccco1)C(=O)CCl,['Nuclear receptor subfamily 1 group I member 2']
CHEMBL1201016,COCC1=C(C(=O)OC(C)OC(=O)OC(C)C)N2C(=O)[C@@H](NC(=O)/C(=N\OC)c3csc(N)n3)[C@H]2SC1,[]
CHEMBL1236183,O=C(CO)[C@@H](O)[C@@H](O)[C@H](O)CO,[]
CHEMBL1254709,Clc1ccc2c(NCCCN3CCC(NC(c4ccccn4)c4ccccn4)CC3)ccnc2c1,"['Plasmodium falciparum', 'Heme']"
CHEMBL1272,CCOc1cc(CC(=O)N[C@@H](CC(C)C)c2ccccc2N2CCCCC2)ccc1C(=O)O,['Sulfonylurea receptor 1']
CHEMBL130880,Nc1c2c(nc3c1CCC3)CCCC2,['Acetylcholinesterase']
CHEMBL1628234,CN(C)CCC=C1c2ccccc2COc2ccccc21.Cl,[]
CHEMBL168815,CC1OC2(CS1)CN1CCC2CC1,[]
CHEMBL1751,C[C@H]1O[C@@H](O[C@H]2[C@@H](O)C[C@H](O[C@H]3[C@@H](O)C[C@H](O[C@H]4CC[C@@]5(C)[C@H](CC[C@@H]6[C@@H]5C[C@@H](O)[C@]5(C)[C@@H](C7=CC(=O)OC7)CC[C@]65O)C4)O[C@@H]3C)O[C@@H]2C)C[C@H](O)[C@@H]1O,['Solute carrier organic anion transporter family member 1A4']
CHEMBL2105845,CCCCCCCCCCCCCCCCCC(=O)OC[C@H](CCOC(=O)[C@@H](N)C(C)C)Cn1cnc2c(=O)[nH]c(N)nc21,['Streptococcus mutans']
CHEMBL2107456,CCCC[C@H](C)C[C@H](O)/C=C/[C@H]1[C@H](O)CC(=O)[C@@H]1CCCC/C=C/C(=O)O,[]
CHEMBL2205807,Cc1ccc(-c2ccc(C)cn2)nc1,['Unchecked']
CHEMBL292687,O=[N+]([O-])c1ccc(Cl)c([N+](=O)[O-])c1,[]
CHEMBL3039596,CCC(=O)O[C@@H](O[P@](=O)(CCCCc1ccccc1)CC(=O)N1C[C@H](C2CCCCC2)C[C@H]1C(=O)[O-])C(C)C.[Na+],[]
CHEMBL3137316,Cc1ncccc1NC(=O)c1ccc2c(c1)CC[C@@H]1C[C@@](OP(=O)(O)O)(C(F)(F)F)CC[C@@]21Cc1ccccc1,['Interleukin-6']
CHEMBL3348846,COc1cc(CCc2cc(NC(=O)c3ccc(N4C[C@@H](C)N[C@@H](C)C4)cc3)n[nH]2)cc(OC)c1,"['Fibroblast growth factor receptor 2', 'SNU-16']"
CHEMBL3806158,CCCCCC[C@@H]1CCc2cc([C@H]3CC[C@](N)(CO)C3)ccc2C1,['Sphingosine kinase 1']
CHEMBL3989949,NC(=O)O[C@@H](Cn1ncnn1)c1ccccc1Cl,[]
CHEMBL4104957,Nc1nc(O[C@H](c2ccc(Cl)cc2-c2ccccc2)C(F)(F)F)cc(N2CCC3(CC2)CN[C@H](C(=O)O)C3)n1,['Tryptophan 5-hydroxylase 1']
CHEMBL413,CO[C@H]1C[C@@H]2CC[C@@H](C)[C@@](O)(O2)C(=O)C(=O)N2CCCC[C@H]2C(=O)O[C@H]([C@H](C)C[C@@H]2CC[C@@H](O)[C@H](OC)C2)CC(=O)[C@H](C)/C=C(\C)[C@@H](O)[C@@H](OC)C(=O)[C@H](C)C[C@H](C)/C=C/C=C/C=C/1C,"['HCT-116', 'COLO 205', 'LOX IMVI', '786-0', 'J82', 'DOHH-2', 'MSTO-211H', 'UMUC3', 'LAMA-84', 'HT', 'NOMO-1', 'NCI-H596', 'NOS-1', 'HAL-01', 'ML-2', 'MKN-7', 'QIMR-WIL', 'BB30-HNC', 'HT-144', 'TE-8', 'SK-MEL-1', 'LXF-289 cell line', 'COLO-829', 'ETK-1', 'A4-Fuk', 'ES4', 'CTB-1', 'ES8', 'SK-NEP-1', 'SH-4', 'EM-2', 'NTERA-2-cl-D1', 'SW 962', 'NCI-H82', 'GI-ME-N', 'NB69', 'ES1', 'GB-1', 'A388', 'NEC8', 'NCI-H747', 'PLC-PRF-5', 'HH', 'NCI-H1355', 'SF-126', 'VA-ES-BJ', 'KURAMOCHI', 'BE-13', 'REH', 'MZ2-MEL', 'SW1088', 'SK-N-DZ', 'NB13', 'GT3TKB', 'MLMA', 'EW-1', 'LS-411N', 'KE-37', 'IA-LM', 'NCI-H1648', 'TE-9', 'A704', 'GR-ST', 'L-428', 'EW-3', 'J-RT3-T3-5', 'K5', 'NCI-H209', 'HCE-4', 'HD-MY-Z', 'ATN-1', 'C2BBe1', 'MS-1', 'DSH1', 'LU-134-A', 'D-263MG', 'MZ7-mel', 'MPP-89', 'SK-N-FI', 'MeWo', 'SK-LMS-1', 'HC-1', 'TE-5', 'KALS-1', 'D283 Med', 'HCC2218', 'LP-1', 'TE-6', 'SCC-15', 'NCI-H2126', 'NCI-H1155', 'IST-SL1', 'KINGS-1', 'TGBC1TKB', 'D-502MG', 'MFH-ino', 'NB6', 'SHP77', 'COLO-684', 'NCI-H1417', 'SNU-C2B', 'KLE', 'CAS-1', 'MN-60', 'LS-513', 'LB771-HNC', 'KMOE-2', 'SW 1116', 'KY821', 'SBC-1', 'MRK-nu-1', 'MMAC-SF', 'TGBC24TKB', 'LU-139', 'NCI-H1963', 'SU-DHL-1', 'LS-1034', 'PF-382', 'NCI-H1092', 'no-10', 'LNCaP-Clone-FGC', 'KM-H2', 'NCI-H720', 'DJM-1', 'LAN-6', 'OMC-1', 'Lu-65', 'KNS-81-FD', 'GDM-1', 'EW-11', 'Panc1005', 'IST-SL2', 'JVM-2', 'EW-18', 'D-247MG', 'HDLM-2', 'RPMI-8866', 'COLO-320-HSR', 'COR-L88', 'CP66-MEL', 'NB14', 'JIYOYE', 'CESS', 'NCI-H1304', 'SK-MEL-24', 'NCI-H510A', 'TGW', 'DMS-79', 'MDA-MB-415', 'AM-38', 'LOUCY', 'LB373-MEL-D', 'HCC1599', 'DG-75', 'NB7', 'MC-CAR', 'COLO-824', 'MFE-280', 'EW-24', 'PFSK-1', 'JEG-3', 'NCI-H2052', 'D-542MG', 'LB647-SCLC', 'SW684', 'MFM-223', 'SCC-3', 'EHEB', 'COR-L279', 'HCC1419', 'SCH', 'EB-3', 'EVSA-T', 'CHP-126', 'SK-MM-2', 'LN-405', 'NCI-H1882', 'HT55', 'TE-441-T', 'ZR-75-30', 'CAL-148', 'WSU-NHL', 'BOKU', 'K052', 'MOLT-13', 'NCI-H64', 'LC-1F', 'NCI-H345', 'UACC-893', 'EC-GI-10', 'NCI-H630', 'SCLC-21H', 'DMS-153', 'NCI-H2141', 'CPC-N', 'EW-22', 'SW948', 'NCI-H1436', 'ECC4', 'MHH-CALL-2', 'NCI-H2196', 'NCI-H1694', 'SW1463', 'NCI-H1838', 'LU-165', 'NCI-H524', 'NCI-H1522', 'NCI-H748', 'NCI-H719', 'NCI-H2081', 'MDA-MB-134-VI', 'CW-2', 'NCI-H1666', 'KMS-12-PE', 'UACC-812', 'BALL-1', 'LU-135', 'NCI-H2029', 'P31-FUJ', 'RXF 944']"
CHEMBL4544478,CN1CCC(Nc2nc(Nc3ccc(Oc4ccccc4)cc3)c3c(=O)[nH]cc(Br)c3n2)CC1,[]
CHEMBL506871,C[C@]1(c2nc3c(C(N)=O)cccc3[nH]2)CCCN1,['Poly [ADP-ribose] polymerase-1']
CHEMBL50882,Nc1n[n+]([O-])c2ccccc2[n+]1[O-],['SCC-7']
CHEMBL559288,N#CC(CCN1CCC(C(N)=O)(N2CCCCC2)CC1)(c1ccccc1)c1ccccc1,[]
CHEMBL9113,Cc1ccccc1,[]
CHEMBL934,CC(C)(C(=O)c1cccnc1)c1cccnc1,['Cytochrome P450 11B1']
CHEMBL941,Cc1ccc(NC(=O)c2ccc(CN3CCN(C)CC3)cc2)cc1Nc1nccc(-c2cccnc2)n1,"['Tyrosine-protein kinase ABL', 'Platelet-derived growth factor receptor beta', 'Bcr/Abl fusion protein', 'Tyrosine-protein kinase ABL', 'Breakpoint cluster region protein', 'GIST882', 'GIST48', 'GIST430']"
CHEMBL1165342,CC[C@]12CCCN3CCc4c(n(c5ccccc45)[C@@](O)(C(=O)OC)C1)[C@@H]32,['Aortic artery']
CHEMBL1200878,CC(C)(C)CC(=O)OCC(=O)[C@@]12OC(C)(C)O[C@@H]1C[C@H]1[C@@H]3CCC4=CC(=O)C=C[C@]4(C)[C@@]3(F)[C@@H](O)C[C@@]12C,['Nuclear receptor subfamily 1 group I member 2']
CHEMBL1201139,CC(=O)O[C@]1(C(C)=O)CC[C@H]2[C@@H]3C=C(C)C4=CC(=O)CC[C@]4(C)[C@H]3CC[C@@]21C,"['Nuclear receptor subfamily 1 group I member 2', 'Progesterone receptor']"
CHEMBL1201173,CC(=O)[C@H]1CC[C@H]2[C@@H]3C[C@H](C)C4=CC(=O)CC[C@]4(C)[C@H]3[C@@H](O)C[C@]12C,"['Nuclear receptor subfamily 1 group I member 2', 'Progesterone receptor']"
CHEMBL1201733,Cc1ccc(Nc2nccc(N(C)c3ccc4c(C)n(C)nc4c3)n2)cc1S(N)(=O)=O.Cl,"['Tyrosine-protein kinase YES', 'Proto-oncogene tyrosine-protein kinase ROS', 'Calcium-dependent protein kinase 1', 'Tyrosine-protein kinase ABL2', 'NUAK family SNF1-like kinase 1', 'Ephrin type-A receptor 4', 'Ephrin type-B receptor 2', 'Serine/threonine-protein kinase SIK2', 'Serine/threonine-protein kinase SIK1', 'Tyrosine-protein kinase LCK', 'Protein kinase 6']"
CHEMBL1213251,CC(Cc1ccccc1)NCc1ccccc1Cl,[]
CHEMBL1334692,O=C(O)Cc1cn(-c2ccccc2)nc1-c1ccc(Cl)cc1,[]
CHEMBL1518,CCCc1cc(=O)[nH]c(=S)[nH]1,"['Thymidine phosphorylase', 'Thymidine phosphorylase', 'NADH-cytochrome b5 reductase']"
CHEMBL1570,O=S(O)CNc1ccc(S(=O)(=O)c2ccc(NCS(=O)O)cc2)cc1,[]
CHEMBL1615438,C[C@@H]1CN([C@H]2CC[C@](C#N)(c3ccc(F)cc3)CC2)CC[C@]1(C(=O)O)c1ccccc1,[]
CHEMBL1650595,NCC(=O)Nc1ccc(-n2nc(C(F)(F)F)cc2-c2ccc3c(ccc4ccccc43)c2)cc1,[]
CHEMBL1875999,C[C@]12CC[C@H](O)CC1=CC(=O)C1C2CC[C@]2(C)C(=O)CCC12,[]
CHEMBL189475,C[C@@H](C(=O)NS(C)(=O)=O)c1ccc(OS(=O)(=O)C(F)(F)F)cc1,[]
CHEMBL2105669,Cn1nnc(-c2ccc(-c3ccc(N4C[C@H](COP(=O)(O)O)OC4=O)cc3F)cn2)n1,[]
CHEMBL2105709,CC(C)(C)c1cc(NC(=O)Nc2ccc(-c3cn4c(n3)sc3cc(OCCN5CCOCC5)ccc34)cc2)no1.Cl.Cl,"['Tyrosine-protein kinase receptor FLT3', 'MOLM-13']"
CHEMBL2107801,COc1cccc(-c2nccc3[nH]c(=O)c(-c4noc(C)n4)cc23)c1,[]
CHEMBL2364635,COc1cc(C)c2c(Oc3cccc(C(F)(F)F)c3)c(OC)cc(NC(C)CCCN)c2n1.O=C(O)CCC(=O)O,[]
CHEMBL259223,CC(C)=CCC/C(C)=C/CC/C(C)=C/CC/C(C)=C/CC1=C(C)C(=O)c2ccccc2C1=O,[]
CHEMBL3247378,C[As](C)SC[C@H](NC(=O)CC[C@H](N)C(=O)O)C(=O)NCC(=O)O,['Glutathionylspermidine synthase']
CHEMBL3545365,O=C(Nc1cc(Oc2cc(F)c(NC(=O)C3(C(=O)Nc4ccc(F)cc4)CC3)cc2F)ccn1)C1CC1,"['Vascular endothelial growth factor receptor 2', 'Hepatocyte growth factor receptor']"
CHEMBL377300,Cc1cc2c(F)c(Oc3ncnn4cc(OC[C@@H](C)O)c(C)c34)ccc2[nH]1,['STE20-related kinase adapter protein alpha']
CHEMBL3916243,C[C@@]1(c2cc(NC(=O)c3ccc(C#N)cn3)ccc2F)C=CSC(N)=N1,['Beta-secretase 1']
CHEMBL3989974,CC(C)(O/N=C(\C(=O)N[C@@H]1C(=O)N2C(C(=O)[O-])=C(C[N+]3(CCNC(=O)c4ccc(O)c(O)c4Cl)CCCC3)CS[C@H]12)c1csc(N)n1)C(=O)O,[]
CHEMBL4297067,O=C1C=CC2C(=C1)Oc1cc(O)ccc1C21OC(=O)c2ccccc21,[]
CHEMBL4297188,Nc1ncccc1-c1nc2ccc(-c3ccccc3)nc2n1-c1ccc(C2(N)CCC2)cc1,"['Serine/threonine-protein kinase AKT', 'Serine/threonine-protein kinase AKT2']"
CHEMBL4297469,Cc1cc(C)c(-c2ccc(NC(=O)[C@H](Cc3ccc(C(=O)NCCS(=O)(=O)O)cc3)c3ccc(-c4ccc(C(C)(C)C)cc4)cc3)cc2)c(C)c1,['Glucagon receptor']
CHEMBL4297661,Cn1cnc([N+](=O)[O-])c1C[N+](C)(C)C/C=C/C(=O)Nc1cc2c(Nc3ccc(Cl)c(Br)c3)ncnc2cn1,"['Epidermal growth factor receptor erbB1', 'Receptor protein-tyrosine kinase erbB-2']"
CHEMBL4297866,C=CC(=O)Nc1cccc(Oc2nc(Nc3ccc(N4CCN(C)CC4)c(F)c3)nc3[nH]ccc23)c1.O.O.O=C(O)/C=C\C(=O)O,"['Epidermal growth factor receptor erbB1', 'BEAS-2B']"
CHEMBL4650443,Cn1cc2cc(C(F)(F)c3nnc4ccc(-c5cnn(C6CC6)c5)nn34)c(F)cc2n1,"['Hepatocyte growth factor receptor', 'Putative alpha-1-antitrypsin-related protein']"
CHEMBL466246,CO[C@@H]([C@@H]1OC(C(=O)O)=C[C@H](NC(=N)N)[C@H]1NC(C)=O)[C@H](O)CO,"['Influenza A virus', 'Neuraminidase', 'Neuraminidase', 'Sialidase 2', 'unidentified influenza virus', 'Influenza B virus (B/Lee/40)', 'Neuraminidase', 'Neuraminidase', 'Neuraminidase', 'Neuraminidase']"
CHEMBL5095038,CNc1nc(NC2CCN(Cc3ccc4c(cc(C#N)n4C[C@H](C)N4CCN(S(C)(=O)=O)CC4)c3C)CC2)c2cc(CC(F)(F)F)sc2n1,['Menin']
CHEMBL5314387,C[C@H](N)c1ccc([C@H](O)CNC(C)(C)C)cc1,[]
CHEMBL541388,Cl.O=S(=O)(c1cccc2cnccc12)N1CCCNCC1,"['cAMP-dependent protein kinase (PKA)', 'Serine/threonine-protein kinase N3']"
CHEMBL728,CN1CCN(CCCN2c3ccccc3Sc3ccc(Cl)cc32)CC1,[]
CHEMBL782,CCCCNC(=O)NS(=O)(=O)c1ccc(C)cc1,[]
CHEMBL82301,COC[C@@H](c1ccc(C(F)(F)F)cc1)N1CCN(C2(C)CCN(C(=O)c3c(C)ncnc3C)CC2)C[C@@H]1C,['C-C chemokine receptor type 5']
CHEMBL1096380,CC(C)(C)c1[nH]cnc1/C=c1\[nH]c(=O)/c(=C/c2ccccc2)[nH]c1=O,[]
CHEMBL1198857,OCc1cc([C@@H](O)CNCCCCCCOCCOCc2c(Cl)cccc2Cl)ccc1O,['Beta-2 adrenergic receptor']
CHEMBL1200322,CN(C)CCC[C@@]1(c2ccc(F)cc2)OCc2cc(C#N)ccc21.O=C(O)C(=O)O,"['Serotonin transporter', 'Dopamine transporter']"
CHEMBL1200409,CCN(CC)CC(=O)Nc1c(C)cccc1C.Cl.O,[]
CHEMBL1200598,CC/C(=C(/CC)c1ccc(OP(=O)(O)O)cc1)c1ccc(OP(=O)(O)O)cc1,[]
CHEMBL1200744,[18F-].[Na+],['Carbonic anhydrase V']
CHEMBL1200962,CO/N=C(\C(=O)N[C@@H]1C(=O)N2C(C(=O)O)=C(C[N+]3(C)CCCC3)CS[C@H]12)c1csc(N)n1.Cl.O.[Cl-],[]
CHEMBL1442422,CN(C)CCN1C(=O)c2ccccc2N(C)c2ccccc21,[]
CHEMBL1489,Nc1ncn([C@@H]2O[C@H](CO)[C@@H](O)[C@H]2O)c(=O)n1,[]
CHEMBL1628502,CC(OC(=O)NCC1(CC(=O)O)CCCCC1)OC(=O)C(C)C,[]
CHEMBL1631221,Nc1ccn([C@@H]2S[C@H](CO)[C@@H](O)[C@@H]2O)c(=O)n1,['HEL 299']
CHEMBL1737,CCCc1nn(C)c2c(=O)[nH]c(-c3cc(S(=O)(=O)N4CCN(C)CC4)ccc3OCC)nc12.O=C(O)CC(O)(CC(=O)O)C(=O)O,"['Phosphodiesterase 5A', 'Phosphodiesterase 6C', 'Phosphodiesterase 1', 'Aorta', 'Multidrug resistance-associated protein 5']"
CHEMBL2103812,N[C@H](CCC(=O)N[C@@H](Cc1c[nH]c2ccccc12)C(=O)O)C(=O)O,[]
CHEMBL2111286,CNC(=C[N+](=O)[O-])NCCSCc1ccc(CN(C)C)o1.O=C([O-])CC(O)(CC(=O)[O-])C(=O)[O-].[Bi+3],['Muscarinic acetylcholine receptor M1']
CHEMBL2151591,Cc1c(O)cc2c(c1C)O[C@](C)(CCC[C@H](C)CCC[C@H](C)CCCC(C)C)CC2,['Transient receptor potential cation channel subfamily V member 2']
CHEMBL2359966,C=C[C@H]1CN2CC[C@H]1C[C@H]2[C@H](O)c1ccnc2ccc(OC)cc12.C=C[C@H]1CN2CC[C@H]1C[C@H]2[C@H](O)c1ccnc2ccc(OC)cc12.O.O.O=S(=O)(O)O,"['Plasmodium falciparum', 'Solute carrier organic anion transporter family member 1A4']"
CHEMBL2403238,C[C@H]1CO[C@@H]2Cn3cc(C(=O)NCc4ccc(F)cc4F)c(=O)c(O)c3C(=O)N12,"['Human immunodeficiency virus 1', 'Human immunodeficiency virus type 1 integrase']"
CHEMBL3039520,CN1CCC(C(=O)c2cccc(NC(=O)c3c(F)cc(F)cc3F)n2)CC1,['Serotonin 1f (5-HT1f) receptor']
CHEMBL306700,CCOc1ccccc1OCC1CNCCO1,[]
CHEMBL3291398,C=C[C@]1(C)C[C@@H](OC(=O)CS[C@@H]2CC[C@@H](N)C[C@H]2O)[C@]2(C)[C@H](C)CC[C@]3(CCC(=O)[C@H]32)[C@@H](C)[C@@H]1O,['Wolbachia']
CHEMBL3545155,COc1ccc(Br)cc1NC(=O)Nc1cccc2c1ccn2Cc1ccnc(N)c1,[]
CHEMBL358850,C[C@@H](O)C(=O)O,['Solute carrier family 22 member 6']
CHEMBL383322,CCOCc1nc2c(N)nc3ccccc3c2n1CC(C)(C)O,"['Toll-like receptor 7', 'Toll-like receptor 8']"
CHEMBL3989791,CC1CCCCC1(c1cccs1)N1CCCCC1,[]
CHEMBL4285417,C[C@@H]1COCCN1c1cc(C2([S@](C)(=N)=O)CC2)nc(-c2cc[nH]c3nccc2-3)n1,['Serine-protein kinase ATR']
CHEMBL4297331,CN1C2C(=O)c3ccccc3C1C1=C2C(=O)c2ccccc2C1=O,[]
CHEMBL4297635,CCCCCc1cccc(CC(=O)O)c1,[]
CHEMBL4298139,COC(=O)[C@H](c1ccccc1)[C@H]1CCCCN1C(=O)OC[n+]1cccc(C(=O)N[C@@H](CO)C(=O)O)c1.[Cl-],[]
CHEMBL5314950,Cc1cc(C(=O)N(C)[C@H](CN2CC(O)C2)C(C)C)ccc1F,[]
CHEMBL561057,CC(C)=CCC/C(C)=C/CNCCNC1C2CC3CC(C2)CC1C3,[]
CHEMBL853,Nc1ccn([C@H]2CC[C@@H](CO)O2)c(=O)n1,['Hepatoma cell line']
CHEMBL105318,Cc1cn([C@H]2C[C@H](F)[C@@H](CO)O2)c(=O)[nH]c1=O,[]
CHEMBL146927,N[C@H]1C[C@@H](C(=O)O)CC1=C(F)F,['Betaine transporter']
CHEMBL148674,CCc1c(C(=O)C(N)=O)c2c(OCC(=O)O)cccc2n1Cc1ccccc1,"['Phospholipase A2 group IIA', 'Phospholipase A2 group 1B', 'Group X secretory phospholipase A2', 'Phospholipase A2 group V', 'Phospholipase A2 group 1B', 'Phospholipase A2 group 1B', 'Phospholipase A2, membrane associated', 'Group IIE secretory phospholipase A2', 'Group IID secretory phospholipase A2', 'Phospholipase A2 group V', 'Group X secretory phospholipase A2', 'Group IIE secretory phospholipase A2', 'Group IIF secretory phospholipase A2', 'Group IID secretory phospholipase A2', 'Group IIF secretory phospholipase A2']"
CHEMBL1625260,CCOC(=O)Nc1ccc2c(c1)N(C(=O)CN(C)C)c1ccccc1CC2,['Nuclear receptor subfamily 1 group I member 3']
CHEMBL1678,COc1cc2c(cc1OC)C(=O)C(CC1CCN(Cc3ccccc3)CC1)C2.Cl,"['Acetylcholinesterase', 'Acetylcholinesterase', 'Cholinesterase', 'Acetylcholinesterase', 'Acetylcholinesterase']"
CHEMBL1767408,O=c1ccn([C@@H]2O[C@H](COP(=O)([O-])OP(=O)([O-])OP(=O)([O-])OP(=O)([O-])OC[C@H]3O[C@@H](n4ccc(=O)[nH]c4=O)[C@H](O)[C@@H]3O)[C@@H](O)[C@H]2O)c(=O)[nH]1.[Na+].[Na+].[Na+].[Na+],['Purinergic receptor P2Y2']
CHEMBL1946170,CNC(=O)c1cc(Oc2ccc(NC(=O)Nc3ccc(Cl)c(C(F)(F)F)c3)c(F)c2)ccn1,"['Serine/threonine-protein kinase B-raf', 'Serine/threonine-protein kinase RAF', 'KG-1', 'Serine/threonine-protein kinase RIPK2', 'Ephrin type-A receptor 4', 'Ephrin type-B receptor 2', 'Ephrin type-A receptor 8', 'Ephrin type-A receptor 5', 'Ephrin type-A receptor 6', 'ZR-75-30', 'Eastern equine encephalitis virus', 'Cyclin-dependent kinase-like 3', 'GIST882', 'GIST48']"
CHEMBL198362,O=C(NC[C@H]1CN(c2ccc(N3CCOCC3=O)cc2)C(=O)O1)c1ccc(Cl)s1,"['Coagulation factor X', 'Coagulation factor X']"
CHEMBL2087003,NC(=O)OC[C@@H](O)c1ccccc1Cl,[]
CHEMBL2105097,COc1ccccc1OC(=O)c1ccccc1OC(C)=O,[]
CHEMBL2219413,N=C(N)NCCCCC(=O)Nc1cc(C(F)(F)F)cc(NC(=O)c2cc(C(=O)Nc3cc(C(F)(F)F)cc(NC(=O)CCCCNC(=N)N)c3O[C@@H]3CCNC3)ncn2)c1O[C@@H]1CCNC1,[]
CHEMBL222863,C[C@@H]1O[C@@H](O[C@H]2C[C@@H](O)[C@]3(CO)[C@H]4[C@H](O)C[C@]5(C)[C@@H](C6=CC(=O)OC6)CC[C@]5(O)[C@@H]4CC[C@]3(O)C2)[C@H](O)[C@H](O)[C@H]1O,[]
CHEMBL226345,Nc1[nH]cnc2ncnc1-2,"['Purine-nucleoside phosphorylase', 'Phosphatidylinositol 4-kinase, PI4K']"
CHEMBL2364609,CN[C@]1(c2ccccc2Cl)CCCCC1=O.Cl,[]
CHEMBL2364611,Cc1cccc(-c2nn3c(c2-c2ccnc4ccc(C(N)=O)cc24)CCC3)n1,"['Heat shock protein HSP 90-alpha', 'TGF-beta receptor type I', 'TGF-beta receptor type II']"
CHEMBL296468,CC(C)(C)c1cnc(CSc2cnc(NC(=O)C3CCNCC3)s2)o1,"['Cyclin-dependent kinase 9', 'Cyclin-dependent kinase 4/cyclin D1', 'Cyclin-dependent kinase 2/cyclin E', 'Cyclin-dependent kinase 7', 'Cyclin-dependent kinase 4/cyclin D', 'Uncharacterized aarF domain-containing protein kinase 4', 'Cyclin-dependent kinase-like 5', 'Serine/threonine-protein kinase MAK', 'General transcription and DNA repair factor IIH helicase subunit XPD']"
CHEMBL3287735,CC[C@H](C)n1cc(C)c2c(C(=O)NCc3c(C)cc(C)[nH]c3=O)cc(-c3ccc(N4CCNCC4)nc3)cc21,['Histone-lysine N-methyltransferase EZH2']
CHEMBL3301594,COc1cnc(-n2cnc(C)n2)c2c1c(C(=O)C(=O)N1CCN(C(=O)c3ccccc3)CC1)cn2COP(=O)(O)O,['Human immunodeficiency virus 1']
CHEMBL3360975,CC(C)(O)c1cn(-c2ccc(-c3cccc(S(C)(=O)=O)c3)cc2)c(C(C)(C)c2ccccc2Cl)n1,"['LXR-beta', 'LXR-alpha', 'Retinoic acid receptor RXR-alpha/oxysterols receptor LXR-beta', 'Retinoic acid receptor RXR-alpha/oxysterols receptor LXR-alpha', 'Liver X receptor']"
CHEMBL3544966,O=C1NC(=O)/C(=C/c2ccc3nccc(-c4ccncc4)c3c2)S1,[]
CHEMBL383634,COc1ccc2c(c1)C(=O)N(CCc1ccc(S(=O)(=O)NC(=O)NC3CCCCC3)cc1)C(=O)C2(C)C,[]
CHEMBL3986824,Nc1cncc(-c2cn3ccnc3c(Nc3ccc(N4CCN(C5COC5)CC4)cc3)n2)n1,['CD63 antigen']
CHEMBL4079239,C[C@@H]1c2nnn(-c3ncc(F)cn3)c2CCN1C(=O)c1cccc(C(F)(F)F)c1Cl,"['P2X purinoceptor 7', 'P2X purinoceptor 7', 'P2X purinoceptor 7']"
CHEMBL4279455,CC(=O)O[C@H]1C(=O)[C@]23C[C@H]2C[C@H]2OC[C@@]2(OC(C)=O)[C@H]3[C@H](OC(=O)c2ccccc2)[C@]2(O)C[C@H](OC(=O)[C@H](O)[C@@H](NC(=O)OC(C)(C)C)c3ccccc3)C(C)=C1C2(C)C,[]
CHEMBL4297603,[2H]C([2H])([2H])C(c1cc(C(C)(C)C)c(NC(=O)c2c[nH]c3ccccc3c2=O)cc1O)(C([2H])([2H])[2H])C([2H])([2H])[2H],"['Cystic fibrosis transmembrane conductance regulator', 'NRK-49F']"
CHEMBL45816,COCC(=O)O[C@]1(CCN(C)CCCc2nc3ccccc3[nH]2)CCc2cc(F)ccc2[C@@H]1C(C)C,"['Voltage-gated L-type calcium channel alpha-1C subunit', 'Heart']"
CHEMBL5314539,C=CC(=O)Nc1cc(Nc2nc(-c3ccnc(N4CCn5c(cc6c5CC(C)(C)C6)C4=O)c3CO)cn(C)c2=O)ccc1N1CCN(C2CCOCC2)C[C@@H]1C,['Tyrosine-protein kinase BTK']
CHEMBL595573,O=C1O[C@]2(CC[C@H](C(=O)Nc3ccn(-c4ccccc4F)n3)CC2)c2cnccc21,['Neuropeptide Y receptor type 5']
CHEMBL1200989,CCC(=O)OCC(=O)[C@@]1(OC(=O)CC)[C@H](C)C[C@H]2[C@H]3[C@H]([C@@H](O)C[C@@]21C)[C@@]1(C)C=CC(=O)C=C1C[C@H]3Cl,[]
CHEMBL1230982,c1cncc(C2=NCCCC2)c1,"['Neuronal acetylcholine receptor; alpha4/beta2', 'Neuronal acetylcholine receptor subunit alpha-4']"
CHEMBL126224,CN(C)CCCn1c2c(c3ccccc31)CCCCCC2,[]
CHEMBL1571,C[C@]12C=CC(=O)C=C1CC[C@@H]1[C@@H]2CC[C@]2(C)OC(=O)CC[C@@H]12,[]
CHEMBL17976,C=C(C)[C@]12C[C@@H](C)[C@@]34O[C@](Cc5ccccc5)(O[C@@H]1[C@@H]3C=C(COC(=O)Cc1ccc(O)c(OC)c1)C[C@]1(O)C(=O)C(C)=C[C@@H]41)O2,[]
CHEMBL1923502,C[C@@H]1CN[C@@H](C2CC2)C(=O)N(C)[C@H](C)C(=O)N[C@H](Cc2ccc(F)cc2)C(=O)NCCCc2ccccc2O1.Cl.O,[]
CHEMBL1987462,CCCCNCC(O)c1ccc(O)cc1,[]
CHEMBL2007884,Cc1c(F)c(N)c2c(=O)cc(-c3ccc(NC(=O)[C@@H](N)CCCCN)c(F)c3)oc2c1F,[]
CHEMBL2104340,Nc1nc(=O)n([C@H]2C[C@H](O)[C@@H](CO)O2)cc1I,[]
CHEMBL2104967,CCOCc1cc(OC)c(-c2ccc(C[C@H](NC(=O)c3c(F)cccc3F)C(=O)O)cc2)c(OC)c1,['Integrin alpha-4/beta-1']
CHEMBL2107341,OCCOCCOc1ccc(/C(=C(/CCCl)c2ccccc2)c2ccccc2)cc1,[]
CHEMBL2107372,CC(=O)O[C@@]12CO[C@@H]1C[C@H](O)[C@@]1(C)C(=O)[C@H](OC(=O)C3CCCC3)C3=C(C)[C@@H](OC(=O)[C@H](O)[C@@H](NC(=O)OC(C)C)c4cccs4)C[C@@](O)([C@@H](OC(=O)c4ccccc4)[C@H]21)C3(C)C,[]
CHEMBL2107726,[O-][n+]1cccc(/C(Cl)=N/OC[C@H](O)CN2CCCCC2)c1,[]
CHEMBL2163631,COc1cc(C(=O)c2cnc(-c3c[nH]c4ccccc34)[nH]2)cc(OC)c1OC,['A-375']
CHEMBL222645,Cc1onc(-c2c(F)cccc2Cl)c1C(=O)N[C@@H]1C(=O)N2[C@@H]1SC(C)(C)[C@@H]2C(=O)O,[]
CHEMBL257704,CN(C)CCO/N=C(/C=C/c1ccc(O)cc1)c1ccccc1F,[]
CHEMBL3085504,Cc1c(N)nc([C@H](CC(N)=O)NC[C@H](N)C(N)=O)nc1C(=O)N[C@H](C(=O)N[C@H](C)[C@@H](O)[C@H](C)C(=O)N[C@H](C(=O)NCCc1nc(-c2nc(C(=O)NCCC[S+](C)C)cs2)cs1)[C@@H](C)O)[C@@H](O[C@@H]1O[C@@H](CO)[C@@H](O)[C@H](O)[C@@H]1O[C@H]1O[C@H](CO)[C@@H](O)[C@H](OC(N)=O)[C@@H]1O)c1c[nH]cn1.O=S(=O)(O)O,['Aminoglycoside acetyltransferase']
CHEMBL308954,Cc1cc(C#N)cc(C)c1Oc1nc(Nc2ccc(C#N)cc2)nc(N)c1Br,"['Human immunodeficiency virus 1', 'Human immunodeficiency virus type 1 reverse transcriptase', 'Canalicular multispecific organic anion transporter 2']"
CHEMBL3329435,Cc1nc2c(N3CCNCC3)cccc2n1S(=O)(=O)c1ccccc1,['Serotonin 6 (5-HT6) receptor']
CHEMBL3545036,Cc1cc(C)c(N)c(C#Cc2cccc(F)c2)n1,['Metabotropic glutamate receptor 5']
CHEMBL3707266,CN(C)C(=O)c1cc2cnc(Nc3ccc(N4CCNCC4)cn3)nc2n1C1CCCC1.O=C(O)CCC(=O)O,[]
CHEMBL47072,CCC(=O)C1(c2cccc(O)c2)CCN(C)CC1,['Opioid receptor']
CHEMBL4802159,N#Cc1ccc(N2C[C@H](N)C[C@H](C(F)(F)F)C2)c2cccnc12,"['Dipeptidyl peptidase IV', 'Short transient receptor potential channel 6']"
CHEMBL501849,COc1ccc2c(O[C@@H]3C[C@H]4C(=O)N[C@]5(C(=O)NS(=O)(=O)C6CC6)C[C@H]5/C=C\CCCCN(C)C(=O)[C@@H]4C3)cc(-c3nc(C(C)C)cs3)nc2c1C,['Hepatitis C virus']
CHEMBL5095239,O=C(Nc1ccc(F)c(-c2ccn3c(N4CCOCC4)cnc3n2)c1)N1CCCC1,[]
CHEMBL5095421,Cc1cc(-c2nc(C(=O)Nc3cc4oc(N5CCOCC5)nc4nc3N3CC[C@@H](O)C3)co2)ccn1.Cl,['Interleukin-1 receptor-associated kinase 4']
CHEMBL5095423,CCN1CCC(S(=O)(=O)NC(=O)Nc2c3c(cc4c2CCC4)CCC3)CC1,"['NACHT, LRR and PYD domains-containing protein 3']"
CHEMBL5314375,Nc1ccn(C[C@@H](CO)OCP(=O)(O)O)c(=O)n1.O.O,[]
CHEMBL5314579,Nc1ncc(-c2ccc([C@@]34C[C@@H]3CN(C3CCOCC3)C4)cc2)cc1C(=O)NC12CCC(O)(CC1)CC2,[]
CHEMBL53418,O=C1c2cccc(O)c2C(=O)c2c(O)cccc21,"['HaCaT', 'Arachidonate 5-lipoxygenase', 'Streptococcus mutans']"
CHEMBL58061,COc1cc(Cc2cnc(N)nc2N)cc(OC)c1OC.Cc1cc(NS(=O)(=O)c2ccc(N)cc2)no1,[]
CHEMBL58510,CCN(CC)CCCC(C)Nc1ccnc2cc(Cl)ccc12.O=P(O)(O)O.O=P(O)(O)O,['Plasmodium falciparum']
CHEMBL83527,COc1cc(/C=C/c2ccc(O)cc2)cc(OC)c1,['Aryl hydrocarbon receptor']
CHEMBL1200495,C[C@]12CCC(=O)C=C1CC[C@@H]1[C@@H]2[C@@H](O)C[C@@]2(C)[C@H]1CC[C@]2(O)C(=O)COC(=O)CCC(=O)[O-].[Na+],['Solute carrier organic anion transporter family member 1A2']
CHEMBL1200929,O=S(=O)([O-])[O-].[Zn+2],[]
CHEMBL1201313,CN(C)CCC(O)(c1ccccc1)c1ccccc1Cl,[]
CHEMBL1201342,CN1CCCC(CC2c3ccccc3Sc3ccccc32)C1,[]
CHEMBL1255871,CC1=C(/C=C/C(C)=C/C=C/C(C)=C/C=C/C=C(C)/C=C/C=C(C)/C=C/C2=C(C)C(=O)[C@@H](O)CC2(C)C)C(C)(C)C[C@H](O)C1=O,[]
CHEMBL1430,CC(C)(S)[C@@H](N)C(=O)O,['Aminopeptidase A']
CHEMBL1491,CCOC(=O)C1=C(COCCN)NC(C)=C(C(=O)OC)C1c1ccccc1Cl,['Potassium channel subfamily K member 2']
CHEMBL1609,O=C(O)C(O)c1ccccc1,[]
CHEMBL1624767,O=S(=O)(O)CC(S)CS,[]
CHEMBL181,CC1=Nc2ccc(Cl)cc2S(=O)(=O)N1,[]
CHEMBL1928262,CCOc1ncc(S(=O)(=O)N2CCN(CC)CC2)cc1-c1nc2c(CC)n(CCOC)nc2c(=O)[nH]1,"['Phosphodiesterase 5A', ""Rod cGMP-specific 3',5'-cyclic phosphodiesterase subunit alpha""]"
CHEMBL1980297,Nc1ncc(-c2cnn(CCO)c2)c2scc(-c3ccc(NC(=O)Nc4cccc(F)c4)cc3)c12,"['Vascular endothelial growth factor receptor 2', 'Hepatocyte growth factor receptor', 'Nerve growth factor receptor Trk-A', 'Tyrosine-protein kinase receptor FLT3', 'Tyrosine-protein kinase SYK', 'Glycogen synthase kinase-3 beta', 'Serine/threonine-protein kinase Aurora-A', 'Tyrosine-protein kinase BTK', 'Tyrosine-protein kinase SRC', 'Fibroblast growth factor receptor 1', 'Tyrosine-protein kinase ABL', 'Rho-associated protein kinase 2', 'Serine/threonine-protein kinase Aurora-B', 'Tyrosine-protein kinase LCK', 'ALK tyrosine kinase receptor', 'Macrophage colony stimulating factor receptor', 'Stem cell growth factor receptor', 'Focal adhesion kinase 1', 'Fibroblast growth factor receptor 3', 'Platelet-derived growth factor receptor beta', 'Dual specificity protein kinase CLK2', 'c-Jun N-terminal kinase 2', 'Dual specificity protein kinase CLK4', 'Vascular endothelial growth factor receptor 1', 'Tyrosine-protein kinase receptor RET', 'MAP kinase signal-integrating kinase 2', 'Tyrosine-protein kinase receptor UFO', 'Tyrosine-protein kinase ITK/TSK', 'Dual specificity mitogen-activated protein kinase kinase 1', 'Mitogen-activated protein kinase kinase kinase kinase 4', 'Casein kinase II alpha', 'Casein kinase I delta', '3-phosphoinositide dependent protein kinase-1', 'Vascular endothelial growth factor receptor 3', 'Neurotrophic tyrosine kinase receptor type 2', 'Tyrosine kinase non-receptor protein 2', 'Inhibitor of nuclear factor kappa B kinase epsilon subunit', 'Tyrosine-protein kinase Lyn', 'Tyrosine-protein kinase FYN', 'Ephrin type-A receptor 2', 'Mitogen-activated protein kinase kinase kinase kinase 2', 'NT-3 growth factor receptor', 'Serine/threonine-protein kinase PLK4', 'Tyrosine-protein kinase receptor TYRO3', 'Protein kinase C nu', 'Serine/threonine-protein kinase MST2', 'Misshapen-like kinase 1', 'Mitogen-activated protein kinase kinase kinase kinase 5', 'Serine/threonine-protein kinase TAO1', 'Serine/threonine-protein kinase 2', 'Tyrosine-protein kinase BLK', 'Activin receptor type-1', 'CaM kinase II delta', 'Serine/threonine-protein kinase c-TAK1', 'Proto-oncogene tyrosine-protein kinase ROS', 'Serine/threonine-protein kinase PAK 1', 'Receptor protein-tyrosine kinase erbB-4', 'Interleukin-1 receptor-associated kinase 1', 'Serine/threonine-protein kinase NEK2', 'Homeodomain-interacting protein kinase 4', 'MAP/microtubule affinity-regulating kinase 2', 'Tyrosine-protein kinase FRK', 'Casein kinase I gamma 2', 'Mixed lineage kinase 7', 'Macrophage-stimulating protein receptor', 'Serine/threonine-protein kinase SRPK1', 'Tyrosine-protein kinase FER', 'Leukocyte tyrosine kinase receptor', 'CaM kinase II beta', 'Dual specificity mitogen-activated protein kinase kinase 2', 'Serine/threonine-protein kinase Nek4', 'Tyrosine-protein kinase FES', 'CaM kinase I alpha', 'Tyrosine-protein kinase Srms', 'Serine/threonine protein kinase NLK', 'Tyrosine-protein kinase CTK']"
CHEMBL2095212,Nc1nc(CC(=O)Nc2ccc(CCNC[C@H](O)c3ccccc3)cc2)cs1,"['Beta-3 adrenergic receptor', 'Beta-1 adrenergic receptor']"
CHEMBL2104251,C=C(C#N)C(=O)OCCCC,[]
CHEMBL2105656,CCO.O=C(N[C@@H]1CC[C@@H](c2cccc(F)c2F)CN(CC(F)(F)F)C1=O)N1CCC(n2c([O-])nc3ncccc32)CC1.[K+],[]
CHEMBL2105977,C[N+]1(CC2CC2)[C@@H]2C[C@@H](OC(=O)[C@H](CO)c3ccccc3)C[C@H]1[C@@H]1O[C@@H]12.[Br-],[]
CHEMBL2145077,COc1cc2c(cc1OC)CC(=O)N(CCCN(C)C[C@H]1Cc3cc(OC)c(OC)cc31)CC2.Cl,[]
CHEMBL2146086,CC1(COc2ccc3c(c2)ncn3-c2ccc3cccc(N4CCC(N)CC4)c3n2)COC1.O=S(=O)(O)c1ccccc1,[]
CHEMBL2218894,CC(C)n1c(/C=C/C(O)CC(O)CC(=O)[O-])c(-c2ccc(F)cc2)c2ccccc21.[Na+],['HMG-CoA reductase']
CHEMBL2387408,CCCC[C@]1(CC)CS(=O)(=O)c2cc(CNC(CC(=O)O)CC(=O)O)c(OC)cc2[C@@H](c2ccccc2)N1,"['Ileal bile acid transporter', 'Ileal sodium/bile acid cotransporter', 'Ileal sodium/bile acid cotransporter']"
CHEMBL29404,Cc1nc(OCCCCCN2CCCCC2)cc(-c2ccc(F)cc2)n1,[]
CHEMBL3181870,Cc1ncc(COP(=O)(O)O)c(C=O)c1O.O,[]
CHEMBL3181947,Nc1c(CC(=O)[O-])cccc1C(=O)c1ccc(Br)cc1.Nc1c(CC(=O)[O-])cccc1C(=O)c1ccc(Br)cc1.O.O.O.[Na+].[Na+],[]
CHEMBL3833340,C[C@H]1[C@H](NC(=O)/C(=N\OC(C)(C)C(=O)O)c2csc(N)n2)C(=O)N1S(=O)(=O)O.NCCCC[C@H](N)C(=O)O,[]
CHEMBL3989943,CS(=O)(=O)CCC#N,[]
CHEMBL3989962,NC(CO)(CO)CO.NC(CO)(CO)CO.Nc1nc(=O)c2c(CCc3ccc(C(=O)N[C@@H](CCC(=O)O)C(=O)O)cc3)c[nH]c2[nH]1.O.O,[]
CHEMBL408,Cc1c(C)c2c(c(C)c1O)CCC(C)(COc1ccc(CC3SC(=O)NC3=O)cc1)O2,"['HT-22', 'Bile salt export pump', 'Liver', 'Bile salt export pump', 'Mesenchymal stem cells']"
CHEMBL4206129,Nc1nc(/C(=N/OC2(C(=O)O)CC2)C(=O)N[C@@H]2C(=O)N(S(=O)(=O)O)[C@@H]2CN2CCOC2=O)cs1,[]
CHEMBL4297437,O=C1N=C2C=CC=CN2C12Cc1ccccc1C2,[]
CHEMBL440294,NC(=O)C1(N2CCCCC2)CCN(CCCC(=O)c2ccc(F)cc2)CC1,[]
CHEMBL441687,CC1(C)[C@@H](O[C@H]2O[C@H](C(=O)O)[C@@H](O)[C@H](O)[C@H]2O[C@@H]2O[C@H](C(=O)O)[C@@H](O)[C@H](O)[C@H]2O)CC[C@]2(C)[C@H]3C(=O)C=C4[C@@H]5C[C@@](C)(C(=O)O)CC[C@]5(C)CC[C@@]4(C)[C@]3(C)CC[C@@H]12,[]
CHEMBL4594266,CC[C@@]1(O)C(=O)OCc2c1cc1n(c2=O)Cc2c-1nc1cc(F)c(C)c3c1c2[C@@H](NC(=O)COCNC(=O)CNC(=O)[C@H](Cc1ccccc1)NC(=O)CNC(=O)CNC(=O)CCCCCN1C(=O)CCC1=O)CC3,[]
CHEMBL4650228,C[S@+]([O-])CCOc1cc(N2CCN(CCn3c(=O)sc4c3nc(N)n3nc(-c5ccco5)nc43)CC2)c(F)cc1F.Cl,['Adenosine A2a receptor']
CHEMBL49429,Cc1ccc(F)cc1C(=O)Nc1ccc(C(=O)N2Cc3cccn3Cc3ccccc32)c(Cl)c1,"['Vasopressin V1a receptor', 'Vasopressin V2 receptor', 'Vasopressin V1a receptor']"
CHEMBL5095261,C[C@@H](O)[C@H](N)C(=O)N[C@@H](CCCCN)C(=O)N1CCC[C@H]1C(=O)N[C@@H](CCCNC(=N)N)C(=O)NCC(=O)N[C@@H](Cc1ccc(O)c(/N=N/c2ccc(OP(=O)([O-])OCC[N+](C)(C)C)cc2)c1)C(=O)O,[]
CHEMBL5314454,O=C(/C=C/c1cnn2ccc(N3CCC[C@@H]3c3cc(F)ccc3F)nc12)N1CCNCC1,['Nerve growth factor receptor Trk-A']
CHEMBL5315124,C[C@H]1COc2c(N3CCN(C)CC3)c(F)cc3c(=O)c(C(=O)O)cn1c23.C[C@H]1COc2c(N3CCN(C)CC3)c(F)cc3c(=O)c(C(=O)O)cn1c23.O,"['Mycobacterium smegmatis', 'Mycobacterium intracellulare']"
CHEMBL554230,COCCC1CC2CN3CCc4c([nH]c5ccccc45)C(C(=O)OC)(C2)C13.Cl,[]
CHEMBL779,CN1CC(=O)N2[C@H](c3ccc4c(c3)OCO4)c3[nH]c4ccccc4c3C[C@@H]2C1=O,"['Phosphodiesterase 5A', 'Phosphodiesterase 5A', 'Phosphodiesterase 6', 'Nuclear receptor subfamily 2 group E member 1']"
CHEMBL1113,Clc1ccc2c(c1)C(N1CCNCC1)=Nc1ccccc1O2,[]
CHEMBL1200454,CC(C)[C@H](N)C(=O)OCC(CO)OCn1cnc2c(=O)nc(N)[nH]c21.Cl,[]
CHEMBL1200678,COC(=O)N[C@H](C(=O)N[C@@H](Cc1ccccc1)[C@@H](O)CN(Cc1ccc(-c2ccccn2)cc1)NC(=O)[C@@H](NC(=O)OC)C(C)(C)C)C(C)(C)C.O=S(=O)(O)O,['Human immunodeficiency virus 1']
CHEMBL1201225,II,['Carbonic anhydrase V']
CHEMBL1209734,COc1nc(N)nc2c1ncn2[C@@H]1O[C@H](COP(=O)(N[C@@H](C)C(=O)OCC(C)(C)C)Oc2cccc3ccccc23)[C@@H](O)[C@@]1(C)O,['Hepatitis C virus']
CHEMBL134702,CCCC,"['Alcohol dehydrogenase', 'Pectobacterium carotovorum']"
CHEMBL1354,CC(=O)[O-].[Na+],[]
CHEMBL1371937,CC(C)(CO)C(O)C(=O)NCCCO,"['Pantothenate kinase, putative']"
CHEMBL1661,OC[C@@H](O)[C@@H](O[C@@H]1O[C@H](CO)[C@H](O)[C@H](O)[C@H]1O)[C@H](O)[C@@H](O)CO,[]
CHEMBL1684,NS(=O)(=O)c1cc2c(cc1C(F)(F)F)NC(Cc1ccccc1)NS2(=O)=O,[]
CHEMBL189,Cc1[nH]c(=O)c(C#N)cc1-c1ccncc1,[]
CHEMBL2103796,COc1cccc2c1C(=O)c1c(O)c3c(c(O)c1C2=O)C[C@@](O)(C(=O)CO)C[C@@H]3O[C@H]1C[C@H](N)[C@H](OCc2ccccc2)[C@H](C)O1.Cl,"['WI-38 VA13', 'Shiga toxin 1 variant A subunit']"
CHEMBL242341,COc1ccc(-c2coc3cc(O)ccc3c2=O)cc1,[]
CHEMBL278315,COC1=C2C[C@@H](C)C[C@H](OC)[C@H](O)[C@@H](C)/C=C(\C)[C@H](OC(N)=O)[C@@H](OC)/C=C\C=C(/C)C(=O)NC(=CC1=O)C2=O,[]
CHEMBL304902,CN1CCN(C2=Nc3ccccc3Sc3ccc(Cl)cc32)CC1,"['Dopamine D2 receptor', 'Dopamine D4 receptor', 'Dopamine D1 receptor', 'Serotonin 3 (5-HT3) receptor', 'Dopamine D1 receptor', 'Histone H1.0']"
CHEMBL3617964,Cc1c(-c2ccnn2C)cc(C(=O)NCc2ccc(S(C)(=O)=O)cn2)c(=O)n1-c1cccc(C(F)(F)F)c1,['Leukocyte elastase']
CHEMBL3989740,CCO.C[C@H]1c2cccc(O)c2C(=O)C2=C(O)[C@]3(O)C(=O)C(C(N)=O)=C(O)[C@@H](N(C)C)[C@@H]3[C@@H](O)[C@@H]21.C[C@H]1c2cccc(O)c2C(=O)C2=C(O)[C@]3(O)C(=O)C(C(N)=O)=C(O)[C@@H](N(C)C)[C@@H]3[C@@H](O)[C@@H]21.Cl.Cl.O,[]
CHEMBL399510,CCN(CC)CCNC(=O)c1cc(Br)c(N)cc1OC,[]
CHEMBL406,CC1Cc2ccccc2N1NC(=O)c1ccc(Cl)c(S(N)(=O)=O)c1,[]
CHEMBL4297275,Nc1nc(=O)n([C@H]2C[C@H](O)[C@@H](CO)O2)cc1Cl,[]
CHEMBL4297309,CC(C)CCNc1ncccc1C(=O)N1CCN(Cc2ccccc2)CC1.O=P(O)(O)O,[]
CHEMBL4297382,CCC(C)(C)C(=O)C(=O)N1CCC[C@H]1C(=O)O,[]
CHEMBL4297658,O=C(O)[C@@H]1CCCN1.OC[C@H]1O[C@@H](c2ccc(F)c(Cc3cc4ccccc4s3)c2)[C@H](O)[C@@H](O)[C@@H]1O,['Sodium/glucose cotransporter 2']
CHEMBL4594304,Cn1cc(S(=O)(=O)[C@@](C)(F)C2CCN(C(=O)Nc3ccon3)CC2)c(C(F)F)n1,[]
CHEMBL4802243,CS(=O)(=O)O.Cn1nccc1Nc1nccc(-c2cc3c(s2)C(C)(C)N(CCN2CCOCC2)C3=O)n1,[]
CHEMBL480853,C=C1CC[C@@H]2[C@](C)(CO[C@@H]3O[C@H](CO)[C@@H](O)[C@H](O)[C@H]3O)CCC[C@@]2(C)[C@@H]1CCC1=CCOC1=O,[]
CHEMBL4873876,CCOCc1nc(O)c(-c2nnc(Cc3ccc(Cl)cn3)o2)c(O)c1-c1c(OC)cccc1OC,"['Apelin receptor', 'Apelin receptor', 'Apelin receptor']"
CHEMBL5095215,CC/C=C\C/C=C\C/C=C\C/C=C\CC/C=C/CSCC(=O)C(F)(F)F,[]
CHEMBL5095403,CS(=N)(=O)c1ccc(-c2ccc([C@@H](O)[C@@H](CF)NC(=O)C(F)F)cc2)cn1,[]
CHEMBL5095415,[2H]C([2H])(/C=C\CCCCC)/C=C\CCCCCCCC(=O)OCC,[]
CHEMBL5095418,CC1(C)SC(Nc2ccccc2O)=N[C@@H]1C(=O)O.Cl,[]
CHEMBL5314914,CC1(C)Oc2cc(Cl)ccc2[C@@H]2OCC3(CCN(CCn4ccnc4)CC3)C[C@H]21,[]
CHEMBL61593,NS(=O)(=O)c1cc2c(cc1Cl)NC(C1CC3C=CC1C3)NS2(=O)=O,['Glutamate receptor AMPA 1/2']
CHEMBL90983,COc1ccc(C[C@@H](C)[C@@H](C)Cc2ccc(OC)c(OC)c2)cc1OC,['COS-1']
CHEMBL1021,NC(=O)Cc1cccc(C(=O)c2ccccc2)c1N,[]
CHEMBL1187646,NCCCC(=O)OCCN1CCN(CCCN2c3ccccc3Sc3ccc(Cl)cc32)CC1,[]
CHEMBL1200804,O=C([O-])Cc1ccccc1Nc1c(Cl)cccc1Cl.[K+],"['Interleukin-8', 'H4', 'Dipeptidyl peptidase 3']"
CHEMBL1256686,CNc1ccc2oc(C[C@H]3O[C@@]4(CC[C@H]3C)O[C@H]([C@H](C)C(=O)c3ccc[nH]3)[C@H](C)C[C@H]4C)nc2c1C(=O)O,[]
CHEMBL1558,COc1cc2nc(N3CCN(C(=O)c4ccco4)CC3)nc(N)c2cc1OC.Cl,[]
CHEMBL1568057,CC(C)NCC(O)c1cc(O)cc(O)c1.CC(C)NCC(O)c1cc(O)cc(O)c1.O=S(=O)(O)O,['Beta-2 adrenergic receptor']
CHEMBL1615779,N=C(N)NCc1cccc([131I])c1,[]
CHEMBL1762,Cc1cccc(C)c1NC(=O)C(C)N,[]
CHEMBL186113,CCn1nnc([C@H]2O[C@@H](n3cnc4c(N)nc(N[C@H](CO)Cc5ccccc5)nc43)[C@H](O)[C@@H]2O)n1,"['Adenosine A2a receptor', 'Adenosine A1 receptor']"
CHEMBL189676,CCc1c(C(=O)NN2CCCCC2)nn(-c2ccc(Cl)cc2Cl)c1-c1ccc(Br)cc1,"['Cannabinoid CB2 receptor', 'Cannabinoid CB1 receptor', 'Cannabinoid CB1 receptor']"
CHEMBL2096631,O=C([O-])C1N=C(c2ccccc2)c2cc(Cl)ccc2NC1=O.[K+].[K+].[OH-],[]
CHEMBL2104940,CCC(C)N(CC(O)c1cccn1Cc1ccccc1Cl)C(C)CC,[]
CHEMBL2106991,O=c1[nH]c(=O)n([C@H]2C[C@H](F)[C@@H](CO)O2)cc1Cl,['Thymidine kinase']
CHEMBL2322189,C[C@@H]1O[C@@H]1P(=O)([O-])O.[Na+],[]
CHEMBL267227,CCCCCc1cc(O)c2c(c1)OC(C)(C)[C@@H]1CC=C(C)C[C@@H]21,"['Cannabinoid CB2 receptor', 'Cannabinoid CB1 receptor', 'Cannabinoid CB1 receptor', 'Cannabinoid CB2 receptor', 'Transient receptor potential cation channel subfamily V member 2', 'Cannabinoid receptor', 'Transient receptor potential cation channel subfamily V member 2']"
CHEMBL301523,N[C@@H](Cc1ccccc1)C(=O)O,"['L-type amino acid transporter 1', 'Voltage-gated calcium channel alpha2/delta subunit 1']"
CHEMBL317052,CNC(=O)c1cnn(-c2nc(N)c3ncn([C@@H]4O[C@H](CO)[C@@H](O)[C@H]4O)c3n2)c1,['Adenosine A1 receptor']
CHEMBL328250,CN(C)Cc1nnc2n1-c1ccc(Cl)cc1C(c1ccccc1)=NC2,[]
CHEMBL3360203,COc1ccc(Cl)c(Nc2nc3ccccc3nc2NS(=O)(=O)c2cccc(NC(=O)C(C)(C)N)c2)c1,[]
CHEMBL3545137,Cn1cc(C2=Nc3cc(NC(=O)C(N)C4CCCCC4)cc4c3C2=CNNC4=O)cn1,[]
CHEMBL3546168,Cl[Te]1(Cl)OCCO1,[]
CHEMBL3707395,CSc1ccc(C(=O)/C=C/c2cc(C)c(OC(C)(C)C(=O)O)c(C)c2)cc1,[]
CHEMBL400599,CC(Cc1cccc(C(F)(F)F)c1)NCCOC(=O)c1ccccc1,[]
CHEMBL4076837,CN1CCN(C(=O)c2ccc3cc(CCNc4ncnc5ccc(C#N)cc45)ccc3c2)CC1,[]
CHEMBL4297676,Cl.O=C(NC[C@H](O)CO)c1ccncc1Nc1ccc(I)cc1F,['Dual specificity mitogen-activated protein kinase kinase 1']
CHEMBL4299851,O=C(O)CC[C@H](NC(=O)N[C@@H](CCCCNC(=O)c1ccc(F)nc1)C(=O)O)C(=O)O,['Glutamate carboxypeptidase II']
CHEMBL4574601,COc1ncc(-c2nc(N3CCOCC3)nc3c(CN4CCC(C(C)(C)O)CC4)cc(F)cc23)cc1NS(C)(=O)=O,"['PI3-kinase p110-alpha subunit', 'PI3-kinase p110-delta subunit']"
CHEMBL4802144,C=CC[C@@]12CCCN1C(=O)CNC2=O,[]
CHEMBL4802146,CCCn1cc(-n2c(Cl)c(Sc3cccc(C(=O)O)c3F)c3ccc(Cl)c(F)c32)cn1,[]
CHEMBL491571,C[C@@H](O)[C@H]1C(=O)N2C(C(=O)O)=C(S[C@@H]3CN[C@H](CNS(N)(=O)=O)C3)[C@H](C)[C@H]12,[]
CHEMBL5095243,COCC1(CN[C@@H]2C[C@H]2c2ccccc2)CCN(CC2(C(=O)O)CCC2)CC1,['C-X3-C chemokine receptor 1']
CHEMBL5314393,CC(C)(CN1CCN(C2=Nc3ccccc3Oc3ccccc32)CC1)C(=O)O,[]
CHEMBL5314484,CCc1ccc(Oc2ncccc2-c2cnccc2OC)cc1,[]
CHEMBL718,CC(N)(Cc1ccc(O)c(O)c1)C(=O)O,[]
CHEMBL1006,NCCCNCCSP(=O)(O)O,['GABA-B receptor']
CHEMBL1026,CS(=O)(=O)O.Oc1ccc(C2CNCCc3c2cc(O)c(O)c3Cl)cc1,[]
CHEMBL1077896,CCCN1CCCC[C@H]1C(=O)Nc1c(C)cccc1C,[]
CHEMBL1086863,OC[C@H]1O[C@H](O)[C@H](F)[C@@H](O)[C@@H]1O,[]
CHEMBL1200420,Cc1ncc2n1-c1ccc(Cl)cc1C(c1ccccc1F)=NC2.Cl,[]
CHEMBL1200506,CC[C@H]1OC(=O)[C@H](C)[C@@H](O[C@H]2C[C@@](C)(OC)[C@@H](O)[C@H](C)O2)[C@H](C)[C@@H](O[C@@H]2O[C@H](C)C[C@H](N(C)C)[C@H]2O)[C@](C)(O)C[C@@H](C)C(=O)[C@H](C)[C@@H](O)[C@]1(C)O.O=C(O)[C@H](O)[C@@H](O)[C@H](O[C@@H]1O[C@H](CO)[C@H](O)[C@H](O)[C@H]1O)[C@H](O)CO,[]
CHEMBL1201110,CC(C)[C@H](N)C(=O)OCCOCn1cnc2c(=O)nc(N)[nH]c21.Cl,[]
CHEMBL1201270,C1N2CN3CN1CN(C2)C3,[]
CHEMBL1201776,CC[C@@H](c1cccc(O)c1)[C@@H](C)CN(C)C,[]
CHEMBL1238,O=C(O)CCCCCCCC(=O)O,"['Solute carrier family 22 member 6', 'Solute carrier family 22 member 20']"
CHEMBL1346,NC(=O)C(c1ccccc1)(c1ccccc1)[C@@H]1CCN(CCc2ccc3c(c2)CCO3)C1,[]
CHEMBL1349073,CCOC(=O)COc1ccc2c(=O)cc(-c3ccccc3)oc2c1,[]
CHEMBL1483,CCCSc1ccc2[nH]c(NC(=O)OC)nc2c1,[]
CHEMBL1738,C[C@@H](CN1CC(=O)NC(=O)C1)N1CC(=O)NC(=O)C1,[]
CHEMBL1741134,O=S(=O)(O)Oc1ccc(C(c2ccc(OS(=O)(=O)O)cc2)c2ccccn2)cc1,[]
CHEMBL1788388,CCCCOC(=O)CCC(=O)OCCCC,[]
CHEMBL188952,CC(C(=O)O)c1ccc(N2CC=CC2)c(Cl)c1,[]
CHEMBL191083,CN(C)c1ccc2nc3ccc(=[N+](C)C)cc-3sc2c1,[]
CHEMBL2104607,CCN(CC)C(=O)c1cccnc1,[]
CHEMBL2107261,Cc1ccc(C(CCN(C)C)c2ccccc2)cc1,[]
CHEMBL2111176,CCC(C)C(C(=O)OCC[N+](C)(CC)CC)c1ccccc1,[]
CHEMBL2251240,Br.CN1[C@@H]2C[C@@H](OC(=O)[C@H](CO)c3ccccc3)C[C@H]1[C@@H]1O[C@@H]12.O.O.O,[]
CHEMBL23393,CCCCCCCCCCCCOS(=O)(=O)[O-].[Na+],[]
CHEMBL248594,CCCCC1OC(=O)c2ccccc21,[]
CHEMBL3306918,CC(C)n1c(=O)c(C(=O)NCCCN2CCCCC2)c(O)c2ccsc21,[]
CHEMBL3334567,C[C@@H](c1ccc2nccn2c1)n1nnc2ncc(-c3cnn(C)c3)nc21,"['Hepatocyte growth factor receptor', 'NCI-H1993', 'SNU-5', 'NCI-H441']"
CHEMBL3545280,Cc1cc(Oc2ccc3nc(COc4ccc(CC5SC(=O)NC5=O)cc4)n(C)c3c2)cc(C)c1N,[]
CHEMBL358040,NCC(O)c1cccc(O)c1,[]
CHEMBL3742465,CC(C)[C@]12O[C@H]1[C@@H]1O[C@]13[C@]1(O[C@H]1C[C@H]1C4=C(CC[C@@]13C)C(=O)OC4)[C@@H]2OCOP(=O)(O)O,[]
CHEMBL39736,CCCCNC(=N)NC(=N)N,[]
CHEMBL3989516,COc1cc(Nc2ncc(F)c(Nc3ccc4c(n3)N(COP(=O)([O-])[O-])C(=O)C(C)(C)O4)n2)cc(OC)c1OC.O.O.O.O.O.O.[Na+].[Na+],['Tyrosine-protein kinase ZAP-70']
CHEMBL4217292,N#Cc1ccc(Cn2ccc(NC(=O)Cc3ccc(C4(C(F)(F)F)CC4)cc3)n2)nc1,"['Voltage-gated T-type calcium channel alpha-1I subunit', 'T-type calcium channel alpha 1G subunit']"
CHEMBL4297298,CCc1c(O)cc(O)c(C(=O)c2ccc(OCCN3CCOCC3)c(OC)c2)c1CC(=O)N(CCOC)CCOC.Cl,[]
CHEMBL4297371,[2H]C([2H])([2H])[C@H](O)C([2H])([2H])CCCn1c(=O)c2c(ncn2C)n(C)c1=O,[]
CHEMBL4297474,C[C@@H](OP(=O)(N1CC1)N1CC1)c1ccc([N+](=O)[O-])c(Oc2cccc(C(=O)N(C)C)c2)c1,[]
CHEMBL4594276,Cl.N#CCC1CCN(c2nc(Nc3ccc(N4CCC(O)CC4)cc3)c3c(=O)[nH]ncc3n2)CC1,[]
CHEMBL4594427,CCCCCCCCCCCCCCCCCCCCCCCC(=O)N[C@@H](CO[C@H]1O[C@H](CNC(C)=O)[C@H](O)[C@H](O)[C@H]1O)[C@H](O)[C@H](O)CCCCCCCCCCCCCC,[]
CHEMBL4650301,CC(C)[C@H](N)C(=O)NCCCS(=O)(=O)O,[]
CHEMBL495,CCCCC[C@H](O)/C=C/[C@H]1[C@H](O)CC(=O)[C@@H]1CCCCCCC(=O)O,[]
CHEMBL502,COc1cc2c(cc1OC)C(=O)C(CC1CCN(Cc3ccccc3)CC1)C2,"['Acetylcholinesterase', 'Acetylcholinesterase', 'Acetylcholinesterase', 'Acetylcholinesterase']"
CHEMBL503481,CCCCCCCCCCCCCCSCC(=O)OC[C@H](COP(=O)([O-])OCC[N+](C)(C)C)OC(=O)CSCCCCCCCCCCCCCC,[]
CHEMBL5095188,Cc1c(C=Cc2cc(CNC(C)(CO)C(=O)O)ccc2C(F)(F)F)cccc1-c1ccc2c(c1)OCCO2,['Programmed cell death protein 1/Programmed cell death 1 ligand 1']
CHEMBL5185221,Cn1cnc(Cn2c(=O)[nH]/c(=N\c3cc4cn(C)nc4cc3Cl)n(Cc3cc(F)c(F)cc3F)c2=O)n1.O=C(O)/C=C/C(=O)O,[]
CHEMBL5314424,O=Cc1c(O)cccc1OC[C@@H]1COCCN1C(=O)c1cccnc1CCO,[]
CHEMBL5314930,O.O.O.O.O.OB1OB(O)O[B-]2(O1)OB(O)OB(O)O2.[Na+],[]
CHEMBL5315053,Nc1nc2[nH]cc(CCc3ccc(C(=O)N[C@@H](CCC(=O)O)C(=O)O)cc3)c2c(=O)[nH]1.O,"['KB', 'GAR transformylase', 'Thymidylate synthase/GAR transformylase/AICAR transformylase']"
CHEMBL564,CN(C)CCCN1c2ccccc2Sc2ccccc21,"['Inositol monophosphatase 1', 'Cytochrome P450 2D6', 'Arachidonate 15-lipoxygenase, type II', 'Dopamine D1 receptor', 'Histamine H1 receptor', 'Muscarinic acetylcholine receptor M1', 'Regulator of G-protein signaling 4', 'Histamine H2 receptor', 'Peripheral myelin protein 22', 'Cerebroside-sulfatase', 'Nuclear factor NF-kappa-B p105 subunit', 'Thrombopoietin', 'Prion protein', 'Endonuclease 4', 'Galanin receptor 3', 'Trypanothione reductase', 'Histamine H1 receptor', 'Sodium channel alpha subunits; brain (Types I, II, III)', 'Solute carrier family 22 member 1', 'Multidrug and toxin extrusion protein 1', 'Solute carrier family 22 member 2', 'Norepinephrine transporter', 'Pleiotropic ABC efflux transporter of multiple drugs', 'Aldehyde oxidase', 'Acetylcholine receptor protein alpha chain', 'Adenylate cyclase', 'Protein arginine N-methyltransferase 1', 'BK polyomavirus', 'Sodium channel alpha subunit', 'Calmodulin', 'Serotonin 2c (5-HT2c) receptor', 'GC3/Cl', '2,3-bisphosphoglycerate-independent phosphoglycerate mutase', 'Calmodulin', 'Nuclear receptor subfamily 2 group E member 1', 'Serum albumin']"
CHEMBL601,NCC(=O)CCC(=O)O,"['Betaine transporter', 'Beta-lactamase VIM-4', 'GABA receptor alpha-1 subunit']"
CHEMBL831,CN1CCN(C2=Nc3ccccc3Oc3ccc(Cl)cc32)CC1,"['Dopamine D2 receptor', 'Dopamine D1 receptor', 'Serotonin 3 (5-HT3) receptor', 'Histone H1.0']"
CHEMBL982,C=C1CC[C@@]2(O)[C@H]3Cc4ccc(O)c5c4[C@@]2(CCN3CC2CC2)[C@H]1O5,[]
CHEMBL1029,CCCCN1C[C@H](O)[C@@H](O)[C@H](O)[C@H]1CO,"['Beta-glucocerebrosidase', 'Beta-glucosidase', 'Ceramide glucosyltransferase', 'Lysosomal alpha-glucosidase', 'Sucrase-isomaltase', 'Glycogen debranching enzyme']"
CHEMBL1104,CC[N+](C)(C)c1cccc(O)c1,[]
CHEMBL1144,CC[C@H](C)C(=O)O[C@H]1C[C@H](O)C=C2C=C[C@H](C)[C@H](CC[C@@H](O)C[C@@H](O)CC(=O)O)[C@H]21,"['HMG-CoA reductase', 'HES']"
CHEMBL1200330,CC[C@@H]1C(=O)OC[C@@H]1Cc1cncn1C.Cl,[]
CHEMBL1256391,Cc1ccc(=O)n(-c2ccccc2)c1,[]
CHEMBL1371770,c1cnc(N2CCN(Cc3ccc4c(c3)OCO4)CC2)nc1,[]
CHEMBL1401,CC(=O)Oc1ccccc1C(=O)Nc1ncc([N+](=O)[O-])s1,['Unchecked']
CHEMBL1512080,CN1C(=O)/C(=N\NC(N)=S)c2ccccc21,[]
CHEMBL1624126,CN(CCO)CC(O)Cn1cnc2c1c(=O)n(C)c(=O)n2C,[]
CHEMBL1650818,CC(C)(C)C(=O)OCOC(=O)[C@@H]1N2C(=O)[C@@H](/N=C/N3CCCCCC3)[C@H]2SC1(C)C,[]
CHEMBL1652465,CC(C)COC(=O)[C@H](Cc1ccccc1)NP(=O)(COCCn1cnc2c(NC3CC3)nc(N)nc21)N[C@@H](Cc1ccccc1)C(=O)OCC(C)C,[]
CHEMBL2068884,O=C([O-])[C@H]1O[C@H](O)[C@H](O)[C@@H](O)[C@@H]1O.[Na+],[]
CHEMBL2105613,CCCC(CCC)C(=O)O.CCCC(CCC)C(=O)[O-].[Na+],['Solute carrier family 22 member 20']
CHEMBL2323775,Cn1cc(-c2cnc3ccc4ccc(CS(=O)(=O)NCc5ccccn5)cc4c(=O)c3c2)cn1,['Hepatocyte growth factor receptor']
CHEMBL3099695,N#Cc1ccc([C@H]2CCc3cncn32)c(F)c1,"['Cytochrome P450 19A1', 'Cytochrome P450 11B2', 'Cytochrome P450 11B1', 'Cytochrome P450 11B1', 'Cytochrome P450 11B2, mitochondrial', 'Cytochrome P450 11B2']"
CHEMBL329091,Nc1ncc2ncn(CC3(OCP(=O)(O)O)CC3)c2n1,[]
CHEMBL3353410,C=CC(=O)Nc1cc(Nc2nccc(-c3cn(C)c4ccccc34)n2)c(OC)cc1N(C)CCN(C)C,"['Epidermal growth factor receptor erbB1', 'NCI-H1975', 'NCI-H292']"
CHEMBL3527358,CO[C@@H]1[C@H](OC(=O)N[C@@H](C(N)=O)C(C)C)CC[C@]2(CO2)[C@H]1[C@@]1(C)O[C@@H]1CC=C(C)C,[]
CHEMBL3696475,Cc1c([C@@H](O)CN2CCN(C[C@H](O)c3ccc4c(c3C)COC4=O)CC2)ccc2c1COC2=O,['ATP-sensitive inward rectifier potassium channel 1']
CHEMBL3704901,Cc1cnc(-c2ccnc(C(C)(C)O)n2)cc1-n1c(C)cc(OCc2ncc(F)cc2F)c(Cl)c1=O,"['MOLM-13', 'Serine/threonine-protein kinase PAK 1/PAK 2']"
CHEMBL3989931,CC(C)(O)CNc1nc(Nc2ccnc(C(F)(F)F)c2)nc(-c2cccc(C(F)(F)F)n2)n1.CS(=O)(=O)O,"['Isocitrate dehydrogenase [NADP], mitochondrial']"
CHEMBL3989959,NCCONC(=O)[C@@H]1CC[C@@H]2CN1C(=O)N2OS(=O)(=O)O,"['Beta-lactamase', 'Beta-lactamase']"
CHEMBL4594421,[2H]C([2H])([2H])NC(=O)c1ccc(N2C(=S)N(c3ccc(C#N)c(C(F)(F)F)c3)C(=O)C2(C)C)cc1F,"['Androgen Receptor', 'LNCaP']"
CHEMBL4596566,O=C(NCc1ncccc1F)c1coc(CCNCCc2nc3ccccc3[nH]2)n1,"['Solute carrier family 40 member 1', 'Solute carrier family 40 member 1']"
CHEMBL4650216,COc1ccc(-n2nccn2)c(C(=O)N2CCC[C@@]2(C)c2nc3c(C)c(Cl)ccc3[nH]2)c1.Cl,"['Orexin receptor 2', 'Orexin receptor 1']"
CHEMBL467,NC(=O)NO,[]
CHEMBL469449,C[C@@H]1OC(O)[C@@H](O)[C@H](O)[C@@H]1O,[]
CHEMBL490672,CCc1cc(CC[C@]2(C3CCCC3)CC(O)=C(Cc3nc4nc(C)cc(C)n4n3)C(=O)O2)cc(CC)n1,[]
CHEMBL5095259,Cc1ccc(-c2noc(C)c2COc2ccc(C(=O)NC3CCOCC3)nn2)cn1,['GABA receptor alpha-5 subunit']
CHEMBL5095406,CC1(C)CC(Oc2ccc(-c3ccc(-c4cn[nH]c4)cc3O)nn2)CC(C)(C)N1.Cl,[]
CHEMBL550755,Cl.O=c1[nH]cnc2c([C@@H]3N[C@H](CO)[C@@H](O)[C@H]3O)c[nH]c12,['Purine nucleoside phosphorylase']
CHEMBL646,Cc1nnc2n1-c1ccc(Cl)cc1C(c1ccccc1Cl)=NC2,[]
CHEMBL95431,NC(=O)c1nnn(Cc2cc(Cl)c(C(=O)c3ccc(Cl)cc3)c(Cl)c2)c1N,[]
CHEMBL1089,NNCCc1ccccc1,"['Nitric-oxide synthase, brain']"
CHEMBL1161632,O=C(O)O,"['Olfactory receptor 51E2', 'Solute carrier family 22 member 6', 'Methylcytosine dioxygenase TET2']"
CHEMBL1171829,C[C@H](Oc1ccc(S(C)(=O)=O)cc1C(=O)N1CCN(c2ncc(C(F)(F)F)cc2F)CC1)C(F)(F)F,['Glycine transporter 1']
CHEMBL1189679,O=C1c2cccc3c2[C@H](CCC3)CN1[C@@H]1CN2CCC1CC2,['Serotonin 3 (5-HT3) receptor']
CHEMBL1213633,CON,"['Ornithine decarboxylase', 'Gamma-amino-N-butyrate transaminase']"
CHEMBL1230227,C[C@@H]1O[C@@H](O[C@@H]2[C@H](C)O[C@@H](O[C@H]3C[C@](O)(C(=O)CO)Cc4c(O)c5c(c(O)c43)C(=O)c3ccccc3C5=O)C[C@@H]2O)C[C@H](N)[C@@H]1O,[]
CHEMBL1370446,Cc1sc2ccccc2c1CC1=NCCN1,"['Alpha-1a adrenergic receptor', 'Adrenergic receptor alpha-2', 'Alpha-1d adrenergic receptor', 'Alpha-2c adrenergic receptor']"
CHEMBL1511,CCCCC(=O)O[C@H]1CC[C@H]2[C@@H]3CCc4cc(O)ccc4[C@H]3CC[C@]12C,['Estradiol 17-beta-dehydrogenase 1']
CHEMBL1908336,CCOC(=O)[C@@H]1CC(=O)O[C@H](C)C/C=C/C=C/[C@H](O)[C@H](C)C[C@H](CC=O)[C@H](O[C@@H]2O[C@H](C)[C@@H](O[C@H]3C[C@@](C)(O)[C@@H](OC(=O)CC)[C@H](C)O3)[C@H](N(C)C)[C@H]2O)[C@H]1OC,"['MES-SA', 'Bacterial 70S ribosome', 'Streptococcus pneumoniae']"
CHEMBL2103773,CCCCCCCCOc1ccccc1C(=O)Nc1ccc(C(=O)OCC[N+](C)(CC)CC)cc1.[Br-],[]
CHEMBL2105643,COc1ccc(/C=C\c2cc(OC)c(OC)c(OC)c2)cc1OP(=O)(O)O.NC(CO)(CO)CO,['A549']
CHEMBL2110784,CCOC(=O)CN1CCN(C(=O)/C=C/c2cc(OC)c(OC)c(OC)c2)CC1,[]
CHEMBL2133806,Cn1cc(-c2ccc3nnc(C(F)(F)c4ccc5ncccc5c4)n3n2)cn1,['Hepatocyte growth factor receptor']
CHEMBL2263632,COc1cccc(-c2cc(F)c(Nc3ncccc3C(=O)O)c(F)c2)c1,['Dihydroorotate dehydrogenase']
CHEMBL3545040,CC(C)(C)OC(=O)NCCN1CC2CN(C[C@H](O)COc3ccc(C#N)cc3)CC(C1)O2,[]
CHEMBL3545432,CC(C)C[C@H](NC(=O)CNC(=O)c1cc(Cl)ccc1Cl)B1OC(=O)C(CC(=O)O)(CC(=O)O)O1,['Caspase-3']
CHEMBL36,CCc1nc(N)nc(N)c1-c1ccc(Cl)cc1,[]
CHEMBL3657311,COc1cc(C(=O)NC2CCN(C)CC2)c(F)cc1Nc1ncc(C(F)(F)F)c(Oc2cccc3c2C(=O)N(C)C3)n1,['Focal adhesion kinase 1']
CHEMBL3833338,CN[C@@H]1[C@H](O[C@H]2[C@H](O[C@H]3[C@H](O)[C@@H](O)[C@H](NC(=N)N)[C@@H](O)[C@@H]3NC(=N)N)O[C@@H](C)[C@]2(O)C=O)O[C@@H](CO)[C@H](O)[C@H]1O.CN[C@@H]1[C@H](O[C@H]2[C@H](O[C@H]3[C@H](O)[C@@H](O)[C@H](NC(=N)N)[C@@H](O)[C@@H]3NC(=N)N)O[C@@H](C)[C@]2(O)CO)O[C@@H](CO)[C@H](O)[C@H]1O.O=S(=O)(O)O.O=S(=O)(O)O,['Ribosome']
CHEMBL3833401,[Cl][Al]([Cl])[Cl],[]
CHEMBL398615,CS(=O)(=O)c1ccc2c(c1)N(CCCN1CCC(C(N)=O)CC1)c1ccccc1S2,[]
CHEMBL3989901,CC(CCCCCCCCCCCCc1ccc([123I])cc1)CC(=O)O,[]
CHEMBL4297224,CN(C)CC1CCOC1(c1ccccc1)c1ccccc1,[]
CHEMBL4297289,CN1CCN(C(=O)[C@H](CCCN[C@@H]2C[C@H]2c2ccc(F)cc2)NC(=O)c2ccc(-n3ccnn3)cc2)CC1,[]
CHEMBL4297451,CC[C@@H](C)Nc1cc(C(=O)N[C@H]2C[C@H]3CC[C@@H](C2)N3c2ccc(C(=O)C3CC3)cn2)c(C)cc1C(N)=O,[]
CHEMBL4297542,CC(C)Oc1ncc(-c2nc(-c3cccc4c3ccn4CCCC(=O)O)no2)cc1Cl,['Sphingosine 1-phosphate receptor Edg-1']
CHEMBL4297590,COc1ccc(-n2nccn2)c(C(=O)N2CCC[C@@]2(C)c2nc3c(C)c(Cl)ccc3[nH]2)c1,"['Orexin receptor 2', 'Orexin receptor 1']"
CHEMBL4437054,CS(=O)(=O)CCCn1c(Cn2c(=O)n(CC(F)(F)F)c3ccncc32)cc2cc(Cl)ccc21,"['Respiratory syncytial virus', 'Fusion glycoprotein F0']"
CHEMBL450895,C[C@@H]1[C@H](O)[C@@H](C)/C=C/C=C/CC/C=C/C=C/C=C/C=C/[C@H](O[C@@H]2O[C@H](C)[C@@H](O)[C@H](N)[C@@H]2O)C[C@@H]2O[C@](O)(C[C@@H](O)[C@H](O)CC[C@@H](O)C[C@@H](O)C[C@@H](O)CC(=O)O[C@H]1C)C[C@H](O)[C@H]2C(=O)O,[]
CHEMBL452076,COCCOC(=O)C1=C(C)NC(C)=C(C(=O)OC/C=C/c2ccccc2)C1c1cccc([N+](=O)[O-])c1,"['Voltage-gated L-type calcium channel alpha-1D subunit', 'Voltage-gated L-type calcium channel alpha-1C subunit', 'Voltage-gated L-type calcium channel alpha-1C subunit']"
CHEMBL4650350,CC(C)n1ccc(S(=O)(=O)NC(=O)Nc2c3c(cc4c2CCC4)CCC3)n1,"['NACHT, LRR and PYD domains-containing protein 3']"
CHEMBL476413,[11CH3]Oc1ccc(-c2c(C#N)c(C(=O)NN3CCCCC3)nn2-c2ccc(Cl)cc2Cl)cc1,"['Cannabinoid CB2 receptor', 'Cannabinoid CB1 receptor']"
CHEMBL4802585,O=C(O)[C@@H](Cc1cccc(CN(Cc2cccc(C[C@H](C(=O)O)[C@H]3CCNC3)c2)Cc2cccc(C[C@H](C(=O)O)[C@H]3CCNC3)c2)c1)[C@H]1CCNC1,[]
CHEMBL5095173,COc1cccc2c1C(=N)c1c(O)c3c(c(O)c1C2=O)C[C@@](O)(CCO)C[C@@H]3O[C@H]1C[C@H](N)[C@H](O)[C@H](C)O1,"['MAXF401 cell line', 'Shiga toxin 1 variant A subunit']"
CHEMBL5095214,Cc1cn([C@H]2O[C@@H](CO[P@@](=O)(N[C@@H](C)C(=O)OC(C)C)Oc3ccccc3)[C@H](O)[C@H]2F)c(=O)[nH]c1=O,[]
CHEMBL5095226,O=C1CC[C@H](N2C(=O)c3cccc(NCc4ccc(CN5CC(N6CCOCC6)C5)cc4F)c3C2=O)C(=O)N1,"['Protein cereblon/DNA damage-binding protein 1', 'Cereblon/Aiolos']"
CHEMBL5095419,CCCCCC(=O)N[C@@H](Cc1ccc(OP(=O)(O)O)cc1)C(=O)N[C@H](C(=O)NCCCCCC(N)=O)[C@@H](C)CC,[]
CHEMBL5095491,C=CC(=O)Nc1cc(Nc2nccc(-c3cn(C4CC4)c4ccccc34)n2)c(OC)cc1N(C)CCN(C)C.CS(=O)(=O)O,"['Epidermal growth factor receptor erbB1', 'NCI-H1975']"
CHEMBL511115,COc1ccc([C@]2(C#N)CC[C@@H](C(=O)O)CC2)cc1OC1CCCC1,"['Phosphodiesterase 4B', 'Phosphodiesterase 4', 'Phosphodiesterase 4A', 'Phosphodiesterase 4']"
CHEMBL5314472,Cc1cc2n(c1)S(=O)(=O)c1ccc(C(=O)NCC[C@H]3COCCO3)cc1NC2=O,[]
CHEMBL5314557,Cc1cc(C)c2c(n1)CN(C(=O)CC1CN(c3ccnc(C(F)(F)F)c3)C1)C2,[]
CHEMBL5314949,COc1ccc(Cc2sccc2O[C@@H]2O[C@H](CO)[C@@H](O)[C@H](O)[C@H]2O)cc1,"['Sodium/glucose cotransporter 2', 'Low affinity sodium-glucose cotransporter']"
CHEMBL617,CC(=O)OCC1=C(C(=O)O)N2C(=O)[C@@H](NC(=O)Cc3cccs3)[C@H]2SC1,"['Solute carrier family 22 member 6', 'Solute carrier family 22 member 8']"
CHEMBL695,CN1C(=O)OC(C)(C)C1=O,[]
CHEMBL99946,CCN(CC)C(=O)[C@@]1(c2ccccc2)C[C@H]1CN,"['Serotonin transporter', 'Norepinephrine transporter', 'Dopamine transporter']"
CHEMBL1172,Clc1ccc2c(c1)CCc1cccnc1C2=C1CCNCC1,['Histamine H1 receptor']
CHEMBL1200978,O=[As]O[As]=O,['Carbonic anhydrase V']
CHEMBL1201325,C[N+]1(C)CCN(CC(O)(c2ccccc2)C2CCCCC2)CC1,['Muscarinic acetylcholine receptor M3']
CHEMBL129,Cc1cn([C@H]2C[C@H](N=[N+]=[N-])[C@@H](CO)O2)c(=O)[nH]c1=O,"['Human immunodeficiency virus 1', 'Thymidylate kinase']"
CHEMBL1373254,NS(=O)(=O)c1cc2c(cc1Cl)NC(CC1CCCC1)NS2(=O)=O,['Carbonic anhydrase II']
CHEMBL178459,Cc1c(-c2cnccn2)ssc1=S,[]
CHEMBL1828820,c1cc([C@H]2CC[C@]3(CC2)OO[C@]2(O3)C3CC4CC(C3)CC2C4)ccc1OCCN1CCOCC1,"['Plasmodium falciparum', 'Plasmodium falciparum (isolate K1 / Thailand)']"
CHEMBL190412,COCCOCCOCCOCCOC(=O)OC[n+]1ccc(N/C(=N/C#N)NCCCCCCOc2ccc(Cl)cc2)cc1.[Cl-],[]
CHEMBL2017974,Nc1cc(C(F)(F)F)c(-c2cc(N3CCOCC3)nc(N3CCOCC3)n2)cn1,"['Phosphatidylinositol 4,5-bisphosphate 3-kinase catalytic subunit beta isoform', 'Phosphatidylinositol 4,5-bisphosphate 3-kinase catalytic subunit alpha isoform']"
CHEMBL2104988,CCCc1c(SCCCOc2ccc(C(C)=O)c(OCCCC(=O)O)c2CCC)ccc(C(C)=O)c1O,"['Cavia porcellus', 'Cysteinyl leukotriene receptor']"
CHEMBL2105741,CC(=O)Nc1cccc(-n2c(=O)n(C3CC3)c(=O)c3c(Nc4ccc(I)cc4F)n(C)c(=O)c(C)c32)c1.C[S+](C)[O-],[]
CHEMBL2107583,O=[N+]([O-])OC[C@H](O[N+](=O)[O-])[C@@H](CO[N+](=O)[O-])O[N+](=O)[O-],[]
CHEMBL2110731,CCc1ccc(Cc2ccc3c(c2)[C@]2(OC3)O[C@H](CO)[C@@H](O)[C@H](O)[C@H]2O)cc1,"['Sodium/glucose cotransporter 2', 'Sodium/glucose cotransporter 1', 'Low affinity sodium-glucose cotransporter']"
CHEMBL278519,O=C1c2ccccc2C(=O)C1c1ccc(Cl)cc1,[]
CHEMBL289480,C1COC(NC(C2CC2)C2CC2)=N1,[]
CHEMBL3137303,COc1cc(OC)c(/C=C/S(=O)(=O)Cc2ccc(OC)c(OP(=O)([O-])[O-])c2)c(OC)c1.[Na+].[Na+],"['2008', 'CEM/C2', 'MCF7-DOX']"
CHEMBL3769414,CN1C(=O)c2c(nn(Cc3ccc(-c4cccc(F)n4)cc3)c2Nc2ccccc2)N2C1=N[C@@H]1CCC[C@@H]12,"['Phosphodiesterase 5A', 'Phosphodiesterase 4A', 'Phosphodiesterase 7B']"
CHEMBL4094396,CNC(C)C(=O)c1ccc(C)cc1,[]
CHEMBL4297460,CCOc1cc([C@@H](CS(C)(=O)=O)N2Cc3cccc(NC(=O)C4CC4)c3C2=O)ccc1OC,[]
CHEMBL4297501,Cc1c(CN(C)C(=O)/C=C/c2cnc3c(c2)CCC(=O)N3COP(=O)(O)O)oc2ccccc12,['Enoyl-[acyl-carrier-protein] reductase (FabI)']
CHEMBL46730,c1ccc2c(c1)ccc1ccccc12,[]
CHEMBL47298,CCN(CC)CCOc1ccc2c(c1)C(=O)c1cc(OCCN(CC)CC)ccc1-2,[]
CHEMBL5095186,COc1ncnc(C2CC2)c1-c1ncc2cnn(Cc3ccc(-c4nc(C(F)(F)F)cn4C(C)C)cc3)c2n1,[]
CHEMBL53,CN1CCc2cccc3c2[C@H]1Cc1ccc(O)c(O)c1-3,"['Dopamine D2 receptor', 'Dopamine D1 receptor', 'Dopamine D1 receptor', 'Dopamine receptor', 'Dopamine receptor', 'Dopamine D1 receptor']"
CHEMBL559362,Br.O=C(CC1NCCCC1O)Cn1cnc2cc(Br)c(Cl)cc2c1=O,[]
CHEMBL566,O=c1cc[nH]c(=O)[nH]1,"['Thymidine phosphorylase', 'TSU', '9L', 'GTL 16 cell line', 'AZ-521 cell line', 'Dihydropyrimidine dehydrogenase', 'WISH']"
CHEMBL1187694,OC(c1ccccc1)(c1ccccc1)C1CN2CCC1CC2,[]
CHEMBL1196,CCCOc1ccc(C(=O)OCCN(CC)CC)cc1N,[]
CHEMBL1200814,CC(=O)Nc1nnc(S([NH-])(=O)=O)s1.[Na+],"['Carbonic anhydrase II', 'Carbonic anhydrase I', 'Carbonic anhydrase IV', 'Carbonic anhydrase', 'Chitinase']"
CHEMBL1208829,COc1c(NC(=O)C(=O)c2ccc(OCCN3CCOCC3)c3ccccc23)cc(C(C)(C)C)cc1NS(C)(=O)=O,['Scavenger receptor class B member 1']
CHEMBL121,CN(CCOc1ccc(CC2SC(=O)NC2=O)cc1)c1ccccn1,"['Peroxisome proliferator-activated receptor gamma', 'Peroxisome proliferator-activated receptor gamma', 'Keratinocytes']"
CHEMBL1697737,CCc1cc2c(s1)N(C)C(=O)CN=C2c1ccccc1Cl,[]
CHEMBL173929,CC1=C[C@H](O)CC(C)(C)[C@H]1/C=C/C(C)=C/C=C/C(C)=C/C=C/C=C(C)/C=C/C=C(C)/C=C/C1=C(C)C[C@@H](O)CC1(C)C,[]
CHEMBL188462,CN[C@@H](C)C/C=C/c1cncc(OC(C)C)c1,"['Neuronal acetylcholine receptor; alpha4/beta2', 'Neuronal acetylcholine receptor']"
CHEMBL2095223,CCN(CC)CCCC(C)Nc1ccnc2cc(Cl)ccc12.O=S(=O)(O)O,['Plasmodium falciparum']
CHEMBL2105708,Cc1ccc(C(=O)Nc2ccc(CN3CCN(C)CC3)c(C(F)(F)F)c2)cc1C#Cc1cnc2cccnn12.Cl,"['Tyrosine-protein kinase ABL', 'KG-1', 'GISTT1', 'KBM5']"
CHEMBL2105755,CC(C)(NC(=O)C1=C(O)[C@@H]2Oc3c(O)ccc4c3[C@@]23CCN(CC2CC2)[C@H](C4)[C@]3(O)C1)c1nc(-c2ccccc2)no1,"['Mu opioid receptor', 'Delta opioid receptor']"
CHEMBL2107334,CC(C)(C)[N+]([O-])=Cc1ccc(S(=O)(=O)[O-])cc1S(=O)(=O)[O-].[Na+].[Na+],[]
CHEMBL2107349,C[C@H](CN(C(=O)c1ccc(C#N)cc1)c1ccccn1)N1CCN(c2cccc3c2OCCO3)CC1.Cl,[]
CHEMBL2111090,CC(C)(C)[N+]([O-])=Cc1ccc(S(=O)(=O)O)cc1S(=O)(=O)O,[]
CHEMBL218427,Cc1cc(C)c2cccc(OCc3c(Cl)ccc(S(=O)(=O)NC4(C(=O)N5CCN(C(=O)[C@@H](N)CCC[N+](C)(C)C)CC5)CCOCC4)c3Cl)c2n1,['Bradykinin B2 receptor']
CHEMBL221326,O=c1ccn([C@@H]2O[C@H](COP(=O)(O)OP(=O)(O)OP(=O)(O)OP(=O)(O)OC[C@H]3O[C@@H](n4ccc(=O)[nH]c4=O)[C@H](O)[C@@H]3O)[C@@H](O)[C@H]2O)c(=O)[nH]1,"['Purinergic receptor P2Y2', 'Pyrimidinergic receptor P2Y4']"
CHEMBL24441,CNCCc1ccccn1,['Neuronal acetylcholine receptor']
CHEMBL3183409,CNC(=O)c1ccc(N2C(=S)N(c3cnc(C#N)c(C(F)(F)F)c3)C(=O)C23CCC3)cc1F,"['Androgen Receptor', 'LNCaP']"
CHEMBL370252,CC1CCc2cc(F)cc3c(=O)c(C(=O)O)cn1c23,[]
CHEMBL3989519,CCN1CC(CCN2CCOCC2)C(c2ccccc2)(c2ccccc2)C1=O.Cl.O,[]
CHEMBL3989970,C=CC(=O)N[C@@H]1CN(c2nc(Nc3cn(C)nc3OC)c3ncn(C)c3n2)C[C@H]1F,[]
CHEMBL4297463,COc1cc(C)[nH]c(=O)c1CNC(=O)c1c(C)n([C@H](C)C2CCN(CC(F)(F)F)CC2)c2ccccc12,['Histone-lysine N-methyltransferase EZH2']
CHEMBL4298171,COc1cc(F)c(-n2c(=O)[nH]c3csc(C(=O)[O-])c3c2=O)cc1OCc1c(OC)ccc(F)c1F.C[N+](C)(C)CCO,['Gonadotropin-releasing hormone receptor']
CHEMBL4594351,Cc1c(Cc2ccc(-n3cccn3)cc2)cc2c(c1F)CN([C@H]1COCC[C@@H]1O)C2=O,[]
CHEMBL4742157,CONC(=O)c1ccccc1Nc1cc(Nc2cc(C)nn2C(C)C)ncc1Cl,[]
CHEMBL4802134,N#CCNC(=O)CNc1ccc(C(=O)O)cc1,[]
CHEMBL52939,COc1cccc(CCc2ccccc2OCC(CN(C)C)OC(=O)CCC(=O)O)c1,[]
CHEMBL5314535,Cc1nc(NC(=O)N2CCC(C)(C)C2=O)ccc1Oc1ccnc(-c2cnn(C)c2)c1,['NFS-60']
CHEMBL5314545,CCN1CCN(Cc2ccc(Nc3ncc(F)c(-c4cc(F)c5nc6n(c5c4)[C@H](C)CCC6)n3)nc2)CC1,"['Cyclin-dependent kinase 4', 'Cyclin-dependent kinase 6', 'CDK4/Cyclin D3', 'CDK6/cyclin D1', 'Cyclin-dependent kinase 1/ G1/S-specific cyclin-D3']"
CHEMBL5314945,CC(=O)O.N=C(N)N/N=C/C=C/c1cccn1-c1ccccc1[N+](=O)[O-],['Unchecked']
CHEMBL605525,C=C1[C@H](O)CC(=C/C=C2\CCC[C@]3(C)[C@@H]([C@@H](C)CCCC(C)(C)O)CC[C@@H]23)C[C@H]1O,"['Vitamin D receptor', 'Vitamin D receptor']"
CHEMBL62193,COc1cc(NS(=O)(=O)c2ccc(N)cc2)nc(OC)n1,[]
CHEMBL6966,COc1ccc(CCN(C)CCCC(C#N)(c2ccc(OC)c(OC)c2)C(C)C)cc1OC,"['P-glycoprotein 1', 'Voltage-gated L-type calcium channel alpha-1C subunit', 'Thoracic aorta', 'BHK-21', 'S1B1-20', 'Trachea', 'Adrenergic receptor alpha', 'Breast cancer cell lines']"
CHEMBL826,CCn1cc(C(=O)O)c(=O)c2cc(F)c(N3CCNCC3)nc21,"['Mycobacterium smegmatis', 'Topoisomerase IV subunit A', 'Streptococcus pneumoniae', 'Mycobacterium intracellulare']"
CHEMBL1090,Nc1ncnc2c1ncn2[C@@H]1O[C@H](CO)[C@@H](O)[C@@H]1O,[]
CHEMBL1096,CC(C)c1ccc2oc3nc(N)c(C(=O)O)cc3c(=O)c2c1,[]
CHEMBL1160819,N,"['Ornithine decarboxylase', 'Gamma-amino-N-butyrate transaminase']"
CHEMBL1201104,C1N2CN3CN1CN(C2)C3.O=C(O)CNC(=O)c1ccccc1,[]
CHEMBL1201234,CNC(C)(C)Cc1ccccc1,[]
CHEMBL1230314,C[C@]12CC[C@@H]3c4ccc(O)cc4CC[C@H]3[C@@H]1[C@@H](O)[C@@H](O)[C@@H]2O,"['Solute carrier organic anion transporter family member 1A1', 'Estrogen receptor', 'Estrogen receptor beta']"
CHEMBL1700,CC(C)NCC(O)c1ccc(NS(C)(=O)=O)cc1.Cl,[]
CHEMBL172513,C[N+](C)(C)CC(O)CC(=O)[O-],['Gamma-butyrobetaine dioxygenase']
CHEMBL1882461,C[N+]1(C)CCCCC1COC(=O)C(O)(c1ccccc1)c1ccccc1,[]
CHEMBL192986,CN(c1ccc(Cl)cc1)c1cc[n+](Cc2ccc(-c3ccc(C[n+]4ccc(N(C)c5ccc(Cl)cc5)c5ccccc54)cc3)cc2)c2ccccc12.[Br-].[Br-],['Choline kinase alpha']
CHEMBL2105458,CN1CCC(N(Cc2cccs2)c2ccccc2)CC1,[]
CHEMBL221722,NC(=O)c1nc(F)cnc1O,['Dihydropyrimidine dehydrogenase']
CHEMBL267476,CCCCC/C=C\C/C=C\CCCCCCCC(=O)O,"['Serum albumin', 'Phomopsis obscurans', 'HSVEC']"
CHEMBL4291143,Cc1cnc(N2CC3(CCOCC3)C2)c(C(=O)Nc2ccc(C(=O)N3CCc4cc(C(=O)Nc5c(C)cccc5F)sc4-c4ccccc43)cc2)c1,[]
CHEMBL4297303,C=C[C@@H]1C[C@]1(NC(=O)[C@@H]1C[C@@H]2CN1C(=O)[C@H](C1CCCC1)NC(=O)O[C@@H]1CCC[C@H]1CCCCCn1c(nc3cc(OC)ccc3c1=O)O2)C(=O)NS(=O)(=O)C1(C)CC1,"['Unchecked', 'Hepatitis C virus', 'Hepatitis C virus serine protease, NS3/NS4A', 'Genome polyprotein']"
CHEMBL4297492,CCC[C@H](C)Oc1nc(N)c2[nH]c(=O)n(CCCCCN3CCCCC3)c2n1,[]
CHEMBL4438269,N#Cc1cc(Cl)cc(Oc2c(Br)ccc(CC(=O)Nc3ccc(S(N)(=O)=O)cc3Cl)c2F)c1,"['Human immunodeficiency virus 1', 'Human immunodeficiency virus type 1 reverse transcriptase']"
CHEMBL455491,C=CC(=C)CCC=C(C)C,"['Diacylglycerol O-acyltransferase 1', 'Lecithin retinol acyltransferase']"
CHEMBL4594253,Cn1cc(-c2nc(N[C@@H]3CCCC[C@@H]3N)c(F)c3c2C(=O)NC3)cn1.O=C(O)CC(O)(CC(=O)O)C(=O)O,[]
CHEMBL4594429,CC(C)n1c(=O)n(C)c2cnc3cc(F)c(-c4ccc(OCCCN5CCCCC5)nc4)cc3c21,['Serine-protein kinase ATM']
CHEMBL4650360,COc1ccc(-c2c(-c3ccc(C#N)c(F)c3)nc(N3CCC(N)CC3)n(C)c2=O)cc1F.O=S(=O)(O)c1ccccc1,[]
CHEMBL503,CC[C@H](C)C(=O)O[C@H]1C[C@@H](C)C=C2C=C[C@H](C)[C@H](CC[C@@H]3C[C@@H](O)CC(=O)O3)[C@H]21,"['HMG-CoA reductase', 'HES']"
CHEMBL620,C[N+]12CCC(CC1)C(OC(=O)C(O)(c1ccccc1)c1ccccc1)C2,[]
CHEMBL88712,O=C(O)[C@@H](c1ccc(OCc2ccc3ccccc3n2)cc1)C1CCCC1,['Arachidonate 5-lipoxygenase']
CHEMBL908,CN(C)CC/C=C1/c2ccccc2Sc2ccc(Cl)cc21,"['Histamine H1 receptor', 'Trypanothione reductase']"
CHEMBL96172,C/C1=C/C[C@@H](/C(C)=C/c2csc(C)n2)OC(=O)C[C@H](O)C(C)(C)C(=O)[C@H](C)[C@@H](O)[C@@H](C)CCC1,[]
CHEMBL119423,Sc1ncnc2[nH]ncc12,['Hemoglobin beta chain']
CHEMBL1199480,CCCCCCCCN=c1ccn(CCCCCCCCCCn2ccc(=NCCCCCCCC)cc2)cc1,[]
CHEMBL1200836,Clc1ccc(CO/N=C(\Cn2ccnc2)c2ccc(Cl)cc2Cl)c(Cl)c1.O=[N+]([O-])O,"['Alternaria solani', 'Fusarium solani', 'Colletotrichum lagenarium', 'Rous sarcoma virus', 'Trichophyton longifusum', 'Cytochrome P450 121']"
CHEMBL1239,O=C(OCc1ccccc1)c1ccccc1,[]
CHEMBL1329455,CCOC(=O)[N-]c1c[n+](N2CCOCC2)no1,[]
CHEMBL2103745,N#C[C@@H]1C[C@@H]2C[C@@H]2N1C(=O)[C@@H](N)C12CC3CC(CC(O)(C3)C1)C2.O,"['Dipeptidyl peptidase IV', 'Dipeptidyl peptidase IV']"
CHEMBL2105689,N#C/C(=C1/SC[C@@H](c2ccc(Cl)cc2Cl)S1)n1ccnc1,[]
CHEMBL2106988,CC(=O)OCOC(=O)[C@@H]1N2C(=O)[C@@H](NC(=O)Cc3ccccc3)[C@H]2SC1(C)C,[]
CHEMBL2107067,CCCCCCCCCCC(=O)O[C@H]1CC[C@H]2[C@@H]3CCC4=CC(=O)CC[C@]4(C)[C@H]3CC[C@]12C,[]
CHEMBL2152646,[O-][n+]1ccc(O)c(O)c1-c1c(O)c(O)cc[n+]1[O-],[]
CHEMBL3545253,[18F]c1ccc(-c2ccc3c(c2)[nH]c2ccncc23)cn1,['Monoamine oxidase A']
CHEMBL3707312,COC(=O)c1cccc(CCN(C)CCC[C@@](C#N)(c2ccc(OC)c(OC)c2)C(C)C)c1,['Voltage-gated L-type calcium channel alpha-1C subunit']
CHEMBL4065122,C[C@H]1CN(C2COC2)CCN1c1ccc(Nc2cc(-c3ccnc(N4CCn5c(cc6c5CC(C)(C)C6)C4=O)c3CO)cn(C)c2=O)nc1,['Tyrosine-protein kinase BTK']
CHEMBL415087,Clc1ccc(C(OCCN2CCCCC2)c2ccccc2)cc1,['Murine leukemia virus']
CHEMBL4594376,CCc1[nH]nc(C(=O)Nc2ccc([C@H]3CNCCO3)cc2)c1C,"['Trace amine-associated receptor 1', 'Trace amine-associated receptor 1']"
CHEMBL4594426,N#Cc1ccc(COc2ccc(C#Cc3ccc(C(F)(F)[C@](O)(Cn4cnnn4)c4ccc(F)cc4F)nc3)cc2)cc1,['Lanosterol 14-alpha demethylase']
CHEMBL491473,COc1cc2c(Oc3ccc4[nH]c(C)cc4c3F)ncnc2cc1OCCCN1CCCC1,"['Vascular endothelial growth factor receptor 2', 'Tyrosine-protein kinase SRC', 'Platelet-derived growth factor receptor beta', 'Tyrosine-protein kinase TIE-2', 'Kinesin-1 heavy chain/ Tyrosine-protein kinase receptor RET']"
CHEMBL498,CCCNC(=O)NS(=O)(=O)c1ccc(Cl)cc1,[]
CHEMBL539697,CCCCCCOC(=O)NC(=N)c1ccc(NCc2nc3cc(C(=O)N(CCC(=O)OCC)c4ccccn4)ccc3n2C)cc1,['Plasma']
CHEMBL76725,N=C(N)NCC1COc2ccccc2O1,[]
CHEMBL93,CC(c1cc2ccccc2s1)N(O)C(N)=O,"['Arachidonate 5-lipoxygenase', 'Arachidonate 5-lipoxygenase']"
CHEMBL117785,COc1cc2c(cc1OC)C1CC(=O)C(CC(C)C)CN1CC2,['Synaptic vesicular amine transporter']
CHEMBL1200392,CN(C)CCOC(C)(c1ccccc1)c1ccccn1.O=C(O)CCC(=O)O,[]
CHEMBL1200477,O=c1[n-]cnc2[nH]ncc12.[Na+],[]
CHEMBL1200521,CN(C)CCc1c[nH]c2ccc(CS(=O)(=O)N3CCCC3)cc12.O=C(O)CC(O)C(=O)O,[]
CHEMBL1201232,CC(C)[N+](C)(CCC(C(N)=O)(c1ccccc1)c1ccccc1)C(C)C,[]
CHEMBL1241348,C=C[C@@H]1C[C@]1(NC(=O)[C@@H]1C[C@@H](Oc2cc(-c3csc(NC(=O)C(C)C)n3)nc3c(Br)c(OC)ccc23)CN1C(=O)[C@@H](NC(=O)OC1CCCC1)C(C)(C)C)C(=O)O,['Hepatitis C virus']
CHEMBL1316726,O=C(O)/C=C\c1c[nH]cn1,['Histidine decarboxylase']
CHEMBL132530,C[C@]12CCC(=O)C(O)=C1CC[C@@H]1[C@@H]2CC[C@]2(C)C(=O)CC[C@@H]12,[]
CHEMBL1328898,COC(=O)[C@@H](N)Cc1ccc(O)c(O)c1,[]
CHEMBL1407943,Clc1ccc(Cn2c(CN3CCCC3)nc3ccccc32)cc1,['Short transient receptor potential channel 5']
CHEMBL193,COC(=O)C1=C(C)NC(C)=C(C(=O)OC)C1c1ccccc1[N+](=O)[O-],"['Voltage-gated L-type calcium channel alpha-1D subunit', 'Voltage-gated L-type calcium channel alpha-1C subunit', 'C6-BU-1']"
CHEMBL197084,C[C@@]1(C(=O)N[C@@H](CCC(=O)O)C(=O)O)CCCN1C(=O)CN,[]
CHEMBL2021430,C[C@@H]1C[C@H]2[C@@H]3CCC4=CC(=O)C=C[C@]4(C)[C@@]3(F)[C@@H](O)C[C@]2(C)[C@@]1(O)C(=O)COP(=O)([O-])[O-].[Na+].[Na+],"['Glucocorticoid receptor', 'Nuclear receptor subfamily 1 group I member 2', 'Solute carrier organic anion transporter family member 1A2']"
CHEMBL207413,CC(=O)O[C@H]1CC[C@]2(C)[C@H]3C(=O)C=C4[C@@H]5C[C@@](C)(C(=O)O)CC[C@]5(C)CC[C@@]4(C)[C@]3(C)CC[C@H]2C1(C)C,['11-beta-hydroxysteroid dehydrogenase 2']
CHEMBL2103855,Cc1ccn(-c2cc(Cl)ccc2[C@@H](Oc2cc(-c3ccc(C[C@H](N)C(=O)O)cc3)nc(N)n2)C(F)(F)F)n1,"['Tryptophan 5-hydroxylase 1', 'Tryptophan 5-monooxygenase 1']"
CHEMBL2104986,Cc1ccc(Sc2ccccc2C2CCNCC2)cc1,"['Serotonin transporter', 'Norepinephrine transporter', 'Dopamine transporter']"
CHEMBL2105080,COCc1c(C(=O)OC(C)C)ncc2[nH]c3cccc(Oc4ccc(Cl)cc4)c3c12,[]
CHEMBL2105728,CC1(COc2ccc3c(c2)ncn3-c2ccc3cccc(N4CCC(N)CC4)c3n2)COC1,"['Serine/threonine-protein kinase PIM1', 'Serine/threonine-protein kinase PIM2', 'Serine/threonine-protein kinase PIM3']"
CHEMBL2105754,Cn1c(=O)cc(N2CCC[C@@H](N)C2)n(Cc2cc(F)ccc2C#N)c1=O.O=C(O)CCC(=O)O,['Dipeptidyl peptidase IV']
CHEMBL23,COc1ccc([C@@H]2Sc3ccccc3N(CCN(C)C)C(=O)[C@@H]2OC(C)=O)cc1,['Voltage-gated L-type calcium channel alpha-1S subunit']
CHEMBL23194,NCCCNCCCCNCCCN,[]
CHEMBL241694,C#C[C@]1(O)CC[C@H]2[C@@H]3CCC4=CC(=O)CC[C@]4(C)[C@H]3CC[C@@]21C,"['Testis-specific androgen-binding protein', 'Nuclear receptor subfamily 1 group I member 2', 'Progesterone receptor']"
CHEMBL282121,CCN(CCCCOC(=O)c1ccc(OC)c(OC)c1)C(C)Cc1ccc(OC)cc1,[]
CHEMBL3545110,CN(C)C(=O)c1cc2cnc(Nc3ccc(N4CCNCC4)cn3)nc2n1C1CCCC1,"['Cyclin-dependent kinase 4/cyclin D1', 'Cyclin-dependent kinase 4', 'CDK6/cyclin D1', 'Cyclin-dependent kinase 4/cyclin D']"
CHEMBL3545985,C[C@@H](Cc1ccccc1)N(C)Cc1ccccc1,[]
CHEMBL4,CC1COc2c(N3CCN(C)CC3)c(F)cc3c(=O)c(C(=O)O)cn1c23,"['Mycobacterium smegmatis', 'Mycobacterium intracellulare']"
CHEMBL415324,COc1ccc(/C=C/C(=O)Nc2ccccc2C(=O)O)cc1OC,['Unchecked']
CHEMBL4297616,NC(=O)[C@](O)(CNc1nc(-c2cc(-c3ccon3)n(Cc3ccccc3F)n2)ncc1F)C(F)(F)F,['Soluble guanylate cyclase']
CHEMBL456341,CCCCCCC(C)(C)c1cc(O)c2c(c1)OC(C)(C)[C@@H]1CC=C(C(=O)O)C[C@@H]21,['Cannabinoid CB2 receptor']
CHEMBL4594290,NCCNC1CCC(CC(=O)N[C@H]2Cc3cccc(C(=O)O)c3OB2O)CC1,[]
CHEMBL4594353,Cc1nc2ccc(F)cc2n1-c1nc(N)c(F)c(Nc2ccc(C(F)(F)F)cc2)n1,[]
CHEMBL4788758,O=C(c1cccc(-c2nc3ccccc3[nH]2)n1)N1CCN(C(=O)c2cccc(-c3nc4ccccc4[nH]3)n2)CC1,[]
CHEMBL4802242,CC(C)c1ccc(CC(=O)N[C@H](C)c2ccc(OCC(F)(F)F)cn2)cc1.Cl,[]
CHEMBL5095492,C=CC(=O)Nc1cc(C#CC(C)(C)N2CCN(C)CC2)cc2ncnc(Nc3ccc(F)c(Cl)c3)c12,['Epidermal growth factor receptor erbB1']
CHEMBL511142,CO[C@@]12CC[C@@]3(C[C@@H]1[C@](C)(O)C(C)(C)C)[C@H]1Cc4ccc(O)c5c4[C@@]3(CCN1CC1CC1)[C@H]2O5,['Kappa opioid receptor']
CHEMBL5314524,CCOC(=O)c1cnc2[nH]ccc2c1N[C@@H]1CCCN(CC(=O)C#N)C1,"['Tyrosine-protein kinase JAK2', 'Tyrosine-protein kinase JAK1', 'Tyrosine-protein kinase JAK3']"
CHEMBL5314547,CCCS(=O)(=O)Nc1cc(F)c(F)c(C(=O)c2ccc3ncc(N4CCOCC4)nc3c2)c1F,"['Serine/threonine-protein kinase B-raf', 'Serine/threonine-protein kinase RAF']"
CHEMBL5314938,Nc1nc2c(ncn2[C@@H]2O[C@H](CO)[C@@H](O)[C@@H]2[18F])c(=O)[nH]1,[]
CHEMBL604710,O=C(CC(c1ccccc1)c1ccccc1)N1CCN(C(c2ccccc2)c2ccccc2)CC1,"['Voltage-gated N-type calcium channel alpha-1B subunit', 'N-type calcium channel alpha-1b/alpha2delta-1/beta-1b', 'Voltage-dependent L-type calcium channel alpha1C/alpha2delta/beta1b', 'Neuromedin-U receptor 1', 'Voltage-dependent N-type calcium channel alpha1B/alpha2b/beta1b', 'Voltage-dependent P/Q-type calcium channel alpha1A/alpha2delta/beta1b']"
CHEMBL633,CCCCc1oc2ccccc2c1C(=O)c1cc(I)c(OCCN(CC)CC)c(I)c1,['NAD-dependent deacetylase sirtuin 3']
CHEMBL757,C[C@]12CC[C@H]3[C@@H](CCC4=CC(=O)CC[C@@H]43)[C@@H]1CC[C@@H]2O,['Cytochrome P450 19A1']
CHEMBL816,NCCN,"['Ornithine decarboxylase', 'Gamma-amino-N-butyrate transaminase']"
CHEMBL86,CCN(CC)CCNC(=O)c1cc(Cl)c(N)cc1OC,[]
CHEMBL112302,O=[Se]([O-])[O-].[Na+].[Na+],['Carbonic anhydrase V']
CHEMBL1200850,Nc1nc([O-])c2ncn(COC(CO)CO)c2n1.[Na+],[]
CHEMBL1200966,Nc1ccc(C(=O)[O-])c(O)c1.[Na+],[]
CHEMBL1201245,CN(C)CCOC(c1ccccc1)c1ccc(Br)cc1,[]
CHEMBL1201775,C[C@H](O)[C@H](O)[C@H]1CNc2[nH]c(N)nc(=O)c2N1.Cl.Cl,[]
CHEMBL126,CC(=O)NC[C@H]1CN(c2ccc(N3CCOCC3)c(F)c2)C(=O)O1,"['Escherichia coli', 'Pseudomonas aeruginosa']"
CHEMBL127300,COc1cc(C(=O)OCCCN(C)CCN(C)CCCOC(=O)c2cc(OC)c(OC)c(OC)c2)cc(OC)c1OC,[]
CHEMBL1523964,CN[C@@H](C)[C@H](O)c1ccccc1.CN[C@@H](C)[C@H](O)c1ccccc1.O=S(=O)(O)O,[]
CHEMBL1730601,Oc1cc(O)c(Cl)cn1,[]
CHEMBL187927,c1cnc2c(c1)O[C@H]1CCN3CC[C@@]1(C2)C3,['Neuronal acetylcholine receptor protein alpha-7 subunit']
CHEMBL2096635,N[14C](N)=O,"['GABA-B receptor', 'Olfactory receptor 51E2', 'Gamma-amino-N-butyrate transaminase', 'Carbonic anhydrase V', 'GABA receptor gamma-1 subunit', 'Gamma-amino-N-butyrate transaminase']"
CHEMBL2104282,CCN(CC)CCn1c(-c2ccccc2)noc1=N,[]
CHEMBL2105534,CS(=O)(=O)c1ccc(-c2cn3ccccc3n2)cc1,[]
CHEMBL2105705,C=C1/C(=C\C=C2/CCC[C@]3(C)C([C@H](C)C/C=C/S(=O)(=O)C(C)(C)C)=CC[C@@H]23)C[C@@H](O)C[C@@H]1O,['Keratinocytes']
CHEMBL2106186,NS(=O)(=O)c1cc2c(cc1Cl)NC(c1ccccc1)NC2=O,[]
CHEMBL2179529,O=C(c1ccc(Cl)o1)N1CC2CNCC2C1,"['Neuronal acetylcholine receptor; alpha4/beta2', 'Neuronal acetylcholine receptor; alpha4/beta2', 'Neuronal acetylcholine receptor protein alpha-4 subunit', 'Neuronal acetylcholine receptor protein alpha-4 subunit']"
CHEMBL220360,C[C@H](NC(=O)C(C)(C)Oc1ccc(C(F)(F)F)cn1)[C@@H](Cc1ccc(Cl)cc1)c1cccc(C#N)c1,"['Cannabinoid CB2 receptor', 'Cannabinoid CB1 receptor']"
CHEMBL254219,C[C@H]1O[C@@H](O[C@H]2[C@@H](O)C[C@H](O[C@H]3[C@@H](O)C[C@H](O[C@H]4CC[C@@]5(C)[C@H](CC[C@@H]6[C@@H]5CC[C@]5(C)[C@@H](C7=CC(=O)OC7)CC[C@]65O)C4)O[C@@H]3C)O[C@@H]2C)C[C@H](O)[C@@H]1O,"['NCI-H460', 'COLO 205', 'OVCAR-3', 'LOX IMVI', '786-0', 'IGROV-1', 'CAKI-1']"
CHEMBL254468,N[C@]1(C(=O)O)C[C@@H]([18F])C1,['Betaine transporter']
CHEMBL3545181,C[N+]1(C)[C@@H]2C[C@@H](OC(=O)C(O)(c3cccs3)c3cccs3)C[C@H]1[C@@H]1O[C@@H]12.O.[Br-],"['Muscarinic acetylcholine receptor M1', 'Muscarinic acetylcholine receptor M3']"
CHEMBL3545291,CN(C)C(=O)CCn1nc(Nc2ccc3c(c2)OC(F)(F)O3)nc1-c1ccncc1,[]
CHEMBL3785909,COCCOc1cnc2ccn([C@H](C)c3nnc4c(F)cc(-c5cnn(C)c5)cn34)c(=O)c2c1,"['Hepatocyte growth factor receptor', 'NCI-H1993']"
CHEMBL3989922,Cc1ccc(S(=O)(=O)O)cc1.NC(=O)c1cccc2cn(-c3ccc([C@@H]4CCCNC4)cc3)nc12.O,[]
CHEMBL4084907,Nc1cc(C(F)(F)F)c(-c2nc(N3CCOCC3)nc(N3CCOCC3)n2)cn1,"['PI3-kinase p110-alpha subunit', 'Serine/threonine-protein kinase mTOR', 'Phosphatidylinositol 4,5-bisphosphate 3-kinase catalytic subunit beta isoform', 'Phosphatidylinositol 4,5-bisphosphate 3-kinase catalytic subunit alpha isoform']"
CHEMBL426926,NCC[C@H](O)C(=O)N[C@@H]1C[C@H](N)[C@@H](O[C@H]2O[C@H](CN)CC[C@H]2N)[C@H](O)[C@H]1O[C@H]1O[C@H](CO)[C@@H](O)[C@H](N)[C@H]1O,"['Ribosomal RNA A-site', 'Ribosome', 'Human immunodeficiency virus type 1 REV']"
CHEMBL4297397,O=c1c(O)c(-c2ccc(O)c(OP(=O)(O)O)c2)oc2cc(O)cc(O)c12,['Receptor-type tyrosine-protein phosphatase S']
CHEMBL4297589,CCCCOC(=O)N1CCN(C(=O)[C@H](CP(=O)(O)O)NC(=O)c2cc(N3CC[C@H](OC)C3)nc(-c3ccccc3)n2)CC1,['Purinergic receptor P2Y12']
CHEMBL4297637,CC(=O)OC/C=C(C)/C=C/C=C(C)\C=C\C1=C(C)CCCC1(C)C,[]
CHEMBL43452,Nc1cccc2c1C(=O)N(C1CCC(=O)NC1=O)C2=O,"['Protein cereblon', 'Protein cereblon/DNA damage-binding protein 1', 'Cereblon isoform 4']"
CHEMBL5095187,Cc1cccc(C)c1CNc1cc(C(=O)NCCOC(=O)CCCC(=O)O)cn2c(C)c(C)nc12,[]
CHEMBL64391,CCC(C)n1ncn(-c2ccc(N3CCN(c4ccc(OCC5COC(Cn6cncn6)(c6ccc(Cl)cc6Cl)O5)cc4)CC3)cc2)c1=O,"['Issatchenkia orientalis', 'Candida glabrata', 'Microsporum canis']"
CHEMBL666,O=C(O)P(=O)(O)O,"['5-enolpyruvylshikimate-3-phosphate synthase', 'Mevalonate pyrophosphate decarboxylase']"
CHEMBL686,Cc1cccc(Nc2ccccc2C(=O)O)c1C,"['Aldo-keto reductase family 1 member C2', 'H4']"
CHEMBL1040,C=C1CC[C@H](O)C/C1=C/C=C1\CCC[C@]2(C)[C@@H]([C@H](C)CCCC(C)(C)O)CC[C@@H]12,['Vitamin D receptor']
CHEMBL1082508,NC(=O)NC[C@@H]1CCCc2cc(S(=O)(=O)c3cccc(F)c3)ccc21,[]
CHEMBL108545,COC(=O)c1ccccc1O,[]
CHEMBL1146,Cn1nnnc1SCC1=C(C(=O)O)N2C(=O)[C@@H](NC(=O)[C@H](O)c3ccccc3)[C@H]2SC1,"['Solute carrier family 22 member 6', 'Solute carrier family 22 member 8', 'Solute carrier family 22 member 11']"
CHEMBL1200397,CN(Cc1ccc(C(C)(C)C)cc1)Cc1cccc2ccccc12.Cl,['Dehydrosqualene desaturase']
CHEMBL1201129,Nc1ncn([C@H]2C[C@H](O)[C@@H](CO)O2)c(=O)n1,"['Influenza B virus (B/Lee/40)', 'Hepatoma cell line']"
CHEMBL1201179,CS(=O)(=O)CCNCc1ccc(-c2ccc3ncnc(Nc4ccc(OCc5cccc(F)c5)c(Cl)c4)c3c2)o1.Cc1ccc(S(=O)(=O)O)cc1.Cc1ccc(S(=O)(=O)O)cc1.O,"['Epidermal growth factor receptor erbB1', 'Receptor protein-tyrosine kinase erbB-2', 'NCI-N87']"
CHEMBL1201320,COc1ccc2[nH]c([S@@+]([O-])Cc3ncc(C)c(OC)c3C)nc2c1,"['Phosphodiesterase 10A', 'Potassium-transporting ATPase', 'Potassium-transporting ATPase', 'Histone-lysine N-methyltransferase 2A/WDR5', 'NAD(+) hydrolase SARM1']"
CHEMBL1201766,CC(C)c1cccc(C(C)C)c1OCOP(=O)(O)O,[]
CHEMBL1214124,N#Cc1ccccc1-c1cc(-c2ccccn2)cn(-c2ccccc2)c1=O,[]
CHEMBL1241,CN(C)CCN(Cc1ccccc1)c1ccccn1,[]
CHEMBL1258006,O=C(N[C@@H]1C2CCN(CC2)[C@H]1Cc1cccnc1)c1cc2ccccc2o1,"['Neuronal acetylcholine receptor protein alpha-7 subunit', 'Neuronal acetylcholine receptor; alpha4/beta2', 'Neuronal acetylcholine receptor protein alpha-7 subunit']"
CHEMBL2016893,Cc1c(NCCN2CCCC2)cc(C(=O)CCC(F)(F)F)cc1N1CCN(c2ncnc3[nH]nc(Br)c23)CC1,[]
CHEMBL2095224,COc1ccc2nc3cc(Cl)ccc3c(Nc3cc(CN4CCCC4)c(O)c(CN4CCCC4)c3)c2n1.O=P(O)(O)O.O=P(O)(O)O.O=P(O)(O)O.O=P(O)(O)O,[]
CHEMBL2104993,Cc1ccc(Sc2ccccc2N2CCNCC2)c(C)c1,"['Serotonin transporter', 'Norepinephrine transporter', 'Dopamine transporter']"
CHEMBL2107378,C1CCC2(C1)[C@H]1CN(CC3CC3)C[C@@H]2CN(CC2CC2)C1.C1CCC2(C1)[C@H]1CN(CC3CC3)C[C@@H]2CN(CC2CC2)C1.O=C(O)/C=C/C(=O)O.O=C(O)/C=C/C(=O)O.O=C(O)/C=C/C(=O)O,[]
CHEMBL27769,C[C@]12CCC(=O)C[C@@H]1CC[C@@H]1[C@@H]2CC[C@]2(C)[C@@H](O)CC[C@@H]12,"['Testis-specific androgen-binding protein', 'Corticosteroid binding globulin']"
CHEMBL3218578,COc1ccc(-c2ccc3ncc4c(c3c2)n(-c2ccc(N3CCNCC3)c(C(F)(F)F)c2)c(=O)n4C)cn1,['Serine/threonine-protein kinase mTOR']
CHEMBL349803,NS(=O)(=O)c1cc(C(=O)O)cc(N2CCCC2)c1Oc1ccccc1,[]
CHEMBL3545252,CC(=O)O[C@@]12CO[C@@H]1C[C@H](O)[C@@]1(C)C(=O)[C@H](O)C3=C(C)[C@@H](OC(=O)[C@H](O)[C@@H](NC(=O)OC(C)(C)C)c4ccccc4)C[C@@](O)([C@@H](OC(=O)c4ccccc4)[C@H]21)C3(C)C.O.O.O,"['NCI-H1650', 'SW1990', 'J82', 'NCI-H292', 'MSTO-211H', 'NCI-H661', 'NCI-H2122', 'AN3-CA', 'HT', 'AU565', 'NOMO-1', 'NCI-H596', 'HAL-01', 'SK-MEL-1', 'COLO-829', 'ES4', 'Calu-3', 'CTB-1', 'PLC-PRF-5', 'MZ2-MEL', 'Ca-Ski', 'EW-3', 'J-RT3-T3-5', 'K5', 'NCI-H209', 'HCE-4', 'HD-MY-Z', 'MS-1', 'LU-134-A', 'MZ7-mel', 'SK-N-FI', 'MeWo', 'KALS-1', 'D283 Med', 'HCC2218', 'SCC-15', 'TGBC1TKB', 'SHP77', 'MN-60', 'LS-513', 'KMOE-2', 'SW 1116', 'KY821', 'SBC-1', 'LU-139', 'NCI-H1092', 'LNCaP-Clone-FGC', 'KM-H2', 'NCI-H720', 'DJM-1', 'LAN-6', 'OMC-1', 'KNS-81-FD', 'EW-11', 'Panc1005', 'EW-18', 'RPMI-8866', 'COLO-320-HSR', 'COR-L88', 'CP66-MEL', 'NB14', 'SK-MEL-24', 'NCI-H510A', 'DMS-79', 'MDA-MB-415', 'AM-38', 'RCM-1', 'LB373-MEL-D', 'HCC1599', 'NB7', 'MDA-MB-175-VII', 'SKG-IIIa', 'RO82-W-1', 'COLO-824', 'NCI-H1651', 'MFE-280', 'CaR-1', 'SW756', 'EW-24', 'COLO-741', 'PFSK-1', 'CP50-MEL-B', 'JEG-3', 'NCI-H2052', 'D-542MG', 'HCC1419', 'LN-405', 'HT55', 'NCI-H1793', 'ZR-75-30', 'CAL-148', 'J774.2', 'UACC-893', 'EC-GI-10', 'NCI-H630', 'SW948', 'ECC10', 'ECC4', 'SW1463', 'NCI-H1838', 'SNU-475', 'KP-N-YN', 'CW-2', 'NCI-H1666', 'KMS-12-PE', 'MCF7-DOX', 'SW900', 'K562/VCR', 'BALL-1', 'LU-135', 'NCI-H2029', 'RXF 944', 'WI-38 VA13', 'C2D cell line', 'C2G cell line', 'MCF10', 'DC3F', 'YOSHIDA', 'WALKER']"
CHEMBL3989525,[N-]=[N+]=NCC(=O)N[C@H](CO)[C@H](O)c1ccc([N+](=O)[O-])cc1,[]
CHEMBL4078100,COc1nnc2ccc(N3CCC(c4ccc(OCCN5CCN(C)C(=O)[C@H]5C)cc4)CC3)nn12,"['Bromodomain-containing protein 4', 'Transcription initiation factor TFIID subunit 1-like']"
CHEMBL4091762,O=C(NCCN1CCCC1)c1cc(-c2ccc(CN3CCOCC3)cc2)nc2ccc(F)cc12,[]
CHEMBL411907,C=CCN(/C=C1/C(=O)O[C@H](COC)[C@@]2(C)C1=C(O)C(=O)C1=C2[C@H](OC(C)=O)C[C@]2(C)C(=O)CC[C@@H]12)CC=C,[]
CHEMBL4297666,CC(C)OC(=O)CNc1cccc(CN(Cc2ccc(-n3cccn3)cc2)S(=O)(=O)c2cccnc2)n1,[]
CHEMBL434200,CC(C)(C)NCC(O)COc1cccc2c1SCCC2,[]
CHEMBL4594428,COc1cc(OC)c(F)c(COc2cnc(Nc3cnn(CCO)c3)nc2)c1F,"['Vascular endothelial growth factor receptor 2', 'Fibroblast growth factor receptor 3']"
CHEMBL4646511,CO[C@H]1C[C@H](C)CC2=C(NCCCCCC[P+](c3ccccc3)(c3ccccc3)c3ccccc3)C(=O)C=C(NC(=O)/C(C)=C/C=C\[C@H](OC)C[C@@H](OC(N)=O)/C(C)=C/[C@H](C)[C@H]1O)C2=O,[]
CHEMBL4650363,C[N+](C)(C)CCOC(=O)CCCC[C@@H]1CCSS1.[Cl-],[]
CHEMBL4754493,Cn1ncc(-c2nc(N[C@H]3CC[C@H](N)CC3)ncc2Cl)c1CC1CC1,[]
CHEMBL4783446,CC(C)OC(=O)[C@H](C)NP(=S)(OC[C@H]1O[C@@H](n2ccc(=O)[nH]c2=O)[C@](C)(O)[C@@H]1O)Oc1ccccc1,['Hepatitis C virus']
CHEMBL498485,COc1ccc(-c2oc3c(CC=C(C)C)c(O)cc(O)c3c(=O)c2O)cc1,[]
CHEMBL5314404,CC[C@H]1[C@@H]2C[C@H]3[C@@H]4N(C)c5ccccc5[C@]45C[C@@H]([C@@H]2[C@H]5O)N3[C@@H]1O,[]
CHEMBL5314528,COc1cc(O[C@H]2C(C)(C)[C@H](NC(=O)c3ccc(N4CCC(CN5CCN(c6ccc(C(=O)N[C@H]7CCC(=O)NC7=O)c(F)c6)CC5)CC4)cc3)C2(C)C)ccc1C#N,[]
CHEMBL61780,COc1ccccc1Oc1c(NS(=O)(=O)c2ccc(C(C)C)cn2)nc(-c2ccnc(-c3nnn[nH]3)c2)nc1OCCO,"['Endothelin receptor ET-A', 'Endothelin receptor ET-B']"
CHEMBL655,Cc1ncc2n1-c1ccc(Cl)cc1C(c1ccccc1F)=NC2,[]
CHEMBL787,CC(C)(O)c1ccccc1CC[C@@H](SCC1(CC(=O)O)CC1)c1cccc(/C=C/c2ccc3ccc(Cl)cc3n2)c1,"['Cysteinyl leukotriene receptor', 'Cysteinyl leukotriene receptor 1', 'Cysteinyl leukotriene receptor 1']"
CHEMBL821,N=C(N)N,"['Aldehyde dehydrogenase 1A1', 'Gamma-amino-N-butyrate transaminase']"
CHEMBL91397,Cc1cncc(CN2CCC(=C3c4ccc(Cl)cc4CCc4cccnc43)CC2)c1,[]
CHEMBL944,CCN(CC)CCOC(=O)c1ccc(N)cc1Cl.Cl,[]
CHEMBL1200946,CCCCCCCCCC(=O)O[C@H]1CC[C@H]2[C@@H]3CCC4=CC(=O)CC[C@@H]4[C@H]3CC[C@]12C,[]
CHEMBL121626,Cc1c(Cl)cccc1Nc1ccccc1C(=O)O,"['Aldo-keto reductase family 1 member C2', 'Interleukin-8', 'Aldo-keto reductase family 1 member C4', 'H4']"
CHEMBL1288810,OC[C@@H](O)CN1CCN(c2ccccc2)CC1,[]
CHEMBL135626,CC,['Pectobacterium carotovorum']
CHEMBL169896,Cc1nc2ccc3ccc(CNc4ccc5c(c4)CN([C@@H](CCC(=O)O)C(=O)O)C5=O)cc3c2c(=O)[nH]1,"['Thymidylate synthase', 'Thymidylate synthase (EC 2.1.1.45) (TS) (TSase)']"
CHEMBL18901,Cc1cc(C)cc(NC(=O)Cc2ccc(OC(C)(C)C(=O)O)cc2)c1,['Peroxisome proliferator-activated receptor alpha']
CHEMBL192,CCCc1nn(C)c2c(=O)[nH]c(-c3cc(S(=O)(=O)N4CCN(C)CC4)ccc3OCC)nc12,"['Phosphodiesterase 5A', 'Phosphodiesterase 1', 'Phosphodiesterase 6C', 'Phosphodiesterase 1', 'Phosphodiesterase 1A', 'Corpus cavernosum', 'Aorta', 'Multidrug resistance-associated protein 5']"
CHEMBL2068971,C[C@]12CC[C@H](O)C[C@H]1CC[C@@H]1[C@@H]2CC[C@]2(C)[C@@](O)(c3ccoc3)CC[C@]12O,[]
CHEMBL2105734,COCC[n+]1c2c(n(Cc3cnccn3)c1C)C(=O)c1ccccc1C2=O.[Br-],[]
CHEMBL2106179,O=C1CC[C@H](C(=O)N2CCCCC2)N1,[]
CHEMBL2111086,N[C@@H](CCC(=O)N[C@@H](CS(=O)(=O)CCOP(=O)(N(CCCl)CCCl)N(CCCl)CCCl)C(=O)N[C@@H](C(=O)O)c1ccccc1)C(=O)O,[]
CHEMBL284616,O=C(/C=C/c1ccc(O)c(O)c1)O[C@@H]1C[C@](O)(C(=O)O)C[C@@H](O)[C@H]1O,['P-selectin']
CHEMBL3545210,CCN(CC)Cc1ccc(OCC[C@H]2CCC3C4C(CC[C@@]32C)c2ccc(O)cc2C[C@H]4C)c(OC)c1.O=C(O)CC(O)(CC(=O)O)C(=O)O,[]
CHEMBL3547132,N[C@@H](Cc1cc(O)c(O)cc1F)C(=O)O,"['Glutamate receptor ionotropic, AMPA 3']"
CHEMBL363392,CCCCC1(CCCC)CS(=O)(=O)c2ccc(N(C)C)cc2[C@@H](c2ccc(OCc3ccc(C[N+]45CCN(CC4)CC5)cc3)cc2)[C@H]1O,['Ileal bile acid transporter']
CHEMBL374731,Cc1cn([C@@H]2C[C@@H](O)[C@H](CO)O2)c(=O)[nH]c1=O,"['Thymidine kinase, cytosolic', 'Thymidine kinase', 'Thymidine kinase']"
CHEMBL3918017,CC[C@@H](C(N)=O)N1C[C@H](C=C(F)F)CC1=O,['Synaptic vesicle protein 2a']
CHEMBL3989512,CC[C@H](C)[C@@H]([C@@H](CC(=O)N1CCC[C@H]1[C@H](OC)[C@@H](C)C(=O)NCCc1ccccc1)OC)N(C)C(=O)[C@@H](NC(=O)[C@H](C(C)C)N(C)C)C(C)C,['BXPC-3']
CHEMBL3989829,CCN[C@@H]1C[C@H](N)[C@@H](O[C@H]2OC(CN)=CC[C@H]2N)[C@H](O)[C@H]1O[C@H]1OC[C@](C)(O)[C@H](NC)[C@H]1O.CCN[C@@H]1C[C@H](N)[C@@H](O[C@H]2OC(CN)=CC[C@H]2N)[C@H](O)[C@H]1O[C@H]1OC[C@](C)(O)[C@H](NC)[C@H]1O.O=S(=O)(O)O.O=S(=O)(O)O.O=S(=O)(O)O.O=S(=O)(O)O.O=S(=O)(O)O,['Ribosome']
CHEMBL4072756,COc1cccc([C@@H](Oc2ccc3c(cnn3-c3ccc(F)cc3)c2)[C@H](C)NC(=O)C(F)(F)F)c1,['Glucocorticoid receptor']
CHEMBL4594380,[2H]c1c([2H])c([2H])c2c([nH]c(=O)n2CCCN2CCC(n3c(=O)[nH]c4cc(Cl)ccc43)CC2)c1[2H],[]
CHEMBL4788728,c1cnc2c(c1)CNC2,['Phenylethanolamine N-methyltransferase']
CHEMBL5314400,FC(F)(F)c1cccnc1-c1ccc(-c2nc3ccc(Br)cc3[nH]2)nc1,[]
CHEMBL564829,CNC(=O)c1nn(C)c2c1C(C)(C)Cc1cnc(Nc3ccc(N4CCN(C)CC4)cc3)nc1-2,['Cyclin-dependent kinase 2/cyclin A']
CHEMBL601773,CC(C)[C@@]1(NC(=O)[C@@H]2C[C@@H]3c4cccc5[nH]cc(c45)C[C@H]3N(C)C2)O[C@@]2(O)[C@@H]3CCCN3C(=O)[C@H](Cc3ccccc3)N2C1=O,[]
CHEMBL1093,CCCNC(C)C(=O)Nc1c(C)csc1C(=O)OC,[]
CHEMBL114,CC(C)(C)NC(=O)[C@@H]1C[C@@H]2CCCC[C@@H]2CN1C[C@@H](O)[C@H](Cc1ccccc1)NC(=O)[C@H](CC(N)=O)NC(=O)c1ccc2ccccc2n1,"['Human immunodeficiency virus type 1 protease', 'Plasmodium yoelii yoelii', 'Human T-lymphotropic virus 1', 'Human immunodeficiency virus type 2 pol protein']"
CHEMBL1200419,CCc1c(C)[nH]c2c1C(=O)C(CN1CCOCC1)CC2.Cl,[]
CHEMBL1200444,CC(=O)O.CC(C)(C)NCC(O)c1ccc(O)c(CO)n1,[]
CHEMBL1200699,C[C@H]1c2cccc(O)c2C(=O)C2=C(O)[C@]3(O)C(=O)C(C(N)=O)=C(O)[C@@H](N(C)C)[C@@H]3[C@@H](O)[C@@H]21.O,[]
CHEMBL1201149,Cl.O=C1CC[C@@]2(O)[C@H]3Cc4ccc(O)c5c4[C@@]2(CCN3CC2CC2)[C@H]1O5,[]
CHEMBL1201264,CC[N+](C)(CC)CCOC(=O)C1c2ccccc2Oc2ccccc21,[]
CHEMBL1256723,C[C@H]1c2cccc(O)c2C(=O)C2=C(O)[C@]3(O)C(=O)C(C(N)=O)=C(O)[C@@H](N(C)C)[C@@H]3[C@@H](O)[C@@H]21.Cl,[]
CHEMBL12856,Nc1cc(-c2ccncc2)c[nH]c1=O,[]
CHEMBL1519,CCOC(=O)[C@H](CCc1ccccc1)N[C@@H](C)C(=O)N1[C@H](C(=O)O)C[C@H]2CCCC[C@@H]21,[]
CHEMBL1650317,CCC(C)(C)C(=O)[O-].[Na+],['Solute carrier family 22 member 20']
CHEMBL1689772,CN(C)c1cc(CNCC(C)(C)C)c(O)c2c1C[C@H]1C[C@H]3[C@H](N(C)C)C(O)=C(C(N)=O)C(=O)[C@@]3(O)C(O)=C1C2=O,[]
CHEMBL1788132,CC(Oc1c(Cl)cccc1Cl)C1=NCCN1.Cl,['Nischarin']
CHEMBL1870768,CC(C1=C(CCN(C)C)Cc2ccccc21)c1ccccn1.O=C(O)/C=C\C(=O)O,[]
CHEMBL2104591,CC(CCN1CCOCC1)OC(=O)C1(c2ccccc2)CCOCC1,[]
CHEMBL2105395,OCCOc1ccc(/C(=C(/CCCl)c2ccccc2)c2ccccc2)cc1,[]
CHEMBL2105662,CS(=O)(=O)O.O=C(NC1CCN(CCCCC2(C(=O)NCC(F)(F)F)c3ccccc3-c3ccccc32)CC1)c1ccccc1-c1ccc(C(F)(F)F)cc1,[]
CHEMBL2107832,O=C(NC[C@H](O)CO)c1ccncc1Nc1ccc(I)cc1F,['Dual specificity mitogen-activated protein kinase kinase 1']
CHEMBL279433,N#Cc1ccc(Cn2cncc2CN2CCN(c3cccc(Cl)c3)C(=O)C2)cc1,[]
CHEMBL3186534,N#CC1(c2ccc(NC(=O)c3cccnc3NCc3ccncc3)cc2)CCCC1,[]
CHEMBL337612,O=C1CN2C(=O)CCC2N1,['Phytophthora infestans']
CHEMBL3545423,NC1CCCN(c2c(/C=C3/SC(=O)NC3=O)cccc2-c2ccccc2)C1,"['Serine/threonine-protein kinase PIM1', 'Serine/threonine-protein kinase PIM2']"
CHEMBL3786098,C=CC(=O)N1C[C@H](COc2nc(Nc3cnn(C)c3)nc3[nH]cc(Cl)c23)[C@@H](OC)C1,[]
CHEMBL3822773,O=C(O)c1ccc([C@H]2C[C@@H]2c2ccc(OCc3c(-c4c(Cl)cccc4Cl)noc3C3CC3)cc2Cl)cc1,['Bile acid receptor FXR']
CHEMBL3916700,COc1cc(NC(=O)OCCN(C)[C@H]2CC[C@H](OC(=O)C(O)(c3cccs3)c3cccs3)CC2)c(Cl)cc1CNC[C@H](O)c1ccc(O)c2[nH]c(=O)ccc12,"['Beta-2 adrenergic receptor', 'Muscarinic acetylcholine receptor M3']"
CHEMBL3989507,O.O.O=C([O-])CN(CCN(CC(=O)[O-])CC(=O)O)CC(=O)O.[Na+].[Na+],[]
CHEMBL4116008,CCS(=O)(=O)N1CCN(c2ccc(Nc3ncc(C(N)=O)c(NC4CC4)n3)cc2)CC1,"['Tyrosine-protein kinase JAK2', 'Serine/threonine-protein kinase Aurora-A', 'c-Jun N-terminal kinase 1', 'Inhibitor of nuclear factor kappa B kinase beta subunit', 'Serine/threonine-protein kinase TBK1', 'Mitotic checkpoint serine/threonine-protein kinase BUB1']"
CHEMBL4207852,CC(C)[C@H](NC(=O)C(C)(F)F)[C@H](Oc1ccc2c(cnn2-c2ccc(=O)n(C)c2)c1)c1ccccc1,['Glucocorticoid receptor']
CHEMBL4297329,C[C@]1(O)C[C@@](N)(c2ccc(-c3nc4n(c3-c3ccccc3)COc3ccncc3-4)cc2)C1,"['Serine/threonine-protein kinase AKT', 'Serine/threonine-protein kinase AKT2']"
CHEMBL4297344,FC(F)(F)Oc1ccc(Nc2ccc3cccc(Cl)c3n2)cc1,[]
CHEMBL4298142,CC(=O)Oc1ccccc1C(=O)OC1=CC[C@H]2[C@H]3Cc4ccc(OC(=O)c5ccccc5OC(C)=O)c5c4[C@@]2(CCN3C)[C@H]1O5.Cl,[]
CHEMBL4301163,CCC(=O)NS(=O)(=O)c1ccc(NC(=O)Cc2ccc(Br)c(Oc3cc(Cl)cc(C#N)c3)c2F)c(Cl)c1,[]
CHEMBL435224,COc1cccc([C@H]2O[C@H](CC(=O)N3CCC(CC(=O)O)CC3)C(=O)N(CC(C)(C)COC(C)=O)c3ccc(Cl)cc32)c1OC,['Squalene synthetase']
CHEMBL4594447,CCCNCCOc1cc(F)cc(S(C)(=O)=O)c1,[]
CHEMBL4597193,Cc1cc(C)c(CNC(=O)c2cc(Cl)c3c(c2C)O[C@@](C)([C@H]2CC[C@H](N(C)C)CC2)O3)c(=O)[nH]1,"['Histone-lysine N-methyltransferase EZH2', 'KARPAS-422', 'Histone-lysine N-methyltransferase EZH1']"
CHEMBL4650334,C[C@H]1CN(C(=O)CC[C@@]2(C3CC3)NC(=O)NC2=O)CCN1c1cc(F)cc(F)c1,"['ADAMTS5', 'ADAMTS4', 'A disintegrin-like and metallopeptidase (Reprolysin type) with thrombospondin type 1 motif, 5 (Aggrecanase-2)']"
CHEMBL4650718,N[C@@]1(c2ccccc2Cl)CCC[C@@H](O)C1=O,['Methionine aminopeptidase 2']
CHEMBL4802293,O=C(c1cccc(F)c1-c1ncccn1)N1C[C@H]2C[C@@H](Oc3ccc(C(F)(F)F)cn3)[C@@H]1C2,"['Orexin receptor 2', 'Orexin receptor 1', 'Orexin receptor 1']"
CHEMBL50444,CC(O)(CC(=O)O)CC(=O)O,['Solute carrier family 22 member 6']
CHEMBL5095426,C[C@H]1CNC(=O)Nc2cnn3ccc(nc23)N2C[C@@H](F)C[C@@H]2c2cc(F)cnc2O1,['Nerve growth factor receptor Trk-A']
CHEMBL5183847,Cn1cnc(Cn2c(=O)[nH]/c(=N\c3cc4cn(C)nc4cc3Cl)n(Cc3cc(F)c(F)cc3F)c2=O)n1,[]
CHEMBL56564,CN1[C@@H]2CC[C@H]1C[C@@H](OC(=O)c1c[nH]c3ccccc13)C2,"['Serotonin 3 (5-HT3) receptor', 'Glycine receptor subunit alpha-1', 'Neuronal acetylcholine receptor protein alpha-7 subunit']"
CHEMBL709,COc1cc2nc(N(C)CCCNC(=O)C3CCCO3)nc(N)c2cc1OC,"['Alpha-1b adrenergic receptor', 'Alpha-1d adrenergic receptor']"
CHEMBL80386,CCNCC[C@H](O)CNCCCCNC[C@@H](O)CCNCC,['Calf thymus DNA']
CHEMBL1200467,O=C(O)c1cc2ccccc2c(Cc2c(O)c(C(=O)O)cc3ccccc23)c1O.OCCOCCN1CCN(C(c2ccccc2)c2ccc(Cl)cc2)CC1,[]
CHEMBL1201066,COc1ccc(C(CN(C)C)C2(O)CCCCC2)cc1.Cl,[]
CHEMBL1382,Cc1ccc(O)c([C@H](CCN(C(C)C)C(C)C)c2ccccc2)c1,[]
CHEMBL1446,NC[C@H]1O[C@H](O[C@H]2[C@H](O)[C@@H](O[C@H]3O[C@H](CO)[C@@H](O)[C@H](N)[C@H]3O)[C@H](N)C[C@@H]2N)[C@H](O)[C@@H](O)[C@@H]1O.O=S(=O)(O)O,"['Ribosomal RNA A-site', 'Ribosome', 'Human immunodeficiency virus type 1 REV']"
CHEMBL1527608,Cn1c(=O)c2c(ncn2CC2OCCO2)n(C)c1=O,[]
CHEMBL1614,C[C@H]1O[C@@H](O[C@H]2CC[C@@]3(C)[C@H](CC[C@@H]4[C@@H]3C[C@@H](O)[C@]3(C)[C@@H](C5=CC(=O)OC5)CC[C@]43O)C2)C[C@H](O)[C@@H]1O[C@H]1C[C@H](O)[C@H](O[C@H]2C[C@H](O)[C@H](O[C@@H]3O[C@H](CO)[C@@H](O)[C@H](O)[C@H]3O)[C@@H](C)O2)[C@@H](C)O1,[]
CHEMBL1685,C[C@@]12CCCCC[C@@H](Cc3ccc(O)cc31)[C@@H]2N,[]
CHEMBL1742466,CC1(C)OC[C@@H](COC(=O)CCc2ccc(OC[C@@H](O)CNCCNC(=O)N3CCOCC3)cc2)O1,[]
CHEMBL1829335,C[C@@H]1CCCN1CCCOc1ccc(-c2ccc(=O)[nH]n2)cc1,"['Histamine H3 receptor', 'Histamine H3 receptor']"
CHEMBL1865134,CC(C)(C)c1ccc2c(S(=O)(=O)O)c(C(C)(C)C)ccc2c1,[]
CHEMBL1908372,CCN1CCN(C(=O)N[C@@H](C(=O)N[C@]2(OC)C(=O)N3C(C(=O)O)=C(CSc4nnnn4C)CS[C@@H]32)[C@H](C)O)C(=O)C1=O,['Solute carrier family 22 member 8']
CHEMBL2074725,CC(=O)O[C@H]1C[C@H](O[C@H]2[C@@H](O)C[C@H](O[C@H]3[C@@H](O)C[C@H](O[C@H]4CC[C@@]5(C)[C@H](CC[C@@H]6[C@@H]5C[C@@H](O)[C@]5(C)[C@@H](C7=CC(=O)OC7)CC[C@]65O)C4)O[C@@H]3C)O[C@@H]2C)O[C@H](C)[C@H]1O,"['HCT-116', 'K562', 'CCRF-CEM', 'NCI-H460', 'MOLT-4', 'SR', 'RPMI-8226', 'NCI-H522', 'COLO 205', 'OVCAR-3', 'U-251', 'LOX IMVI', 'T47D', 'ACHN', 'UACC-62', 'SK-MEL-5', 'KM12', 'NCI-H23', '786-0', 'IGROV-1', 'SF-268', 'M14', 'CAKI-1', 'OVCAR-8', 'SF-539', 'RXF 393', 'UO-31', 'HOP-62', 'SF-295', 'Malme-3M', 'SK-MEL-2', 'UACC-257']"
CHEMBL2105949,COc1ccc(-c2sc3cc(O)ccc3c2Oc2ccc(OCCN3CCCCC3)cc2)cc1.Cl,['Estrogen receptor alpha']
CHEMBL2106083,C[N+](C)(C)CCOC(Cc1ccccc1)c1ccccc1.[Br-],[]
CHEMBL270362,CCCc1cc(=O)oc2c3c(c4c(c12)OC(C)(C)C=C4)OC(C)C(C)C3O,['CEM-SS']
CHEMBL320775,Cc1ccc2nc(N)[nH]c(=O)c2c1Sc1ccncc1,"['Thymidylate synthase', 'Thymidylate synthase', 'GC3/MTK-']"
CHEMBL3287255,O=C(CCCCNC(=O)c1nc(-c2nccs2)sc1C1CC1)NO,"['Histone deacetylase 1', 'Histone deacetylase 6', 'Histone deacetylase 3']"
CHEMBL334966,CSCCNc1nc(SCCC(F)(F)F)nc2c1ncn2[C@@H]1O[C@H](COP(=O)(O)OP(=O)(O)C(Cl)(Cl)P(=O)(O)O)[C@@H](O)[C@H]1O,"[""5'-nucleotidase"", 'Ectonucleoside triphosphate diphosphohydrolase 1']"
CHEMBL3545420,CCNCc1cncc(-c2ccc3c(c2)/C(=C2/N=c4cc(F)cc(F)c4=N2)NN3)c1C,[]
CHEMBL3659477,CCCOc1ccc([C@H]2CNC(=O)N2c2ccc3[nH]cnc3c2)cc1,['Glutaminyl-peptide cyclotransferase']
CHEMBL3989694,Cc1cc2c(s1)Nc1ccccc1N=C2N1CCN(C)CC1.O.O=C(O)c1cc2ccccc2c(Cc2c(O)c(C(=O)O)cc3ccccc23)c1O,[]
CHEMBL4071161,CC#CC(=O)N1CC[C@@H](n2c(=O)n(-c3ccc(Oc4ccccc4)cc3)c3c(N)ncnc32)C1,"['Tyrosine-protein kinase BTK', 'Tyrosine-protein kinase ITK/TSK', 'Platelet glycoprotein VI (GPVI)']"
CHEMBL4297318,COc1ccc(C(=O)Nc2ccc(S(=O)(=O)NC(CC#CCN3CCOCC3)C(=O)O)cc2)cc1,[]
CHEMBL438,Cc1ccnc(NS(=O)(=O)c2ccc(N)cc2)n1,[]
CHEMBL4594271,N#Cc1cccc(C(NCC2CC2)c2ccc(F)c(NC(=O)c3cc(C(F)(F)F)nn3-c3cccc(CN)c3)c2)c1,['Plasma kallikrein']
CHEMBL4802148,C=C1C[C@@H]2CC[C@@]34C[C@@H]5O[C@@H]6[C@@H](O[C@H]7CC[C@H](CC(=O)O[C@@H]8[C@@H](C)[C@@H]9O[C@@H]%10C[C@]%11(C[C@@H]%12O[C@]%13(C[C@H](C)[C@@H]%14O[C@H](CN)[C@H](O)C[C@@H]%14O%13)C[C@H](C)[C@@H]%12O%11)O[C@@H]%10C[C@@H]9O[C@H]8C[C@H]8O[C@@H](CC[C@@H]1O2)C[C@@H](C)C8=C)O[C@@H]7[C@@H]6O3)[C@H]5O4,[]
CHEMBL517199,Cc1cccc(C)c1NC(=O)c1cc(S(N)(=O)=O)c(Cl)cc1O,"['Carbonic anhydrase II', 'Carbonic anhydrase I']"
CHEMBL5314425,O=S1(=O)CCOCN1,[]
CHEMBL5314498,C=CC(=O)NC1CCN(c2ncc3ncnc(Nc4ccc(Oc5ccc6c(c5)ncn6C)c(C)c4)c3n2)CC1,"['Epidermal growth factor receptor erbB1', 'Receptor protein-tyrosine kinase erbB-2']"
CHEMBL631,CCCNCC(O)COc1ccccc1C(=O)CCc1ccccc1,"['P-glycoprotein 1', 'CCRF-CEM/VCR-1000']"
CHEMBL1201749,CCCC(=O)O[C@]1(C(=O)COC(C)=O)CC[C@H]2[C@@H]3C[C@H](F)C4=CC(=O)C=C[C@]4(C)[C@@]3(F)[C@@H](O)C[C@@]21C,[]
CHEMBL1215661,N#Cc1c[nH]c2c(C(=O)N3CCN(CCc4ccc(F)cc4)CC3)cccc12,[]
CHEMBL1255582,CCC1(c2c[nH]cn2)Cc2ccc(F)cc2C1,[]
CHEMBL1257073,O=C(NN1C(=O)[C@@H]2[C@@H]3C=C[C@@H]([C@H]4C[C@@H]34)[C@@H]2C1=O)c1ccc(C(F)(F)F)cc1,"['Vaccinia virus', 'Cowpox virus', 'Camelpox virus', 'Monkeypox virus', 'Variola virus']"
CHEMBL1413199,O=C1c2ccccc2C(=O)C1C(=O)C(c1ccccc1)c1ccccc1,[]
CHEMBL1484,COC(=O)C1=C(C)NC(C)=C(C(=O)OCCN(C)Cc2ccccc2)C1c1cccc([N+](=O)[O-])c1,"['Voltage-gated L-type calcium channel', 'Voltage-gated L-type calcium channel alpha-1D subunit', 'Voltage-gated L-type calcium channel alpha-1C subunit', 'Voltage-gated L-type calcium channel alpha-1C subunit', 'Voltage-gated L-type calcium channel alpha-1C subunit', 'Potassium channel subfamily K member 2']"
CHEMBL1504,CC1(C)O[C@@H]2C[C@H]3[C@@H]4CCC5=CC(=O)C=C[C@]5(C)[C@@]4(F)[C@@H](O)C[C@]3(C)[C@]2(C(=O)CO)O1,"['Glucocorticoid receptor', 'Nuclear receptor subfamily 1 group I member 2', 'Progesterone receptor']"
CHEMBL1615209,COCCCOc1ccnc(C[S@@+]([O-])c2nc3ccccc3[nH]2)c1C,"['Phosphodiesterase 10A', 'Canis familiaris', 'Potassium-transporting ATPase', 'Potassium-transporting ATPase', 'Potassium-transporting ATPase alpha chain 1', 'Histone-lysine N-methyltransferase 2A/WDR5', 'NAD(+) hydrolase SARM1']"
CHEMBL1643895,Cn1cc(C(=O)[C@@H]2CCc3[nH]cnc3C2)c2ccccc21,[]
CHEMBL1659,CN(C)CCC(c1ccc(Cl)cc1)c1ccccn1.O=C(O)/C=C\C(=O)O,[]
CHEMBL1829433,Cc1ccc(C(=O)N(CCCN)C(c2nc3snc(C)c3c(=O)n2Cc2ccccc2)C(C)C)cc1,['Kinesin-like protein 1']
CHEMBL193482,C[C@]12CC[C@@H]3c4ccc(O)cc4CC[C@H]3[C@@H]1C[C@@H](O)[C@@H]2O,"['Estradiol 17-beta-dehydrogenase 1', 'Estrogen receptor', 'Estrogen receptor alpha', 'Estrogen receptor beta', 'Sulfotransferase 1A1']"
CHEMBL1976040,C=CCn1c(=O)c2cnc(Nc3ccc(N4CCN(C)CC4)cc3)nc2n1-c1cccc(C(C)(C)O)n1,['Serine/threonine-protein kinase WEE1']
CHEMBL2103852,COc1cc([C@H]2C(C#N)=C(N)Oc3c2ccc(N)c3N)cc(Br)c1OC,"['NCI-H1299', 'SNU-398']"
CHEMBL2105987,CC1=CC(=O)C=C2CC[C@@H]3[C@H](CC[C@]4(C)C(=O)CC[C@@H]34)[C@@]12C,['Cytochrome P450 19A1']
CHEMBL2110756,CC[C@H]1OC(=O)[C@H](C)[C@@H](O[C@H]2C[C@@](C)(OC)[C@@H](O)[C@H](C)O2)[C@H](C)[C@@H](O[C@@H]2O[C@H](C)C[C@H](N(C)C(C)C)[C@H]2O)[C@@]2(C)CC(C)=C(O2)[C@H](C)C(=O)[C@]1(C)OC,"['Motilin receptor', 'Streptococcus pneumoniae']"
CHEMBL2165191,Cc1cc([C@@H](C)Nc2ccccc2C(=O)O)c2nc(N3CCOCC3)cc(=O)n2c1,"['PI3-kinase p110-beta subunit', 'DOHH-2', 'NCI-H2122', '697', 'UMUC3', 'AN3-CA', 'LAMA-84', 'HT', 'SW982', 'DEL', 'Ca9-22', 'HAL-01', 'KS-1', 'ML-2', 'SW 954', 'NKM-1', 'QIMR-WIL', 'A101D', 'CHL-1', 'BB30-HNC', 'KARPAS-45', 'SK-MEL-1', 'LXF-289 cell line', 'LB2241-RCC', 'COLO-829', 'KGN', 'ETK-1', 'A4-Fuk', 'ES4', 'Calu-3', 'SK-MEL3', 'CTB-1', 'SW872', 'ES8', 'SH-4', 'NTERA-2-cl-D1', 'SW 962', 'MZ1-PC', '8-MG-BA', 'MOLT-16', 'NB69', 'CGTH-W-1', 'GI-1', 'A388', 'NEC8', 'NCI-H747', 'HH', 'NCI-H1355', 'TE-10', 'SF-126', 'OCUB-M', 'VA-ES-BJ', 'KURAMOCHI', 'GCIY', 'SCC-25', 'Becker', 'NMC-G1', 'REH', 'MZ2-MEL', 'SK-N-DZ', 'IST-MEL1', 'GT3TKB', 'MLMA', 'EW-1', 'IA-LM', 'NCI-H1648', 'A704', 'LB831-BLC', 'GR-ST', 'EW-3', 'J-RT3-T3-5', 'LS-123', 'K5', 'A204', 'ATN-1', 'C2BBe1', 'MC116', 'LU-134-A', 'D-263MG', 'no-11', 'HCE-T', 'NB5', 'LB996-RCC', 'BFTC-905', 'MEL-HO', 'MeWo', 'GAMG', 'KNS-42', 'SK-LMS-1', 'HSC-2', 'HC-1', 'KALS-1', 'G-402', 'CAL-33', 'HCC2218', 'LB2518-MEL', 'BPH-1', 'NCI-H2126', 'SIG-M5', 'TGBC1TKB', 'Detroit562', 'COLO-684', 'HuO-3N1', 'CAL-39', 'KLE', 'CAS-1', 'NCI-H2009', 'TE-15', 'LS-513', 'BB49-HNC', 'SW 1116', 'KY821', '639-V', 'BHT-101', 'CAL-54', 'MMAC-SF', 'HuCCT-1', 'EFO-27', 'DOK', 'TGBC24TKB', 'SU-DHL-1', 'BL-70', 'P12-Ichikawa', 'IGR-1', 'LS-1034', 'PF-382', 'LNCaP-Clone-FGC', 'NCI-H720', 'LAN-6', 'ESS-1', 'Lu-65', 'KNS-81-FD', 'GDM-1', 'RVH-421', 'Panc1005', 'HCC38', 'SCC-9', 'D-247MG', 'HDLM-2', 'D-336MG', 'HCC2157', 'NCCIT', 'NB14', 'RPMI-6666', 'D-392MG', 'CESS', 'NB12', 'KU-19-19', 'RERF-LC-MS', 'MDA-MB-415', 'LB373-MEL-D', 'NB7', 'MDA-MB-175-VII', 'NCI-H1755', 'MC-CAR', 'RO82-W-1', 'HSC-4', 'HuO9', 'OAW-28', 'ARH-77', 'CaR-1', 'NCI-H1395', 'CP50-MEL-B', 'NCI-H2052', 'D-542MG', 'SW684', 'MFM-223', 'EHEB', 'EB2', 'CCF-STTG1', 'D-566MG', 'EVSA-T', 'LN-405', 'NCI-H1793', 'CAL-148', 'NCI-H1048', 'MOLT-13', 'NCI-H64', 'NCI-H2452', 'UACC-893', 'EC-GI-10', 'SW1463', 'YH-13', 'KNS-62', 'EW-7', 'RH-18', 'NCI-H2291']"
CHEMBL2397751,CCOC(=O)c1c(C)cc2nc(COC(=O)NCCO)n(-c3ccccc3S(=O)(=O)NC)c(=O)c2c1C,[]
CHEMBL243716,COc1nc(N)nc2c1ncn2[C@H]1CC[C@@H](CO)O1,"['Human herpesvirus 4', 'Murine cytomegalovirus']"
CHEMBL303933,Clc1ccc2c(N3CCN(CCCN4CCN(c5ccnc6cc(Cl)ccc56)CC4)CC3)ccnc2c1,"['Plasmodium falciparum', 'Plasmodium malariae']"
CHEMBL3286830,C[C@H]1Oc2cc(cnc2N)-c2c(nn(C)c2C#N)CN(C)C(=O)c2ccc(F)cc21,"['ALK tyrosine kinase receptor', 'ALK tyrosine kinase receptor']"
CHEMBL3545039,Cc1cc(Cl)cc2c1N(Cc1cccc(C(F)(F)F)c1)C(=O)C21NC(=O)NC1=O,[]
CHEMBL3833336,CC(C)(Oc1ccc(Cl)cc1)C(=O)[O-].CC(C)(Oc1ccc(Cl)cc1)C(=O)[O-].[Al+3].[OH-],['Nuclear receptor subfamily 1 group I member 2']
CHEMBL3989515,CC1(C)S[C@@H]2[C@H](NC(=O)Cc3ccccc3)C(=O)N2[C@H]1C(=O)O.CC1(C)S[C@@H]2[C@H](NC(=O)Cc3ccccc3)C(=O)N2[C@H]1C(=O)O.O.O.O.O.c1ccc(CNCCNCc2ccccc2)cc1,[]
CHEMBL4297107,CC(C)N1CC(O)C2=CC(=NNC(N)=O)C(=O)C=C21,[]
CHEMBL4297618,CCOC(=O)C(COC(=O)Cc1ccc(NC(=O)c2ccccc2-c2ccc(C(F)(F)F)cc2)c(C(=O)N(C)C)c1)(C(=O)OCC)c1ccccc1,['Microsomal triglyceride transfer protein large subunit']
CHEMBL4298159,C[C@@H]1CN(c2nc(-n3ccc(OCCC4(C(F)(F)F)CC4)n3)ccc2C(=O)[N-]S(=O)(=O)c2ccccc2)C(C)(C)C1.[K+],[]
CHEMBL4594257,CCOC(=O)[C@H](C)N[P@](=O)(CO[C@@H]1C=C(F)[C@H](n2cnc3c(N)ncnc32)O1)Oc1ccccc1,['Human immunodeficiency virus 1']
CHEMBL4594274,Cc1c(-c2cc(C(=O)O)c3c(O[C@H](C)C4CCOCC4)ccc(C)c3n2)oc2ccccc12,[]
CHEMBL4650338,CC#CC(=O)N1CC[C@@H](n2cc(-c3ccc(Oc4c(F)cccc4F)cc3)c3c(N)n[nH]c(=O)c32)C1,['Tyrosine-protein kinase BTK']
CHEMBL485629,O=C(NC1CC1)c1cn(-c2cccc(C#Cc3ccc[n+]([O-])c3)c2)c2ncccc2c1=O,['Blood']
CHEMBL5095061,CCN1Cc2c(ccc(F)c2C#N)O[C@@H](C)CNC(=O)c2c(N)nn3ccc1nc23,[]
CHEMBL5095071,CCOC(=O)C1=C(CN2CCN3C(=O)N(CC(C)(C)C(=O)O)C[C@@H]3C2)N=C(c2nccs2)N[C@H]1c1cccc(F)c1C,[]
CHEMBL5314594,CC(=O)O[C@@]12CO[C@@H]1C[C@H](O)[C@@]1(C)C(=O)[C@H](O)C3=C(C)[C@@H](OC(=O)[C@H](OC(=O)CCC(=O)O)[C@@H](NC(=O)OC(C)(C)C)c4ccccc4)C[C@@](O)([C@@H](OC(=O)c4ccccc4)[C@H]21)C3(C)C,[]
CHEMBL70,CN1CC[C@]23c4c5ccc(O)c4O[C@H]2[C@@H](O)C=C[C@H]3[C@H]1C5,"['Delta opioid receptor', 'Opioid receptor']"
CHEMBL1200343,CC(C)(C)N.CCC[C@H](N[C@@H](C)C(=O)N1[C@H](C(=O)O)C[C@@H]2CCCC[C@@H]21)C(=O)OCC,[]
CHEMBL1201162,CCN[C@H]1C[C@H](C)S(=O)(=O)c2sc(S(N)(=O)=O)cc21.Cl,"['Carbonic anhydrase II', 'Carbonic anhydrase IV', 'Carbonic anhydrase 15', 'Carbonic anhydrase 2', 'Astrosclerin-3', 'Alpha carbonic anhydrase', 'Carbonic anhydrase, alpha family', 'Carbonate dehydratase', 'Carbonic anhydrase', 'Delta carbonic anhydrase', 'Carbonic anhydrase', 'AGAP002992-PA', 'Carbonic anhydrase']"
CHEMBL1201286,CC[N+](C)(CC)CCOC(=O)C(O)(c1ccccc1)C1CCCCC1,['Muscarinic acetylcholine receptor M3']
CHEMBL1201864,C[C@]12CCC3=C4CCC(=O)C=C4CC[C@H]3[C@@H]1CC[C@@]2(O)CC#N,['Progesterone receptor']
CHEMBL1230607,CC(C)CC(=O)Nc1n[nH]c2c1CN(C(=O)C1CCN(C)CC1)C2(C)C,[]
CHEMBL1233058,OC[C@H]1O[C@H](O)[C@H](O)[C@@H](O)[C@H]1O,[]
CHEMBL1240977,CN1CCCN=C1/C=C/c1cccc(O)c1,[]
CHEMBL1276127,O=C1Nc2ccccc2/C1=C1/Nc2ccccc2C1=O,['Danio rerio']
CHEMBL1323699,CCCCC(CC)COC(=O)c1ccc(N(C)C)cc1,[]
CHEMBL1439,C[C@]1(Cn2ccnn2)[C@H](C(=O)[O-])N2C(=O)C[C@H]2S1(=O)=O.[Na+],"['Beta-lactamase', 'Beta-lactamase TEM', 'Beta-lactamase', 'Beta-lactamase', 'Beta-lactamase', 'Bacillus licheniformis', 'Beta-lactamase', 'PER-2 beta-lactamase', 'IMI-1']"
CHEMBL151445,OCC(O)CN1CCN(c2ccccc2)CC1,[]
CHEMBL1743757,CC(C)[C@H](N)C(=O)O[C@@H]1[C@@H](CO)O[C@@H](n2ccc(N)nc2=O)[C@]1(C)O.Cl.Cl,[]
CHEMBL1795071,N#CC[C@H](C1CCCC1)n1cc(-c2ncnc3[nH]ccc23)cn1.O=P(O)(O)O,"['Tyrosine-protein kinase JAK2', 'Tyrosine-protein kinase JAK1', 'Tyrosine-protein kinase JAK3', 'Serine/threonine-protein kinase TBK1', 'Myotonin-protein kinase', 'Activin receptor type-2A', 'Serine/threonine-protein kinase PAK7', 'Serine/threonine-protein kinase PAK6', 'Uncharacterized aarF domain-containing protein kinase 4', 'Mitotic checkpoint serine/threonine-protein kinase BUB1', 'Serine/threonine-protein kinase WNK1', 'Ribosomal protein S6 kinase', 'DNA topoisomerase 4 subunit B', 'Leishmania peruviana', 'Nuclear receptor subfamily 2 group C member 2', 'Insulin-like growth factor II receptor', 'Transient receptor potential cation channel subfamily M member 6', 'DOPA decarboxylase', 'Aryl hydrocarbon receptor']"
CHEMBL1822916,CN1CCc2cc(Cl)c(O)cc2[C@H]2c3ccccc3CC[C@@H]21.Cl,"['Dopamine D2 receptor', 'Dopamine D1 receptor', 'Dopamine D5 receptor']"
CHEMBL1915540,CN[C@@H]1CCN(c2cc(NCC3CC3)nc(N)n2)C1,['Histamine H4 receptor']
CHEMBL22,COc1cc(Cc2cnc(N)nc2N)cc(OC)c1OC,"['Dihydrofolate reductase', 'Dihydrofolate reductase', 'Dihydrofolate reductase', 'Dihydrofolate reductase']"
CHEMBL28333,CN1CCN=C(c2ccccc2)c2cc(Cl)ccc21,"['Trypanothione reductase', 'Murine leukemia virus']"
CHEMBL284348,Nc1ccncc1,['Matrix metalloproteinase 9']
CHEMBL3137326,[2H]C([2H])([2H])Oc1cc2c(cc1OC([2H])([2H])[2H])C1CC(=O)C(CC(C)C)CN1CC2,['Synaptic vesicular amine transporter']
CHEMBL3244648,CN(Cc1cnc2nc(N)nc(N)c2n1)c1ccc(C(=O)N[C@@H](CCC(=O)[O-])C(=O)[O-])cc1.[Na+].[Na+],['L1210']
CHEMBL3813842,CC1(C)OCCn2c1nc1c(N3CCOCC3)nc(-c3cnc(N)nc3)nc12,['Serine/threonine-protein kinase mTOR']
CHEMBL3894518,CCn1nc(C2CCN(C(=O)CCO)CC2)nc1-c1cnc(N)c(-c2nnc(C(C)(C)C)o2)n1,"['PI3-kinase p110-alpha subunit', 'PI3-kinase p110-alpha subunit']"
CHEMBL416146,Cc1ccc(-c2ncc(Cl)cc2-c2ccc(S(C)(=O)=O)cc2)cn1,['Cyclooxygenase-2']
CHEMBL4227505,CNC(=O)c1cc(Oc2ccc3nc(N[C@@H]4CCCC[C@H]4O)sc3c2)ccn1,"['Macrophage colony-stimulating factor 1 receptor', 'NFS-60']"
CHEMBL429,CC(CCc1ccccc1)NCC(O)c1ccc(O)c(C(N)=O)c1,"['Beta-2 adrenergic receptor', 'Dipeptidyl peptidase 3']"
CHEMBL4297423,Cc1sc2c(c1C)C(c1ccc(Cl)cc1)=N[C@@H](CC(=O)NCCCN1CCN(C)CC1)c1nnc(C)n1-2,"['Bromodomain-containing protein 4', 'Bromodomain-containing protein 3']"
CHEMBL4594350,C=C(F)C(=O)N1CCN(c2nc(OC[C@@H]3CCCN3C)nc3c2CCN(c2cccc4cccc(Cl)c24)C3)C[C@@H]1CC#N,['GTPase KRas']
CHEMBL462605,Clc1ccc(CCCOCCCN2CCCCC2)cc1,['Histamine H3 receptor']
CHEMBL5095242,COc1ccc(CN2CCN(CCOC(=O)c3cccnc3)CC2)c(OC)c1OC,[]
CHEMBL5314431,Cc1c(-c2ccnc(C(F)(F)F)c2)ncn1CC(=O)Nc1ccc(-c2cnccn2)cn1,"['Probable protein-cysteine N-palmitoyltransferase porcupine', 'Probable protein-cysteine N-palmitoyltransferase porcupine']"
CHEMBL5314501,O=C(O)CC[C@H](NC(=O)N[C@@H](CCCCNC(=O)CCCCCCCNC(=O)[C@@H](Cc1ccccc1)NC(=O)[C@@H](Cc1ccccc1)NC(=O)CCCC(=O)NC12CNCCNCC(NC(=O)CCCC(=O)N[C@H](Cc3ccccc3)C(=O)N[C@H](Cc3ccccc3)C(=O)NCCCCCCCC(=O)NCCCC[C@H](NC(=O)N[C@@H](CCC(=O)O)C(=O)O)C(=O)O)(CNCCNC1)CNCCNC2)C(=O)O)C(=O)O,[]
CHEMBL5314587,CC[C@H](C)[C@@H]([C@@H](CC(=O)N1CCC[C@H]1[C@H](OC)[C@@H](C)C(=O)N[C@@H](Cc1ccccc1)C(=O)O)OC)N(C)C(=O)[C@@H](NC(=O)[C@H](C(C)C)N(C)CCOCCOCCOCCON)C(C)C,['L-540']
CHEMBL6273,CN1CCN(c2c(F)cc3c(=O)c(C(=O)O)cn(CCF)c3c2F)CC1,[]
CHEMBL651,CCC(=O)C(CC(C)N(C)C)(c1ccccc1)c1ccccc1,[]
CHEMBL880,CC(=O)OCC(CCn1cnc2cnc(N)nc21)COC(C)=O,[]
CHEMBL92401,CC(C)NNC(=O)c1ccncc1,[]
CHEMBL977,C[C@]12CCC(=O)C=C1CC[C@@H]1[C@@H]2[C@@H](O)C[C@@]2(C)[C@H]1CC[C@]2(O)C(=O)COC(=O)CCC(=O)O,['Solute carrier organic anion transporter family member 1A2']
CHEMBL1042,C=C1CC[C@H](O)C/C1=C/C=C1\CCC[C@]2(C)[C@@H]([C@H](C)CCCC(C)C)CC[C@@H]12,['Vitamin D receptor']
CHEMBL1079175,NC1(c2ccc(-c3nc4ccn5c(=O)[nH]nc5c4cc3-c3ccccc3)cc2)CCC1,"['Serine/threonine-protein kinase AKT', 'HT-1080', 'AGS', 'HGC-27', 'KG-1', 'A-427', 'NCI-H1650', 'Kasumi 1', 'G-361', 'J82', 'NCI-H292', '8505C', '5637', 'MKN-28', 'DOHH-2', 'CAL-27', 'SK-MES-1', 'MG-63', 'OCI-AML2', 'BT-20', 'A2058', 'MSTO-211H', 'RT-112', 'NCI-H661', 'NCI-H2122', 'NCI-H520', 'HCC1806', 'NCI-H446', 'DU-4475', 'SAOS-2', 'SK-LU-1', 'BV-173', '697', 'SNU-5', 'UMUC3', 'LC-2-ad', 'AN3-CA', 'KU812 cell line', 'LAMA-84', 'HT', 'PSN1', 'Calu-6', 'AU565', 'KYSE-520 cell line', 'SJRH30', 'NOMO-1', 'SW982', 'NCI-H596', 'DEL', 'GOTO', 'NCI-H526', 'RD', 'Ca9-22', 'NOS-1', 'HAL-01', 'NB1', 'HuTu80', 'LB1047-RCC', 'EW-16', 'KS-1', 'ML-2', 'SW 954', 'NKM-1', 'MKN-7', 'SNU1', 'QIMR-WIL', 'ONS-76', 'A101D', 'L-363', 'CTV-1', 'CHL-1', 'BB30-HNC', 'SAS', 'U-118-MG', 'NCI-H1792', 'ALL-PO', 'ACN', 'SNU-423', 'MKN-1', 'HT-144', 'TE-12', 'KARPAS-45', 'TE-8', 'SK-MEL-1', 'LXF-289 cell line', 'LB2241-RCC', 'COLO-829', 'A3-KAW', 'KGN', 'ETK-1', 'A4-Fuk', 'ES4', 'Calu-3', 'CTB-1', 'SW872', 'ES8', 'SK-NEP-1', 'SH-4', 'EM-2', 'NTERA-2-cl-D1', 'SW 962', 'MZ1-PC', '8-MG-BA', 'NCI-H82', 'MOLT-16', 'GI-ME-N', 'NB69', 'ES1', 'GB-1', 'CGTH-W-1', 'GI-1', 'A388', 'NEC8', 'NCI-H747', 'LCLC-103H cell line', 'ME-180', 'SNU-387', 'HH', 'NCI-H1355', 'TE-10', 'SF-126', 'DB', 'OCUB-M', 'HT1197', 'KYSE-150 cell line', 'VA-ES-BJ', 'KURAMOCHI', 'GCIY', 'D-423MG', 'ES6', 'NCI-H1437', 'RL', 'SCC-25', 'Becker', 'BE-13', 'MHH-PREB-1', 'NMC-G1', 'G-401', 'REH', 'MZ2-MEL', 'SW1088', '8305C', 'SK-N-DZ', 'IST-MEL1', 'Ramos-2G6-4C10', 'NB13', 'GT3TKB', 'MLMA', 'EW-1', 'LS-411N', 'KE-37', 'IA-LM', 'T84', 'NCI-H1648', 'TE-9', 'A704', 'ST486', 'GR-ST', 'L-428', 'SCC-4', 'SW1710', 'TE-11', 'EW-3', 'J-RT3-T3-5', 'LS-123', 'K5', 'NCI-H209', 'A204', 'HCE-4', 'HD-MY-Z', 'A253 cell line', 'ATN-1', 'C2BBe1', 'MS-1', 'C-33-A', 'DSH1', 'MC116', 'LU-134-A', 'D-263MG', 'no-11', 'HCE-T', 'NB10', 'NB5', 'LB996-RCC', 'MZ7-mel', 'P30-OHK', 'MEL-HO', 'OE19', 'NH-12', 'MPP-89', 'SK-N-FI', 'MeWo', 'EW-13', 'GAMG', 'SK-LMS-1', 'LCLC-97TM1', 'HSC-2', 'HC-1', 'SK-PN-DW', 'TE-5', 'KALS-1', 'G-402', 'YAPC', 'HuP-T4', 'CHP-212', 'MEL-JUSO', 'D283 Med', 'CAL-33', 'HCC2218', 'LB2518-MEL', 'LP-1', 'MHH-NB-11', 'BPH-1', 'TE-6', 'YKG-1', 'HSC-3', 'SCC-15', 'NCI-H2126', 'NCI-H1155', 'IST-SL1', 'SIG-M5', 'KINGS-1', 'FTC-133', 'CAL-12T', 'TGBC1TKB', 'Detroit562', 'D-502MG', 'MFH-ino', 'NB6', 'SHP77', 'COLO-684', 'NCI-H1417', 'HuO-3N1', 'SNU-C2B', 'MDA-MB-157', 'NCI-H1770', 'RH-1', 'CAL-39', 'KLE', 'CAS-1', 'BHY', 'NCI-H2009', 'MN-60', 'LS-513', 'LB771-HNC', 'KMOE-2', 'NCI-H2030', 'SW 1116', 'MC-IXC', 'KY821', '639-V', 'BHT-101', 'NCI-H28', 'CAL-54', 'ES3', 'ES5', 'SBC-1', 'MRK-nu-1', 'MMAC-SF', 'COLO-668', 'KP-N-YS', 'DBTRG-05MG', 'EFO-27', 'DOK', 'TGBC24TKB', 'LU-139', 'SU-DHL-1', 'BL-70', 'P12-Ichikawa', 'KYSE-180', 'SK-MEL-30', 'IGR-1', 'LS-1034', 'CAMA-1', 'PF-382', 'NCI-H1092', 'no-10', 'HO-1-N-1', 'LNCaP-Clone-FGC', 'MHH-ES-1', 'HMV-2 cell line', 'GP5d', 'RPMI-2650', 'KM-H2', 'NCI-H720', 'DJM-1', 'LAN-6', 'VMRC-RCZ', 'COLO-679', 'ESS-1', 'COR-L105', 'OAW-42', 'NCI-H2170', 'JVM-3', 'OMC-1', 'Lu-65', 'KNS-81-FD', 'GDM-1', 'NB17', 'CAL-62', 'EW-11', 'RVH-421', 'TYK-nu', 'NCI-H2087', 'Panc1005', 'HN', 'VM-CUB-1', 'H-EMC-SS', 'IST-SL2', 'JVM-2', 'LU-99A', 'EW-18', 'HCC38', 'WM-115', 'D-247MG', 'HDLM-2', 'RPMI-8866', 'BC1 cell line', 'COLO-320-HSR', 'COR-L88', 'BFTC-909', 'GAK', 'CP66-MEL', 'HCC2157', 'LC4-1', 'NCCIT', 'NB14', 'RPMI-6666', 'DoTc2-4510', 'NCI-H650', 'D-392MG', 'JIYOYE', 'CESS', 'NB12', 'NCI-H1304', 'NY', 'EFM-19', 'KU-19-19', 'SK-MEL-24', 'NCI-H510A', 'BC-3', 'ABC-1', '647-V', 'COLO-678', 'TGW', 'DMS-79', 'MDA-MB-415', 'CAL-120', 'HPAF-II', 'AM-38', 'S-117', 'RCM-1', 'LOUCY', 'LB373-MEL-D', 'HCC1599', 'DG-75', 'NB7', 'MDA-MB-175-VII', 'NCI-H1755', 'IMR-5', 'SKG-IIIa', 'SW13', 'MC-CAR', 'RO82-W-1', 'HSC-4', 'COLO-824', 'EGI-1', 'HCC1395', 'NCI-H1573', 'HEC-1', 'HuO9', 'DK-MG', 'NCI-H1563', 'NCI-H1651', 'OAW-28', 'MFE-280', 'GMS-10', 'NCI-H1623', 'ARH-77', 'CaR-1', 'SW756', 'COLO-680N', 'NCI-H1395', 'EW-24', 'COLO-792', 'NCI-H1693', 'COLO-741', 'PFSK-1', 'CP50-MEL-B', 'BEN', 'JEG-3', 'NCI-H2052', 'D-542MG', 'LB647-SCLC', 'SW1417', 'YT', 'NBsusSR', 'MFM-223', 'SCC-3', 'EHEB', 'COR-L279', 'EB2', 'HCC1419', 'RMG-I', 'D-566MG', 'SCH', 'EB-3', 'EVSA-T', 'CHP-126', 'SK-MM-2', 'LN-405', 'SIMA', 'EPLC-272H', 'NCI-H1882', 'UMC-11', 'HT55', 'TE-441-T', 'NCI-H1793', 'ZR-75-30', 'Ferrochelatase, mitochondrial', 'CAL-148', 'WSU-NHL', 'NCI-H1048', 'K052', 'MOLT-13', 'NCI-H64', 'LC-1F', 'NCI-H345', 'Epithelial cells', 'NCI-H2452', 'UACC-893', 'EC-GI-10', 'TI-73', 'NCI-H630', 'SCLC-21H', 'DMS-153', 'NCI-H2141', 'CPC-N', 'EW-22', 'SW948', 'ECC10', 'NCI-H1436', 'ECC4', 'MHH-CALL-2', 'NCI-H2196', 'NCI-H1694', 'SW1463', 'NCI-H1838', 'YH-13', 'KNS-62', 'LU-165', 'NCI-H524', 'NCI-H1522', 'hTERT-BJ', 'TGBC11TKB', 'OC-314', 'NCI-H748', 'NCI-H719', 'NCI-H889', 'EW-7', 'TUR', 'MDA-MB-134-VI', 'KP-N-YN', 'CNE', 'H69AR', 'CW-2', 'HCT-29', 'NCI-H1666', 'IPC-298', 'KMS-12-PE', 'RH-18', 'NCI-H2291', 'UACC-812', 'B-ALL', 'MCF7-DOX', 'NCI-H1618', 'SW900', 'BALL-1', 'NCI-H2227', 'LU-135', 'NCI-H2029', 'P31-FUJ', 'NCI-H2107', 'RXF 944', 'MAXF401 cell line', 'Influenza B virus (B/Lee/40)', 'DNA topoisomerase I', 'Ubiquitin carboxyl-terminal hydrolase isozyme L3', 'Somatostatin receptor', 'CAKI-2', 'DC3F', 'CCD-841CoN', 'Shiga toxin 1 variant A subunit', 'Pyridoxal kinase']"
CHEMBL1112,O=C1CCc2ccc(OCCCCN3CCN(c4cccc(Cl)c4Cl)CC3)cc2N1,['Dopamine D2 receptor']
CHEMBL1166,CC1CNc2c(cccc2S(=O)(=O)N[C@@H](CCCNC(=N)N)C(=O)N2CC[C@@H](C)C[C@@H]2C(=O)O)C1,"['Thrombin', 'Neuropilin-1']"
CHEMBL1201,CN1CCN(CC/C=C2/c3ccccc3Sc3ccc(S(=O)(=O)N(C)C)cc32)CC1,['Serotonin 6 (5-HT6) receptor']
CHEMBL1201224,CO/N=C(\C(=O)N[C@@H]1C(=O)N2C(C(=O)O)=C(CSc3nnnn3C)CS[C@H]12)c1csc(N)n1,"['Solute carrier family 22 member 6', 'Solute carrier family 22 member 8', 'Solute carrier family 22 member 11']"
CHEMBL1201761,Cl.N[C@@H]1CCCCN(c2c(F)cc3c(=O)c(C(=O)O)cn(C4CC4)c3c2Cl)C1,['DNA gyrase']
CHEMBL12198,CC(N)C(=O)O,"['GABA-B receptor', 'Betaine transporter', 'Gamma-amino-N-butyrate transaminase', 'GABA receptor gamma-1 subunit', 'GABA receptor alpha-1 subunit', 'Gamma-amino-N-butyrate transaminase']"
CHEMBL1408594,CCN(CCCc1ccccc1)CCCc1ccccc1.O=C(O)CC(O)(CC(=O)O)C(=O)O,[]
CHEMBL1533,C#C[C@]1(O)CC[C@H]2[C@@H]3CCC4=CCCC[C@@H]4[C@H]3C(=C)C[C@@]21CC,['Progesterone receptor']
CHEMBL1560089,CN(CCO)CC(O)Cn1cnc2c1c(=O)n(C)c(=O)n2C.O=C(O)c1cccnc1,[]
CHEMBL1614713,c1cc(OCCN2CCCCC2)cc(-c2n[nH]c3ccc(-c4nnc[nH]4)cc23)c1,['c-Jun N-terminal kinase 2']
CHEMBL1614766,O=C(NOCCO)c1cc(CN2OCCCC2=O)c(F)c(F)c1Nc1ccc(I)cc1F,"['Dual specificity mitogen-activated protein kinase kinase 1', 'QG-56']"
CHEMBL1615371,CN1c2c([nH]c(N)nc2=O)NC[C@@H]1CNc1ccc(C(=O)N[C@@H](CCC(=O)[O-])C(=O)[O-])cc1.[Ca+2],[]
CHEMBL17157,CC(C)(C)c1ccc(C(O)CCCN2CCC(C(O)(c3ccccc3)c3ccccc3)CC2)cc1,"['Cytochrome P450 2J2', 'Human herpesvirus 5 chemokine receptor']"
CHEMBL1752,Cn1c(=O)c2c(ncn2CC(O)CO)n(C)c1=O,[]
CHEMBL2105753,CN[C@@]1(C)[C@@H]2CC[C@@H](C2)C1(C)C.Cl,['Influenza A virus H3N2']
CHEMBL2106370,COc1ccnc(C[S+]([O-])c2nc3cc(-n4cccc4)ccc3[nH]2)c1C,['Potassium-transporting ATPase']
CHEMBL2107823,Cc1cc(Nc2cc(CN3CCOCC3)c3nc(C)c(Cc4ccc(Cl)cc4F)n3n2)n[nH]1,[]
CHEMBL2146140,COc1ccc2[n-]c([S@@+]([O-])Cc3ncc(C)c(OC)c3C)nc2c1.COc1ccc2[n-]c([S@@+]([O-])Cc3ncc(C)c(OC)c3C)nc2c1.O.O.O.O.[Sr+2],[]
CHEMBL2216859,CC(C)N1CCN(Cc2cnc(-c3cc(-c4cccc5[nH]ccc45)cc4[nH]ncc34)o2)CC1,[]
CHEMBL2396989,NC1=N[C@@]2(c3cc(NC(=O)c4ccc(F)cn4)ccc3F)COC[C@H]2CS1,"['Beta-secretase 1', 'Beta-secretase 1']"
CHEMBL282042,CC(C)(C)NC(=O)[C@@H]1C[C@@H]2CCCC[C@@H]2CN1C[C@@H](O)[C@H](Cc1ccccc1)NC(=O)[C@H](CC(N)=O)NC(=O)c1ccc2ccccc2n1.CS(=O)(=O)O,"['Human immunodeficiency virus type 1 protease', 'Human T-lymphotropic virus 1']"
CHEMBL3707389,NC(CCCN1C(=O)NC(c2ccccc2)(c2ccccc2)C1=O)C(=O)O,[]
CHEMBL4297520,CS(=O)(=O)Nc1ccc2oc3c(OC(F)F)ccc(C(=O)Nc4c(Cl)cncc4Cl)c3c2c1,[]
CHEMBL443,Cc1cc(NS(=O)(=O)c2ccc(N)cc2)no1,[]
CHEMBL460499,CCCCCCNC(=O)n1cc(F)c(=O)[nH]c1=O,"['Acid ceramidase', 'Sulfide:quinone oxidoreductase, mitochondrial']"
CHEMBL4650347,COCCCOc1cccc(C[S+]([O-])c2nc3cc4c(cc3[n-]2)OCC4)c1C.[Na+],['Canis familiaris']
CHEMBL4802163,CCc1cc(O)ccc1-c1ccc2c(-c3nc4c([nH]3)C[C@@H](C(=O)N3CC(N(C)C)C3)N(C(C)C)C4)n[nH]c2c1,[]
CHEMBL504,C[S+](C)[O-],"['Alcohol dehydrogenase', 'Pectobacterium carotovorum']"
CHEMBL5077861,C=CC(=O)N1CC2(CC(n3nc(-c4ccc5c(cnn5C)c4)c(-c4c(Cl)c(C)cc5[nH]ncc45)c3C)C2)C1,['GTPase KRas']
CHEMBL5095099,Cc1ccc(NC(=O)N2CC[C@@H](CC(F)(F)F)C2)cc1-c1cc(N[C@H](C)CO)nc(N2CCOCC2)c1,[]
CHEMBL513521,Cl.NCCCC(=O)OCCN1CCN(CCCN2c3ccccc3Sc3ccc(Cl)cc32)CC1,[]
CHEMBL5315324,Cc1ccsc1C(=O)Nc1cc(CN2CCN(C(=O)CO)CC2)ccc1/C=C/c1n[nH]c2ccccc12,[]
CHEMBL600325,C[C@@H]1O[C@@H](O[C@@H]2C=C3CC[C@@H]4[C@H](CC[C@]5(C)[C@@H](c6ccc(=O)oc6)CC[C@]45O)[C@@]3(C)CC2)[C@H](O)[C@H](O)[C@H]1O,['OVCAR-3']
CHEMBL1115,CN(C)C(=O)Oc1ccc[n+](C)c1,[]
CHEMBL1200534,CCOC(=O)[C@H](CCc1ccccc1)N[C@@H](C)C(=O)N1Cc2cc(OC)c(OC)cc2C[C@H]1C(=O)O.Cl,[]
CHEMBL1200668,[Ca+2].[Cl-].[Cl-],[]
CHEMBL1237080,CN1C2CCCC1CC(NC(=O)c1nn(C)c3ccccc13)C2.Cl,['Serotonin 3 (5-HT3) receptor']
CHEMBL1495,CN1CCCN=C1COC(=O)C(O)(c1ccccc1)C1CCCCC1,[]
CHEMBL152067,CC(C)(C)NCC(O)COc1ccc(NC(=O)NC2CCCCC2)cc1,[]
CHEMBL1543,N[C@@H](CCC(=O)N[C@@H](CS)C(=O)NCC(=O)O)C(=O)O,['Aminopeptidase A']
CHEMBL1614637,CC(Oc1ccccc1)C(=O)N[C@@H]1C(=O)N2[C@@H]1SC(C)(C)[C@@H]2C(=O)O,[]
CHEMBL1740,CNCC(O)c1ccc(O)c(O)c1,[]
CHEMBL2103811,Nc1nc(=O)c2c([nH]1)NCC1CN(c3ccc(C(=O)N[C@@H](CCC(=O)[O-])C(=O)[O-])cc3)CN21.[Ca+2],[]
CHEMBL2103829,CN(C)C[C@@H]1CCCC[C@H]1c1cccc(O)c1,[]
CHEMBL2104306,OCCN(CCO)c1nc(-c2ccccc2)c(-c2ccccc2)o1,[]
CHEMBL2107802,Cc1cc(S(C)(=O)=O)c(S(C)(=O)=O)cc1C(=O)NC(=N)N,['Sodium/hydrogen exchanger']
CHEMBL2220384,CCOC(=O)C1(c2ccccc2)CCC=CC1N(C)C,[]
CHEMBL2364638,C[C@@H]1[C@H](c2ccccc2)C[C@H](NC(=O)c2cnc3c(c2)C[C@@]2(C3)C(=O)Nc3ncccc32)C(=O)N1CC(F)(F)F,"['Calcitonin-gene-related peptide receptor, CALCRL/RAMP1']"
CHEMBL272427,C[C@H](CCC(=O)NCCS(=O)(=O)O)[C@H]1CC[C@H]2[C@@H]3[C@@H](O)C[C@@H]4C[C@H](O)CC[C@]4(C)[C@H]3CC[C@]12C,"['G-protein coupled bile acid receptor 1', 'Ileal bile acid transporter', 'Solute carrier organic anion transporter family member 2B1', 'Multidrug resistance-associated protein 4', 'Bile acid transporter', 'Solute carrier organic anion transporter family member 1A2']"
CHEMBL3137321,COc1ccc2c3c1O[C@H]1C(OC(=O)c4ccccc4)=CC[C@@H]4[C@@H](C2)N(C)CC[C@@]341,[]
CHEMBL3264610,CC(C)[C@](O)(c1ccc2cc(OC(F)F)c(OC(F)F)cc2c1)c1c[nH]nn1,['Cytochrome P450 17A1']
CHEMBL3392104,Cl.Cl[Te]1(Cl)OCCO1.N,[]
CHEMBL3545211,CCN(CC)Cc1ccc(OCC[C@H]2CCC3C4C(CC[C@@]32C)c2ccc(O)cc2C[C@H]4C)c(OC)c1,[]
CHEMBL384467,C[C@@H]1C[C@H]2[C@@H]3CCC4=CC(=O)C=C[C@]4(C)[C@@]3(F)[C@@H](O)C[C@]2(C)[C@@]1(O)C(=O)CO,"['Nuclear receptor subfamily 1 group I member 2', 'Progesterone receptor']"
CHEMBL3914857,C[C@H]1Cc2c(nnn2-c2ncc(F)cn2)CN1C(=O)c1ccnc(C(F)(F)F)c1F,['P2X purinoceptor 7']
CHEMBL4297383,Fc1cc(-c2cccc(-c3nc[nH]n3)c2)cc(F)c1CNC1Cc2ccccc2C1,[]
CHEMBL45305,Cc1ccc(CNCC2(F)CCN(C(=O)c3ccc(F)c(Cl)c3)CC2)nc1,"['Serotonin 1a (5-HT1a) receptor', 'Serotonin 1a (5-HT1a) receptor']"
CHEMBL4594444,C[C@H](O)c1nc(Cn2nc(-c3ccc(Cl)cc3)n(C[C@H](O)C(F)(F)F)c2=O)nn1-c1cccc(Cl)c1,"['Vasopressin V1a receptor', 'Vasopressin V2 receptor']"
CHEMBL4651083,COCCCOc1cccc(C[S+]([O-])c2nc3cc4c(cc3[nH]2)OCC4)c1C,['Potassium-transporting ATPase']
CHEMBL488025,CC1=C(CC(=O)O)c2cc(F)ccc2/C1=C\c1ccc(S(C)(=O)=O)cc1,['Cyclooxygenase-2']
CHEMBL49,O=C1CC2(CCCC2)CC(=O)N1CCCCN1CCN(c2ncccn2)CC1,['Serotonin 1a (5-HT1a) receptor']
CHEMBL5314923,Cc1cc(OCCCNCC(C)(C)C(N)=O)ccc1Cc1c(O[C@@H]2O[C@H](CO)[C@@H](O)[C@H](O)[C@H]2O)n[nH]c1C(C)C,"['Sodium/glucose cotransporter 2', 'Sodium/glucose cotransporter 1', 'Sodium/glucose cotransporter 2', 'Sodium/glucose cotransporter 1']"
CHEMBL5314956,CS(=O)(=O)Nc1cccc(N2CCN(CCCCc3coc4cc5c(cc4c3=O)OCO5)CC2)c1.Cl,[]
CHEMBL55,N=C(N)c1ccc(OCCCCCOc2ccc(C(=N)N)cc2)cc1,"['Trypanosoma brucei rhodesiense', 'Pneumocystis carinii', 'Acrosin', 'Leishmania guyanensis', 'S-100 protein beta chain', 'Acid-sensing ion channel 2']"
CHEMBL1078685,N#Cc1cc(-c2n[nH]c(-c3ccncc3)n2)ccn1,['Xanthine dehydrogenase']
CHEMBL1200434,C[N+](C)(C)CCO.Cn1c(=O)c2[n-]cnc2n(C)c1=O,[]
CHEMBL1200453,CCCCCCCCCCCCCCCCCCCCCCO,[]
CHEMBL1277072,Cc1c(/C=C2\C(=O)Nc3ccc(F)cc32)[nH]c2c1C(=O)N(C[C@H](O)CN1CCOCC1)CCC2,[]
CHEMBL1366933,CN1CCN2c3ncccc3Cc3ccccc3[C@H]2C1,['Histamine H1 receptor']
CHEMBL1464,CC(=O)CC(c1ccccc1)c1c(O)c2ccccc2oc1=O,['Vitamin k epoxide reductase complex subunit 1 isoform 1']
CHEMBL1643,NC(=O)c1ncn([C@@H]2O[C@H](CO)[C@@H](O)[C@H]2O)n1,"['Adenosine deaminase', 'Influenza B virus (B/Lee/40)']"
CHEMBL1683,CCCC(=O)O[C@]1(C(=O)CO)CC[C@H]2[C@@H]3CCC4=CC(=O)CC[C@]4(C)[C@H]3[C@@H](O)C[C@@]21C,[]
CHEMBL2095207,C[N+](C)([11CH3])CCO.[Cl-],"['Choline transporter', 'Choline trimethylamine-lyase']"
CHEMBL2106780,Cc1ccc(S(=O)(=O)O)cc1.NCCO[N+](=O)[O-],[]
CHEMBL2180604,Cc1cc(C(=O)Nc2cc(Oc3ccc4nc(NC(=O)C5CC5)cn4n3)ccc2C)n(C)n1,['Vascular endothelial growth factor receptor 2']
CHEMBL230158,CCO[C@H](COc1ccc(C(F)(F)F)cc1)CSc1ccc(OCC(=O)O)c(C)c1,"['Peroxisome proliferator-activated receptor gamma', 'Peroxisome proliferator-activated receptor alpha', 'Peroxisome proliferator-activated receptor delta']"
CHEMBL253978,Cc1scc2c1N(C(=O)CN1CCN(C)CC1)c1ccccc1NC2=O,[]
CHEMBL3250476,Nc1nc2c(ncn2[C@H]2C[C@H](O)[C@@H](CO)O2)c(=S)[nH]1,[]
CHEMBL3301627,CN1Cc2c(Cl)cc(Cl)cc2[C@H](c2cccc(S(=O)(=O)NCCOCCOCCNC(=O)NCCCCNC(=O)NCCOCCOCCNS(=O)(=O)c3cccc([C@@H]4CN(C)Cc5c(Cl)cc(Cl)cc54)c3)c2)C1.Cl.Cl,"['Sodium/hydrogen exchanger 3', 'Sodium/hydrogen exchanger 3']"
CHEMBL389433,Clc1cccc(C(c2ccc3[nH]cnc3c2)n2ccnc2)c1,['Cytochrome P450 19A1']
CHEMBL415049,CCN(CCCOc1ccc2c(Nc3cc(CC(=O)Nc4cccc(F)c4)[nH]n3)ncnc2c1)CCOP(=O)(O)O,['Serine/threonine-protein kinase Aurora-A']
CHEMBL4205783,Clc1ccc(-c2nn(Cc3ccccc3)c3c2CCNCC3)cc1,[]
CHEMBL4297399,O=C(Nc1ncc(SCCN2CCCC2)s1)[C@]1(c2ccc(S(=O)(=O)C3CC3)cc2)C[C@H]1C1CCCCC1,[]
CHEMBL43185,O=C(/C=C/C=C/c1ccc2c(c1)OCO2)N1CCCCC1,['Hepatocyte']
CHEMBL43686,Cl.c1cscn1,[]
CHEMBL4753998,Cc1cccc(F)c1C(=O)Nc1cnc(-c2cc3c(cc2Cl)OC(F)(F)O3)cn1,"['ORAI1/STIM1', 'ORAI1/STIM1', 'Calcium release-activated calcium channel protein 1']"
CHEMBL483,C[C@H](Cn1cnc2c(N)ncnc21)OCP(=O)(O)O,['Vaccinia virus']
CHEMBL488280,CCC(CO[N+](=O)[O-])(CO[N+](=O)[O-])CO[N+](=O)[O-],[]
CHEMBL5095034,CS(=O)(=O)N1CCC(c2ccc(-c3ncc4nccnc4c3NC[C@@H]3CNCCO3)cc2)CC1,[]
CHEMBL515,O=C(O)CCCc1ccc(N(CCCl)CCCl)cc1,[]
CHEMBL519846,[N-]=[N+]=N[C@]1(CO)O[C@@H](n2ccc(N)nc2=O)[C@@H](F)[C@@H]1O,[]
CHEMBL550,CC[C@@H]1C(=O)OC[C@@H]1Cc1cncn1C,[]
CHEMBL570680,CC(C)(N)CNC(=O)C[C@H]1CC[C@]2(CC1)OO[C@]1(O2)C2CC3CC(C2)CC1C3.Cc1ccc(S(=O)(=O)O)cc1,[]
CHEMBL573352,C#C[C@@]1(O)[C@@H](CO)O[C@@H](n2ccc(N)nc2=O)[C@@H]1O,['CCRF-CEM']
CHEMBL74632,CO[C@@]1(NC(=O)C(C(=O)O)c2ccc(O)cc2)C(=O)N2C(C(=O)O)=C(CSc3nnnn3C)CO[C@@H]21,['Solute carrier family 22 member 8']
CHEMBL1003,O=C([O-])[C@H]1/C(=C/CO)O[C@@H]2CC(=O)N21.[K+],"['Beta-lactamase TEM', 'Beta-lactamase SHV-1', 'Bacterial beta-lactamase TEM']"
CHEMBL1090488,C[C@@H]1CN(C(=O)[C@@H]2CN(C(C)(C)C)C[C@H]2c2ccc(F)cc2F)C[C@H](C)[C@@]1(O)c1ccccc1,"['Melanocortin receptor 4', 'Melanocortin receptor 3', 'Melanocortin receptor 1']"
CHEMBL1201265,C[C@H]1C[C@@H]2[C@H]([C@@H](O)C[C@@]3(C)[C@H]2CC[C@]3(O)C(=O)COC(=O)CCC(=O)O)[C@@]2(C)C=CC(=O)C=C12,[]
CHEMBL1201345,CCCCC(CC)CCC(CC(C)C)OS(=O)(=O)O,[]
CHEMBL1230065,CCCNC(=O)c1cn2ncnc(Nc3cc(C(=O)NC4CC4)ccc3C)c2c1C,"['MAP kinase p38 alpha', 'PBMC']"
CHEMBL1237102,C[C@@H]1CN([C@H]2CC[C@](C#N)(c3ccc(F)cc3)CC2)CC[C@]1(C(=O)O)c1ccccc1.Cl,[]
CHEMBL1364144,CC(=O)OCC(=O)[C@@]1(O)CC[C@H]2[C@@H]3C[C@H](C)C4=CC(=O)C=C[C@]4(C)[C@H]3[C@@H](O)C[C@@]21C,"['Nuclear receptor subfamily 1 group I member 2', 'Progesterone receptor']"
CHEMBL1407356,CC(=O)N1C[C@H](O)C[C@H]1C(=O)O,[]
CHEMBL1764,COc1ccc2c(c1)N(C[C@H](C)CN(C)C)c1ccccc1S2,[]
CHEMBL1922235,COc1ccc(C(=O)Nc2cccc(O)c2NC(=O)c2ccc(N3CCCN(C)CC3)cc2)cc1,['Coagulation factor X']
CHEMBL200177,CCn1ncnc1COc1nn2c(-c3ccccc3F)nnc2cc1C(C)(C)C,"['GABA-A receptor; alpha-5/beta-3/gamma-2', 'GABA-A receptor; alpha-3/beta-3/gamma-2', 'GABA-A receptor; alpha-1/beta-3/gamma-2', 'GABA-A receptor; alpha-2/beta-3/gamma-2']"
CHEMBL2019090,CCc1c(C)cc(C(=O)NC2(C(=O)O)CCCCC2)c(=O)n1Cc1ccc(F)cc1,[]
CHEMBL2220486,CNC(=O)c1cccc2cc(Oc3ccnc4cc(OCC5(N)CC5)c(OC)cc34)ccc12,['Vascular endothelial growth factor receptor 2']
CHEMBL235191,CC(=O)Nc1ccc(C(=O)Nc2ccccc2N)cc1,['Histone deacetylase 1']
CHEMBL294199,COc1cc(CNC(=O)CCCC/C=C/C(C)C)ccc1O,[]
CHEMBL3,CN1CCC[C@H]1c1cccnc1,"['Neuronal acetylcholine receptor; alpha4/beta2', 'Neuronal acetylcholine receptor', 'Neuronal acetylcholine receptor subunit alpha-3', 'Neuronal nicotinic acetylcholine receptor', 'Neuronal acetylcholine receptor subunit alpha-4', 'Neuronal acetylcholine receptor protein alpha-9 subunit', 'Nicotinic acetylcholine receptor alpha2/beta4', 'Neuronal acetylcholine receptor protein alpha-4 subunit', 'K177cell line']"
CHEMBL3133037,Cc1c(Cc2ccccc2)nnc(N2CCN(c3cnc(C(C)(C)O)cn3)[C@H](C)C2)c1C,"['Smoothened homolog', 'Smoothened homolog']"
CHEMBL3545215,CCn1c(C(=O)N(C2CC2)C2CC2)cc2c3c(ncn3C)c(Nc3cc(C)n(C)n3)nc21,"['Tyrosine-protein kinase JAK2', 'Tyrosine-protein kinase JAK1', 'Tyrosine-protein kinase JAK3', 'Tyrosine-protein kinase TYK2']"
CHEMBL423,CC(C)NCC(O)COc1ccc(CCOCC2CC2)cc1,['Beta-1 adrenergic receptor']
CHEMBL4297183,CN1Cc2cc(Cl)ccc2-n2c(nnc2[C@H]2CC[C@H](Oc3ccccn3)CC2)C1,['Vasopressin V1a receptor']
CHEMBL4297293,Clc1ccc(-c2nn(Cc3ccccc3)c3c2CCNCC3)cc1.O=C(O)CC(O)(CC(=O)O)C(=O)O,[]
CHEMBL4297416,Cn1nccc1-c1ccc(Sc2cccc(C3(C(N)=O)CCOCC3)c2)cc1,['Arachidonate 5-lipoxygenase']
CHEMBL435966,O=[N+]([O-])c1cncn1CCN1CCOCC1,[]
CHEMBL446061,OCCN(CCO)CCO,[]
CHEMBL44884,CC[C@@H](CO)NCCN[C@@H](CC)CO,[]
CHEMBL485696,Cc1cc(NS(=O)(=O)c2ccc(N)cc2)nc(C)n1,[]
CHEMBL519364,COc1ccc2c(=O)c(C)c(-c3ccccc3)oc2c1CN(C)C,[]
CHEMBL5314597,CCNC(=O)CCC/C=C/C[C@@H]1[C@@H](/C=C/[C@H](CCc2ccccc2)OC(=O)CCCCCO[N+](=O)[O-])[C@H](O)C[C@@H]1O,['Prostanoid FP receptor']
CHEMBL5314599,CCN(CC)CCOC(=O)C(C)c1ccc(CC(C)C)cc1.Cl,[]
CHEMBL5315120,CCCCC1(CCCC)CN(c2ccccc2)c2cc(SC)c(OCC(=O)N[C@@H](C(=O)N[C@@H](CC)C(=O)O)c3ccc(O)cc3)cc2S(=O)(=O)N1.CCCCC1(CCCC)CN(c2ccccc2)c2cc(SC)c(OCC(=O)N[C@@H](C(=O)N[C@@H](CC)C(=O)O)c3ccc(O)cc3)cc2S(=O)(=O)N1.O.O.O,[]
CHEMBL590799,CN(C)C(=O)COC(=O)Cc1ccc(OC(=O)c2ccc(NC(=N)N)cc2)cc1,['Trypsin I']
CHEMBL705,CC1=C(/C=C/C(C)=C\C=C\C(C)=C\C(=O)O)C(C)(C)CCC1,"['Retinoid X receptor alpha', 'Retinoic acid receptor alpha', 'Retinoic acid receptor beta', 'Retinoic acid receptor gamma', 'Ornithine decarboxylase', 'Retinoid X receptor alpha', 'Cellular retinoic acid-binding protein I', 'Cellular retinoic acid-binding protein II', 'Liver microsome', 'Cellular retinoic acid-binding protein I', 'F9', 'Cytochrome P450 monooxygenase']"
CHEMBL1201244,C=CC[N+]1([C@H]2C[C@H]3[C@@H]4CC[C@H]5C[C@H](O)[C@@H](N6CCOCC6)C[C@]5(C)[C@H]4CC[C@]3(C)[C@H]2OC(C)=O)CCCC1,[]
CHEMBL1454910,O=[N+]([O-])c1ccc(O)c2ncccc12,['Streptococcus mutans']
CHEMBL1714,CNC1(c2ccccc2Cl)CCCCC1=O.Cl,[]
CHEMBL2042273,COC(=O)[C@H](c1ccccc1Cl)N1CCc2sc(OC(C)=O)cc2C1,[]
CHEMBL2103802,CCOc1ccc(Cc2cc([C@@H]3O[C@H](CO)[C@@H](O)[C@H](O)[C@H]3O)ccc2Cl)cc1.C[C@H](O)CO.O,['Sodium/glucose cotransporter 2']
CHEMBL2110579,CN(C)N(C)C(=O)[C@@]1(Cc2ccccc2)CCCN(C(=O)[C@@H](Cc2c[nH]c3ccccc23)NC(=O)C(C)(C)N)C1,['Ghrelin receptor']
CHEMBL2160007,CCOc1nc(N)nc2c1ncn2[C@@H]1O[C@@H]2COP(=O)(OC(C)C)O[C@H]2[C@@]1(C)F,[]
CHEMBL232201,CCc1oc2ccccc2c1C(=O)c1cc(I)c(O)c(I)c1,[]
CHEMBL2326966,N=C(N)NCCC[C@H](NC(=O)CCC(=O)OC[N+]1(c2cc(=O)c3cccc(-c4ccccc4)c3o2)CCOCC1)C(=O)NCC(=O)N[C@@H](CC(=O)O)C(=O)N[C@@H](CO)C(=O)[O-],[]
CHEMBL23330,NC(=O)c1cc(N2CC2)c([N+](=O)[O-])cc1[N+](=O)[O-],"['V79', 'Modulator of drug activity A']"
CHEMBL244888,O=C(N/N=C/c1ccc([N+](=O)[O-])o1)c1ccc(O)cc1,['Unchecked']
CHEMBL3545237,C#C[C@]1(O)CCC2C3CCC4CC(O)CC[C@]4(C)C3CC[C@@]21C,[]
CHEMBL3707247,CC(C)Oc1ccc(-c2nc(-c3cccc4c3CC[C@@H]4NCCO)no2)cc1C#N,['Sphingosine 1-phosphate receptor Edg-1']
CHEMBL3833301,CCC1(c2ccccc2)C(=O)NC(=O)NC1=O.CNC(C)CC1CCCCC1,[]
CHEMBL3989529,CCCCCCCC/C=C\CCCCCCCC(=O)O.NCCO,['Crithidia fasciculata']
CHEMBL435191,O=C1c2c(c3c4ccc(O)cc4n([C@@H]4O[C@H](CO)[C@@H](O)[C@H](O)[C@H]4O)c3c3[nH]c4cc(O)ccc4c23)C(=O)N1NC(CO)CO,"['MKN-45', 'DNA topoisomerase I', 'P388/S', 'DNA topoisomerase I']"
CHEMBL4435170,[2H]C([2H])([2H])NC(=O)c1nnc(NC(=O)C2CC2)cc1Nc1cccc(-c2ncn(C)n2)c1OC,"['Tyrosine-protein kinase TYK2', 'JAK1/TYK2', 'Non-receptor tyrosine-protein kinase TYK2']"
CHEMBL4650321,C=CC(=O)N1CCC(c2ccc(C(N)=O)c(-c3ccc(Oc4ccccc4)cc3)n2)CC1,['Tyrosine-protein kinase BTK']
CHEMBL4650365,C[C@@H]1Cc2c(ccc3[nH]ncc23)[C@@H](c2ccc(NC3CN(CCCF)C3)cn2)N1CC(F)(F)F,['Estrogen receptor alpha']
CHEMBL4776719,[2H]C1([2H])[C@H]2C[C@@H](Oc3ccc(C(F)(F)F)cn3)[C@H](C2)N1C(=O)c1cccc(F)c1-c1ncccn1,"['Orexin receptor 2', 'Orexin receptor 1']"
CHEMBL4802239,C=CC(=O)Nc1cc(Nc2ncc(C(=O)OC(C)C)c(-c3cn(C)c4ccccc34)n2)c(OC)cc1N(C)CCN(C)C.O=C(O)CCC(=O)O,"['Epidermal growth factor receptor erbB1', 'NCI-H1975']"
CHEMBL5095220,CCc1cc2ncc(CN3CCN(c4ccc(C(=O)NC)nc4)CC3)cc2[nH]c1=O,"['Poly [ADP-ribose] polymerase-1', 'Poly [ADP-ribose] polymerase 2']"
CHEMBL5314970,CCN1C(=O)COc2nc(-c3ccc([C@]4(N)C[C@@H](O)C4)cc3)c(-c3ccccc3)cc21,['Serine/threonine-protein kinase AKT']
CHEMBL64894,CN(C)c1ccc(C(=C2C=CC(=[N+](C)C)C=C2)c2ccc(N(C)C)cc2)cc1.[Cl-],"['Plasmodium falciparum', 'Tyrosyl-DNA phosphodiesterase 1', 'K562', 'CCRF-CEM', 'MOLT-4', 'SR', 'RPMI-8226', 'SW-620', 'NCI-H522', 'COLO 205', 'OVCAR-3', 'LOX IMVI', '786-0', 'IGROV-1', 'CAKI-1', 'OVCAR-8', 'RXF 393', 'Isocitrate dehydrogenase [NADP] cytoplasmic', 'Neuropeptide S receptor', 'Malme-3M', 'UACC-257', 'DNA dC->dU-editing enzyme APOBEC-3G', 'Alpha-synuclein', 'LXFL 529', 'BJ', 'Eyes absent homolog 2', 'Botulinum neurotoxin type A', 'Benomyl/methotrexate resistance protein', 'Glutathione-S-transferase', 'Beta-arrestin-1']"
CHEMBL98123,COc1ccc(Cc2nccc3cc(OC)c(OC)cc23)cc1OC.Cl,[]
CHEMBL1067,NC(=O)N1c2ccccc2CC(O)c2ccccc21,[]
CHEMBL1131,COc1cc(C)c(/C=C/C(C)=C/C=C/C(C)=C/C(=O)O)c(C)c1C,[]
CHEMBL1200580,O=S([O-])CNc1ccc(S(=O)(=O)c2ccc(NCS(=O)[O-])cc2)cc1.[Na+].[Na+],[]
CHEMBL1374379,CCCCNc1ccc(C(=O)OCCOCCOCCOCCOCCOCCOCCOCCOCCOC)cc1,[]
CHEMBL1590,CN[C@@H](C)[C@@H](O)c1ccccc1,[]
CHEMBL1788396,O=[As](O)(O)c1ccc(NCCNc2ccc([As](=O)(O)O)cc2)cc1,['Carbonic anhydrase II']
CHEMBL2028663,CC(C)(C)c1nc(-c2cccc(NS(=O)(=O)c3c(F)cccc3F)c2F)c(-c2ccnc(N)n2)s1,"['Serine/threonine-protein kinase B-raf', 'Serine/threonine-protein kinase/endoribonuclease IRE1', 'Mixed lineage kinase 7', 'Serine/threonine-protein kinase NEK9', 'Serine/threonine-protein kinase/endoribonuclease IRE2']"
CHEMBL2096895,Nc1ncnc2c1ncn2CCOC[P@@]1(=O)OCC[C@@H](c2cccc(Cl)c2)O1,[]
CHEMBL2103772,CC(=O)SCC(Cc1ccccc1)C(=O)NCC(=O)OCc1ccccc1,[]
CHEMBL2364626,CC(C)(C)Cn1c(N)nc2ccc(-c3[nH]c(C(C)(C)C)nc3-c3ccc(F)cc3)nc21,[]
CHEMBL23832,O=C(O)c1ccccc1Nc1ccccc1,['H4']
CHEMBL2448613,CC(C)COc1ccc(CNC(=O)N(Cc2ccc(F)cc2)C2CCN(C)CC2)cc1.CC(C)COc1ccc(CNC(=O)N(Cc2ccc(F)cc2)C2CCN(C)CC2)cc1.O=C(O)C(O)C(O)C(=O)O,[]
CHEMBL316157,O=C(Cc1cccs1)N[C@@H]1C(=O)N2C(C(=O)[O-])=C(C[n+]3ccccc3)CS[C@H]12,[]
CHEMBL3391662,Cc1cnc(C(=O)N[C@H]2CCCCC/C=C\[C@@H]3C[C@@]3(C(=O)NS(=O)(=O)C3CC3)NC(=O)[C@@H]3C[C@@H](Oc4nc5ccccc5c5ccccc45)CN3C2=O)cn1,['Hepatitis C virus']
CHEMBL3417258,CC(C)C(=O)OC[C@@]1(CCl)O[C@@H](n2ccc(N)nc2=O)[C@H](F)[C@@H]1OC(=O)C(C)C,[]
CHEMBL3651966,C[C@@H]1C[C@H](N)C[C@H](c2ccncc2NC(=O)c2ccc(F)c(-c3c(F)cccc3F)n2)C1,"['Serine/threonine-protein kinase PIM1', 'Serine/threonine-protein kinase PIM2', 'Serine/threonine-protein kinase PIM3']"
CHEMBL36994,COc1ccc(C(=O)N2CCCC2=O)cc1,[]
CHEMBL3707307,CCOc1ccc2nc(SCCN3CCOCC3)[nH]c2c1,[]
CHEMBL3833385,COC(=O)N[C@H](C(=O)N1CCC[C@H]1c1nc(-c2ccc3c(c2)O[C@@H](c2cnc(C4CC4)s2)n2c-3cc3cc(-c4c[nH]c([C@@H]5CCCN5C(=O)[C@@H](NC(=O)OC)C(C)C)n4)ccc32)c[nH]1)C(C)C,"['Hepatitis C virus', 'Nonstructural protein 5A']"
CHEMBL383824,CO[C@H]1/C=C\C=C(/C)C(=O)NC2=CC(=O)C(NCCN(C)C)=C(C[C@@H](C)C[C@H](OC)[C@H](O)[C@@H](C)/C=C(\C)[C@@H]1OC(N)=O)C2=O,['SK-BR-3']
CHEMBL3931672,CNC(=O)c1c(-c2ccc(F)cc2)oc2cc(N(C)S(C)(=O)=O)c(-c3ccc4c(n3)-c3cc5c(F)cccc5n3CO4)cc12,"['Genome polyprotein', 'Genome polyprotein']"
CHEMBL428676,CN(C)CCN1C(=O)c2cccc3cc(N)cc(c23)C1=O,"['L1210', 'WiDr', 'UACC-375', 'Tumor cell lines']"
CHEMBL4297185,CC(O)c1cc(C(=O)N[C@@H](C)Cn2ccc(-c3ccc(C#N)c(Cl)c3)n2)n[nH]1,[]
CHEMBL4297440,COc1ccc(NS(=O)(=O)c2c(F)c(F)c(F)c(F)c2F)cc1NC(N)=O,[]
CHEMBL4297454,CCNC(=O)c1cc2c(-c3cc(C(C)(C)O)ccc3Oc3c(C)cc(F)cc3C)cn(C)c(=O)c2[nH]1,"['Bromodomain-containing protein 4', 'NCI-H1299', 'SKM-1']"
CHEMBL4592045,CCc1cc(F)c2nc(N3CCC(NC4CCOCC4)CC3)c(-c3nc(C)no3)c(C)c2c1,['Kappa opioid receptor']
CHEMBL4594261,C[C@]12CC[C@@H]3c4ccc(O)cc4CC[C@H]3[C@@H]1C[C@@H]([18F])[C@@H]2O,"['Estrogen receptor alpha', 'Estrogen receptor beta', 'Estradiol 17-beta-dehydrogenase 1', 'Estrogen receptor', 'Estrogen receptor alpha', 'Estrogen receptor beta', 'Sulfotransferase 1A1']"
CHEMBL4760665,CCOc1cccnc1Oc1cncc(-c2ncc(C(=O)N[C@H]3CCOC3)cn2)c1,['Diacylglycerol O-acyltransferase 2']
CHEMBL489,CC/C(=C(\c1ccc(O)cc1)c1ccc(OCCN(C)C)cc1)c1ccccc1,"['MCF7', 'Estrogen receptor alpha', 'Estrogen receptor beta', 'Ishikawa', 'Estrogen-related receptor gamma', 'MCF7S', 'MCF-12A', 'Estrogen-related receptor gamma', 'Estrogen receptor alpha']"
CHEMBL5314362,C=C1[C@H](CO)[C@@H](O)C[C@@H]1n1cnc2c(=O)[nH]c(N)nc21.O,[]
CHEMBL5314566,Cn1nnnc1Cn1nnc2c(N3CC[C@H](O)C3)nc(C(C)(C)C)nc21,[]
CHEMBL681,CCOC(=O)c1cncn1[C@H](C)c1ccccc1,[]
CHEMBL780,O=C(O)CN(CCN(CC(=O)O)CC(=O)O)CCN(CC(=O)O)CC(=O)O,[]
CHEMBL914,CC(C)(C(=O)O)c1ccc(C(O)CCCN2CCC(C(O)(c3ccccc3)c3ccccc3)CC2)cc1,[]
CHEMBL91704,CN1CCN(C(=O)N[C@@H](Cc2ccccc2)C(=O)N[C@H](/C=C/S(=O)(=O)c2ccccc2)CCc2ccccc2)CC1,"['Rhodesain', 'SARS-CoV']"
CHEMBL1185,CN(C)CCc1c[nH]c2ccc(C[C@H]3COC(=O)N3)cc12,"['Serotonin 1d (5-HT1d) receptor', 'Serotonin 1b (5-HT1b) receptor', 'Serotonin 1d (5-HT1d) receptor']"
CHEMBL1200384,CCC(=O)OCC(=O)[C@@]1(OC(=O)CC)[C@@H](C)C[C@H]2[C@@H]3CCC4=CC(=O)C=C[C@]4(C)[C@@]3(F)[C@@H](O)C[C@@]21C,"['Nuclear receptor subfamily 1 group I member 2', 'Progesterone receptor']"
CHEMBL1200667,CCN(CC)CCOc1ccc(/C(=C(/Cl)c2ccccc2)c2ccccc2)cc1.O=C(O)CC(O)(CC(=O)O)C(=O)O,[]
CHEMBL1201196,Clc1ccc(C(Cn2ccnc2)OCc2csc3c(Cl)cccc23)c(Cl)c1,[]
CHEMBL1201274,CC(C)NC[C@H](O)COc1ccc(CCOCC2CC2)cc1,[]
CHEMBL1201303,Cc1cc(/C=C/c2ccc3cc(N(C)C)ccc3[n+]2C)c(C)n1-c1ccccc1,[]
CHEMBL1201731,Cl.OC(CNCC(O)C1CCc2cc(F)ccc2O1)C1CCc2cc(F)ccc2O1,[]
CHEMBL1537,CC1(C)S[C@@H]2[C@H](NC(=O)[C@H](NC(=O)N3CCNC3=O)c3ccccc3)C(=O)N2[C@H]1C(=O)O,[]
CHEMBL1697825,CCCCN(CCCC)CCNc1nc(-c2ccccc2)no1,[]
CHEMBL1732,CN1C[C@H](C(=O)N[C@]2(C)O[C@@]3(O)[C@@H]4CCCN4C(=O)[C@H](Cc4ccccc4)N3C2=O)C[C@@H]2c3cccc4[nH]cc(c34)C[C@H]21,['Cytochrome P450 3A4']
CHEMBL1771,COC(=O)[C@H](c1ccccc1Cl)N1CCc2sccc2C1,[]
CHEMBL189959,CCCCCCCC/C=C/CCCCCCCC(=O)OCC(O)COP(=O)(O)O,"['Autotaxin', 'Lysophosphatidic acid receptor Edg-2', 'Lysophosphatidic acid receptor Edg-4', 'Sphingosine-1-phosphate lyase 1', 'Lysophosphatidic acid receptor 4', 'Lysophosphatidic acid receptor 6']"
CHEMBL1950553,Nc1nc(OCCc2ccc(Cl)cc2)nc2c1ncn2[C@@H]1O[C@H](CO)[C@@H](O)[C@H]1O,[]
CHEMBL206834,Cc1ccc(NC(=O)c2ccc(CN3CC[C@H](N(C)C)C3)c(C(F)(F)F)c2)cc1Nc1nccc(-c2cncnc2)n1,"['Tyrosine-protein kinase ABL', 'Bcr/Abl fusion protein']"
CHEMBL2104585,CC(C)c1cc2c(cc1S(=O)(=O)O)[C@@]1(C)CCC[C@@](C)(C(=O)O)[C@@H]1CC2,[]
CHEMBL2104985,N.Nc1nc(N)c2nc(CNc3ccc(C(=O)N[C@@H](CCCNC(=O)c4ccccc4C(=O)O)C(=O)O)cc3)cnc2n1,[]
CHEMBL214796,FC(F)(F)c1ccc(Nc2ncnc3cc(-c4ncccc4C(F)(F)F)ccc23)cc1,"['Vanilloid receptor', 'Vanilloid receptor']"
CHEMBL2325741,NC1(C(=O)N[C@@H](CCO)c2ccc(Cl)cc2)CCN(c2nc[nH]c3nccc2-3)CC1,['Serine/threonine-protein kinase AKT']
CHEMBL317094,CCOC(=O)[C@H](CCc1ccccc1)N[C@@H](C)C(=O)N1C(=O)N(C)C[C@H]1C(=O)O,['Angiotensin-converting enzyme']
CHEMBL360861,Cn1c(NCCN(CCO)CCCc2ccc([N+](=O)[O-])cc2)cc(=O)n(C)c1=O,[]
CHEMBL361812,O=C(O)CCn1c2c(c3ccccc31)C[C@H](NS(=O)(=O)c1ccc(F)cc1)CC2,['Prostanoid DP receptor']
CHEMBL3707243,C[N+]1(C)CCC(OC(=O)C(O)(c2ccccc2)C2CCCC2)C1.Cc1ccc(S(=O)(=O)[O-])cc1.O,[]
CHEMBL3833368,CC1(C)[C@@H]2CC[C@@]1(CS(=O)(=O)O)C(=O)C2.CNCc1ccc(-c2[nH]c3cc(F)cc4c3c2CCNC4=O)cc1,[]
CHEMBL4297598,C[C@@H](C(=O)Nc1ccc(Cl)cc1)C1CCC(c2ccnc3ccc(F)cc23)CC1,"['Indoleamine 2,3-dioxygenase', 'Tryptophan 2,3-dioxygenase', 'Indoleamine 2,3-dioxygenase 1']"
CHEMBL4594270,CC(C)(NC(=O)O[C@@H]1CN2CCC1CC2)c1csc(-c2ccc(F)cc2)n1.O=C(O)CC(O)C(=O)O,[]
CHEMBL4594431,CNC(=O)c1cccc(-c2ccc3c(N4C5CCC4COC5)nc(N4CCOC[C@@H]4C)nc3n2)c1,['Serine/threonine-protein kinase mTOR']
CHEMBL469448,OC[C@H]1OC(O)[C@@H](O)[C@@H](O)[C@@H]1O,[]
CHEMBL4802155,Nc1nnc(CN[C@@H]2C[C@H]2c2ccc(OCc3ccccc3)cc2)o1,[]
CHEMBL49943,c1ccc(C(CCN2CCCCC2)c2ccccc2)cc1,[]
CHEMBL5095417,CC1(C)SC(Nc2ccccc2O)=N[C@@H]1C(=O)O,[]
CHEMBL517140,CNC(=O)c1ccc(Oc2ccc3c(c2)CCN(C2CCC2)CC3)nc1,"['Histamine H3 receptor', 'Histamine H3 receptor']"
CHEMBL5314569,COc1cc(C(=O)c2cnc(-c3c[nH]c4ccccc34)[nH]2)cc(OC)c1OC.Cl,['A-375']
CHEMBL5314570,COc1cc2c(Oc3ccc4[nH]c(C)cc4c3F)ccnc2cc1OCC1(N)CC1.Cl.Cl,['Vascular endothelial growth factor receptor 2']
CHEMBL582912,CC/C=C(\C(=O)N[C@@H]1C(=O)N2C(C(=O)O)=C(COC(N)=O)CS[C@H]12)c1csc(N)n1,"['Solute carrier family 22 member 6', 'Solute carrier family 22 member 8']"
CHEMBL656,COc1ccc2c3c1O[C@H]1C(=O)CC[C@@]4(O)[C@@H](C2)N(C)CC[C@]314,['Delta opioid receptor']
CHEMBL65717,Cc1cc2c(OCC(O)CNC(C)C)cccc2[nH]1,[]
CHEMBL704,Nc1ccc(O)c(C(=O)O)c1,[]
CHEMBL1141,[I-].[K+],[]
CHEMBL1173655,CN(C)C/C=C/C(=O)Nc1cc2c(Nc3ccc(F)c(Cl)c3)ncnc2cc1O[C@H]1CCOC1,"['Epidermal growth factor receptor erbB1', 'Calu-3', 'LS-513', 'COLO-678', 'D-542MG', 'ZR-75-30', 'EC-GI-10', 'NCI-H630', 'ECC10', 'NCI-H1666', 'NCI-H2291', 'BALL-1', 'CL97']"
CHEMBL1200618,CC(C)(C(=O)O)c1ccc(C(O)CCCN2CCC(C(O)(c3ccccc3)c3ccccc3)CC2)cc1.Cl,[]
CHEMBL1201293,CC(=O)NCCCS(=O)(=O)O,[]
CHEMBL1207745,CC#CCC(C)[C@H](O)/C=C/[C@@H]1[C@H]2c3cccc(CCCC(=O)O)c3O[C@H]2C[C@H]1O,[]
CHEMBL1236682,COc1cc(F)c(F)c(Nc2ccc(I)cc2F)c1NS(=O)(=O)C1(C[C@H](O)CO)CC1,"['A-375', 'Dual specificity mitogen-activated protein kinase kinase 1', 'AGS', 'KG-1', 'A-427', 'RPMI-7951', 'J82', 'NCI-H292', '8505C', '5637', 'PA-1', 'U-266', 'MKN-28', 'CAL-51', 'SK-MES-1', 'MG-63', 'BT-20', 'A2058', 'MSTO-211H', 'RT-112', 'NCI-H2122', 'HCC1806', 'DU-4475', 'SAOS-2', 'COR-L23', 'KYSE-450', 'SK-LU-1', 'BV-173', 'SW48', '697', 'SNU-5', 'UMUC3', 'AN3-CA', 'CFPAC-1', 'KU812 cell line', 'LAMA-84', 'HT', 'PSN1', 'Calu-6', 'AU565', 'KYSE-520 cell line', 'SJRH30', 'NOMO-1', 'NCI-H441', 'SW982', 'NCI-H596', 'DEL', 'GOTO', 'NCI-H526', 'RD', 'Ca9-22', 'NOS-1', 'HAL-01', 'HuTu80', 'LB1047-RCC', 'EW-16', 'KS-1', 'ML-2', 'SW 954', 'NKM-1', 'MKN-7', 'SNU1', 'QIMR-WIL', 'ONS-76', 'A101D', 'L-363', 'CTV-1', 'CHL-1', 'C32', 'BB30-HNC', 'SAS', 'U-118-MG', 'NCI-H1792', 'ACN', 'SNU-423', 'MKN-1', 'HT-144', 'TE-12', 'KARPAS-45', 'TE-8', 'SK-MEL-1', 'LXF-289 cell line', 'LB2241-RCC', 'COLO-829', 'A3-KAW', 'KYSE-510', 'KGN', 'ETK-1', 'A4-Fuk', 'ES4', 'Calu-3', 'SK-MEL3', 'CTB-1', 'SW872', 'ES8', 'SK-NEP-1', 'SH-4', 'EM-2', 'BB65-RCC', 'NTERA-2-cl-D1', 'SW 962', 'MZ1-PC', '8-MG-BA', 'SK-N-AS', 'GI-ME-N', 'NB69', 'ES1', 'GB-1', 'CGTH-W-1', 'GI-1', 'A388', 'NEC8', 'NCI-H747', 'ME-180', 'SNU-387', 'JAR', 'HH', 'NCI-H1355', 'L-540', 'TE-10', 'SF-126', 'DB', 'OCUB-M', 'HT1197', 'KYSE-150 cell line', 'VA-ES-BJ', 'KURAMOCHI', 'SW780', 'GCIY', 'D-423MG', 'NCI-H1437', 'SCC-25', 'Becker', 'BE-13', 'NMC-G1', 'G-401', 'REH', 'MZ2-MEL', 'SW1088', '8305C', 'SK-N-DZ', 'IST-MEL1', 'Ramos-2G6-4C10', 'NB13', 'GT3TKB', 'MLMA', 'EW-1', 'LS-411N', 'KE-37', 'IA-LM', 'NCI-H1648', 'TE-9', 'Ca-Ski', 'A704', 'LB831-BLC', 'GR-ST', 'L-428', 'SCC-4', 'SW1710', 'EW-3', 'J-RT3-T3-5', 'LS-123', 'K5', 'NCI-H209', 'A204', 'HCE-4', 'HD-MY-Z', 'A253 cell line', 'ATN-1', 'C2BBe1', 'MS-1', 'C-33-A', 'DSH1', 'LU-134-A', 'D-263MG', 'HCE-T', 'NB10', 'NB5', 'MZ7-mel', 'BFTC-905', 'MEL-HO', 'NH-12', 'MPP-89', 'SK-N-FI', 'MeWo', 'EW-13', 'GAMG', 'LCLC-97TM1', 'HSC-2', 'HC-1', 'SK-PN-DW', 'TE-5', 'KALS-1', 'HuP-T4', 'SW626', 'CHP-212', 'D283 Med', 'CAL-33', 'HCC2218', 'LB2518-MEL', 'LP-1', 'MHH-NB-11', 'BPH-1', 'TE-6', 'YKG-1', 'HSC-3', 'SCC-15', 'NCI-H2126', 'NCI-H1155', 'IST-SL1', 'KINGS-1', 'FTC-133', 'CAL-12T', 'PANC-03-27', 'TGBC1TKB', 'TCC-SUP', 'Detroit562', 'D-502MG', 'NB6', 'SHP77', 'COLO-684', 'SNU-C2B', 'MDA-MB-157', 'NCI-H1770', 'CAL-39', 'KLE', 'CAS-1', 'BHY', 'NCI-H2009', 'MN-60', 'LS-513', 'LB771-HNC', 'BB49-HNC', 'NCI-H2030', 'BCPAP', 'SW 1116', 'HLE', 'MC-IXC', 'KY821', '639-V', 'BHT-101', 'NCI-H28', 'CAL-54', 'ES3', 'ES5', 'SBC-1', 'COLO-668', 'SNU-449', 'KP-N-YS', 'HuCCT-1', 'DBTRG-05MG', 'EFO-27', 'DOK', 'TGBC24TKB', 'KYSE-410', 'LU-139', 'SU-DHL-1', 'P12-Ichikawa', 'KYSE-180', 'SK-MEL-30', 'IGR-1', 'LS-1034', 'GCT', 'CAMA-1', 'NCI-H1092', 'HO-1-N-1', 'LNCaP-Clone-FGC', 'MHH-ES-1', 'HTC-C3', 'HMV-2 cell line', 'GP5d', 'RPMI-2650', 'NCI-H720', 'DJM-1', 'LAN-6', 'VMRC-RCZ', 'COLO-679', 'ESS-1', 'COR-L105', 'OAW-42', 'HT-1376', 'NCI-H2170', 'JVM-3', 'CAL-85-1', 'COLO-800', 'KYSE-140', 'OMC-1', 'Lu-65', 'KNS-81-FD', 'CAL-62', 'EW-11', 'RVH-421', 'TYK-nu', 'NCI-H2087', 'Panc1005', 'NCI-H2342', 'HN', 'VM-CUB-1', 'H-EMC-SS', 'LU-99A', 'EW-18', 'HT-3', 'WM-115', 'D-247MG', 'HDLM-2', 'RPMI-8866', 'COR-L88', 'BFTC-909', 'M059J', 'GAK', 'CP66-MEL', 'NB14', 'NCI-H650', 'KP-4', 'D-392MG', 'CESS', 'NB12', 'NCI-H1304', 'NY', 'KU-19-19', 'SK-MEL-24', 'NCI-H2347', '647-V', 'COLO-678', 'KOSC-2', 'C3A', 'RERF-LC-MS', 'TGW', 'DMS-79', 'MDA-MB-415', 'CAL-120', 'NCI-H2405', 'HPAF-II', 'AM-38', 'S-117', 'EFO-21', 'RCM-1', 'LB373-MEL-D', 'NB7', 'MDA-MB-175-VII', 'SKG-IIIa', 'SW13', 'MC-CAR', 'RO82-W-1', 'HSC-4', 'COLO-824', 'EGI-1', 'HCC1395', 'NCI-H1573', 'HEC-1', 'DK-MG', 'NCI-H1563', 'NCI-H1651', 'OAW-28', 'MFE-280', 'GMS-10', 'NCI-H1623', 'CaR-1', 'SW756', 'COLO-680N', 'NCI-H1395', 'COLO-792', 'NCI-H1693', 'COLO-741', 'PFSK-1', 'CP50-MEL-B', 'BEN', 'JEG-3', 'NCI-H2052', 'D-542MG', 'SW1417', 'SW684', 'NBsusSR', 'MFM-223', 'EHEB', 'EB2', 'HCC1419', 'RMG-I', 'D-566MG', 'SCH', 'EB-3', 'LN-405', 'EPLC-272H', 'UMC-11', 'HT55', 'SW837', 'NCI-H1793', 'ZR-75-30', 'NCI-H1048', 'MOLT-13', 'NCI-H2452', 'UACC-893', 'EC-GI-10', 'TI-73', 'NCI-H630', 'EW-22', 'SW948', 'ECC10', 'MHH-CALL-2', 'SW1463', 'NCI-H1838', 'YH-13', 'KNS-62', 'TGBC11TKB', 'OC-314', 'TUR', 'KP-N-YN', 'CW-2', 'NCI-H1666', 'KMS-12-PE', 'RH-18', 'NCI-H2291', 'Uncharacterized aarF domain-containing protein kinase 1', 'SW900', 'BALL-1', 'LU-135', 'NCI-H2029', 'P31-FUJ']"
CHEMBL12948,CC1CCC(NC(=O)N(CCCl)N=O)CC1,[]
CHEMBL1377,CC(C)NC(=N)NC(=N)Nc1ccc(Cl)cc1,[]
CHEMBL157138,CCN(CC)C(=O)N[C@H]1C=C2c3cccc4[nH]cc(c34)C[C@H]2N(C)C1,"['Serotonin 1a (5-HT1a) receptor', 'Serotonin 1 (5-HT1) receptor', 'Serotonin 1e (5-HT1e) receptor', 'Cerebral cortex alpha adrenergic receptor']"
CHEMBL2103844,NCCNc1ccc(NCCN)c2c1C(=O)c1ccncc1C2=O.O=C(O)/C=C\C(=O)O.O=C(O)/C=C\C(=O)O,[]
CHEMBL2104519,Cc1cc(O)c(C2CC3CCC2(C)C3(C)C)cc1C,[]
CHEMBL2105711,CCc1ccc(Cc2ccc3c(c2)[C@]2(OC3)O[C@H](CO)[C@@H](O)[C@H](O)[C@H]2O)cc1.O,"['Sodium/glucose cotransporter 2', 'Sodium/glucose cotransporter 1', 'Low affinity sodium-glucose cotransporter']"
CHEMBL2107781,O=C([O-])[C@H](O)[C@@H](O)C(=O)[O-].[Na+].[Na+],['5-enolpyruvylshikimate-3-phosphate synthase']
CHEMBL2178422,N[C@@H]1c2cccnc2[C@H](OC(=O)N2CCC(n3c(=O)[nH]c4ncccc43)CC2)CC[C@H]1c1cccc(F)c1F,"['Calcitonin gene-related peptide type 1 receptor', 'Callithrix jacchus']"
CHEMBL242948,NCCC(=O)N[C@@H](Cc1c[nH]cn1)C(=O)O,"['Carboxypeptidase B2 isoform A', 'Carboxypeptidase B', 'Oligopeptide transporter small intestine isoform', 'Histidine decarboxylase']"
CHEMBL3187365,CN1CC2c3ccccc3Oc3ccc(Cl)cc3C2C1,"['Dopamine D1 receptor', 'Dopamine D5 receptor']"
CHEMBL3301672,CCCCCC/C=C\CCCCCCCCCC(=O)N[C@H]1[C@H](OC[C@H]2O[C@H](OP(=O)([O-])[O-])[C@H](NC(=O)CC(=O)CCCCCCCCCCC)[C@@H](OCCCCCCCCCC)[C@@H]2O)O[C@H](COC)[C@@H](OP(=O)([O-])[O-])[C@@H]1OCC[C@@H](CCCCCCC)OC.[Na+].[Na+].[Na+].[Na+],[]
CHEMBL3348963,CCOC(=O)[C@@H](N)Cc1ccc(-c2cc(O[C@H](c3ccc(Cl)cc3-n3ccc(C)n3)C(F)(F)F)nc(N)n2)cc1.O=C(O)CNC(=O)c1ccccc1,['Tryptophan 5-hydroxylase 1']
CHEMBL3695568,COCC(=O)Nc1cc(COc2ccc(NC(=O)Nc3cc(C(C)(C)C)nn3-c3ccc(C)cc3)c3ccccc23)ccn1,"['MAP kinase p38 alpha', 'MAP kinase p38 gamma']"
CHEMBL4073443,Cc1cc(Nc2cc(N)ncn2)c(=O)n2c1C(=O)NC21CCCCC1,"['MAP kinase signal-integrating kinase 2', 'MAP kinase-interacting serine/threonine-protein kinase MNK1']"
CHEMBL412309,CC[C@@]1(O)C(=O)OCc2c1cc1n(c2=O)Cc2c-1nc1ccc(O)cc1c2[Si](C)(C)C(C)(C)C,[]
CHEMBL414157,CCCn1c(=O)c2[nH]c(C34CCC(CCC(=O)O)(CC3)CC4)nc2n(CCC)c1=O,"['Adenosine A1 receptor', 'Adenosine A2b receptor']"
CHEMBL44,O=c1c(-c2ccc(O)cc2)coc2cc(O)cc(O)c12,"['Alpha-synuclein', 'Xanthine dehydrogenase', 'Glutaminyl-peptide cyclotransferase', 'GABA-A receptor; anion channel', 'Arachidonate 15-lipoxygenase', 'Neutrophils', 'Monoamine oxidase', 'Inositol hexakisphosphate kinase 2', 'Receptor-type tyrosine-protein phosphatase S', 'Carbonyl reductase [NADPH] 1', 'UDP-glucuronosyltransferase 1-1', 'Cytochrome c', 'Calmodulin', 'Lactoperoxidase', 'Chaperone protein dnaK', 'Beta-glucuronidase', 'Taste receptor type 2 member 31', 'ANN-1', 'Insulin-like growth factor II receptor']"
CHEMBL4594384,O=C(CNC(=O)c1ccc(C2=NO[C@@](c3cc(Cl)c(F)c(C(F)(F)F)c3)(C(F)(F)F)C2)c2ccccc12)NCC(F)(F)F,[]
CHEMBL4594419,CC(=O)N[C@@H]1C[C@H](NC(C)(C)C)CC[C@@H]1N1CC[C@H](Nc2ncnc3cc(C(C)(C)C)nn23)C1=O,['C-C chemokine receptor type 2']
CHEMBL5314388,CCN1CCC(Oc2c(C#N)ncc3[nH]c4ncccc4c23)CC1,[]
CHEMBL5314909,CNC(=O)COc1cc(Cl)c(Cc2ccc(O)c(C(C)C)c2)c(Cl)c1,"['Sodium/glucose cotransporter 2', 'Thyroid hormone receptor alpha']"
CHEMBL5315119,CC[C@@H]1CN(C(=O)NCC(F)(F)F)C[C@@H]1c1cnc2cnc3[nH]ccc3n12.CC[C@@H]1CN(C(=O)NCC(F)(F)F)C[C@@H]1c1cnc2cnc3[nH]ccc3n12.O,"['Tyrosine-protein kinase JAK2', 'Tyrosine-protein kinase JAK1']"
CHEMBL8145,O=c1c(-c2ccc(O)cc2)coc2cc(O)ccc12,"['Glutaminyl-peptide cyclotransferase', 'Aldehyde dehydrogenase', 'Monoamine oxidase', 'UDP-glucuronosyltransferase 1-1', 'ANN-1']"
CHEMBL856,CCC1(c2ccccc2)C(=O)NCNC1=O,[]
CHEMBL1200437,C=C[C@H]1CN2CC[C@H]1C[C@@H]2[C@@H](O)c1ccnc2ccc(OC)cc12.O=C(O)[C@H](O)[C@@H](O)[C@H](O)[C@H](O)CO,[]
CHEMBL1200980,C1CNCCN1.C[C@]12CC[C@@H]3c4ccc(OS(=O)(=O)O)cc4CC[C@H]3[C@@H]1CCC2=O,[]
CHEMBL1201124,NC(CO)(CO)CO.O=C(c1ccccc1)c1ccc2n1CCC2C(=O)O,[]
CHEMBL1201341,CCOP(=O)(OCC)SCC[N+](C)(C)C,[]
CHEMBL1255901,C/C=C1\[C@H]2C=C(C)C[C@@]1(N)c1ccc(=O)[nH]c1C2,"['Acetylcholinesterase', 'Acetylcholinesterase', 'Acetylcholinesterase']"
CHEMBL127643,CCCCc1cc2ccccc2c(OCCN(C)C)n1,[]
CHEMBL1291,CC(=O)Oc1c(C)cc(OCC(O)CNC(C)C)c(C)c1C,['Adrenergic receptor beta']
CHEMBL1514715,CCNCC.O=S(=O)(O)c1cc(O)ccc1O,[]
CHEMBL1520,CCCc1nc(C)c2c(=O)nc(-c3cc(S(=O)(=O)N4CCN(CC)CC4)ccc3OCC)[nH]n12,"['Phosphodiesterase 5A', 'Phosphodiesterase 1', 'Phosphodiesterase 1', 'Corpus cavernosum', 'Aorta', 'Multidrug resistance-associated protein 5']"
CHEMBL1743259,CCc1nn(CCCN2CCN(c3cccc(Cl)c3)CC2)c(=O)n1CC,['Serotonin 1a (5-HT1a) receptor']
CHEMBL2068839,Cc1ccc(COC(=O)N2CC[C@H](CNc3ncccn3)[C@H](F)C2)cc1,[]
CHEMBL2105733,CNCc1ccc(-c2[nH]c3cc(F)cc4c3c2CCNC4=O)cc1.O=P(O)(O)O,[]
CHEMBL2107784,COc1cccc2c1c(O)c(C(=O)N(C)c1ccc(C(F)(F)F)cc1)c(=O)n2C,[]
CHEMBL2110849,CC(C)N(CCC(c1ccccc1)c1ccccc1)C(C)C,['HEC-1-A']
CHEMBL249420,CCCN[C@@H]1CCc2nc(N)sc2C1,"['Dopamine D2 receptor', 'Dopamine receptors; D1 & D2']"
CHEMBL297453,O=C(O[C@@H]1Cc2c(O)cc(O)cc2O[C@@H]1c1cc(O)c(O)c(O)c1)c1cc(O)c(O)c(O)c1,"['6-phosphogluconate dehydrogenase', 'Alpha-(1,3)-fucosyltransferase 7']"
CHEMBL310671,O=C1NS(=O)(=O)c2ccccc21,['Carbonic anhydrase II']
CHEMBL3112866,C[C@H]1Cc2ccccc2N1C(=O)Cc1nc(N2CCOCC2)cc(=O)[nH]1,"['PI3-kinase p110-delta subunit', 'Serine/threonine-protein kinase AKT']"
CHEMBL319144,O=P(O)(O)C(O)(Cc1cnc2ccccn12)P(=O)(O)O,"['Farnesyl diphosphate synthase', 'Geranylgeranyl pyrophosphate synthetase', 'Geranyltranstransferase']"
CHEMBL3545231,c1ccc(-c2nnc(O[C@@H]3C4CC5C[C@H]3CN(C5)C4)s2)cc1,[]
CHEMBL4206033,C[C@H]1C[C@@H](n2c(Nc3ccc(OC(F)(F)F)cc3)nc3cc(CCC(=O)O)ccc32)CC(C)(C)C1,[]
CHEMBL4300049,CCOCCCCCCN1C[C@H](O)[C@@H](O)[C@@H](O)[C@H]1C,"['Beta-glucocerebrosidase', 'Beta-glucosidase', 'Ceramide glucosyltransferase', 'Lysosomal alpha-glucosidase', 'Sucrase-isomaltase']"
CHEMBL432481,C[C@]1(C(=O)O)CSC(c2ccc(O)cc2O)=N1,['Fe(3+)-pyochelin receptor']
CHEMBL445813,O=C(NC1CCNCC1)c1n[nH]cc1NC(=O)c1c(Cl)cccc1Cl,"['Cyclin-dependent kinase 4/cyclin D1', 'Cyclin-dependent kinase 2/cyclin A', 'Serine/threonine-protein kinase PAK 1', 'Glycogen synthase kinase-3', 'Mitogen-activated protein kinase 7', 'Serine/threonine-protein kinase PCTAIRE-1', 'PITSLRE serine/threonine-protein kinase CDC2L2', 'Cyclin-dependent kinase-like 5', 'Serine/threonine-protein kinase MAK', 'Spiral organ of cochlea']"
CHEMBL4468815,Cc1ccc2nc(N3CCS(=O)(=O)c4ccccc4C3)nc(NCC3(N)COC3)c2c1,['Fusion glycoprotein F0']
CHEMBL453,Cc1noc(NS(=O)(=O)c2ccc(N)cc2)c1C,[]
CHEMBL4594275,N#CCC1CCN(c2nc(Nc3ccc(N4CCC(O)CC4)cc3)c3c(=O)[nH]ncc3n2)CC1,[]
CHEMBL4650733,N=C(NC(=N)N1CCCC1)Nc1ccc(OC(F)(F)F)cc1,[]
CHEMBL5314480,C#C[C@@](C)(O)COc1cc(-c2ccc(N3CC4CC(C3)N4Cc3ccc(OC)nc3)nc2)c2c(C#N)cnn2c1,[]
CHEMBL568,O=C1Nc2ccc(Cl)cc2C(c2ccccc2)=NC1O,[]
CHEMBL577,C[C@H](N[C@@H](CCc1ccccc1)C(=O)O)C(=O)N1CCC[C@H]1C(=O)O,"['Angiotensin-converting enzyme', 'Angiotensin-converting enzyme']"
CHEMBL608806,CCOC(=O)[C@@H]1C2CCC(C[C@@H]1OC(=O)c1ccccc1)N2C,"['Dopamine transporter', 'Dopamine transporter']"
CHEMBL1200725,Clc1ccc(C(Cn2ccnc2)OCc2csc3c(Cl)cccc23)c(Cl)c1.O=[N+]([O-])O,[]
CHEMBL1200787,CC(COc1ccccc1)N(CCCl)Cc1ccccc1.Cl,[]
CHEMBL1201037,Cl.NCCCC(N)(C(=O)O)C(F)F.O,"['GABA-B receptor', 'Ornithine decarboxylase']"
CHEMBL1201168,Cc1cc(C(=O)NNCc2ccccc2)no1,[]
CHEMBL1256958,CNC[C@H](O)c1ccc(O)c(O)c1.O=C(O)C(O)C(O)C(=O)O,[]
CHEMBL1431,CN(C)C(=N)NC(=N)N,[]
CHEMBL16498,C=C1C[C@H]2C=Nc3cc(OCCCOc4cc5c(cc4OC)C(=O)N4CC(=C)C[C@H]4C=N5)c(OC)cc3C(=O)N2C1,[]
CHEMBL1703,CN(C)C(=N)NC(=N)N.Cl,[]
CHEMBL2105738,C[C@]12CC[C@H](O)CC1=CC[C@@H]1[C@@H]2CC[C@]2(C)C(n3cnc4ccccc43)=CC[C@@H]12,[]
CHEMBL2110734,COCC[n+]1c2c(n(Cc3cnccn3)c1C)C(=O)c1ccccc1C2=O,[]
CHEMBL2146126,[LiH],['Carbonic anhydrase V']
CHEMBL2424780,CCCCOc1nc(N)c2c(n1)N(Cc1cccc(CN3CCCC3)c1)CC(=O)N2,"['Toll-like receptor 7', 'B-cells']"
CHEMBL3039502,C[C@H](Nc1ncnc2nc[nH]c12)c1cc2cccc(Cl)c2c(=O)n1-c1ccccc1,"['PI3-kinase p110-delta subunit', 'PI3-kinase p110-gamma subunit', 'PI3-kinase p110-delta/p85-alpha', 'PI3K p110 beta/p85 alpha']"
CHEMBL3039526,CN1CCC(C(=O)c2cccc(NC(=O)c3c(F)cc(F)cc3F)n2)CC1.CN1CCC(C(=O)c2cccc(NC(=O)c3c(F)cc(F)cc3F)n2)CC1.O=C(O)CCC(=O)O,[]
CHEMBL372764,CCCCCCCCCCCCCCCCCCOP(=O)([O-])OC1CC[N+](C)(C)CC1,[]
CHEMBL3900409,Cn1c(=O)oc2ccc(-c3ccc(C[C@@H](C#N)NC(=O)[C@@H]4CNCCCO4)cc3)cc21,['Dipeptidyl peptidase I']
CHEMBL3989559,COc1ccnc(C[S+]([O-])c2nc3cc(OC(F)F)ccc3[n-]2)c1OC.O.[Na+],"['Canis familiaris', 'Potassium-transporting ATPase', 'Histone-lysine N-methyltransferase 2A/WDR5', 'NAD(+) hydrolase SARM1']"
CHEMBL4297459,O=C1CCC(N2C(=O)c3cccc(CNC(=O)C4CC4)c3C2=O)C(=O)N1,['Cereblon isoform 4']
CHEMBL4297605,O=C(CN1CCC(CN2Cc3ccccc3C2=O)CC1)c1ccc(F)cc1,[]
CHEMBL4303470,CC(C)Oc1ccc(C(=O)N[C@H](CNC(=O)CN(C)C)Cc2ccc(-c3cn4cccc([C@H](C)O)c4n3)cc2)cc1Cl,[]
CHEMBL4594292,CN1CCC(COc2cnc(-c3cccc(Cn4nc(-c5cccc(C#N)c5)ccc4=O)c3)nc2)CC1.Cl.O,['Hepatocyte growth factor receptor']
CHEMBL461343,N=C(NO)N/N=C/c1c(Cl)cccc1Cl,['Unchecked']
CHEMBL4650233,O=C(CNC(=O)c1sc(C2=NO[C@@](c3cc(Cl)c(F)c(Cl)c3)(C(F)(F)F)C2)c2c1CCC2)NCC(F)F,[]
CHEMBL488436,Cc1ncc(-c2ccnc(Nc3ccc(S(C)(=O)=O)cc3)n2)n1C(C)C,"['LoVo', 'Cyclin A2']"
CHEMBL5095241,O=C(NOCCO)c1cc2scnc2c(F)c1Nc1ccc(I)cc1F,['Dual specificity mitogen-activated protein kinase kinase 1']
CHEMBL5314526,C[C@]1(c2ccc(-c3[nH]c4cc(F)cc5c4c3CONC5=O)cc2)CCCN1,[]
CHEMBL5316155,CC(C)(C)[Si](F)(c1ccc(C(=O)NC[C@@H](NC(=O)CC[C@@H](C(=O)O)N2CCN(CC(=O)O)CCN(CC(=O)O)CCN(CC(=O)O)CC2)C(=O)N[C@H](CCCCNC(=O)CCC(=O)NCCC[C@@H](NC(=O)CC[C@H](NC(=O)N[C@@H](CCC(=O)O)C(=O)O)C(=O)O)C(=O)O)C(=O)O)cc1)C(C)(C)C,[]
CHEMBL545,CCO,['Alcohol dehydrogenase']
CHEMBL730,O=[N+]([O-])OCC(CO[N+](=O)[O-])O[N+](=O)[O-],[]
CHEMBL772,COC(=O)[C@H]1[C@H]2C[C@@H]3c4[nH]c5cc(OC)ccc5c4CCN3C[C@H]2C[C@@H](OC(=O)c2cc(OC)c(OC)c(OC)c2)[C@@H]1OC,['Synaptic vesicular amine transporter']
CHEMBL91238,CC(C)NNC(=O)COc1ccc(Cl)cc1,[]
CHEMBL995,CCCCc1nc(Cl)c(CO)n1Cc1ccc(-c2ccccc2-c2nnn[n-]2)cc1.[K+],['Angiotensin II receptor']
CHEMBL1200572,[O]=[Mg],['Carbonic anhydrase V']
CHEMBL1200636,CN(C)CCC=C1c2ccccc2C=Cc2ccccc21.Cl,[]
CHEMBL1200930,COCCCOc1ccnc(C[S+]([O-])c2nc3ccccc3[n-]2)c1C.[Na+],"['Canis familiaris', 'Potassium-transporting ATPase', 'Potassium-transporting ATPase alpha chain 1', 'Histone-lysine N-methyltransferase 2A/WDR5', 'NAD(+) hydrolase SARM1']"
CHEMBL1232767,F,[]
CHEMBL1235535,OCc1cccnc1,['Alcohol dehydrogenase']
CHEMBL1373,NC(=O)C[S+]([O-])C(c1ccccc1)c1ccccc1,[]
CHEMBL1627201,C[S@+]([O-])CCCCN=C=S,[]
CHEMBL165790,CC(C)Oc1ccc2c(=O)c(-c3ccccc3)coc2c1,['Aldehyde dehydrogenase']
CHEMBL1697763,O=C1CN(/N=C/c2ccc([N+](=O)[O-])o2)C(=O)N1CO,[]
CHEMBL1743261,CC1COC2(c3ccccc3Cl)c3cc(Cl)ccc3NC(=O)CN12,[]
CHEMBL1773903,CC(=O)O[C@H]1CC(C)(C)C(=C=C/C(C)=C/C=C/C(C)=C/C=C(C)/C=C/C=C(\C)C(=O)C[C@@]23O[C@]2(C)C[C@@H](O)CC3(C)C)[C@](C)(O)C1,[]
CHEMBL2104788,O=C(O)c1ccccc1O.c1c[nH]cn1,[]
CHEMBL2364574,C[C@H]1c2cccc([O-])c2C(=O)C2=C(O)[C@]3(O)C(=O)C(C(N)=O)=C(O)[C@@H](N(C)C)[C@@H]3[C@@H](O)[C@@H]21.C[C@H]1c2cccc([O-])c2C(=O)C2=C(O)[C@]3(O)C(=O)C(C(N)=O)=C(O)[C@@H](N(C)C)[C@@H]3[C@@H](O)[C@@H]21.[Ca+2],[]
CHEMBL3128043,Cc1nc(Nc2n[nH]c3c2CN(C(=O)N[C@H](CN(C)C)c2ccccc2)C3(C)C)c2sccc2n1,"['Serine/threonine-protein kinase PAK 4', 'Tyrosine-protein kinase TEC', 'AMP-activated protein kinase, alpha-2 subunit', 'Serine/threonine-protein kinase PAK 3', 'AMP-activated protein kinase, gamma-1 subunit', 'Cyclin-dependent kinase-like 5', 'General transcription and DNA repair factor IIH helicase subunit XPD', 'cAMP-dependent protein kinase, gamma catalytic subunit']"
CHEMBL3646221,O=C(O)CNC(=O)c1ncc(-c2cccc(Cl)c2)cc1O,"['Egl nine homolog 1', 'Egl nine homolog 3', 'Vascular endothelial growth factor A', 'Prolyl 4-hydroxylase']"
CHEMBL372795,CN[C@@H]1[C@H](O[C@H]2[C@H](O[C@H]3[C@H](O)[C@@H](O)[C@H](N=C(N)N)[C@@H](O)[C@@H]3N=C(N)N)O[C@@H](C)[C@]2(O)C=O)O[C@@H](CO)[C@H](O)[C@H]1O,"['Staphylococcus aureus subsp. aureus', 'Human immunodeficiency virus type 1 REV']"
CHEMBL3976807,Cc1cc(N2C(=O)NC(=O)C2(C)C)cc(C)c1CCS(=O)(=O)N1CCC2(CC1)N=C(c1ccc(OC(F)(F)F)cc1)NC2=O,[]
CHEMBL3990047,CNc1ncc(-c2ccc3c(=O)c(C(=O)O)cn(C4CC4)c3c2C)cc1C,[]
CHEMBL416898,Clc1ccc(C(c2ccc(Cl)cc2)C(Cl)(Cl)Cl)cc1,[]
CHEMBL422,CN1CCN(CCCN2c3ccccc3Sc3ccc(C(F)(F)F)cc32)CC1,[]
CHEMBL4297147,CC(O)C(=O)O.O=C(CCCN1CCC(O)(c2ccc(Cl)cc2)CC1)c1ccc(F)cc1,[]
CHEMBL4297310,Cc1ccccc1CN1C(=O)C2=C(CCN(Cc3ccccc3)C2)N2CCN=C12,[]
CHEMBL4297420,[223Ra],['Carbonic anhydrase V']
CHEMBL4297649,CC(C)COc1cc(F)cc(-c2ccc(C(=O)NS(=O)(=O)c3ccccc3)c(N3C[C@@H](C)CC3(C)C)n2)c1,['Sodium channel protein type IX alpha subunit']
CHEMBL4446378,CO[C@H]1/C=C/C[C@H](C)[C@@H](C)S(=O)(=O)NC(=O)c2ccc3c(c2)N(C[C@@H]2CC[C@H]21)C[C@@]1(CCCc2cc(Cl)ccc21)CO3,[]
CHEMBL4594250,Cc1ccc(C(=O)OCc2ccc([C@@H](CN)C(=O)Nc3ccc4cnccc4c3)cc2)c(C)c1,['Rho-associated protein kinase 2']
CHEMBL4594262,CCOC(=O)C1=C(COCCN)NC(C)=C(C(=O)OC)C1c1ccccc1Cl.O=C(O)c1ccccc1,[]
CHEMBL4594378,C[C@@H](Nc1nc(N[C@H](C)C(F)(F)F)nc(-c2cccc(Cl)n2)n1)C(F)(F)F.C[C@@H](Nc1nc(N[C@H](C)C(F)(F)F)nc(-c2cccc(Cl)n2)n1)C(F)(F)F.O.O=C(O)CC(O)(CC(=O)O)C(=O)O,"['Isocitrate dehydrogenase [NADP] cytoplasmic', 'Isocitrate dehydrogenase [NADP], mitochondrial']"
CHEMBL463,Nc1ccc(C(=O)NCC(=O)O)cc1,[]
CHEMBL467058,CCCCCCCC(=O)OC[C@@H](O)[C@@H](OC)[C@@H]1OC(C(=O)O)=C[C@H](NC(=N)N)[C@H]1NC(C)=O,"['Influenza A virus', 'Neuraminidase', 'Neuraminidase', 'Sialidase 2', 'Influenza B virus (B/Lee/40)', 'Neuraminidase']"
CHEMBL48449,C[C@@]12C(=O)OC(=O)[C@]1(C)[C@H]1CC[C@@H]2O1,[]
CHEMBL5,CCn1cc(C(=O)O)c(=O)c2ccc(C)nc21,[]
CHEMBL5095062,C[C@H]1CNC(=O)c2cnn3cc4c(nc23)N(Cc2cc(F)cnc2O1)[C@@H]1CCC[C@@H]1O4,['Nerve growth factor receptor Trk-A']
CHEMBL5095079,Cc1n[nH]c(C)c1-c1cnn(C2(CC#N)CN(c3cc(F)c(C(=O)N[C@@H](C)C(F)(F)F)cc3F)C2)c1,[]
CHEMBL5095196,Nc1ncc(-c2cnn(C3CCNCC3)c2)cc1-c1nnc(CC2CC2)o1,[]
CHEMBL512351,COc1ccc(NC(=O)c2ccc(C(=N)N(C)C)cc2)c(C(=O)Nc2ccc(Cl)cn2)c1,['Coagulation factor X']
CHEMBL1075834,C#CCOc1ccc(/C=C/C(=O)Nc2ccccc2C(=O)O)cc1OC,[]
CHEMBL1083390,O=S(=O)(c1ccccc1)c1cnc2c(N3CCNCC3)cccc2c1,['Serotonin 6 (5-HT6) receptor']
CHEMBL118218,CC1=C(CO)C2=C(C)C3(CC3)[C@@](C)(O)C(=O)C2=C1,[]
CHEMBL1200622,C[C@H](/C=C/[C@H](C)C(C)(C)O)[C@H]1CC[C@H]2/C(=C/C=C3C[C@@H](O)C[C@H](O)C3)CCC[C@]12C,['Vitamin D receptor']
CHEMBL1200922,CCC(C)C(C)(COC(N)=O)COC(N)=O,[]
CHEMBL1505,CN(C)CCc1c[nH]c2ccc(CS(=O)(=O)N3CCCC3)cc12,"['Serotonin 1d (5-HT1d) receptor', 'Serotonin 1b (5-HT1b) receptor', 'Serotonin 1d (5-HT1d) receptor']"
CHEMBL15605,c1cscn1,[]
CHEMBL1673159,CC1CCC(C(=O)N(c2cc(-c3ccccc3)sc2C(=O)[O-])C2CCC(O)CC2)CC1.[Na+],['Free fatty acid receptor 2']
CHEMBL1741037,C[C@@H](Oc1ccc(Oc2cnc3ccc(Cl)cc3n2)cc1)C(=O)O,[]
CHEMBL1750,Nc1nc(Cl)nc2c1ncn2[C@@H]1O[C@H](CO)[C@@H](O)[C@@H]1F,[]
CHEMBL1779046,O=C(O[C@H]1CN2CCC1CC2)N(Cc1cc(F)c(F)c(F)c1)c1cccc(F)c1,[]
CHEMBL1812161,CC(C)=CCC/C(C)=C/CC/C(C)=C/CC[C@@](C)(O)CCC1=C(C)C(=O)C(C)=C(C)C1=O,[]
CHEMBL2104095,C[N+](C)(C)CCO.O=C([O-])c1ccccc1O,[]
CHEMBL2105107,C[C@H](CC#CC(C)(C)O)[C@H]1CC[C@@H]2/C(=C/C=C3C[C@@H](O)C[C@H](O)C3)CCC[C@@]21C,"['Vitamin D receptor', 'Vitamin D receptor']"
CHEMBL2105372,CCN(CC)CC(C)OC(=O)C1CCCCC1(O)C1CCCCC1,[]
CHEMBL2107763,Cc1cc(=O)oc2cc(O[C@@H]3SC[C@@H](O)[C@H](O)[C@H]3O)ccc12,[]
CHEMBL2365940,C[N+]1(C)[C@@H]2CC[C@H]1C[C@H](CC(C#N)(c1ccccc1)c1ccccc1)C2,['Muscarinic acetylcholine receptor M3']
CHEMBL286494,Cc1cc(O)c2c(=O)c3c(O)cc(O)c4c5c(O)cc(O)c6c(=O)c7c(O)cc(C)c8c1c2c(c34)c(c78)c65,[]
CHEMBL3039597,CNC(C)[C@@H]1CC[C@@H](N)[C@@H](O[C@H]2[C@H](O)[C@@H](O[C@H]3OC[C@](C)(O)[C@H](NC)[C@H]3O)[C@H](N)C[C@@H]2N)O1.CN[C@@H]1[C@@H](O)[C@@H](O[C@@H]2[C@@H](O)[C@H](O[C@H]3O[C@H](C(C)N)CC[C@H]3N)[C@@H](N)C[C@H]2N)OC[C@]1(C)O.CN[C@@H]1[C@@H](O)[C@@H](O[C@@H]2[C@@H](O)[C@H](O[C@H]3O[C@H](CN)CC[C@H]3N)[C@@H](N)C[C@H]2N)OC[C@]1(C)O,['Ribosomal RNA A-site']
CHEMBL308148,CC(=O)NC1(c2ccccc2)CCN(CC[C@H](CN(C)C(=O)c2ccccc2)c2ccc(Cl)c(Cl)c2)CC1,"['Neurokinin 2 receptor', 'Neurokinin 3 receptor']"
CHEMBL3181841,Cl.Cn1cc(C(=O)[C@@H]2CCc3[nH]cnc3C2)c2ccccc21,[]
CHEMBL323348,COC(=O)c1ccccc1C(=O)OC,[]
CHEMBL34259,CN(Cc1cnc2nc(N)nc(N)c2n1)c1ccc(C(=O)N[C@@H](CCC(=O)O)C(=O)O)cc1,['L1210']
CHEMBL3545164,C[C@@H](Oc1nnc(-c2ccncc2)n1C)c1cc(-c2cccc(Cl)c2)on1,[]
CHEMBL3545366,CCn1c(=O)c(-c2cc[nH]n2)cc2c(C)nc(N)nc21,[]
CHEMBL3590187,CCC(=O)O[C@]1(C(=O)CO)CC[C@H]2[C@@H]3CCC4=CC(=O)CC[C@]4(C)[C@H]3CC[C@@]21C,"['Progesterone receptor', 'Syrian golden hamster']"
CHEMBL3818875,CNc1nc(C)nc(N[C@H]2CCC[C@@H](C(=O)NCc3ccc(C#N)cc3C(F)(F)F)C2)n1,['C-C chemokine receptor type 2']
CHEMBL3989752,CN(C)CCC=C1c2ccccc2OCc2c1oc1ccccc21,[]
CHEMBL3989830,CC(C)CC(N(C)C)C1(c2ccc(Cl)cc2)CCC1.Cl.O,[]
CHEMBL415768,C=C1CC[C@@H]2[C@](C)(CO)[C@H](O)CC[C@@]2(C)[C@@H]1CCC1=CCOC1=O,[]
CHEMBL420,N=C(N)N/N=C/c1c(Cl)cccc1Cl,[]
CHEMBL4296717,CN(C)Cc1ccc(S(=O)(=O)n2ccc(/C=C/C(=O)NO)c2)cc1,[]
CHEMBL4297165,CCN(CC)CCCC(C)Nc1ccnc2cc(Cl)ccc12.Cl.Cl,['Plasmodium falciparum']
CHEMBL4297223,O.O.O.O=C(c1ccc(NS(=O)(=O)c2cccc3cccnc23)cc1)N1CCN(CC2CC2)CC1.O=C(c1ccc(NS(=O)(=O)c2cccc3cccnc23)cc1)N1CCN(CC2CC2)CC1.O=S(=O)(O)O,[]
CHEMBL4297256,CC(C)(C(=O)NC1C2CC3CC1CC(C(N)=O)(C3)C2)N1CCN(c2ccc(C(F)(F)F)cn2)CC1,"['11-beta-hydroxysteroid dehydrogenase 1', '11-beta-hydroxysteroid dehydrogenase 1', '11-beta-hydroxysteroid dehydrogenase 2']"
CHEMBL4303611,O=C(/C=C/c1ccc2ccc(C(F)(F)F)cc2n1)c1ccncc1,[]
CHEMBL461522,Cc1c(N(C)CS(=O)(=O)O)c(=O)n(-c2ccccc2)n1C,[]
CHEMBL4802139,Cc1cc(OCP(=O)(O)O)cc(C)c1Cc1ccc(O)c(Cc2ccccc2)c1,"['Thyroid hormone receptor beta-1', 'Thyroid hormone receptor alpha', 'Glutathione S-transferase A1']"
CHEMBL4804173,Nc1c(F)ccc2cnc(-n3ccc4ccncc43)cc12,[]
CHEMBL5314492,CCCCCCCCCCn1cc(CCC(N)(CO)CO)nn1,[]
CHEMBL535607,C[C@@H]1CN(Cc2ccc(F)cc2)CCN1C(=O)COc1ccc(Cl)cc1NC(N)=O.Cl,['C-C chemokine receptor type 1']
CHEMBL571209,Cn1cc(C[C@@H](N)C(=O)O)c2ccccc21,[]
CHEMBL599552,O=C1/C(=C2\Nc3ccccc3C2=O)Nc2ccccc21,['Serine/threonine-protein kinase 17B']
CHEMBL807,CC12CC3CC(C)(C1)CC(N)(C3)C2,[]
CHEMBL1016,CCOc1nc2cccc(C(=O)O)c2n1Cc1ccc(-c2ccccc2-c2nnn[nH]2)cc1,['Angiotensin II type 1a (AT-1a) receptor']
CHEMBL1084173,O=C(O)/C(=C/c1ccccc1)c1ccccc1.OCc1cc([C@@H](O)CNCCCCCCOCCOCc2c(Cl)cccc2Cl)ccc1O,[]
CHEMBL1200799,CC(C)OC(=O)CCC/C=C\C[C@@H]1[C@@H](/C=C/[C@@H](O)COc2cccc(C(F)(F)F)c2)[C@H](O)C[C@@H]1O,"['Prostanoid FP receptor', 'Prostanoid FP receptor']"
CHEMBL1201198,Cc1cccn2c(=O)c(-c3nnn[nH]3)cnc12,[]
CHEMBL1201729,CCCCc1oc2ccc(NS(C)(=O)=O)cc2c1C(=O)c1ccc(OCCCN(CCCC)CCCC)cc1.Cl,[]
CHEMBL1229211,C[C@@H]1CCO[C@H]2Cn3cc(C(=O)NCc4ccc(F)cc4F)c(=O)c(O)c3C(=O)N12,"['Human immunodeficiency virus 1', 'Human immunodeficiency virus type 1 integrase']"
CHEMBL1234,CC(=O)N(O)CCCCCNC(=O)CCC(=O)N(O)CCCCCNC(=O)CCC(=O)N(O)CCCCCN.CS(=O)(=O)O,[]
CHEMBL1237046,CN(C)[C@@H]1C(O)=C(C(=O)NCN2CCCC2)C(=O)[C@@]2(O)C(O)=C3C(=O)c4c(O)cccc4[C@@](C)(O)[C@H]3C[C@@H]12,[]
CHEMBL1293,CC1=C(/C=C/C(C)=C/C=C/C(C)=C/C=C/C=C(C)/C=C/C=C(C)/C=C/C2=C(C)CCCC2(C)C)C(C)(C)CCC1,[]
CHEMBL1356,O=C([O-])c1ccccc1.[Na+],[]
CHEMBL1550,CC1=C(C/C=C(\C)CCC[C@H](C)CCC[C@H](C)CCCC(C)C)C(=O)c2ccccc2C1=O,[]
CHEMBL16225,c1cc[nH]c1,['Alcohol dehydrogenase']
CHEMBL1628688,COc1nc(C)cnc1NS(=O)(=O)c1cccnc1-c1ccc(-c2nnco2)cc1,['Endothelin receptor ET-A']
CHEMBL1690,CCN(CCO)CCCC(C)Nc1ccnc2cc(Cl)ccc12.O=S(=O)(O)O,['Plasmodium falciparum']
CHEMBL2057301,CC(=O)[C@H]1CC[C@H]2[C@@H]3CC[C@H]4C[C@@H](O)CC[C@]4(C)[C@H]3CC[C@]12C,['GABA-A receptor; anion channel']
CHEMBL2062163,C[C@H]1[C@H](c2ccccc2)OCCN1C.O=C(O)C(O)C(O)C(=O)O,[]
CHEMBL2103876,Cc1ccc2c(NC[C@](O)(CC(C)(C)c3cc(F)cc4c3OCC4)C(F)(F)F)cccc2n1,['Glucocorticoid receptor']
CHEMBL2103878,NC(=O)c1ccc(Oc2ccc(CNCCC3CCOCC3)cc2F)nc1,[]
CHEMBL2104969,O=C(O)c1ccc(CCCc2c(CCNS(=O)(=O)Cc3ccccc3C(F)(F)F)n(C(c3ccccc3)c3ccccc3)c3ccc(Cl)cc23)cc1,"['Cytosolic phospholipase A2', 'Blood']"
CHEMBL2106217,CCNC(C)Cc1cccc(C(F)(F)F)c1.Cl,[]
CHEMBL211456,CN[C@@H](C)[C@H](O)c1ccccc1,[]
CHEMBL218227,O=C(/C=C(\O)c1nc[nH]n1)c1ccc(Cc2ccc(F)cc2)o1,[]
CHEMBL228814,Cc1ccc(C(=O)N(CCCN)[C@@H](c2nc3cc(Cl)ccc3c(=O)n2Cc2ccccc2)C(C)C)cc1,['Kinesin-like protein 1']
CHEMBL2364637,CC(C)OC(=O)[C@H](C)N[P@](=O)(CO[C@H](C)Cn1cnc2c(N)ncnc21)Oc1ccccc1.CC(C)OC(=O)[C@H](C)N[P@](=O)(CO[C@H](C)Cn1cnc2c(N)ncnc21)Oc1ccccc1.O=C(O)/C=C/C(=O)O,[]
CHEMBL252518,C[C@H]1[C@@H](O)O[C@@H]2O[C@]3(C)CC[C@H]4[C@H](C)CC[C@@H]1[C@@]24OO3,[]
CHEMBL348475,COc1cc2c(cc1OC)CN(CCc1ccc(NC(=O)c3cc(OC)c(OC)cc3NC(=O)c3cnc4ccccc4c3)cc1)CC2,"['P-glycoprotein 1', 'ATP-binding cassette sub-family G member 2', 'EMT6', 'P-glycoprotein 1', 'MDR']"
CHEMBL3707245,O=C(O)CNc1cccc(CN(Cc2ccc(-n3cccn3)cc2)S(=O)(=O)c2cccnc2)n1,[]
CHEMBL439338,CC(C)(C)c1nc(N2CCN(CCCSc3nccc(O)n3)CC2)cc(C(F)(F)F)n1,"['Dopamine D2 receptor', 'Dopamine D3 receptor']"
CHEMBL51,O=C(c1ccc(F)cc1)C1CCN(CCn2c(=O)[nH]c3ccccc3c2=O)CC1,"['Synaptic vesicular amine transporter', 'Serotonin receptor 2a and 2c (5HT2A and 5HT2C)']"
CHEMBL1096927,CC(C)=CCC[C@](C)(O)[C@@H]1CC=C(C)CC1,[]
CHEMBL1200370,O=C(OOC(=O)c1ccccc1)c1ccccc1,[]
CHEMBL1200813,CCCC(=O)Nc1ccc(OCC(O)CNC(C)C)c(C(C)=O)c1.Cl,['Adrenergic receptor beta']
CHEMBL1200822,CC(=O)O.O=C(NCC1CCCCN1)c1cc(OCC(F)(F)F)ccc1OCC(F)(F)F,[]
CHEMBL1201089,CN(C)CCOC(c1ccccc1)c1ccccc1.O=C(O)CC(O)(CC(=O)O)C(=O)O,[]
CHEMBL1201189,[13NH3],['Carbonic anhydrase V']
CHEMBL134,Clc1cccc(Cl)c1NC1=NCCN1,"['Alpha-1a adrenergic receptor', 'Alpha-1b adrenergic receptor', 'Alpha-1d adrenergic receptor', 'Alpha-2c adrenergic receptor', 'Nischarin', 'Alpha-2a adrenergic receptor', 'Alpha-1B adrenergic receptor']"
CHEMBL1463,Nc1nc(=O)[nH]cc1F,[]
CHEMBL1944698,CN1C/C=C/CCOc2cccc(c2)-c2ccnc(n2)Nc2cccc(c2)C1,"['Tyrosine-protein kinase JAK2', 'Tyrosine-protein kinase JAK3', 'Cyclin-dependent kinase 2/cyclin A', 'Uncharacterized aarF domain-containing protein kinase 1']"
CHEMBL2105676,CC(OC(=O)c1ccc(Cc2c([O-])c3ccccc3oc2=O)cc1)(C(F)(F)F)C(F)(F)F.[Na+],[]
CHEMBL231068,O=c1[nH]c2ccccc2n1CCN1CCN(c2cccc(C(F)(F)F)c2)CC1,['Serotonin 7 (5-HT7) receptor']
CHEMBL3121539,CC1=CC[C@H](C(=O)N(c2cc(C#CC(C)(C)C)sc2C(=O)O)[C@H]2CC[C@](O)(CO[C@H]3CCOC3)CC2)CC1,['Hepatitis C virus']
CHEMBL3137315,Cn1c(C2(NC(=O)c3ccc4c(C5CCCC5)c(-c5ncc(Br)cn5)n(C)c4c3)CCC2)nc2ccc(/C=C/C(=O)[O-])cc21.[Na+],['Hepatitis C virus']
CHEMBL3668014,COc1cc(F)c(-n2c(=O)[nH]c3csc(C(=O)O)c3c2=O)cc1OCc1c(OC)ccc(F)c1F,[]
CHEMBL3989480,O=C([O-])CC(O)(CC(=O)[O-])C(=O)[O-].O=C([O-])CC(O)(CC(=O)[O-])C(=O)[O-].[Mg+2].[Mg+2].[Mg+2],[]
CHEMBL4297467,Nc1ccc(/C=C/C(=O)NCc2cc3cc(-c4ccc(C(=O)N5CCC(F)(F)CC5)cc4)cc(-c4ccc(F)cc4)c3o2)cn1,[]
CHEMBL493,CC(C)C[C@H]1C(=O)N2CCC[C@H]2[C@]2(O)O[C@](NC(=O)[C@@H]3C=C4c5cccc6[nH]c(Br)c(c56)C[C@H]4N(C)C3)(C(C)C)C(=O)N12,['Cerebral cortex alpha adrenergic receptor']
CHEMBL5314430,Cc1[nH]nc2c1N=C(c1ccccc1Cl)c1cnc(N3CCOCC3)cc1N2,[]
CHEMBL5314575,C=C(C)[C@@H]1CC[C@]2(NCCN3CCS(=O)(=O)CC3)CC[C@]3(C)[C@H](CC[C@@H]4[C@@]5(C)CC=C(C6=CC[C@@](CF)(C(=O)O)CC6)C(C)(C)[C@@H]5CC[C@]43C)[C@@H]12.CS(=O)(=O)O,['Human immunodeficiency virus 1']
CHEMBL549344,CCc1nc2c(N)nc3ccccc3c2n1CCCCNS(C)(=O)=O,"['Toll-like receptor 7', 'Toll-like receptor 8']"
CHEMBL608,CC(C)(Sc1cc(C(C)(C)C)c(O)c(C(C)(C)C)c1)Sc1cc(C(C)(C)C)c(O)c(C(C)(C)C)c1,[]
CHEMBL75133,CC(/C=C/[C@@H]1C[C@]1(C)c1ccc2c(c1)C(C)(C)CCC2(C)C)=C\C(=O)O,[]
CHEMBL91829,CN(C)C[C@@H]1CCn2cc(c3ccccc32)C2=C(C(=O)NC2=O)c2cn(c3ccccc23)CCO1,"['Glycogen synthase kinase-3 beta', 'Protein kinase C alpha', 'Protein kinase C theta', 'Protein kinase C delta', 'Protein kinase C iota', 'Protein kinase C beta', 'CaM kinase II delta', 'Protein kinase C epsilon', 'Protein kinase C gamma', 'Protein kinase C eta', 'MAP kinase p38 gamma', 'Protein kinase C (PKC)', 'MAP kinase-activated protein kinase 5', 'Protein kinase C (PKC)', 'Tyrosine-protein kinase BLK', 'Cyclin-dependent kinase 1', 'cAMP-dependent protein kinase alpha-catalytic subunit', 'Serine/threonine-protein kinase MST2']"
CHEMBL99,CC(/C=C/C(=O)NO)=C\[C@@H](C)C(=O)c1ccc(N(C)C)cc1,[]
CHEMBL1020,Cc1ccc(C(=O)c2ccc(CC(=O)O)n2C)cc1,[]
CHEMBL1136,CC[C@H]1OC(=O)[C@H](C)C(=O)[C@H](C)[C@@H](O[C@@H]2O[C@H](C)C[C@H](N(C)C)[C@H]2O)[C@](C)(OC)C[C@@H](C)C(=O)[C@H](C)[C@H]2N(CCCCn3cnc(-c4cccnc4)c3)C(=O)O[C@]12C,"['Streptococcus pneumoniae', 'Cytochrome P450 3A']"
CHEMBL1200468,CCOC(=O)CC(SP(=S)(OC)OC)C(=O)OCC,['Beta-lactamase']
CHEMBL1200987,CCCCc1ncc(/C=C(\Cc2cccs2)C(=O)O)n1Cc1ccc(C(=O)O)cc1.CS(=O)(=O)O,['Angiotensin II receptor']
CHEMBL1201295,Cc1ccc(C(=O)Oc2ccc(C(O)CNC(C)(C)C)cc2OC(=O)c2ccc(C)cc2)cc1,[]
CHEMBL1236475,O=C1N[C@H](O)CCN1[C@@H]1O[C@H](CO)[C@@H](O)[C@H]1O,"['Cytidine deaminase', 'Cytidine deaminase']"
CHEMBL1237044,COc1cccc(C2(O)CCCCC2CN(C)C)c1,[]
CHEMBL1257040,CN1CCN(CCCN2c3ccccc3Sc3ccc(C(F)(F)F)cc32)CC1.Cl.Cl,[]
CHEMBL1267,CC(O)c1ccc(CCOc2ccc(CC3SC(=O)NC3=O)cc2)nc1,"['Peroxisome proliferator-activated receptor gamma', 'Peroxisome proliferator-activated receptor alpha', 'RXR alpha/PPAR gamma', 'Bile salt export pump']"
CHEMBL1540,Nc1nc(O)c2ncn(CCC(CO)CO)c2n1,['Purine nucleoside phosphorylase']
CHEMBL167731,NCCNc1ccc(NCCN)c2c1C(=O)c1ccncc1C2=O,[]
CHEMBL18442,c1cc(CN2CCCNCCNCCCNCC2)ccc1CN1CCCNCCNCCCNCC1,"['Human immunodeficiency virus 1', 'Human immunodeficiency virus 2']"
CHEMBL2104753,COc1ccc2nc(COc3ccc(CC4SC(=O)NC4=O)cc3)n(C)c2c1,[]
CHEMBL2106822,CCN(CC)Cc1nccn1-c1ccc([N+](=O)[O-])cc1C(=O)c1ccccc1Cl,[]
CHEMBL2107357,CC1(C)CNc2cc(NC(=O)c3cccnc3NCc3ccncc3)ccc21.O=P(O)(O)O.O=P(O)(O)O,[]
CHEMBL2397450,OC[C@H]1O[C@@H](c2cc(Cc3cc4cccccc-4c3)ccc2O)[C@H](O)[C@@H](O)[C@@H]1O,['Sodium/glucose cotransporter 2']
CHEMBL245807,O=C1Nc2ccccc2C1(c1ccc(O)cc1)c1ccc(O)cc1,['Lung cancer cell line']
CHEMBL256563,C[C@](C#N)(COc1cc(C#N)ccc1C(F)(F)F)NC(=O)c1ccc(SC(F)(F)F)cc1,[]
CHEMBL3187503,CC(C)c1noc(N2CCC(COc3ccc(-c4ccc(S(C)(=O)=O)cc4)nc3)CC2)n1,['Glucose-dependent insulinotropic receptor']
CHEMBL3989762,CC[C@@H]1[C@@H](O)N2[C@H]3C[C@@]45c6ccccc6N(C)[C@H]4[C@@H]2C[C@H]1C3[C@H]5OC(=O)CCl,[]
CHEMBL4101487,O=C(O)c1ccc([C@H]2C[C@@H](NC(=O)C3(c4ccc5c(c4)OC(F)(F)O5)CC3)c3ccc(OC(F)F)cc3O2)cc1,['Cystic fibrosis transmembrane conductance regulator']
CHEMBL4297305,Nc1ncnc2c1ncn2CCNCCCCCO,[]
CHEMBL4297449,CC(C)N1CCC(N2CCCN(c3cccc(C(=O)Nc4ccncc4)n3)CC2)CC1,[]
CHEMBL442218,O=C1N[C@H](C(=O)O)CS1,['Dihydroorotase']
CHEMBL443014,COC(COC(N)=O)C1=C(N2CC2)C(=O)C(C)=C(N2CC2)C1=O,"['K562', 'HL-60', 'CCRF-CEM', 'MOLT-4', 'SR', 'RPMI-8226', 'SW-620', 'NCI-H522', 'COLO 205', 'OVCAR-3', 'U-251', 'LOX IMVI', 'T47D', 'ACHN', 'UACC-62', 'SK-MEL-5', 'KM12', 'NCI-H23', '786-0', 'IGROV-1', 'SF-268', 'M14', 'CAKI-1', 'OVCAR-8', 'SF-539', 'RXF 393', 'HOP-92', 'UO-31', 'SF-295', 'Malme-3M', 'SK-MEL-2', 'UACC-257']"
CHEMBL4594296,Cc1cc(C(=O)N(C)C)cc(NC(=O)[C@H]2CCC(=O)N2C2CCN(Cc3ccc(Cl)c(C)c3)CC2)n1.Cl.Cl,['C-C chemokine receptor type 3']
CHEMBL473417,CS(=O)(=O)c1ccc(C(=O)Nc2ccc(Cl)c(-c3ccccn3)c2)c(Cl)c1,"['Smoothened homolog', 'Sonic hedgehog protein', 'Serum albumin']"
CHEMBL497939,O=c1cccc2n1C[C@@H]1CNC[C@H]2C1,"['Neuronal acetylcholine receptor; alpha4/beta2', 'Neuronal acetylcholine receptor; alpha4/beta2']"
CHEMBL5095036,C=CCn1c(=O)c2cnc(Nc3ccc(N4CCN(C)CC4)cc3)nc2n1-c1ccc2c(n1)[C@@](O)(CC)CC2,['Serine/threonine-protein kinase WEE1']
CHEMBL5095069,C#C[C@H]1CC[C@H]2[C@@H]3CCC4=CC(=O)CC[C@]4(C)[C@H]3CC[C@]12C,"['Testis-specific androgen-binding protein', 'Progesterone receptor']"
CHEMBL5095244,O=C(Nc1ccnc(C(F)(F)F)c1)c1cnn(-c2cccc3c(=O)[nH]ccc23)c1C(F)(F)F,[]
CHEMBL5314571,Cc1cc(-c2nc(C(=O)Nc3cc4oc(N5CCOCC5)nc4nc3N3CC[C@@H](O)C3)co2)ccn1.O=C(O)/C=C\C(=O)O,[]
CHEMBL5314593,C/C(=N\NC(=O)c1cccc(S(=O)(=O)N2CCN(C)CC2)c1)c1cc(Cl)ccc1O.CS(=O)(=O)O,['Unchecked']
CHEMBL5314935,O=C(O)c1cc2c(Cl)c(N3CCN(S(=O)(=O)c4c(Cl)cccc4Cl)CC3)ccc2o1,[]
CHEMBL56337,CC(/C=C1\SC(=S)N(CC(=O)O)C1=O)=C\c1ccccc1,[]
CHEMBL66092,CCN(C(=O)c1c(O)c2c(Cl)cccc2n(C)c1=O)c1ccccc1,[]
CHEMBL812,CN(C)C(=O)Oc1ccc[n+](C)c1.[Br-],[]
CHEMBL1064,CCC(C)(C)C(=O)O[C@H]1C[C@@H](C)C=C2C=C[C@H](C)[C@H](CC[C@@H]3C[C@@H](O)CC(=O)O3)[C@H]21,"['HMG-CoA reductase', 'HES']"
CHEMBL1199080,CC[N+](C)(C)Cc1ccccc1Br,[]
CHEMBL1200345,O=C([O-])CCC(=O)O.[Na+],['Solute carrier family 22 member 6']
CHEMBL1200600,CC(=O)[C@@]1(O)CC[C@H]2[C@@H]3C[C@H](C)C4=CC(=O)C=C[C@]4(C)[C@@]3(F)[C@@H](O)C[C@@]21C,"['Nuclear receptor subfamily 1 group I member 2', 'Progesterone receptor']"
CHEMBL1200810,C=C1/C(=C\C=C2/CCC[C@]3(C)[C@@H]([C@H](C)/C=C/[C@H](C)C(C)C)CC[C@@H]23)C[C@@H](O)C[C@@H]1O,"['Vitamin D receptor', 'Keratinocytes', 'Liver microsome', 'Vitamin D receptor', 'RWLeu4', 'Vitamin D3 receptor A']"
CHEMBL1213353,CC[N+]1(CC)CCC(=C(c2ccccc2)c2ccccc2)C1C.[Br-],[]
CHEMBL1664,CC(C)CN(C[C@@H](OP(=O)(O)O)[C@H](Cc1ccccc1)NC(=O)O[C@H]1CCOC1)S(=O)(=O)c1ccc(N)cc1,[]
CHEMBL1741040,CCCC[C@@H](NC(=O)[C@@H](Cc1cn(C(=O)OC)c2ccccc12)NC(=O)[C@H](CC(C)(C)C)NC(=O)N1[C@H](C)CCC[C@@H]1C)C(=O)O,"['Endothelin receptor ET-B', 'Endothelin receptor ET-A']"
CHEMBL1746,O=C([O-])CCCc1ccccc1.[Na+],[]
CHEMBL1908906,CNc1ccc(/C=C/c2ccc(OCCOCCOCCF)cc2)cc1,['Beta amyloid A4 protein']
CHEMBL203266,COc1ccc(CN2CCNCC2)c(OC)c1OC,[]
CHEMBL2110588,CCCCCCCC(=O)N[C@H](CN1CCCC1)[C@H](O)c1ccc2c(c1)OCCO2,['Ceramide glucosyltransferase']
CHEMBL3137305,CNC(=O)c1ccc(Nc2ncc(C(F)(F)F)c(NCc3nccnc3N(C)S(C)(=O)=O)n2)cc1.Cl,"['Focal adhesion kinase 1', 'Proto-oncogene tyrosine-protein kinase MER', 'Calcium-dependent protein kinase 1', 'Protein kinase 6']"
CHEMBL3622820,N#CCC1(n2cc(-c3ncnc4[nH]ccc34)cn2)CN(C2CCN(C(=O)c3ccnc(C(F)(F)F)c3F)CC2)C1,"['Tyrosine-protein kinase JAK2', 'Tyrosine-protein kinase JAK1']"
CHEMBL3747513,Cc1cc2c(C(N)=O)cccc2n1-c1nc2c(c(NCc3ccccc3)n1)COCC2,['Transitional endoplasmic reticulum ATPase']
CHEMBL393220,CC(C)c1c(C(=O)Nc2ccccc2)c(-c2ccccc2)c(-c2ccc(F)cc2)n1CC[C@@H](O)C[C@@H](O)CC(=O)[O-].CC(C)c1c(C(=O)Nc2ccccc2)c(-c2ccccc2)c(-c2ccc(F)cc2)n1CC[C@@H](O)C[C@@H](O)CC(=O)[O-].[Ca+2],['HMG-CoA reductase']
CHEMBL3989410,COc1ccc2c(c1)c(CC(=O)[O-])c(C)n2C(=O)c1ccc(Cl)cc1.O.O.O.[Na+],['Aldo-keto reductase family 1 member C4']
CHEMBL407,CCOC(=O)c1ncn2c1CN(C)C(=O)c1cc(F)ccc1-2,['GABA-A receptor; anion channel']
CHEMBL4081711,CC[C@@H]1[C@H](F)C(=O)N[C@@H]1COc1nccc2cc(C(N)=O)c(OC)cc12,[]
CHEMBL4117187,COc1ccc2c(c1)c(CN1CCN(C)CC1)cn2S(=O)(=O)c1ccccc1Br,['Serotonin 6 (5-HT6) receptor']
CHEMBL417,COc1cccc2c1C(=O)c1c(O)c3c(c(O)c1C2=O)C[C@@](O)(C(=O)CO)C[C@@H]3O[C@H]1C[C@H](N)[C@@H](O)[C@H](C)O1,"['14-3-3 protein gamma', 'MAXF401 cell line', 'Shiga toxin 1 variant A subunit']"
CHEMBL4303379,C[C@H](N)C(=O)N[C@@]1(C(=O)O)C[C@@H](Sc2nnc[nH]2)[C@H]2[C@H](C(=O)O)[C@H]21,['Metabotropic glutamate receptor 3']
CHEMBL502620,CC[C@@]1(O)C[C@H](O[C@H]2C[C@H](N(C)C)[C@H](O[C@H]3C[C@H](O)[C@H](O[C@H]4CCC(=O)[C@H](C)O4)[C@H](C)O3)[C@H](C)O2)c2c(cc3c(c2O)C(=O)c2c(O)cccc2C3=O)[C@H]1C(=O)OC,[]
CHEMBL5095238,Cc1cc(F)c2[nH]c(=O)n(C3CCN(C4CCOCC4)CC3)c2c1,['COLO 320DM']
CHEMBL513,O=NN(CCCl)C(=O)NCCCl,[]
CHEMBL52609,Cc1cn([C@H]2C[C@H](O)[C@@H](CO)O2)c(=O)[nH]c1=O,"['Thymidine kinase, cytosolic', 'Thymidine kinase', 'Thymidine kinase']"
CHEMBL5315054,CCOc1ccc(Cc2cc([C@]34OC[C@](CO)(O3)[C@@H](O)[C@H](O)[C@H]4O)ccc2Cl)cc1.O=C1CC[C@@H](C(=O)O)N1,['Sodium/glucose cotransporter 2']
CHEMBL606,CCCCC(C)(O)C/C=C/[C@H]1[C@H](O)CC(=O)[C@@H]1CCCCCCC(=O)OC,[]
CHEMBL628,CC(=O)CCCCn1c(=O)c2c(ncn2C)n(C)c1=O,[]
CHEMBL748,C[n+]1ccccc1/C=N/O.[Cl-],[]
CHEMBL1200964,CN(C)CCC=C1c2ccccc2CCc2ccccc21.Cl,['Norepinephrine transporter']
CHEMBL1201108,Cc1nc2c([nH]1)-c1ccccc1N(C(=O)c1ccc(NC(=O)c3ccccc3-c3ccccc3)cc1)CC2.Cl,[]
CHEMBL1201765,CC(C)C(=O)Oc1ccc(CO)cc1[C@H](CCN(C(C)C)C(C)C)c1ccccc1.O=C(O)/C=C/C(=O)O,[]
CHEMBL1378,CCSc1ccc2c(c1)N(CCCN1CCN(C)CC1)c1ccccc1S2,[]
CHEMBL13828,O=c1[nH]c2ccccc2n1CCCN1CCN(C(c2ccccc2)c2ccccc2)CC1,['P2X purinoceptor 7']
CHEMBL1567328,COc1ccc2[n-]c([S+]([O-])Cc3ncc(C)c(OC)c3C)nc2c1.COc1ccc2[n-]c([S+]([O-])Cc3ncc(C)c(OC)c3C)nc2c1.[Mg+2],['Potassium-transporting ATPase']
CHEMBL1614641,C[C@H](C(=O)O)c1ccc2oc(-c3ccc(F)cc3)nc2c1,['Utrophin']
CHEMBL1679,Nc1nc(=O)c2c([nH]1)NCC(CNc1ccc(C(=O)N[C@@H](CCC(=O)O)C(=O)O)cc1)N2C=O,"['GAR transformylase', 'Thymidylate synthase/GAR transformylase/AICAR transformylase']"
CHEMBL1721515,O=C(O)CN1CCN(CC(=O)O)CCN(CC(=O)O)CCN(CC(=O)O)CC1,[]
CHEMBL1892201,CCCCC1C(=O)NN(c2ccccc2)C1=O,[]
CHEMBL190044,CCC(COC(=O)c1cc(OC)c(OC)c(OC)c1)(c1ccccc1)N(C)C,[]
CHEMBL203125,O=CN(O)CCCP(=O)(O)O,"['1-deoxyxylulose-5-phosphate reductoisomerase', '1-deoxy-D-xylulose 5-phosphate reductoisomerase', 'Fructose-bisphosphate aldolase']"
CHEMBL2074972,COC(=O)C1=C(C)NC(C)=C(C(=O)OC2CCCN(Cc3ccccc3)C2)C1c1cccc([N+](=O)[O-])c1,[]
CHEMBL2103764,CO/N=C(\C(=O)N[C@@H]1C(=O)N2C(C(=O)O)=C(C)CS[C@H]12)c1csc(N)n1,"['Streptococcus pneumoniae', 'Solute carrier family 22 member 6', 'Solute carrier family 22 member 8', 'Solute carrier family 22 member 11', 'PER-2 beta-lactamase']"
CHEMBL2103823,O=C([N-]S(=O)(=O)c1ccc(Br)s1)c1ccc(Cl)cc1Cl.[Na+],[]
CHEMBL2105242,CCN(CC)c1nc(=NN)nc(N(CC)CC)[nH]1,[]
CHEMBL2105322,O=C(O)CSC(SCC(=O)O)SCC(=O)O,[]
CHEMBL2107729,O=C(Nc1ccc(S(=O)(=O)N2CCOCC2)cc1)c1cc(Cl)ccc1NS(=O)(=O)c1ccc(Cl)s1,[]
CHEMBL2107821,NCC[C@@H](O)c1cccc(OCC2CCCCC2)c1,['Retinoid isomerohydrolase']
CHEMBL255066,CCOC(=O)COc1ccc2c(C)c(CCN(CC)CC)c(=O)oc2c1Cl,[]
CHEMBL278398,CN1CCC2=C(C1)C(c1ccccc1)c1ccccc12,[]
CHEMBL3137333,CNCC(=O)OCc1cccnc1N(C)C(=O)OC(C)[n+]1cnn(C[C@](O)(c2cc(F)ccc2F)[C@@H](C)c2nc(-c3ccc(C#N)cc3)cs2)c1.O=S(=O)([O-])O,[]
CHEMBL3358920,O=C(O)C[C@H]1CCc2c1[nH]c1ccc(OCc3ccc(C4CCCC4)c(C(F)(F)F)c3)cc21,['Sphingosine 1-phosphate receptor Edg-1']
CHEMBL367149,CC/C=C\C/C=C\C/C=C\C/C=C\C/C=C\C/C=C\CCC(=O)O,['Phomopsis obscurans']
CHEMBL384200,CCCCCCCCCCCCCCCCCCCCCCCCCC(=O)N[C@@H](CO[C@H]1O[C@H](CO)[C@H](O)[C@H](O)[C@H]1O)[C@H](O)[C@H](O)CCCCCCCCCCCCCC,[]
CHEMBL3989695,CNC(=O)c1cnn(-c2nc(N)c3ncn([C@@H]4O[C@H](CO)[C@@H](O)[C@H]4O)c3n2)c1.O,['Adenosine A1 receptor']
CHEMBL424133,Cc1ccc(Cn2nc(CCCc3ccc(OC(C)(C)C(=O)O)cc3)nc2O)cc1,"['Peroxisome proliferator-activated receptor gamma', 'Peroxisome proliferator-activated receptor alpha']"
CHEMBL4297526,COC(=O)CC[C@@H]1N=C(c2ccccn2)c2cc(Br)ccc2-n2c(C)cnc21,[]
CHEMBL46423,CC(C)c1cccc(C(C)C)c1NC(=O)NCC1(c2ccc(N(C)C)cc2)CCCC1,['Acyl-CoA:cholesterol acyltransferase']
CHEMBL4650278,CCN(C(=O)c1cc(F)ccc1Oc1cncnc1N1CC2(CCN(C[C@H]3CC[C@H](NS(=O)(=O)CC)CC3)CC2)C1)C(C)C.CCN(C(=O)c1cc(F)ccc1Oc1cncnc1N1CC2(CCN(C[C@H]3CC[C@H](NS(=O)(=O)CC)CC3)CC2)C1)C(C)C.O=C(O)/C=C/C(=O)O.O=C(O)/C=C/C(=O)O.O=C(O)/C=C/C(=O)O,[]
CHEMBL481958,CC(=O)[C@]1(N)Cc2c(O)c3c(c(O)c2[C@@H](O[C@H]2C[C@H](O)[C@H](O)CO2)C1)C(=O)c1ccccc1C3=O.Cl,[]
CHEMBL494480,CCN(CC)C(=O)c1ccc(C2=CC3(CCNCC3)Oc3cccc(O)c32)cc1,['Delta opioid receptor']
CHEMBL520642,Nc1nc(/C(=N/O)C(=O)N[C@@H]2C(=O)N3C(C(=O)O)=C(/C=C4\CCN([C@@H]5CCNC5)C4=O)CS[C@H]23)ns1,[]
CHEMBL70663,Cc1cc(C)c(Nc2ccnc(Nc3ccc(C#N)cc3)n2)c(C)c1,['Human immunodeficiency virus 1']
CHEMBL74415,CCCCCc1cc(O)c2c(c1)OC(C)(C)c1ccc(C)cc1-2,"['Cannabinoid CB2 receptor', 'Cannabinoid CB1 receptor', 'Cannabinoid CB2 receptor', 'Transient receptor potential cation channel subfamily V member 2', 'Transient receptor potential cation channel subfamily V member 2']"
CHEMBL1200659,CCOC(=O)[C@H](CCc1ccccc1)N[C@@H](C)C(=O)N1CCC[C@H]1C(=O)O.O=C(O)/C=C\C(=O)O,[]
CHEMBL1200736,O=C([O-])[O-].[Mg+2],['Lymphoblastoid cells']
CHEMBL1200796,O.O=P1(N(CCCl)CCCl)NCCCO1,[]
CHEMBL1201098,CO[C@@]1(NC(=O)C2SC(=C(C(N)=O)C(=O)[O-])S2)C(=O)N2C(C(=O)[O-])=C(CSc3nnnn3C)CS[C@@H]21.[Na+].[Na+],[]
CHEMBL1201289,CCCCCCCCCCCCCCCC(=O)O[C@@H]1[C@@H](O)[C@@H](O)[C@@H]([C@H](NC(=O)[C@@H]2C[C@@H](CCC)CN2C)[C@H](C)Cl)O[C@@H]1SC,['Streptococcus pneumoniae']
CHEMBL1236936,O=C(O)CCCCN(CCc1ccccc1OCc1ccc(CCc2ccccc2)cc1)Cc1ccc(C(=O)O)cc1,[]
CHEMBL135,C[C@]12CC[C@@H]3c4ccc(O)cc4CC[C@H]3[C@@H]1CC[C@@H]2O,"['Estrogen receptor alpha', 'Estrogen receptor beta', 'Estradiol 17-beta-dehydrogenase 1', 'Steryl-sulfatase', 'Estrogen receptor', 'Estrogen receptor alpha', 'Estrogen receptor beta', 'Sulfotransferase 1A1']"
CHEMBL1420319,CC(C)(C)c1ccc(Oc2ccc(N)cn2)cc1,[]
CHEMBL1439973,CC(C)(O)C(Cl)(Cl)Cl,[]
CHEMBL1441059,CC(C)(C)NCC(O)c1ccc(O)c(CO)c1.CC(C)(C)NCC(O)c1ccc(O)c(CO)c1.O=S(=O)(O)O,['Beta-2 adrenergic receptor']
CHEMBL1496,CC(C)c1nc(N(C)S(C)(=O)=O)nc(-c2ccc(F)cc2)c1/C=C/[C@@H](O)C[C@@H](O)CC(=O)O,"['L6', 'HMG-CoA reductase', 'Hepatocyte', 'HMG-CoA reductase', 'Liver microsomes', 'Solute carrier organic anion transporter family member 2B1']"
CHEMBL1733174,CCOc1cc(N)c(Cl)cc1C(=O)NCC1CN(Cc2ccc(F)cc2)CCO1.O=C(O)CC(O)(CC(=O)O)C(=O)O,[]
CHEMBL1738757,CNC(=O)c1cc(Oc2ccc(NC(=O)Nc3cc(C(C)(C)C)nn3-c3ccc4ncccc4c3)c(F)c2)ccn1,"['MAP kinase p38 alpha', 'MAP kinase p38 gamma', 'Ephrin type-A receptor 8']"
CHEMBL2104445,CCOc1c(N)c2c(c(OCC)c1OCC)C(C1c3c(cc4c(c3OC)OCO4)CCN1C)OC2=O,[]
CHEMBL2104462,COc1ccc2c(=O)c3ccccc3oc2c1CN1CCCCC1,[]
CHEMBL2104970,NC(=O)C1=C(O)C[C@@H]2C[C@@H]3Cc4cccc(O)c4C(=O)C3=C(O)[C@]2(O)C1=O,[]
CHEMBL2105359,C=C1C[C@H]2[C@@H]3CCC4=CC(=O)C=C[C@]4(C)[C@H]3[C@@H](O)C[C@]2(C)[C@@]1(O)C(=O)CO,[]
CHEMBL2105736,CC[C@H](C)[C@@H]1C(=O)N[C@H](C2Cc3ccccc3C2)C(=O)N1[C@@H](C(=O)N1CCOCC1)c1ccc(C)nc1C.O=S(=O)(O)c1ccccc1,['Oxytocin receptor']
CHEMBL2181776,Cn1c(-c2ccccn2)c(C2CCCC2)c2ccc(C(=O)NC3(C(=O)Nc4ccc(/C=C/C(=O)O)cc4)CCC3)cc21,['Hepatitis C virus']
CHEMBL267648,CCn1cc(C(=O)O)c(=O)c2cc(F)c(N3CCN(C)CC3)cc21,['Mycobacterium smegmatis']
CHEMBL267894,CCC1(CCC(C)C)C(=O)NC(=O)NC1=O,[]
CHEMBL285674,Clc1ccc2c(c1)C(c1ccccc1)=NCc1nncn1-2,[]
CHEMBL3039529,C#Cc1cnc2nc(O)n(C(CC)CC)c2n1,[]
CHEMBL3039531,Cc1c(F)cccc1NC(=O)Nc1ccc(Cl)c(S(=O)(=O)[C@H]2CCCNC2)c1O,['Interleukin-8 receptor B']
CHEMBL3249110,COc1cccc2c1C(=O)c1c(O)c3c(c(O)c1C2=O)C[C@@](O)(CCO)C[C@@H]3O[C@H]1C[C@H](N)[C@H](O)[C@H](C)O1,"['MAXF401 cell line', 'Shiga toxin 1 variant A subunit']"
CHEMBL3301593,Nc1ccc(C#Cc2cnn3c(C(F)(F)F)cc(-c4ccc(C(F)(F)F)cc4)nc23)cn1,[]
CHEMBL3545076,Cn1cc(-c2ccc(F)c(C(F)(F)F)c2)nc1C1CCN(c2ncnc3[nH]ncc23)CC1,"['Serine/threonine-protein kinase AKT', 'Ribosomal protein S6 kinase']"
CHEMBL363295,CC(CC(c1ccccc1)c1ccccc1)NC(C)(C)C,[]
CHEMBL374223,CCCCCCCCCCCC(=O)O[C@H](CCCCCCCCCCC)CC(=O)N[C@H]1[C@H](OC[C@H]2O[C@H](OP(=O)(O)O)[C@H](NC(=O)C[C@H](O)CCCCCCCCCCC)[C@@H](O)[C@@H]2O)O[C@H](CO)[C@@H](OP(=O)(O)O)[C@@H]1O,['P-selectin']
CHEMBL4297498,FC(F)(F)c1cccc(C2=CCN(CCc3ccc4ccncc4c3)CC2)c1,[]
CHEMBL447664,Cc1cc(Cn2nnc3c(-c4ccco4)nc(N)nc32)ccc1N,"['Adenosine A2a receptor', 'Adenosine A1 receptor']"
CHEMBL455917,OC(O)C(Cl)(Cl)Cl,[]
CHEMBL459,C[C@](N)(Cc1ccc(O)c(O)c1)C(=O)O,[]
CHEMBL4594293,CC#CC(=O)N1CCC[C@H]1c1nc(-c2ccc(C(=O)Nc3ccccn3)cc2)c2c(N)nccn12.O=C(O)/C=C\C(=O)O,['Tyrosine-protein kinase BTK']
CHEMBL4594417,CC1(C)C(=O)N(c2ccc(C#N)c(C(F)(F)F)c2F)C(=S)N1c1ccc(CCCc2ncco2)nc1,"['Androgen Receptor', 'LNCaP']"
CHEMBL470888,COc1nc(N)c2ncn([C@@H]3O[C@H](CO)[C@@H](O)[C@H]3O)c2n1,[]
CHEMBL4802130,CC(C)NC(=O)COc1cccc(-c2nc(Nc3ccc4[nH]ncc4c3)c3ccccc3n2)c1.CS(=O)(=O)O,[]
CHEMBL522987,Cc1cc(F)ccc1[C@H]1CNCCN1C(=O)N(C)[C@H](C)c1cc(C(F)(F)F)cc(C(F)(F)F)c1,['Neurokinin 1 receptor']
CHEMBL5314406,COc1ccc(C)cc1NC(=O)Nc1nc2ccc(Nc3ncnc4cc(OCCCN5CCN(C)CC5)c(OC)cc34)cc2s1,[]
CHEMBL5314413,COc1cc2ncc3c(c2cc1-c1cn(C)nc1C)n(-c1c(F)cncc1OC)c(=O)n3C,['DNA-dependent protein kinase']
CHEMBL5314494,CC(C)c1ccc(N(C)c2ccc3c(c2)OCC[C@H]3CNc2cnccc2C(=O)O)cc1,[]
CHEMBL596,CCC(=O)N(c1ccccc1)C1CCN(CCc2ccccc2)CC1,[]
CHEMBL9,CCn1cc(C(=O)O)c(=O)c2cc(F)c(N3CCNCC3)cc21,"['Mycobacterium smegmatis', 'Topoisomerase IV subunit A', 'Mycobacterium intracellulare']"
CHEMBL107430,CC1(C)CCC(C)(C)c2c1cc(C(=O)Nc1cc(F)c(C(=O)O)c(F)c1)c(O)c2Cl,[]
CHEMBL1148,Cc1cccc(Nc2ccncc2S(=O)(=O)NC(=O)NC(C)C)c1,[]
CHEMBL1163,COC(=O)N[C@H](C(=O)N[C@@H](Cc1ccccc1)[C@@H](O)CN(Cc1ccc(-c2ccccn2)cc1)NC(=O)[C@@H](NC(=O)OC)C(C)(C)C)C(C)(C)C,"['Human immunodeficiency virus 1', 'Human immunodeficiency virus type 1 protease']"
CHEMBL1201082,CNCCC(Oc1ccc(C(F)(F)F)cc1)c1ccccc1.Cl,['Serotonin transporter']
CHEMBL1232510,CC[C@H]1OC(=O)[C@@](C)(F)C(=O)[C@H](C)[C@@H](O[C@@H]2O[C@H](C)C[C@H](N(C)C)[C@H]2O)[C@](C)(OC)C[C@@H](C)C(=O)[C@H](C)[C@H]2N(CCCCn3cc(-c4cccc(N)c4)nn3)C(=O)O[C@]12C,[]
CHEMBL1233598,N=C1N[C@H]2[C@H](CS[C@H]2CCCCC(=O)O)N1,[]
CHEMBL1332546,CCC(C(=O)OCCOCCN(CC)CC)c1ccccc1,[]
CHEMBL1337,O=C1CCCC(=O)C1C(=O)c1ccc(C(F)(F)F)cc1[N+](=O)[O-],"['4-hydroxyphenylpyruvate dioxygenase', '4-hydroxyphenylpyruvate dioxygenase', '4-hydroxyphenylpyruvate dioxygenase']"
CHEMBL1380,Nc1nc(NC2CC2)c2ncn([C@H]3C=C[C@@H](CO)C3)c2n1,['Murine cytomegalovirus']
CHEMBL1417019,Cl.Cl.O=C1c2c(O)ccc(O)c2C(=O)c2c(NCCNCCO)ccc(NCCNCCO)c21,"['HCT-116', 'HT-29', 'K562', 'CCRF-CEM', 'NCI-H460', 'MOLT-4', 'SR', 'SW-620', 'NCI-H522', 'COLO 205', 'OVCAR-3', 'U-251', 'LOX IMVI', 'ACHN', 'UACC-62', 'SK-MEL-5', 'KM12', 'NCI-H23', '786-0', 'IGROV-1', 'SF-268', 'CAKI-1', 'OVCAR-8', 'SF-539', 'RXF 393', 'UO-31', 'HOP-62', 'SF-295', 'Malme-3M', 'UACC-257', 'DLD-1', 'M19-MEL', 'Glutathione-S-transferase']"
CHEMBL1596,CC1(C)S[C@@H]2[C@H](NC(=O)C(C(=O)Oc3ccc4c(c3)CCC4)c3ccccc3)C(=O)N2[C@H]1C(=O)O,[]
CHEMBL1654,O=P([O-])(O)C(O)(Cc1cccnc1)P(=O)(O)O.[Na+],"['Farnesyl pyrophosphate synthase', 'Geranyltranstransferase']"
CHEMBL1671,CC(C)NCC(O)COc1cccc2ccccc12.Cl,[]
CHEMBL1672973,Cc1cc(-c2ccccc2[C@@H](C)OC[C@H](O)CNC(C)(C)Cc2ccc(Cl)c(F)c2)ccc1C(=O)O,['Calcium sensing receptor']
CHEMBL1708,Cl.Fc1ccc([C@@H]2CCNC[C@H]2COc2ccc3c(c2)OCO3)cc1,[]
CHEMBL1788386,CC(C)=CC1C(C(=O)OCN2C(=O)C3=C(CCCC3)C2=O)C1(C)C,[]
CHEMBL21,Nc1ccc(S(N)(=O)=O)cc1,"['Carbonic anhydrase II', 'Carbonic anhydrase I', 'Carbonic anhydrase 15', 'Carbonic anhydrase 2', 'Astrosclerin-3', 'Alpha carbonic anhydrase', 'Carbonic anhydrase, alpha family', 'Carbonate dehydratase', 'Carbonic anhydrase', 'Delta carbonic anhydrase', 'AGAP002992-PA', 'Carbonic anhydrase']"
CHEMBL2103739,CCOCCn1c(N2CCCN(C)CC2)nc2ccccc21.O=C(O)/C=C/C(=O)O.O=C(O)/C=C/C(=O)O,[]
CHEMBL2105002,CC(CC(C#N)(c1ccccc1)C(C)C)N(C)C,[]
CHEMBL2106261,CCOC(=O)C(c1c(O)c2ccccc2oc1=O)c1c(O)c2ccccc2oc1=O,[]
CHEMBL2106997,CCC(c1ccccc1)c1noc(CCN(CC)CC)n1,[]
CHEMBL310555,Oc1cccc2cccnc12,"['CCRF-CEM', 'MOLT-4', 'SW-620', 'NCI-H522', 'OVCAR-3', 'LOX IMVI', 'ACHN', '786-0', 'IGROV-1', 'M14', 'CAKI-1', 'OVCAR-8', 'RXF 393', 'UO-31', 'Malme-3M', 'Streptococcus mutans']"
CHEMBL315838,COc1ccc(C(=O)Nc2ccccc2CCC2CCCCN2C)cc1,[]
CHEMBL3426621,C[C@H]1CNCCCN1S(=O)(=O)c1cccc2cncc(F)c12,['Rho-associated protein kinase 2']
CHEMBL3545351,Nc1cc(Cl)ccc1C(=O)CC(N)C(=O)O,[]
CHEMBL366460,O=c1c(-c2ccccc2)coc2ccccc12,[]
CHEMBL3707313,CC(C)(C)c1cc(-c2cc(-c3ccc(C(=O)O)cc3)ccc2OCCO)ccc1N1CCCC1,['Retinoic acid receptor gamma']
CHEMBL402001,O=P(O)(O)OC[C@H]1O[C@H](O)[C@@H](O)[C@@H](O)[C@@H]1O,"['6-phosphogluconate dehydrogenase', '6-phosphogluconate dehydrogenase, decarboxylating, putative']"
CHEMBL404520,CN(C)[C@@H]1C(O)=C(C(N)=O)C(=O)[C@@]2(O)C(O)=C3C(=O)c4c(O)ccc(Cl)c4[C@@](C)(O)[C@H]3C[C@@H]12,"['Mycobacterium smegmatis', 'Multidrug translocase mdfA']"
CHEMBL4097139,CC(C)Cc1ccc(-c2nc(-c3ccc(CN4CC(C(=O)O)C4)c(F)c3)no2)cc1,"['Sphingosine 1-phosphate receptor Edg-1', 'Sphingosine 1-phosphate receptor Edg-3', 'Sphingosine 1-phosphate receptor Edg-6']"
CHEMBL4297336,C[11C](=O)O,['Olfactory receptor 51E2']
CHEMBL4297369,CC(=O)Nc1ccc(C(=O)NC(C)(C)C)cc1,[]
CHEMBL4297540,N#CCCCSC(=N)N,"['Nitric-oxide synthase, brain', 'Aldehyde dehydrogenase 1A1']"
CHEMBL4297595,N#CCCNc1nonc1-c1nc2ccccc2n1CC(=O)c1ccc(NC(=O)[C@@H](N)CCCCN)cc1,[]
CHEMBL4297606,COc1ccc(-c2cc(=O)c3c(OC)cc(OCC(=O)O)cc3o2)cc1OC,[]
CHEMBL4594267,COc1cccc2c1CCOC2C1=NCCN1,"['Adrenergic receptor alpha-2', 'Alpha-2c adrenergic receptor', 'Nischarin']"
CHEMBL4761468,C=CC(=O)Nc1cc(Nc2nccc(-c3cn(C4CC4)c4ccccc34)n2)c(OC)cc1N(C)CCN(C)C,"['Epidermal growth factor receptor erbB1', 'NCI-H1975', 'NCI-H292']"
CHEMBL5095260,C[C@@H]1COCCN1c1cc([C@]2(O)C[C@H]3CC[C@@H](C2)O3)c2cnn(-c3cc[nH]n3)c2n1,[]
CHEMBL5095412,CN1CC[C@]2(C)c3cc(OC(=O)Nc4ccccc4)ccc3N(C)[C@H]12.O=C(O)C(O)C(O)C(=O)O,[]
CHEMBL552212,CCC[C@H](Nc1nc(-c2ccc(NC(=O)NCC)c(OC)c2)ncc1C)c1cccnc1,[]
CHEMBL65375,Cl.N=C1CCCN1Cc1[nH]c(=O)[nH]c(=O)c1Cl,"['Thymidine phosphorylase', 'Thymidine phosphorylase']"
CHEMBL675,NCCCC(O)(P(=O)([O-])O)P(=O)(O)O.[Na+],[]
CHEMBL696,CCC1(C)CC(=O)NC1=O,[]
CHEMBL754,O=C([O-])P(=O)([O-])[O-].[Na+].[Na+].[Na+],[]
CHEMBL91,Clc1ccc(COC(Cn2ccnc2)c2ccc(Cl)cc2Cl)c(Cl)c1,"['Trypanosoma cruzi', 'Indoleamine 2,3-dioxygenase', 'Arachidonate 15-lipoxygenase, type II', 'Bile salt export pump', 'Cytochrome P450 19A1', '7-alpha-hydroxycholest-4-en-3-one 12-alpha-hydroxylase', 'Indoleamine 2,3-dioxygenase 2', 'Naegleria gruberi', 'Progesterone receptor', 'Cytochrome P450 51', 'Aspergillus fumigatus', 'Tryptophan 2,3-dioxygenase', 'Alternaria solani', 'Issatchenkia orientalis', 'Lanosterol 14-alpha demethylase', 'Eukaryotic peptide chain release factor GTP-binding subunit', 'Trichophyton longifusum', 'Cytochrome P450 121']"
CHEMBL107874,CCCCCCCCCCCCC(=O)O,"['Serum albumin', 'Crithidia fasciculata', 'Phomopsis obscurans', 'Peptidyl-glycine alpha-amidating monooxygenase', 'Solute carrier family 22 member 20', 'Cellular retinoic acid-binding protein II']"
CHEMBL1096146,CCC/N=C1\S/C(=C\c2ccc(OC[C@H](O)CO)c(Cl)c2)C(=O)N1c1ccccc1C,['Sphingosine 1-phosphate receptor Edg-1']
CHEMBL1096643,CCN(CC)CCC1(c2ccccc2)CCC(=O)NC1=O,[]
CHEMBL1097999,CCNc1cc(O)c2c(c1)/C=C/C[C@H](O)[C@H](O)C(=O)/C=C\[C@@H](C)[C@H](C)OC2=O,[]
CHEMBL1200539,O=C([O-])[O-].[Ca+2],['Lymphoblastoid cells']
CHEMBL1378024,CCCc1cc(C(N)=S)ccn1,[]
CHEMBL1650559,CN[C@@H]1[C@@H](O)[C@@H](O[C@@H]2[C@@H](O)[C@H](O[C@H]3OC(CNCCO)=CC[C@H]3N)[C@@H](N)C[C@H]2NC(=O)[C@@H](O)CCN)OC[C@]1(C)O,"['Ribosomal RNA A-site', 'Ribosome', 'Human immunodeficiency virus type 1 REV']"
CHEMBL1672,COCC1=C(C(=O)O)N2C(=O)[C@@H](NC(=O)/C(=N\OC)c3csc(N)n3)[C@H]2SC1,"['Solute carrier family 22 member 6', 'Solute carrier family 22 member 8']"
CHEMBL19019,O=C1CC[C@@]2(O)[C@H]3Cc4ccc(O)c5c4[C@@]2(CCN3CC2CC2)[C@H]1O5,"['Delta opioid receptor', 'Opioid receptors; mu & kappa']"
CHEMBL1914489,CC(=O)Nc1cccc2c1c(Sc1ccc(Cl)cc1)c(C)n2CC(=O)O,['G protein-coupled receptor 44']
CHEMBL19490,Cc1cc(CC(=O)O)n(C)c1C(=O)c1ccc(Cl)cc1,['G protein-coupled receptor 44']
CHEMBL2104910,CC(C)=CC(=O)NS(=O)(=O)c1ccc(N)cc1,[]
CHEMBL2105965,CC1=C(c2ccc(O)cc2)[C@H](c2ccc(OCCN3CCCCC3)cc2)Oc2cc(O)ccc21.Cl,"['Estrogen receptor alpha', 'Estrogen receptor beta']"
CHEMBL2106439,CCCCCCCCCCCCCCCC(=O)OCCC1CCN(CCCN2c3ccccc3Sc3ccc(S(=O)(=O)N(C)C)cc32)CC1,[]
CHEMBL24991,C[S+](CCC(N)C(=O)[O-])C[C@H]1O[C@@H](n2cnc3c(N)ncnc32)[C@H](O)[C@@H]1O,"['Protein-arginine N-methyltransferase 1', 'Cowpox virus', 'Methionyl-tRNA synthetase', 'Met repressor', 'tRNA (cytosine(38)-C(5))-methyltransferase']"
CHEMBL312443,Oc1noc2c1CCNC2,['GABA receptor alpha-6 subunit']
CHEMBL3301612,COC(=O)N[C@@H](C)CNc1nccc(-c2cn(C(C)C)nc2-c2cc(Cl)cc(NS(C)(=O)=O)c2F)n1,['Serine/threonine-protein kinase B-raf']
CHEMBL3545333,CN1C(=O)C(F)=C[C@]2(C)C3CC[C@@]4(C)C(CC[C@@H]4C(=O)NCc4nc5ncccc5[nH]4)C3CCC12,[]
CHEMBL4078588,Cc1ccc(Cc2cc3c(=O)n([C@H]4CCCC[C@@H]4O)cnc3c3ccccc23)cn1,[]
CHEMBL4297435,COC(=O)c1nc(C(F)(F)F)n2c1CN(C(=O)C[C@H](N)Cc1cc(F)c(F)cc1F)CC2,['Dipeptidyl peptidase IV']
CHEMBL4297523,COc1ccc2[nH]cc(CCNC(=O)c3cc(=O)cco3)c2c1,[]
CHEMBL4297655,CCCCCCCC/C=C\CCCCCCCCCCCC(=O)OCC(COC(=O)CCCCCCCCCCC/C=C\CCCCCCCC)OC(=O)CCCCCCCCCCC/C=C\CCCCCCCC,[]
CHEMBL4802158,C[C@H](CCCC(C)(C)O)[C@H]1CC[C@H]2[C@@H]3CC=C4C[C@@H](OS(=O)(=O)O)CC[C@]4(C)[C@H]3CC[C@]12C,[]
CHEMBL5314598,CCN(CC)CCOC(=O)C(C)c1ccc(CC(C)C)cc1,[]
CHEMBL59356,C[C@H](C#Cc1ccc(Cc2ccc(F)cc2)s1)N(O)C(N)=O,['Arachidonate 5-lipoxygenase']
CHEMBL701,NCC(CC(=O)O)c1ccc(Cl)cc1,[]
CHEMBL104943,NCCO,"['Regulator of G-protein signaling 4', 'GABA-B receptor', 'Ornithine decarboxylase', 'GABA receptor gamma-1 subunit', 'Gamma-amino-N-butyrate transaminase']"
CHEMBL1091644,C[C@]1(O)C[C@@H](c2nc(-c3ccc4ccc(-c5ccccc5)nc4c3)c3c(N)nccn32)C1,['Tyrosine kinase non-receptor protein 2']
CHEMBL1192517,CNCCCCOc1ccccc1Cc1ccccc1,[]
CHEMBL1200522,COc1ccc(C(=O)CC(=O)c2ccc(C(C)(C)C)cc2)cc1,[]
CHEMBL1200649,CC[C@H]1NC(=O)[C@@H](NC(=O)c2ncccc2O)[C@@H](C)OC(=O)[C@H](c2ccccc2)NC(=O)[C@@H]2CC(=O)[C@H](CS[C@@H]3CN4CCC3CC4)CN2C(=O)[C@H](Cc2ccc(N(C)C)cc2)N(C)C(=O)[C@@H]2CCCN2C1=O,[]
CHEMBL1200798,Cl.O=c1n(CCCN2CCN(c3cccc(Cl)c3)CC2)nc2ccccn12,['Serotonin 1a (5-HT1a) receptor']
CHEMBL1207607,O=S(=O)(O)c1ccc(-c2c3nc(c(-c4ccc(S(=O)(=O)O)cc4)c4ccc([nH]4)c(-c4ccc(S(=O)(=O)O)cc4)c4ccc([nH]4)c(-c4ccc(S(=O)(=O)O)cc4)c4nc2C=C4)C=C3)cc1,['Colon 26']
CHEMBL127,C[C@@H](O)[C@H]1C(=O)N2C(C(=O)O)=C(S[C@@H]3CN[C@H](C(=O)N(C)C)C3)[C@H](C)[C@H]12,[]
CHEMBL1443,CCOc1ccc2ccccc2c1C(=O)N[C@@H]1C(=O)N2[C@@H]1SC(C)(C)[C@@H]2C(=O)O,[]
CHEMBL1487,CC(C)c1c(C(=O)Nc2ccccc2)c(-c2ccccc2)c(-c2ccc(F)cc2)n1CC[C@@H](O)C[C@@H](O)CC(=O)O,"['L6', 'HMG-CoA reductase', 'Hepatocyte', 'HMG-CoA reductase', 'Liver microsomes']"
CHEMBL1651534,O=C(Nc1cccnn1)N1CCC(=Cc2cccc(Oc3ccc(C(F)(F)F)cn3)c2)CC1,"['Anandamide amidohydrolase', 'Anandamide amidohydrolase']"
CHEMBL1697775,OCCSCCCCCCCCCCSCCO,['Crithidia fasciculata']
CHEMBL1738699,Cc1cc(C(N)=O)ccc1-n1c(CCC(=O)O)ccc1-c1ccc(-n2ccnc2)cc1,[]
CHEMBL1922094,Cc1c(CN2CCN(C(=O)[C@H](C)O)CC2)sc2c(N3CCOCC3)nc(-c3cnc(N)nc3)nc12,"['PI3-kinase p110-alpha subunit', 'Serine/threonine-protein kinase mTOR', 'PI3-kinase p110-delta subunit', 'PI3-kinase p110-gamma subunit', 'PI3-kinase p110-beta subunit', 'Serine/threonine-protein kinase mTOR']"
CHEMBL2010872,CC(C)Cn1c2ccc(Nc3ncccn3)cc2c2c3c(c4c(c21)CCc1nn(C)cc1-4)C(=O)NC3,"['Vascular endothelial growth factor receptor 2', 'Tyrosine-protein kinase TIE-2']"
CHEMBL2103839,CO[C@H]1C[C@@H]2CC[C@@H](C)[C@@](O)(O2)C(=O)C(=O)N2CCCC[C@H]2C(=O)O[C@H]([C@H](C)C[C@@H]2CC[C@@H](OP(C)(C)=O)[C@H](OC)C2)CC(=O)[C@H](C)/C=C(\C)[C@@H](O)[C@@H](OC)C(=O)[C@H](C)C[C@H](C)/C=C/C=C/C=C/1C,"['NCI-H596', 'NCI-H1838']"
CHEMBL2111051,C#CCO[C@H]1CN2CCC1CC2,"['Muscarinic acetylcholine receptor', 'Muscarinic receptor M1 and M2']"
CHEMBL254316,Cc1nnc(C(=O)NC(C)(C)c2nc(C(=O)NCc3ccc(F)cc3)c(O)c(=O)n2C)o1,['Human immunodeficiency virus type 1 integrase']
CHEMBL257662,COc1cc2c(c(OC)c1OC)-c1ccc(OP(=O)(O)O)cc1[C@@H](NC(C)=O)CC2,['COLO357']
CHEMBL273348,NC1CCN(c2nc3c(cc2F)c(=O)c(C(=O)O)cn3-c2ccc(F)cc2F)C1,[]
CHEMBL282686,CCO[C@@H](Cc1ccc(OCCc2ccc(OS(C)(=O)=O)cc2)cc1)C(=O)O,"['Peroxisome proliferator-activated receptor gamma', 'Peroxisome proliferator-activated receptor alpha']"
CHEMBL296306,OC[C@H]1O[C@@H](O[C@@H]2[C@@H](CO)O[C@](O)(CO)[C@H]2O)[C@H](O)[C@@H](O)[C@H]1O,[]
CHEMBL357995,Cc1cc2c(OCC(CNC(C)(C)C)OC(=O)c3ccccc3)cccc2[nH]1,[]
CHEMBL361497,C[C@H]1[C@H](OC(=O)CCC(=O)O)O[C@@H]2O[C@@]3(C)CC[C@H]4[C@H](C)CC[C@@H]1[C@@]24OO3,"['TRAMP-C2H', 'C2D cell line', 'C2G cell line']"
CHEMBL3753858,c1cc(-c2nc3cc(-c4ccc5[nH]c(-c6ccncc6)nc5c4)ccc3[nH]2)ccn1,['RPMI 8402']
CHEMBL397647,C[N+](C)(Cc1ccc(NC(=O)c2ccc(Cl)c(Cl)c2)cc1)C1CCOCC1,['C-C chemokine receptor type 2']
CHEMBL3989866,O=C(NCc1c(F)cc(F)cc1F)c1cn2c(c(O)c1=O)C(=O)N1[C@H]3CC[C@H](C3)O[C@@H]1C2,[]
CHEMBL4105630,C[C@@]1(O)CC[C@H]2[C@H](CC[C@@H]3[C@@H]2CC[C@]2(C)[C@@H](C(=O)Cn4cc(C#N)cn4)CC[C@@H]32)C1,"['GABA-A receptor; anion channel', 'GABA-A receptor; agonist GABA site', 'Gamma-aminobutyric acid receptor subunit alpha-4/beta3/delta']"
CHEMBL431701,COc1cc([C@H]2Oc3cc([C@H]4Oc5cc(O)cc(O)c5C(=O)[C@@H]4O)ccc3O[C@@H]2CO)ccc1O,[]
CHEMBL435298,C[C@H](C(=O)O)c1ccc(-c2ccccc2)c(F)c1,"['Cyclooxygenase-2', 'Cyclooxygenase-1', 'Cyclooxygenase-1', 'N2a']"
CHEMBL4594396,Nc1ncnc2c1nc(Cl)n2[C@@H]1O[C@H](CO)[C@@H](O)[C@H]1O,[]
CHEMBL4650330,Cc1ccn(-c2nc(NC3CCC(F)(F)CC3)cc(N3CCOCC3)n2)n1,[]
CHEMBL4802143,CC(O)(P(=O)(O)O)P(=O)(O)OP(=O)(O)OC[C@H]1O[C@@H](n2ccc(N)nc2=O)[C@@H](O)[C@@H]1O,[]
CHEMBL528,CO/N=C(\C(=O)N[C@@H]1C(=O)N2C(C(=O)O)=CCS[C@H]12)c1csc(N)n1,"['Solute carrier family 22 member 6', 'Solute carrier family 22 member 8', 'Solute carrier family 22 member 11', 'PER-2 beta-lactamase']"
CHEMBL5314408,CC(=O)N1CCN(CCOc2cc(OC(C)C)c3c(Nc4c(Cl)cnc5c4OCO5)ncnc3c2)CC1,['Vascular endothelial growth factor receptor 2']
CHEMBL810,Cn1nnc2c(C(N)=O)ncn2c1=O,['GM892A cell line']
CHEMBL861,CCC1(c2ccccc2)NC(=O)N(C)C1=O,[]
CHEMBL1083659,Cc1ccc(-n2nccn2)c(C(=O)N2CCN(c3nc4cc(Cl)ccc4o3)CC[C@H]2C)c1,"['Orexin receptor 2', 'Orexin receptor 1']"
CHEMBL1201231,C[C@]12C=CC(=O)C=C1CC[C@@H]1[C@@H]2[C@@H](O)C[C@@]2(C)[C@H]1CC[C@]2(O)C(=O)COP(=O)(O)O,['Solute carrier organic anion transporter family member 1A2']
CHEMBL1201747,CN1CCC(=C2c3ccccc3CCn3c(C=O)cnc32)CC1,[]
CHEMBL1218,CCC(=O)NCC[C@@H]1CCc2ccc3c(c21)CCO3,"['Melatonin receptor 1A', 'Melatonin receptor 1B', 'Melatonin receptor']"
CHEMBL1452696,CC(C)=CCC1C(=O)N(c2ccccc2)N(c2ccccc2)C1=O,[]
CHEMBL1614725,CC(C)(O)CC(=O)NCCn1ccc2ncnc(Nc3ccc(Oc4cccc(C(F)(F)F)c4)c(Cl)c3)c21,"['Receptor protein-tyrosine kinase erbB-2', 'AU565']"
CHEMBL1754,CCN1CC(CCN2CCOCC2)C(c2ccccc2)(c2ccccc2)C1=O,[]
CHEMBL17879,CCCCC1(CCCC)CS(=O)(=O)c2ccc(N(C)C)cc2[C@@H](c2ccc(OCc3ccc(C[N+]45CCN(CC4)CC5)cc3)cc2)[C@H]1O.[Cl-],['Ileal bile acid transporter']
CHEMBL2105750,C=C[C@@H]1C[C@]1(NC(=O)[C@@H]1C[C@@H](Oc2cc(-c3ccccc3)nc3cc(OC)ccc23)CN1C(=O)[C@@H](CC(=O)N1CCCCC1)C(C)(C)C)C(=O)NS(=O)(=O)C1CC1,"['Unchecked', 'Hepatitis C virus']"
CHEMBL2107455,CS(=O)(=O)Nc1cc2occ(NC=O)c(=O)c2cc1Oc1ccccc1,[]
CHEMBL2387144,COc1cccc(/C=N/N(C(=O)C(F)(F)F)c2ccc(C)cc2C)c1,[]
CHEMBL272621,C[C@H](CCC(=O)O)[C@H]1CC[C@H]2[C@@H]3C[C@H](O)[C@@H]4C[C@H](O)CC[C@]4(C)[C@H]3CC[C@]12C,"['G-protein coupled bile acid receptor 1', 'Multidrug resistance-associated protein 4']"
CHEMBL3545313,CC(C)(CCCCCC(O)CCCCCC(C)(C)C(=O)O)C(=O)O,[]
CHEMBL3647420,CCOc1cc2ncc(C#N)c(Nc3ccc(OCc4ccccn4)c(Cl)c3)c2cc1NC(=O)/C=C/[C@H]1CCCN1C,"['Epidermal growth factor receptor erbB1', 'Receptor protein-tyrosine kinase erbB-2', 'A-431', 'SK-BR-3', 'COLO-678', 'ES-2', 'NUGC-4']"
CHEMBL3681419,Cc1onc(-c2ccc(F)cc2)c1COc1ccc(C(=O)N2CCS(=O)(=O)CC2)cn1,['GABA receptor alpha-5 subunit']
CHEMBL374975,CC(=O)O[C@H]1C[C@@]2(C)[C@@H](C[C@@H](O)[C@H]3[C@@]4(C)CC[C@@H](O)[C@@H](C)[C@@H]4CC[C@@]32C)/C1=C(\CCC=C(C)C)C(=O)O,[]
CHEMBL4297215,O=C1c2c(O)c(=O)ccn2N([C@@H]2c3ccccc3SCc3c2ccc(F)c3F)[C@@H]2COCCN12,['Influenza A virus']
CHEMBL437,Nc1ccc(S(=O)(=O)Nc2nccs2)cc1,[]
CHEMBL4594382,O=P(O)(O)O.[2H]C1([2H])C([C@@H](CC#N)n2cc(-c3ncnc4[nH]ccc34)cn2)C([2H])([2H])C([2H])([2H])C1([2H])[2H],[]
CHEMBL4802147,C=C(C[C@H](NC(=O)c1ccc(CCc2ccc3nc(N)nc(N)c3c2)cc1)C(=O)O)C(=O)O,"['CCRF-CEM', 'L1210']"
CHEMBL5314396,CNC1CN(c2cc(N)nc(CC(C)C)n2)C1,['Histamine H4 receptor']
CHEMBL5314518,C=CC(=O)N1CCN(c2c(C#N)c(=O)n(-c3c(C)ccnc3C(C)C)c3nc(-c4c(N)c(F)c(F)c(F)c4F)c(Cl)cc23)CC1,"['GTPase KRas', 'NCI-H358', 'NCI-H1373']"
CHEMBL5314965,C#CC[C@@H](O)/C=C/C=C/C#C[C@@H](O)CCCC(=O)OC(C)C,[]
CHEMBL813,CCCCc1ncc(/C=C(\Cc2cccs2)C(=O)O)n1Cc1ccc(C(=O)O)cc1,['Angiotensin II receptor']
CHEMBL865,Cc1onc(-c2ccccc2)c1-c1ccc(S(N)(=O)=O)cc1,['Cyclooxygenase-2']
CHEMBL904,COC(=O)[C@H](c1ccccc1)[C@H]1CCCCN1.Cl,['Dopamine transporter']
CHEMBL90593,C[C@]12CC[C@H](O)CC1=CC[C@@H]1[C@@H]2CC[C@]2(C)C(=O)CC[C@@H]12,"['Testis-specific androgen-binding protein', 'Corticosteroid binding globulin']"
CHEMBL1091250,O=C1/C(=C2\Nc3ccc(S(=O)(=O)O)cc3C2=O)Nc2ccc(S(=O)(=O)O)cc21,[]
CHEMBL1097279,CSCCNc1nc(SCCC(F)(F)F)nc2c1ncn2[C@@H]1O[C@H](COP(=O)([O-])OP(=O)([O-])C(Cl)(Cl)P(=O)([O-])[O-])[C@@H](O)[C@H]1O.[Na+].[Na+].[Na+].[Na+],[]
CHEMBL1200338,CC(N/C(=N\C#N)Nc1ccncc1)C(C)(C)C.O,['Canis familiaris']
CHEMBL1200981,COc1cccc2c1C(=O)c1c(O)c3c(c(O)c1C2=O)C[C@@](O)(C(=O)CO)C[C@@H]3O[C@H]1C[C@H](N)[C@@H](O)[C@H](C)O1.Cl,"['14-3-3 protein gamma', 'RXF 944', 'MAXF401 cell line', 'Lung LXF 629L tumor cell line', 'WI-38 VA13', 'MCF10', 'WALKER', 'Shiga toxin 1 variant A subunit']"
CHEMBL1201346,O=C(O)CCNC(=O)c1ccc(/N=N/c2ccc(O)c(C(=O)O)c2)cc1,"['NAD-dependent protein deacylase sirtuin-5, mitochondrial']"
CHEMBL13,COCCc1ccc(OCC(O)CNC(C)C)cc1,[]
CHEMBL142464,CCNCCCNC/C=C\CNCCCNCC,[]
CHEMBL1611,O=C1N=C([O-])NC1(c1ccccc1)c1ccccc1.[Na+],[]
CHEMBL1644695,[I-].[Na+],[]
CHEMBL1655,CN(C)CCOc1ccc(/C(=C(/CCCl)c2ccccc2)c2ccccc2)cc1,['Estrogen-related receptor gamma']
CHEMBL206031,Cc1nc(COc2ccc(C[C@H](NC(=O)O[C@H]3CO[C@H]4OCC[C@H]43)[C@H](O)CN(CC(C)C)S(=O)(=O)c3ccc4c(c3)OCO4)cc2)cs1,[]
CHEMBL2107384,COC[C@@H](c1ccc(C(F)(F)F)cc1)N1CCN(C2(C)CCN(C(=O)c3c(C)ncnc3C)CC2)C[C@@H]1C.O=C(O)/C=C\C(=O)O,['C-C chemokine receptor type 5']
CHEMBL2110666,N#C[C@@H]1C[C@H](F)CN1C(=O)[C@@H](N)C(c1ccc(F)cc1)c1ccc(F)cc1,"['Dipeptidyl peptidase IV', 'Dipeptidyl peptidase II']"
CHEMBL222287,CC[C@H]1C[C@H]2C[C@H]3c4[nH]c5ccc(OC)cc5c4CCN(C2)[C@@H]13,['Synaptic vesicular amine transporter']
CHEMBL235668,N=C1CCCN1Cc1[nH]c(=O)[nH]c(=O)c1Cl,"['Thymidine phosphorylase', 'Thymidine phosphorylase']"
CHEMBL236345,Cn1cc(NC(=O)c2cc(NC(=O)c3ccc(/C=C/c4cnc5ccccc5c4)cc3)cn2C)cc1C(=O)NCCN1CCOCC1,[]
CHEMBL3545328,O=C(Nc1ccc(-c2ccnc(Nc3ccc(N4CCOCC4)cc3)n2)cc1)C1CCCN1,"['Inhibitor of nuclear factor kappa B kinase beta subunit', 'Inhibitor of NF-kappa-B kinase (IKK)']"
CHEMBL3770459,CN1C(=O)c2c(nn(Cc3ccc(-c4cccc(F)n4)cc3)c2Nc2ccccc2)N2C1=N[C@@H]1CCC[C@@H]12.O=P(O)(O)O,['Phosphodiesterase 4A']
CHEMBL3989406,C[C@H](N[C@@H](CCc1ccccc1)C(=O)O)C(=O)N1CCC[C@H]1C(=O)O.O.O,['Angiotensin-converting enzyme']
CHEMBL3989933,N=C(N)NCCC[C@@H](N)C(=O)O.O=C(O)C[C@H]1CCc2c1[nH]c1ccc(OCc3ccc(C4CCCC4)c(C(F)(F)F)c3)cc21,[]
CHEMBL4163691,C=CC(=O)Nc1cccc(Oc2nc(Nc3ccc(N4CCN(C)CC4)cc3)nc3ccoc23)c1,"['Epidermal growth factor receptor erbB1', 'Raji', 'Epithelial cells']"
CHEMBL4297849,C[C@@H]1CN(c2nc(-n3ccc(OCCC4(C(F)(F)F)CC4)n3)ccc2C(=O)NS(=O)(=O)c2ccccc2)C(C)(C)C1,[]
CHEMBL461101,CC1=NN(c2ccc(C)c(C)c2)C(=O)/C1=N\Nc1cccc(-c2cccc(C(=O)O)c2)c1O,['Thrombopoietin receptor']
CHEMBL477,Nc1ncnc2c1ncn2[C@@H]1O[C@H](CO)[C@@H](O)[C@H]1O,[]
CHEMBL4789639,[2H]C([2H])([2H])NC(=O)c1cnc(NC(=O)C2CC2)cc1Nc1cccc(-c2ncc(F)cn2)c1OC,"['Tyrosine-protein kinase TYK2', 'JAK1/TYK2', 'Non-receptor tyrosine-protein kinase TYK2']"
CHEMBL5095049,C1=C/COCc2cc(ccc2OCCN2CCCC2)Nc2nccc(n2)-c2cccc(c2)COC/1.O=C(O)CC(O)(CC(=O)O)C(=O)O,[]
CHEMBL5095091,COCCOc1cc(F)c(N2CCN(c3nc4c(nnn4C)c(=O)[nH]3)CC2)c(F)c1,[]
CHEMBL5314394,COc1cc2c(cc1S(=O)(=O)c1ccc(OCc3ccc(Cl)cc3)cc1)CCN(C)CC2,['Serotonin 6 (5-HT6) receptor']
CHEMBL5314531,Cn1c(Nc2cc(I)ccc2F)c(C(=O)NOCCO)c2cccnc21,"['A-375', 'Dual specificity mitogen-activated protein kinase kinase 1', 'KG-1', 'NCI-H292', 'SW 1116', 'Panc1005', 'COLO-678', 'NCI-H2291']"
CHEMBL967,CN1C(=O)C(O)N=C(c2ccccc2)c2cc(Cl)ccc21,[]
CHEMBL1200843,CC[C@@H](CO)NC(=O)[C@@H]1C=C2c3cccc4[nH]cc(c34)C[C@H]2N(C)C1.O=C(O)/C=C\C(=O)O,[]
CHEMBL1201319,C[C@H](N)[C@H](O)c1cccc(O)c1,[]
CHEMBL1201752,C/C(=C\c1csc(C)n1)[C@@H]1C[C@@H]2O[C@]2(C)CCC[C@H](C)[C@H](O)[C@@H](C)C(=O)C(C)(C)[C@@H](O)CC(=O)N1,"['1A9', '1A9/ptx-10', '1A9/ptx-22']"
CHEMBL1547,Cc1ncc(C[n+]2csc(CCO)c2C)c(N)n1,"['Transketolase', 'Thiamine transporter ThiT']"
CHEMBL1595,COc1ccc2c3c1O[C@H]1[C@@H](O)CC[C@H]4[C@@H](C2)N(C)CC[C@@]341,[]
CHEMBL1614650,CC[C@@]1(O)C(=O)OCc2c1cc1n(c2=O)Cc2c-1nc1cc(F)c(C)c3c1c2[C@@H](N)CC3,[]
CHEMBL16503,O=C(O)CCCCCCCNC(=O)c1ccccc1O,[]
CHEMBL1693,CCN(CC)C(C)C(=O)c1ccccc1.Cl,[]
CHEMBL182,Nc1nc2c(ncn2COC(CO)CO)c(=O)[nH]1,"['Human herpesvirus 1', 'Human herpesvirus 4', 'Human herpesvirus 2', 'Murine cytomegalovirus', 'Herpes simplex virus (type 1 / strain F)', 'Felid herpesvirus 1', 'Human adenovirus type 2', 'Human herpesvirus 1 DNA polymerase']"
CHEMBL19236,COc1nc(C)nc(Cl)c1NC1=NCCN1,"['Alpha-2c adrenergic receptor', 'Alpha-1B adrenergic receptor']"
CHEMBL1964546,Nc1ccc2cc3ccc(N)cc3nc2c1.O=S(=O)(O)O,[]
CHEMBL2104907,CCNC1=NC(=O)C(c2ccccc2)O1,[]
CHEMBL2104957,CC(C)(C)CC(C)(C)c1cc(Cc2cc(C(C)(C)CC(C)(C)C)cc(-n3nc4ccccc4n3)c2O)c(O)c(-n2nc3ccccc3n2)c1,[]
CHEMBL2110938,OC(c1ccccc1)(c1ccccc1)C1CCCCN1,[]
CHEMBL216981,CC[C@@H](Nc1c(Nc2cccc(C(=O)N(C)C)c2O)c(=O)c1=O)c1ccc(C)o1,"['Interleukin-8 receptor B', 'Interleukin-8 receptor A']"
CHEMBL2315212,CCCC(CCC)C(=O)[O-].CCCC(CCC)C(=O)[O-].[Mg+2],[]
CHEMBL231884,COc1ccc(-c2cc(=O)c3c(O)cc(O[C@@H]4O[C@H](CO[C@@H]5O[C@@H](C)[C@H](O)[C@@H](O)[C@H]5O)[C@@H](O)[C@H](O)[C@H]4O)cc3o2)cc1O,[]
CHEMBL260046,Cn1c(COP(=O)(NCCBr)NCCBr)cnc1[N+](=O)[O-],['H-EMC-SS']
CHEMBL266497,O=C1NC(=O)[C@@]2(CCOc3ccc(F)cc32)N1,"['Aldose reductase', 'Aldehyde reductase']"
CHEMBL271227,CC(=O)O[C@H]1CC[C@@]2(C)C(=CC[C@@H]3[C@@H]2CC[C@]2(C)C(c4cccnc4)=CC[C@@H]32)C1,"['Cytochrome P450 17A1', 'Cytochrome P450 11B']"
CHEMBL304253,Cc1ccc(NC2=NCCN2)c(Cl)c1,['Nischarin']
CHEMBL3359265,Cc1nc2ccc(C(=O)N3CCC4(CC3)CC(=O)c3c(cnn3C(C)C)C4)cc2[nH]1,"['Acetyl-CoA carboxylase 2', 'Acetyl-CoA carboxylase 1', 'Acetyl-CoA carboxylase 1']"
CHEMBL362558,O=C1NC(=O)C(c2cnc3ccccn23)=C1c1cn2c3c(cc(F)cc13)CN(C(=O)N1CCCCC1)CC2,"['Glycogen synthase kinase-3 beta', 'Glycogen synthase kinase-3', 'TGF-beta receptor type II']"
CHEMBL365795,CC(C(=O)O)c1ccc(C(=O)c2ccccc2)s1,"['Interleukin-8 receptors, CXCR1/CXCR2']"
CHEMBL405821,NC(=O)C(c1ccccc1)(c1ccc(F)cc1)c1ccc(F)cc1,['Intermediate conductance calcium-activated potassium channel protein 4']
CHEMBL413965,O=C(O)Cc1ccc(-c2ccccc2)cc1,[]
CHEMBL4297182,COCCN1C(=O)O[C@@]2(C[C@H]3O[C@]2(C)n2c4ccccc4c4c5c(c6c7ccccc7n3c6c42)C(=O)NC5)C1=O,[]
CHEMBL4297254,CS(=O)(=O)O.N=C(NCCCCc1ccc(OCC(O)CO)cc1)NC(=O)c1nc(Cl)c(N)nc1N,"['Amiloride-sensitive sodium channel alpha-subunit', 'Adenosine transporter 1']"
CHEMBL4297427,O[C@]1(c2ncccn2)C[C@H]2CC[C@@H](C1)N2C(c1ccccc1Cl)c1ccccc1Cl,['Nociceptin receptor']
CHEMBL442687,O=c1oc2cc(O)ccc2s1,[]
CHEMBL4549658,C[C@H]1CCN1c1nc(N2C[C@@H]3[C@@H](CC(=O)O)[C@@H]3C2)cc(C(F)(F)F)n1,[]
CHEMBL4740383,Cc1c(C#N)cccc1-c1cc(-c2cn(Cc3cccc(C(C)(C)O)n3)nn2)nc(N)n1,['Adenylate cyclase type 10']
CHEMBL496634,CC/C=C\C/C=C\C/C=C\C/C=C\C/C=C\CCCCCC(=O)O,['Phomopsis obscurans']
CHEMBL5095063,COc1cc(N2CCNC[C@@H]2C)ncc1-c1cnc(N)c(O[C@H](C)c2c(Cl)ccc(F)c2Cl)c1,[]
CHEMBL5095093,O=C1CO[C@H](c2cn(-c3ccc(Br)cc3)nc2-c2ccc(F)cc2)N1CCc1ccc2[nH]c(=O)[nH]c2c1,[]
CHEMBL522038,CCOC(=O)CN[C@@H](C(=O)N1CC[C@H]1C(=O)NCc1ccc(/C(N)=N\O)cc1)C1CCCCC1,['Thrombin']
CHEMBL5314504,Cc1cc(/C=C/C#N)cc(C)c1-c1cccc2c(N)nc(Nc3ccc(C#N)cc3)nc12,"['Human immunodeficiency virus 1', 'Reverse transcriptase']"
CHEMBL589390,Cc1ccc2c(c1)c1c(n2CCc2ccc(C)nc2)CCN(C)C1,['Histamine H1 receptor']
CHEMBL796,COC(=O)C(c1ccccc1)C1CCCCN1,['Dopamine transporter']
CHEMBL92870,Cc1cccc(C)c1NC(=O)CN1CCN(CCCC(c2ccc(F)cc2)c2ccc(F)cc2)CC1,[]
CHEMBL98,O=C(CCCCCCC(=O)Nc1ccccc1)NO,[]
CHEMBL1090479,CCn1cc(-c2ccnc3[nH]c(-c4cccc(CN(C)C)c4)cc23)c(-c2ccc(NC(=O)N(C)C)cc2)n1,[]
CHEMBL1095292,CC[N+](C)(C)Cc1ccccc1Br.Cc1ccc(S(=O)(=O)[O-])cc1,[]
CHEMBL1169,Nc1ccc(C(=O)O)c(O)c1,[]
CHEMBL1189025,C=C(Br)C(=O)Nc1cc(C(=O)Nc2cc(C(=O)Nc3cc(C(=O)Nc4cc(C(=O)NCCNC(=N)N)n(C)c4)n(C)c3)n(C)c2)n(C)c1,[]
CHEMBL1200951,CCCCCCC(=O)OCCN1CCN(CCCN2c3ccccc3Sc3ccc(C(F)(F)F)cc32)CC1,[]
CHEMBL1201167,COc1ccccc1OCCNCC(O)COc1cccc2[nH]c3ccccc3c12.O=P(O)(O)O,[]
CHEMBL1201863,Cc1c(OCC(F)(F)F)ccnc1C[S@@+]([O-])c1nc2ccccc2[nH]1,"['Phosphodiesterase 10A', 'Canis familiaris', 'Potassium-transporting ATPase', 'Potassium-transporting ATPase', 'Potassium-transporting ATPase alpha chain 1', 'Histone-lysine N-methyltransferase 2A/WDR5', 'NAD(+) hydrolase SARM1']"
CHEMBL1256734,CC1(C)S[C@@H]2[C@H](NC(=O)C(c3ccccc3)S(=O)(=O)O)C(=O)N2[C@H]1C(=O)O,[]
CHEMBL1331216,CN1[C@@H]2CC[C@H]1C[C@@H](OC(=O)[C@H](CO)c1ccccc1)C2,"['Muscarinic acetylcholine receptor M1', 'Trachea']"
CHEMBL1411,C[C@@H](O)CCCCn1c(=O)c2c(ncn2C)n(C)c1=O,[]
CHEMBL1450,O=C1C(O)=C([C@H]2CC[C@H](c3ccc(Cl)cc3)CC2)C(=O)c2ccccc21,[]
CHEMBL2104094,OC(c1ccc(Cl)cc1)c1cc2ccccc2o1,[]
CHEMBL2106667,COS(=O)(=O)[O-].COc1cc(N)cn[n+]1-c1ccccc1,[]
CHEMBL2107309,Cc1sc[n+](CC(=O)c2ccccc2)c1C.[Cl-],[]
CHEMBL224436,CO[C@@H]1[C@@H](O[C@@H]2O[C@H](C)[C@@H](O[C@H]3C[C@@](C)(O)[C@@H](OC(=O)CC(C)C)[C@H](C)O3)[C@H](N(C)C)[C@H]2O)[C@@H](CC=O)C[C@@H](C)[C@@H](O)/C=C/C=C/C[C@@H](C)OC(=O)C[C@H]1OC(C)=O,['Bacterial 70S ribosome']
CHEMBL250270,COC(=O)C1=C(C)NC(C)=C(C(=O)OC(C)(C)CN(C)CCC(c2ccccc2)c2ccccc2)C1c1cccc([N+](=O)[O-])c1,"['Alpha-1a adrenergic receptor', 'Alpha-1b adrenergic receptor', 'Alpha-1d adrenergic receptor', 'Voltage-gated L-type calcium channel', 'Voltage-gated L-type calcium channel alpha-1C subunit']"
CHEMBL250892,N[C@H](Cc1ccc(N(CCCl)CCCl)cc1)C(=O)O,[]
CHEMBL264241,CCCCCOc1ccc(-c2ccc(-c3ccc(C(=O)N[C@H]4C[C@@H](O)[C@@H](O)NC(=O)[C@@H]5[C@@H](O)[C@@H](C)CN5C(=O)[C@H]([C@@H](C)O)NC(=O)[C@H]([C@H](O)[C@@H](O)c5ccc(O)cc5)NC(=O)[C@@H]5C[C@@H](O)CN5C(=O)[C@H]([C@@H](C)O)NC4=O)cc3)cc2)cc1,[]
CHEMBL31,COc1c(N2CCNC(C)C2)c(F)cc2c(=O)c(C(=O)O)cn(C3CC3)c12,"['Staphylococcus aureus', 'DNA gyrase', 'Mycobacterium smegmatis', 'Topoisomerase IV subunit A', 'Streptococcus pneumoniae', 'Chlamydia trachomatis', 'Mycobacterium intracellulare', 'Isocitrate lyase', 'Micrococcus luteus']"
CHEMBL3188267,CNC(=O)c1ccc(-c2cnc3ncc(Cc4ccc5ncccc5c4)n3n2)cc1F,['Hepatocyte growth factor receptor']
CHEMBL3716057,COc1cc(C(C)C)c(Oc2cnc(N)nc2N)cc1S(N)(=O)=O,"['P2X purinoceptor 3', 'P2X2/P2X3 heterotrimeric receptor']"
CHEMBL3950712,COc1cc(N)c(Cl)cc1C(=O)NCC1CCN(CCCn2ccnn2)CC1,"['Serotonin 4 (5-HT4) receptor', 'Serotonin 4 (5-HT4) receptor', 'Serotonin 4 (5-HT4) receptor']"
CHEMBL39677,c1ccc2nc3ccccc3cc2c1,[]
CHEMBL4094894,CC(C)c1cccc([C@H](C)C2CC2)c1O,[]
CHEMBL4297269,CN1C(=O)[C@@H](NC(=O)[C@H](CCC(F)(F)F)[C@H](CCC(F)(F)F)C(N)=O)N=C(c2ccccc2)c2ccccc21,"['Neurogenic locus notch homolog protein 1', 'Neurogenic locus notch homolog protein 3', 'TALL-1']"
CHEMBL4297419,CCCCCCCC(C(=O)c1ccccc1)N1CCCC1,[]
CHEMBL4650367,CC(=O)N[C@@H](Cc1c[nH]c2ccccc12)C(=O)N[C@@H](CCC(=O)C=[N+]=[N-])C(=O)OC(C)C,[]
CHEMBL4790100,Nc1ncc(-c2ccncc2)nc1Nc1ccc2[nH]ccc2c1,[]
CHEMBL5072826,[Ca+2].[H-].[H-],[]
CHEMBL5314491,CC(C)C[C@@H]1NC(=O)[C@@H](Cc2ccccc2)NC(=O)[C@H](CCN)NC(=O)[C@@H](NC(=O)[C@H](CN)NC(=O)[C@@H](NC(=O)C[C@H](CN)c2cccc(Cl)c2)[C@@H](C)O)CCNC(=O)[C@H]([C@@H](C)O)NC(=O)[C@H](CCN)NC(=O)[C@H](CCN)NC1=O,['Lipopolysaccharide (LPS)']
CHEMBL622,CCc1cccc2c3c([nH]c12)C(CC)(CC(=O)O)OCC3,[]
CHEMBL643,CC(CN1c2ccccc2Sc2ccccc21)N(C)C,['Norepinephrine transporter']
CHEMBL75880,C1CCC(C(CC2CCCCN2)C2CCCCC2)CC1,[]
CHEMBL1000,O=C(O)COCCN1CCN(C(c2ccccc2)c2ccc(Cl)cc2)CC1,['Murine leukemia virus']
CHEMBL1697838,COCCOc1cnc(NS(=O)(=O)c2ccccc2)nc1,[]
CHEMBL177591,CN(C)C(=O)O,['GABA receptor alpha-1 subunit']
CHEMBL1870796,CC(C)(C)C(=O)NCCCC(=O)O,[]
CHEMBL1922660,CCOc1ccc(-c2ccc(Cn3c(CC(C)(C)C(=O)O)c(SC(C)(C)C)c4cc(OCc5ccc(C)cn5)ccc43)cc2)cn1,['5-lipoxygenase activating protein']
CHEMBL1951143,CCCCc1nc(C)c(CC(=S)N(C)C)c(=O)n1Cc1ccc(-c2ccccc2-c2nnn[nH]2)cc1,[]
CHEMBL2058833,CC1(C)c2nc(-c3ccc(F)cc3)c(Nc3ccc(F)cc3)n2CCN1C(=O)CN,[]
CHEMBL2105348,CO[C@H]1O[C@H](CNC(=O)N(CCCl)N=O)[C@@H](O)[C@H](O)[C@H]1O,[]
CHEMBL2105756,COc1cc2nccc(Oc3ccc(NC(=O)Nc4cc(C)on4)c(Cl)c3)c2cc1OC.Cl.O,['Vascular endothelial growth factor receptor 2']
CHEMBL2106191,O=S(=O)([O-])c1cc(O)ccc1O.O=S(=O)([O-])c1cc(O)ccc1O.[Ca+2],[]
CHEMBL2106323,O.OC[C@H]1O[C@@H](O[C@H]2[C@H](O)[C@@H](O)[C@H](O)O[C@@H]2CO)[C@H](O)[C@@H](O)[C@H]1O,[]
CHEMBL2106325,Cc1ccc2c(c1)[C@]13CCCC[C@@H]1[C@H](C2)N(C)CC3,[]
CHEMBL2218911,C=C(C)[C@@H]1CC[C@]2(C(=O)O)CC[C@]3(C)[C@H](CC[C@@H]4[C@@]5(C)CC[C@H](OC(=O)CC(C)(C)C(=O)O)C(C)(C)[C@@H]5CC[C@]43C)[C@@H]12.CNC[C@H](O)[C@@H](O)[C@H](O)[C@H](O)CO.CNC[C@H](O)[C@@H](O)[C@H](O)[C@H](O)CO,[]
CHEMBL289469,CN1C2CCCC1CC(NC(=O)c1nn(C)c3ccccc13)C2,"['Serotonin 3 (5-HT3) receptor', 'Serotonin 3a (5-HT3a) receptor', 'Serotonin 3 (5-HT3) receptor']"
CHEMBL298817,C[C@@H](n1cnc2cc(Cl)ccc2c1=O)[C@](O)(Cn1cncn1)c1ccc(F)cc1F,"['Cytochrome P450 51', 'Lanosterol 14-alpha demethylase']"
CHEMBL3039525,CN1CCN(C2CCN(C(=O)Nc3cc(Oc4ccc(NC(=O)C5(C(=O)Nc6ccc(F)cc6)CC5)c(F)c4)ccn3)CC2)CC1,"['Vascular endothelial growth factor receptor 2', 'Hepatocyte growth factor receptor', 'Tyrosine-protein kinase receptor UFO', 'Proto-oncogene tyrosine-protein kinase MER', 'Tyrosine-protein kinase receptor TYRO3', 'Macrophage-stimulating protein receptor']"
CHEMBL3039598,CCC(=O)O[C@@H](O[P@](=O)(CCCCc1ccccc1)CC(=O)N1C[C@H](C2CCCCC2)C[C@H]1C(=O)O)C(C)C,[]
CHEMBL350719,CCC(=O)C(C[C@H](C)N(C)C)(c1ccccc1)c1ccccc1,[]
CHEMBL3604010,CNC(C)C(=O)c1ccc2c(c1)OCO2,[]
CHEMBL4297302,CCS(=O)(=O)c1ccc(Oc2cc(O[C@@H](C)CO)cc(C(=O)Nc3ccn(C)n3)c2)cn1.CS(=O)(=O)O,['Hexokinase type IV']
CHEMBL4297461,COc1cccc2[nH]c3c4c(c5c(c3c12)C(=O)N(CN1CCN(C)CC1)C5=O)CCC4,[]
CHEMBL4301162,COC(=O)[C@H](c1ccccc1)[C@H]1CCCCN1C(=O)OC[n+]1cccc(C(=O)N[C@@H](CO)C(=O)O)c1,[]
CHEMBL4594423,CN1CC[C@H](c2c(OP(=O)(O)O)cc(O)c3c(=O)cc(-c4ccccc4Cl)oc23)[C@H](O)C1,['CDK9/cyclin T1']
CHEMBL4633785,O=C(O)c1c(F)ccc2c1OB(O)[C@@H]1C[C@H]21,[]
CHEMBL4802244,COC[C@H]1CN(C(=O)[C@]2(F)CN(C3CCCC3)C[C@H]2c2ccc(OC)cc2)C[C@@H]1c1ccc(C(F)(F)F)cc1N1CCC(C(=O)O)CC1.O=P(O)(O)O,[]
CHEMBL5095032,Cl.O=C(N[C@@H]1CN2CCC1CC2)c1n[nH]c2ccccc12,['Serotonin 3 (5-HT3) receptor']
CHEMBL52885,Cn1cc(C2=C(c3cn(C)c4cc([N+](=O)[O-])ccc34)C(=O)NC2=O)c2ccccc21,"['Protein kinase C (PKC)', 'Protein kinase C gamma', 'cAMP-dependent protein kinase alpha-catalytic subunit']"
CHEMBL5314601,CCCCCCCCCCCCOS(=O)(=O)O.Cc1nc(Nc2ncc(C(=O)Nc3c(C)cccc3Cl)s2)cc(N2CCN(CCO)CC2)n1,[]
CHEMBL916,CCCCS(=O)(=O)N[C@@H](Cc1ccc(OCCCCC2CCNCC2)cc1)C(=O)O,['Integrin alpha-IIb/beta-3']
CHEMBL1200396,CCCCN1CCCCC1C(=O)Nc1c(C)cccc1C.Cl,[]
CHEMBL1200675,CN(C)CCOc1ccc(/C(=C(/CCCl)c2ccccc2)c2ccccc2)cc1.O=C(O)CC(O)(CC(=O)O)C(=O)O,[]
CHEMBL1200701,Cc1onc(-c2c(Cl)cccc2Cl)c1C(=O)N[C@@H]1C(=O)N2[C@@H]1SC(C)(C)[C@@H]2C(=O)[O-].O.[Na+],[]
CHEMBL1201304,CC1(C)C(/C=C/C=C/C=C/C=C2\N(CCCCS(=O)(=O)O)c3ccc4ccccc4c3C2(C)C)=[N+](CCCCS(=O)(=O)[O-])c2ccc3ccccc3c21,[]
CHEMBL1230609,COc1cc2c(Oc3ccc(NC(=O)C4(C(=O)Nc5ccc(F)cc5)CC4)cc3F)ccnc2cc1OCCCN1CCOCC1,"['Vascular endothelial growth factor receptor 2', 'Hepatocyte growth factor receptor', 'Tyrosine-protein kinase SRC', 'Platelet-derived growth factor receptor beta', 'Tyrosine-protein kinase receptor RET', 'Tyrosine-protein kinase receptor UFO', 'Platelet-derived growth factor receptor alpha', 'Tyrosine-protein kinase TIE-2', 'Vascular endothelial growth factor receptor 3', 'Tyrosine-protein kinase YES', 'Proto-oncogene tyrosine-protein kinase MER', 'Tyrosine-protein kinase receptor TYRO3', 'Serine/threonine-protein kinase/endoribonuclease IRE1', 'Serine/threonine-protein kinase MST1', 'Serine/threonine-protein kinase RIPK2', 'Tyrosine-protein kinase BRK', 'Discoidin domain-containing receptor 2', 'Serine/threonine-protein kinase Nek1', 'Mixed lineage kinase 7', 'Macrophage-stimulating protein receptor', 'Serine/threonine-protein kinase 10', 'Calcium-dependent protein kinase 1', 'Dual specificity mitogen-activated protein kinase kinase 2', 'Tyrosine-protein kinase FGR', 'Tyrosine-protein kinase ABL2', 'Tyrosine-protein kinase CSK', 'TGF-beta receptor type II', 'Ephrin type-A receptor 4', 'Dual specificity mitogen-activated protein kinase kinase 5', 'Ephrin type-B receptor 2', 'Serine/threonine-protein kinase SIK2', 'Kinesin-1 heavy chain/ Tyrosine-protein kinase receptor RET', 'Tyrosine-protein kinase Srms', 'Ephrin type-A receptor 3', 'Serine/threonine-protein kinase SIK1', 'Cyclin-dependent kinase 13', 'Ephrin type-A receptor 1', 'AMP-activated protein kinase, alpha-2 subunit', 'Ephrin type-B receptor 3', 'Serine/threonine-protein kinase 33', 'Muscle, skeletal receptor tyrosine protein kinase', 'Ephrin type-B receptor 6', 'SPS1/STE20-related protein kinase YSK4', 'Citron Rho-interacting kinase', 'Ephrin type-A receptor 8', 'Ephrin type-A receptor 5', 'Serine/threonine protein kinase NLK', 'Ephrin type-B receptor 1', 'Serine/threonine-protein kinase TAO2', 'Mitogen-activated protein kinase 15', 'Ephrin type-A receptor 7', 'Eukaryotic translation initiation factor 2-alpha kinase 1', 'Breakpoint cluster region protein', 'Ephrin type-A receptor 6', 'Serine/threonine-protein kinase LATS2', 'Tyrosine-protein kinase receptor Tie-1', 'Serine/threonine-protein kinase NEK9', 'Serine/threonine-protein kinase PAK 3', 'Serine/threonine-protein kinase 36', 'Myosin light chain kinase', 'Chaperone activity of bc1 complex-like, mitochondrial', 'Serine/threonine-protein kinase 25', 'Mitogen-activated protein kinase kinase kinase 4', 'Dual specificity testis-specific protein kinase 1', 'Cyclin-dependent kinase-like 2', 'Ankyrin repeat and protein kinase domain-containing protein 1', 'Receptor-interacting serine/threonine-protein kinase 4', 'Serine/threonine-protein kinase 35', 'PITSLRE serine/threonine-protein kinase CDC2L1', 'Uncharacterized aarF domain-containing protein kinase 4', 'Dual serine/threonine and tyrosine protein kinase', 'AMP-activated protein kinase, beta-1 subunit', 'Serine/threonine-protein kinase 32A', 'Serine/threonine-protein kinase 32B', 'Serine/threonine-protein kinase Nek5', 'Wee1-like protein kinase 2', 'Myosin-IIIB', 'Serine/threonine-protein kinase MRCK gamma', 'Cyclin-dependent kinase-like 5', 'Serine/threonine-protein kinase PFTAIRE-2', 'Serine/threonine-protein kinase MAK', 'Serine/threonine-protein kinase Nek11', 'Tubulin alpha-1 chain', 'Myosin IIIA', 'Cyclin-dependent kinase-like 3', 'Cyclin-dependent kinase-like 1', 'Transient receptor potential cation channel subfamily M member 6', 'Hepatocyte growth factor']"
CHEMBL146428,N=C1NC(=O)N2CC12,['Phytophthora infestans']
CHEMBL1728,CCn1cc(C(=O)O)c(=O)c2cc(F)c(N3CCNC(C)C3)c(F)c21.Cl,"['Staphylococcus aureus', 'DNA gyrase', 'Mycobacterium smegmatis', 'Mycobacterium intracellulare']"
CHEMBL1773,CCCCCOC(=O)Nc1nc(=O)n([C@@H]2O[C@H](C)[C@@H](O)[C@H]2O)cc1F,[]
CHEMBL2105680,CO[C@H]1/C=C/O[C@@]2(C)Oc3c(C)c([O-])c4c(O)c(cc(O)c4c3C2=O)NC(=O)/C(C)=C\C=C\[C@H](C)[C@H](O)[C@@H](C)[C@@H](O)[C@@H](C)[C@H](OC(C)=O)[C@@H]1C.[Na+],[]
CHEMBL2107315,CC[C@@]1(O)C(=O)OCc2c1cc1n(c2=O)Cc2c-1nc1ccccc1c2CCNC(C)C.Cl,['KATO III stomach cancer cell lines']
CHEMBL215645,CCN(C)C(=O)Oc1cccc([C@H](C)N(C)C)c1.O=C(O)C(O)C(O)C(=O)O,[]
CHEMBL251940,N#Cc1ccc2c(c1)N(CCCN1CCC(O)CC1)c1ccccc1S2,[]
CHEMBL307177,O=C(Nc1ccc(Cl)c(Cl)c1)NS(=O)(=O)c1ccc2c(c1)CCO2,[]
CHEMBL368591,CCC(O)C(CC(C)N(C)C)(c1ccccc1)c1ccccc1,[]
CHEMBL383675,Oc1cccc(-c2c3nc(c(-c4cccc(O)c4)c4ccc([nH]4)c(-c4cccc(O)c4)c4ccc([nH]4)c(-c4cccc(O)c4)c4nc2CC4)C=C3)c1,[]
CHEMBL389621,C[C@]12CCC(=O)C=C1CC[C@@H]1[C@@H]2[C@@H](O)C[C@@]2(C)[C@H]1CC[C@]2(O)C(=O)CO,['Corticosteroid binding globulin']
CHEMBL408194,COC1=CC(c2cc3ccccc3[nH]2)=N/C1=C\c1[nH]c(C)cc1C,[]
CHEMBL4303214,CNC(=O)c1c(C)oc2cc(Oc3ncnc4cc(OC)c(OC)cc34)ccc12,[]
CHEMBL4650827,CCN(C(=O)c1cc(F)ccc1Oc1cncnc1N1CC2(CCN(C[C@H]3CC[C@H](NS(=O)(=O)CC)CC3)CC2)C1)C(C)C,['C-C chemokine receptor type 5']
CHEMBL4803710,CNC(=O)c1cnc(NC(=O)C2CC2)cc1Nc1cccc(-c2ncc(F)cn2)c1OC,"['JAK1/TYK2', 'Non-receptor tyrosine-protein kinase TYK2']"
CHEMBL556578,CN1CC[C@]23c4c5ccc(O)c4O[C@H]2[C@@H](O)C=C[C@H]3[C@H]1C5.Cl,['Opioid receptor']
CHEMBL776,CC(C)NCC(O)c1cc(O)cc(O)c1,[]
CHEMBL86882,CCNCC(O)c1cccc(O)c1,[]
CHEMBL1014,CCOc1nc2cccc(C(=O)OC(C)OC(=O)OC3CCCCC3)c2n1Cc1ccc(-c2ccccc2-c2nn[nH]n2)cc1,[]
CHEMBL1123,CCN(CC)CCOC(=O)C1(C2CCCCC2)CCCCC1,['Pancreatic alpha-amylase']
CHEMBL1139,CCCCC[C@H](O)/C=C/[C@@H]1[C@H]2C/C(=C/CCCC(=O)O)O[C@H]2C[C@H]1O,[]
CHEMBL1187833,OC(c1ccccc1)(c1ccccc1)C12CC[N+](CCOCc3ccccc3)(CC1)CC2,[]
CHEMBL1189150,[NH-]c1c[n+](N2CCOCC2)no1,[]
CHEMBL1200402,CCOC(=O)C1=C(COCCN)NC(C)=C(C(=O)OC)C1c1ccccc1Cl.O=S(=O)(O)c1ccccc1,[]
CHEMBL1201014,C[C@]12C=CC(=O)C=C1CC[C@@H]1[C@@H]2[C@@H](O)C[C@@]2(C)[C@H]1CC[C@]2(O)C(=O)COP(=O)([O-])[O-].[Na+].[Na+],['Solute carrier organic anion transporter family member 1A2']
CHEMBL1201063,CCCNCC(O)COc1ccccc1C(=O)CCc1ccccc1.Cl,['CCRF-CEM/VCR-1000']
CHEMBL1276310,CO[C@@]1(NC(=O)C(C(=O)O)c2ccsc2)C(=O)N2[C@@H](C(=O)O)C(C)(C)S[C@@H]21,[]
CHEMBL1398126,Cl.N=C(N)NC(=O)c1nc(Cl)c(N)nc1N.O.O,['Amiloride-sensitive sodium channel alpha-subunit']
CHEMBL1575,C[C@]12CC[C@@H]3c4ccc(OC(=O)N(CCCl)CCCl)cc4CC[C@H]3[C@@H]1CC[C@@H]2O,['CCRF-CEM']
CHEMBL1594,CC(C)(CO)[C@@H](O)C(=O)NCCC(=O)O,"['Solute carrier family 22 member 6', 'Pantothenate kinase, putative']"
CHEMBL1684950,CC(C)c1ccc(CC(=O)N[C@H](C)c2ccc(OCC(F)(F)F)cn2)cc1,[]
CHEMBL1697766,CN1CCN(CCCN2c3ccccc3Sc3ccccc32)CC1,[]
CHEMBL1755,Cc1nc2c([nH]1)-c1ccccc1N(C(=O)c1ccc(NC(=O)c3ccccc3-c3ccccc3)cc1)CC2,[]
CHEMBL1818442,Cl.Clc1ccc([C@]23CNC[C@H]2C3)cc1Cl,['Serotonin transporter']
CHEMBL1823241,O=C(CCCCCCCCC(=O)Oc1ccc2c3c1O[C@H]1[C@@H](O)CC[C@@]4(O)[C@@H](C2)N(CC2CCC2)CC[C@]314)Oc1ccc2c3c1O[C@H]1[C@@H](O)CC[C@@]4(O)[C@@H](C2)N(CC2CCC2)CC[C@]314,"['Mu opioid receptor', 'Kappa opioid receptor', 'Delta opioid receptor']"
CHEMBL2013119,COc1cc(OC)c(/C=C/S(=O)(=O)Cc2ccc(OC)c(NCC(=O)[O-])c2)c(OC)c1.[Na+],"['K562', 'DU-145', 'BT-20', '2008', 'NCI-H417', 'CEM/C2']"
CHEMBL2105039,c1ccc(CN(CCN2CCCC2)c2ccccc2)cc1,[]
CHEMBL221886,CN[C@@H]1[C@@H](O)[C@@H](O[C@@H]2[C@@H](O)[C@H](O[C@H]3OC(CN)=CC[C@H]3N)[C@@H](N)C[C@H]2N)OC[C@]1(C)O,"['Bacterial 70S ribosome', 'Ribosomal RNA A-site', 'Human immunodeficiency virus type 1 REV']"
CHEMBL305666,CC[C@@]1(O)C(=O)OCc2c1cc1n(c2=O)Cc2c-1nc1cc3c(cc1c2CN1CCN(C)CC1)OCCO3,"['A549', 'KB']"
CHEMBL3139186,Cc1nc(N2CCN(C)CC2)c2nc(-c3ccccc3Cl)n(C3CCOCC3)c2n1,[]
CHEMBL3185229,O.O.O.O.O.O.[Cl-].[Cl-].[Mg+2],[]
CHEMBL3234237,Fc1ccc(CN2CCC(Nc3ccc(C(F)(F)F)nn3)CC2)cc1F,[]
CHEMBL34124,COc1ccc2c(c1OCc1ccccc1)C[C@@H](C(=O)O)N(C(=O)C(c1ccccc1)c1ccccc1)C2,[]
CHEMBL3586404,CO[C@H]1CC[C@H](N2C(=O)CNc3ncc(-c4ccc(C(C)(C)O)nc4)nc32)CC1,['Serine/threonine-protein kinase mTOR']
CHEMBL3827379,C=C(C)[C@@H]1CC[C@]2(NCCN3CCS(=O)(=O)CC3)CC[C@]3(C)[C@H](CC[C@@H]4[C@@]5(C)CC=C(c6ccc(C(=O)O)cc6)C(C)(C)[C@@H]5CC[C@]43C)[C@@H]12,['Human immunodeficiency virus 1']
CHEMBL3916929,CNC(=O)C[C@H]1COc2cc(F)ccc2N1C(=O)c1ccc2c(c1)NC(=O)CO2,"['Glucocorticoid receptor', 'Mineralocorticoid receptor', 'Mineralocorticoid receptor']"
CHEMBL3987016,CCS(=O)(=O)Nc1ccc(Oc2ccc(F)cc2F)c(-c2cn(C)c(=O)c3[nH]ccc23)c1,['Bromodomain-containing protein 4']
CHEMBL3989567,Cc1onc(-c2ccccc2)c1C(=O)N[C@@H]1C(=O)N2[C@@H]1SC(C)(C)[C@@H]2C(=O)[O-].O.[Na+],[]
CHEMBL4066936,COC(=O)Nc1c(N)nc(-c2nn(Cc3ccccc3F)c3ncc(F)cc23)nc1N,"['Heart', 'Soluble guanylate cyclase alpha1/beta1 complex']"
CHEMBL419792,CN[C@@H]1Cc2cccc3[nH]c(=O)n(c23)C1,[]
CHEMBL4297587,Cc1[nH]c(/C=C2\C(=O)Nc3ccc(F)cc32)c(C)c1C(=O)N[C@H]1CCN(C(=O)N(C)C)C1,['Platelet-derived growth factor receptor beta']
CHEMBL4297620,NC(=O)OC[C@H](N)Cc1ccccc1,[]
CHEMBL4297865,C=CC(=O)Nc1cccc(Oc2nc(Nc3ccc(N4CCN(C)CC4)c(F)c3)nc3[nH]ccc23)c1,"['Epidermal growth factor receptor erbB1', 'BEAS-2B', 'Epithelial cells']"
CHEMBL4298147,CS(=O)(=O)O.C[C@@H](C(=O)Nc1ccc(Cl)cc1)C1CCC(c2ccnc3ccc(F)cc23)CC1,"['Indoleamine 2,3-dioxygenase']"
CHEMBL435883,CC#CCC(C)[C@H](O)/C=C/[C@@H]1[C@H]2c3cccc(CCCC(=O)[O-])c3O[C@H]2C[C@H]1O.[Na+],[]
CHEMBL45024,C[S+](C)CC[C@H](N)C(=O)O,"['Betaine transporter', 'GABA receptor alpha-1 subunit']"
CHEMBL452231,COc1cc([C@@H]2c3cc4c(cc3[C@@H](O[C@@H]3O[C@@H]5CO[C@@H](c6cccs6)O[C@H]5[C@H](O)[C@H]3O)[C@H]3COC(=O)[C@H]23)OCO4)cc(OC)c1O,['GLC4 cell line']
CHEMBL4650225,CO[C@]1(CN2CCN3CCCC[C@@H]3C2)/C=C/C[C@H](C)[C@@H](C)S(=O)(=O)NC(=O)c2ccc3c(c2)N(C[C@@H]2CC[C@H]21)C[C@@]1(CCCc2cc(Cl)ccc21)CO3,[]
CHEMBL491,CC(C)(O)C(=O)Nc1ccc([N+](=O)[O-])c(C(F)(F)F)c1,[]
CHEMBL5314429,COc1cc2nccc(Oc3ccc(NC(=O)c4cc5c(n(-c6ccccc6)c4=O)CCCC5=O)nc3)c2cc1OC,['Hepatocyte growth factor receptor']
CHEMBL5314470,CN(C)C/C=C/C(=O)Nc1cc2c(Nc3ccc(F)c(Cl)c3)ncnc2cc1OC(F)F,"['Epidermal growth factor receptor erbB1', 'CL97']"
CHEMBL5314572,CS(=O)(=O)O.Cc1cc(-c2nc(C(=O)Nc3cc4oc(N5CCOCC5)nc4nc3N3CC[C@@H](O)C3)co2)ccn1,['Interleukin-1 receptor-associated kinase 4']
CHEMBL5316163,CS(=O)(=O)Nc1cccc(N2CCN(CCCCc3coc4cc5c(cc4c3=O)OCO5)CC2)c1,[]
CHEMBL715,Cc1cc2c(s1)Nc1ccccc1N=C2N1CCN(C)CC1,[]
CHEMBL729,Cc1cccc(C)c1OCC(=O)N[C@@H](Cc1ccccc1)[C@@H](O)C[C@H](Cc1ccccc1)NC(=O)[C@H](C(C)C)N1CCCNC1=O,['Human immunodeficiency virus type 1 protease']
CHEMBL90,NCCc1c[nH]cn1,"['Histamine H3 receptor', 'Histidine decarboxylase']"
CHEMBL1200638,CN(C)CC[C@@H](c1ccc(Br)cc1)c1ccccn1.O=C(O)/C=C\C(=O)O,['Dopamine transporter']
CHEMBL1200832,CN(C/C=C/C#CC(C)(C)C)Cc1cccc2ccccc12.Cl,['Dehydrosqualene desaturase']
CHEMBL1200854,CCCCCCCCCC(=O)OCCN1CCN(CCCN2c3ccccc3Sc3ccc(C(F)(F)F)cc32)CC1,[]
CHEMBL1200969,C[C@]12C=CC(=O)N[C@@H]1CC[C@@H]1[C@@H]2CC[C@]2(C)[C@@H](C(=O)Nc3cc(C(F)(F)F)ccc3C(F)(F)F)CC[C@@H]12,"['Steroid 5-alpha-reductase 2', 'Steroid 5-alpha-reductase 1']"
CHEMBL1201101,C[C@]12CC[C@H]3[C@@H](CCC4=CC(=O)CC[C@@]43C)[C@@H]1CC[C@@H]2OC(=O)CCC1CCCC1,['Cytochrome P450 19A1']
CHEMBL1201740,Cc1cn(-c2cc(NC(=O)c3ccc(C)c(Nc4nccc(-c5cccnc5)n4)c3)cc(C(F)(F)F)c2)cn1.Cl.O,['PCSK9/LDLR']
CHEMBL1236107,Cn1cc(-c2ccc3nnc(Sc4ccc5ncccc5c4)n3n2)cn1,['Hepatocyte growth factor receptor']
CHEMBL155625,OCc1c[nH]c2ccccc12,[]
CHEMBL16264,CCOCC,['Pectobacterium carotovorum']
CHEMBL166937,CN(CC(N)=O)C(=O)N(CCCl)N=O,[]
CHEMBL169,C[C@H]1[C@H](C)CC[C@]2(C(=O)O)CC[C@]3(C)C(=CC[C@@H]4[C@@]5(C)CC[C@H](O)C(C)(C)[C@@H]5CC[C@]43C)[C@H]12,['Sentrin-specific protease 1']
CHEMBL1950576,CN[C@@H]1[C@H](O[C@H]2[C@H](O[C@H]3[C@H](O)[C@@H](O)[C@H](NC(=N)N)[C@@H](O)[C@@H]3NC(=N)N)O[C@@H](C)[C@]2(O)CO)O[C@@H](CO)[C@H](O)[C@H]1O,['Staphylococcus aureus subsp. aureus']
CHEMBL1951071,COc1ccc(C[C@@H](C)NC[C@H](O)c2ccc(O)c(NC=O)c2)cc1.O=C(O)C(O)C(O)C(=O)O,[]
CHEMBL2010507,CNC(C)Cc1ccccc1OC,[]
CHEMBL2062263,NCCS.O=C(O)C(O)C(O)C(=O)O,['Gamma-amino-N-butyrate transaminase']
CHEMBL2105167,COc1ccc2c(c1)C(O)(CCCN(C)C)c1ccccc1S2,[]
CHEMBL2105729,CC(C)(C)c1nc(-c2cccc(NS(=O)(=O)c3c(F)cccc3F)c2F)c(-c2ccnc(N)n2)s1.CS(=O)(=O)O,['Serine/threonine-protein kinase B-raf']
CHEMBL2151197,CCNC(=O)[C@H]1C[C@@](F)(c2ccc(CN3CCCC3)c(F)c2)C1,['Histamine H3 receptor']
CHEMBL25202,CC1(C)CCC(C)(C)c2cc(NC(=O)c3ccc(C(=O)O)cc3)ccc21,"['Retinoic acid receptor beta', 'Retinoic acid receptor gamma', 'Retinoic acid receptor alpha']"
CHEMBL297792,Cc1ccc(C#Cc2ccc(S(=O)(=O)N[C@H](Cc3c[nH]c4ccccc34)C(=O)O)s2)cc1,"['Matrix metalloproteinase-2', 'Matrix metalloproteinase-25']"
CHEMBL3188386,Cc1cc(-c2ncc(CC(=O)Nc3ccc(-c4cnccn4)cn3)cc2C)ccn1,"['Probable protein-cysteine N-palmitoyltransferase porcupine', 'Probable protein-cysteine N-palmitoyltransferase porcupine']"
CHEMBL3545407,O=[N+]([O-])OC[C@H]1O[C@@H](n2cnc3c(NC4CCCC4)ncnc32)[C@H](O)[C@@H]1O,[]
CHEMBL4297349,C[C@@H]1NC(=O)[C@H](CC(=O)O)NC1=O,[]
CHEMBL4297527,O=C(Nc1c(Cl)c[n+]([O-])cc1Cl)c1ccc(OC(F)F)c2oc3ccncc3c12,[]
CHEMBL4297600,NC(=O)c1ccn(-c2cnc(NC[C@]3(c4ncccc4F)C[C@H](F)C3)nc2)c1,[]
CHEMBL465026,CN1CCOC(c2ccccc2)c2ccccc2C1,[]
CHEMBL5095201,CC(C)[C@H](N)C(=O)OCCCC(=O)O,[]
CHEMBL5314577,Cc1cc(-n2nc3c(c2-n2ccn(-c4ccc5c(cnn5C)c4F)c2=O)[C@H](C)N(C(=O)c2cc4cc([C@H]5CCOC(C)(C)C5)ccc4n2[C@@]2(c4noc(=O)[n-]4)C[C@@H]2C)CC3)cc(C)c1F.Cc1cc(-n2nc3c(c2-n2ccn(-c4ccc5c(cnn5C)c4F)c2=O)[C@H](C)N(C(=O)c2cc4cc([C@H]5CCOC(C)(C)C5)ccc4n2[C@@]2(c4noc(=O)[n-]4)C[C@@H]2C)CC3)cc(C)c1F.[Ca+2],[]
CHEMBL5314931,COc1ncc(-c2ccc(Cl)cc2)cc1[C@@H](c1ccccc1)[C@@](O)(CCN(C)C)c1cccc2ccccc12,[]
CHEMBL5316167,Cn1ccc(S(=O)(=O)N2CCC[C@@H](Nc3nccc(-c4c(-c5cccc(OCOP(=O)(O)O)c5)nc5occn45)n3)C2)n1,[]
CHEMBL53366,Cc1nccn1CCC(C(N)=O)(c1ccccc1)c1ccccc1,[]
CHEMBL551978,CCOc1ccc(/C=C2\NCCc3cc(OCC)c(OCC)cc32)cc1OCC,[]
CHEMBL59990,O=P1(N(CCCl)CCCl)NC(SCCS(=O)(=O)O)CCO1,[]
CHEMBL747,CC1(C)N=C(N)N=C(N)N1c1ccc(Cl)cc1,"['Respiratory syncytial virus', 'Influenza B virus', 'Mammalian orthoreovirus 1']"
CHEMBL848,Nc1cccc2c1CN(C1CCC(=O)NC1=O)C2=O,"['MM1.S', 'Protein cereblon', 'Cereblon isoform 4']"
CHEMBL88055,Oc1ccc(C(O)C2CCCCN2)cc1O,[]
CHEMBL1034,O=C([O-])Cc1ccccc1Nc1c(Cl)cccc1Cl.[Na+],"['Interleukin-8', 'Cyclooxygenase', 'H4', 'Dipeptidyl peptidase 3']"
CHEMBL1200482,CCN1CCN(C(=O)N[C@@H](C(=O)N[C@@H]2C(=O)N3C(C(=O)[O-])=C(CSc4nnnn4C)CS[C@H]23)c2ccc(O)cc2)C(=O)C1=O.[Na+],"['Solute carrier family 22 member 6', 'Solute carrier family 22 member 8', 'Solute carrier family 22 member 11']"
CHEMBL1201012,CC1(C)O[C@@H]2C[C@H]3[C@@H]4C[C@H](F)C5=CC(=O)CC[C@]5(C)[C@H]4[C@@H](O)C[C@]3(C)[C@]2(C(=O)CO)O1,"['Nuclear receptor subfamily 1 group I member 2', 'Progesterone receptor']"
CHEMBL1201773,CC(=O)Oc1cc2c(s1)CCN(C(C(=O)C1CC1)c1ccccc1F)C2.Cl,[]
CHEMBL1231574,CN1c2c([nH]c(N)nc2=O)NC[C@@H]1CNc1ccc(C(=O)N[C@@H](CCC(=O)O)C(=O)O)cc1,['GAR transformylase']
CHEMBL1254025,CO/N=C1/C[C@@H](CO)N(C(=O)c2ccc(-c3ccccc3C)cc2)C1,[]
CHEMBL1269258,CC(C)N(Cc1ccccc1)C(=O)CN1C(=O)[C@@H](Cc2c[nH]c3ccccc23)c2nnc(-c3ccccc3)n2-c2ccccc21,['Cholecystokinin A receptor']
CHEMBL1311,O=[N+]([O-])O[C@@H]1CO[C@H]2[C@@H]1OC[C@@H]2O,[]
CHEMBL1622638,Cc1cc2nc3ccc(N(C)C)cc3[s+]c2cc1N,['Internal ribosome entry site (IRES)']
CHEMBL1697753,CC(=O)Oc1ccccc1C(=O)O.NCCCCC(N)C(=O)O,[]
CHEMBL1908377,Cc1cc(/C=C/c2ccc3cc(N(C)C)ccc3[n+]2C)c(C)n1-c1ccccc1.Cc1cc(/C=C/c2ccc3cc(N(C)C)ccc3[n+]2C)c(C)n1-c1ccccc1.O=C([O-])c1cc2ccccc2c(Cc2c(O)c(C(=O)[O-])cc3ccccc23)c1O,['Plasmodium falciparum']
CHEMBL2051960,CN1CC(O)C2=C/C(=N/NC(N)=O)C(=O)C=C21,[]
CHEMBL2104979,FC(F)(F)C(F)(F)C(F)(F)C(F)(F)F,[]
CHEMBL321582,CC(C)(Cc1c[nH]c2ccccc12)NCC(O)COc1ccccc1C#N,['Adrenergic receptor beta']
CHEMBL3259907,Cc1nc2ccccc2c(-c2ccc3c4c(ccnc24)CCO3)c1[C@H](OC(C)(C)C)C(=O)O,['Human immunodeficiency virus 1']
CHEMBL3746329,O=C(O)C1(Sc2ccnc3ccc(Br)cc23)CCC1,[]
CHEMBL3988900,[O-2].[Zn+2],[]
CHEMBL4277900,CC1=Nc2c(F)cc(-c3nc(Nc4ccc(C5CCN(C)CC5)cn4)ncc3F)cc2C12CCCC2,"['Cyclin-dependent kinase 4/cyclin D1', 'CDK6/cyclin D3', 'CDK1/Cyclin A']"
CHEMBL4297391,CCCCCCCCCCCCCCCC(=O)OC[C@H](COC(=O)[C@H](C)NC(=O)CC[C@@H](NC(=O)[C@H](C)NC(=O)[C@@H](C)O[C@@H]([C@H](O[C@@H]1O[C@H](CO)[C@@H](O)[C@H](O)[C@H]1NC(C)=O)[C@H](O)CO)[C@H](C=O)NC(C)=O)C(N)=O)OC(=O)CCCCCCCCCCCCCCC,[]
CHEMBL445472,C[C@]12CC[C@H](O)C[C@@H]1CC[C@@H]1[C@@H]2CC[C@]2(C)C(=O)[C@H](Br)C[C@@H]12,['Glucose-6-phosphate 1-dehydrogenase']
CHEMBL4594400,Cn1cc(-c2cnc3cnn(S(=O)(=O)c4cnc5ccc(-c6cnn(C)c6)cn45)c3c2)cn1,['Hepatocyte growth factor receptor']
CHEMBL4650340,O=C(O)c1cccc(CN2CN(C3CCCCC3)C3(CCN(CCCC(=O)c4ccccc4)CC3)C2=O)c1,[]
CHEMBL5095029,CO[C@@H]1COCC[C@@H]1N[C@@H]1CC[C@@](C(=O)N2C[C@@H]3C[C@H]2CN3c2cc(C(F)(F)F)ncn2)(C(C)C)C1,['C-C chemokine receptor type 2']
CHEMBL5095094,CC(C)c1c2cc(-c3nc(Nc4ccc(N5CCNCC5)cn4)ncc3F)ccc2nn1C,"['CDK4/Cyclin D3', 'CDK6/cyclin D3']"
CHEMBL549386,CCOP(=O)(OCC)C(C)NC(=O)N(CCCl)N=O,[]
CHEMBL64195,O=C(CCCl)NCc1ccccc1,[]
CHEMBL770,c1ccc(CC2=NCCN2)cc1,['Nischarin']
CHEMBL7890,COC(=O)[C@@H](N)CCCNC(=N)N[N+](=O)[O-],"['Nitric-oxide synthase, brain', 'Nitric-oxide synthase, brain', 'N(G),N(G)-dimethylarginine dimethylaminohydrolase 1', 'Arginase-1']"
CHEMBL829,CC(CN(C)C)CN1c2ccccc2Sc2ccccc21,['Protein arginine N-methyltransferase 1']
CHEMBL84158,CCN(CC)CCNC(=O)c1cc(S(C)(=O)=O)ccc1OC,[]
CHEMBL89598,C=CC(N)CCC(=O)O,"['GABA-B receptor', 'Betaine transporter', 'Gamma-amino-N-butyrate transaminase', 'GABA receptor gamma-1 subunit', 'Meloidogyne incognita', 'GABA receptor alpha-1 subunit']"
CHEMBL103667,Cc1ccc(-n2nc(C(C)(C)C)cc2NC(=O)Nc2ccc(OCCN3CCOCC3)c3ccccc23)cc1,"['MAP kinase p38 alpha', 'THP-1', 'MAP kinase p38 gamma', 'MAP kinase p38 alpha']"
CHEMBL1200991,CC1(C)S[C@@H]2[C@H](NC(=O)C(C(=O)Oc3ccc4c(c3)CCC4)c3ccccc3)C(=O)N2[C@H]1C(=O)[O-].[Na+],[]
CHEMBL1201011,CCOC(=O)[C@H](CCc1ccccc1)N[C@@H](C)C(=O)N1Cc2ccccc2C[C@H]1C(=O)O.Cl,[]
CHEMBL1233182,CCC(=O)NS(=O)(=O)c1ccc(NC(=O)COc2ccc(Cl)cc2C(=O)c2cc(Cl)cc(C#N)c2)c(C)c1,[]
CHEMBL1237082,CNC1(C)C2CCC(C2)C1(C)C.Cl,[]
CHEMBL1951914,CCN(C(=O)Cc1ccc(S(C)(=O)=O)cc1)C1CCN(CC[C@@H](c2cc(F)cc(F)c2)C2CCN(S(C)(=O)=O)CC2)CC1,['C-C chemokine receptor type 5']
CHEMBL2158051,CN[C@@H](C)C(=O)N[C@H]1CN(C(=O)CC(C)C)CC[C@H]2CC[C@@H](C(=O)NC(c3ccccc3)c3ccccc3)N2C1=O,"['Inhibitor of apoptosis protein 3', 'Baculoviral IAP repeat-containing protein 2', 'Baculoviral IAP repeat-containing protein 3', 'Baculoviral IAP repeat-containing protein 8']"
CHEMBL301267,CCO[C@H]1O[C@@H]2O[C@@]3(C)CC[C@H]4[C@H](C)CC[C@@H]([C@H]1C)[C@@]24OO3,[]
CHEMBL3334624,Cc1cc(C[C@@H](OC(=O)N2CCC(N3CCc4ccccc4NC3=O)CC2)C(=O)N2CCC(N3CCOCC3)CC2)cc(C)c1O,"['Calcitonin gene-related peptide type 1 receptor', 'Calcitonin gene-related peptide 1']"
CHEMBL337450,N#C[C@H]1[C@H](O)[C@@H](CO)O[C@H]1n1ccc(N)nc1=O,['Human herpesvirus 8']
CHEMBL3545403,CNCc1ccc(C)c(NC(=O)c2ccc(Nc3nc(-c4ccccc4)c4ccccc4n3)cc2)c1,[]
CHEMBL37161,COC(=O)Nc1nc2cc(Sc3ccccc3)ccc2[nH]1,[]
CHEMBL377559,C=CCNc1c(O)cc2c(O)c1C[C@@H](C)C[C@H](OC)[C@H](O)[C@@H](C)/C=C(\C)[C@H](OC(N)=O)[C@@H](OC)/C=C\C=C(/C)C(=O)N2.Cl,[]
CHEMBL3989686,CN1CCCC[C@H]1CCc1ccccc1NC(=O)/C=C/c1ccccc1,[]
CHEMBL4297473,Cc1occc1C(=O)Nc1nn(Cc2ccc(C(F)(F)F)cc2)c2ccccc12,['Fascin']
CHEMBL4297588,CCCCC1(CCCC)CN(c2ccccc2)c2cc(SC)c(OCC(=O)N[C@@H](C(=O)N[C@@H](CC)C(=O)O)c3ccc(O)cc3)cc2S(=O)(=O)N1,['Ileal bile acid transporter']
CHEMBL4299960,O=O.[O-][Cl+]O.[O-][Cl+]O.[O-][Cl+]O.[O-][Cl+]O,[]
CHEMBL487182,COc1cc2c(cc1OC)[C@@H]1Cc3ccc(OC)c(OC)c3CN1CC2,"['Dopamine D1 receptor', 'Coagulation factor III', 'Sclerostin']"
CHEMBL493982,CCOC(=O)N[C@@H]1CC[C@@H]2[C@@H](C1)C[C@H]1C(=O)O[C@H](C)[C@H]1[C@H]2/C=C/c1ccc(-c2cccc(F)c2)cn1,['Proteinase-activated receptor 1']
CHEMBL5095257,COCCN(CCCCC1=CC=C2CCCN=C2N1)CC[C@H](Nc1ncnc2ccccc12)C(=O)O,[]
CHEMBL516,CN1CCC(=C2c3ccccc3C=Cc3ccccc32)CC1,[]
CHEMBL5314384,C#CCOc1ccc(Nc2nc(Nc3ccc(C)c(S(=O)(=O)NC(=O)CC)c3)ncc2F)cc1,[]
CHEMBL575448,C[C@@]1(C(=O)Nc2ccc(F)nc2)CCCN1c1nc(Nc2cc(C3CC3)n[nH]2)c2cccn2n1,"['CAL-51', 'NCI-H2122', '697', 'LC-2-ad', 'LAMA-84', 'HAL-01', 'HuTu80', 'EW-16', 'BB30-HNC', 'TE-8', 'LXF-289 cell line', 'COLO-829', 'ETK-1', 'ES4', 'SH-4', 'NTERA-2-cl-D1', 'SW 962', 'GB-1', 'GI-1', 'A388', 'HH', 'TE-10', 'SF-126', 'OCUB-M', 'KURAMOCHI', 'MZ2-MEL', 'IA-LM', 'NCI-H1648', 'A704', 'LB831-BLC', 'GR-ST', 'LS-123', 'HCE-4', 'MS-1', 'LU-134-A', 'EW-13', 'SK-LMS-1', 'HC-1', 'KALS-1', 'LP-1', 'SCC-15', 'SIG-M5', 'MFH-ino', 'NCI-H2009', 'TE-15', 'LS-513', 'LB771-HNC', 'MRK-nu-1', 'MMAC-SF', 'DBTRG-05MG', 'KYSE-410', 'KYSE-180', 'SK-MEL-30', 'LS-1034', 'NCI-H1092', 'LAN-6', 'COLO-679', 'NCI-H2170', 'Lu-65', 'GDM-1', 'Panc1005', 'EW-18', 'HDLM-2', 'BC1 cell line', 'CP66-MEL', 'CESS', 'NCI-H1304', 'NY', 'SK-MEL-24', 'TGW', 'AM-38', 'LOUCY', 'IMR-5', 'COLO-824', 'DK-MG', 'NCI-H1651', 'COLO-680N', 'BEN', 'NCI-H2052', 'D-542MG', 'LB647-SCLC', 'EB2', 'CHP-126', 'SK-MM-2', 'SIMA', 'NCI-H1882', 'UMC-11', 'HT55', 'NCI-H1793', 'HCC1143', 'LC-1F', 'NCI-H345', 'SCLC-21H', 'DMS-153', 'NCI-H2141', 'SNG-M', 'SW948', 'ECC4', 'MHH-CALL-2', 'NCI-H1694', 'LU-165', 'NCI-H1522', 'TUR', 'KP-N-YN', 'SNU-C1', 'NCI-H838', 'NCI-H1618', 'NCI-H2227']"
CHEMBL589092,O=C(O)Cc1sc(-c2ccccc2)nc1-c1ccc(Cl)cc1,['G protein-coupled receptor 44']
CHEMBL596802,CCCN1CCC(c2cccc(S(C)(=O)=O)c2)CC1,['Dopamine receptor']
CHEMBL621,O=c1n(CCCN2CCN(c3cccc(Cl)c3)CC2)nc2ccccn12,"['Serotonin 1a (5-HT1a) receptor', 'Serotonin 7 (5-HT7) receptor']"
CHEMBL923,O=P(O)(O)C(O)(Cc1cccnc1)P(=O)(O)O,"['Farnesyl pyrophosphate synthase', 'Geranyltranstransferase']"
CHEMBL1098,CCCCN1CCCCC1C(=O)Nc1c(C)cccc1C,[]
CHEMBL1200544,CC1=C(C(=O)O)N2C(=O)[C@@H](NC(=O)[C@H](N)c3ccccc3)[C@H]2SC1.O,[]
CHEMBL1201182,CO[C@H]1C[C@@H]2CC[C@@H](C)[C@@](O)(O2)C(=O)C(=O)N2CCCC[C@H]2C(=O)O[C@H]([C@H](C)C[C@@H]2CC[C@@H](OC(=O)C(C)(CO)CO)[C@H](OC)C2)CC(=O)[C@H](C)/C=C(\C)[C@@H](O)[C@@H](OC)C(=O)[C@H](C)C[C@H](C)/C=C/C=C/C=C/1C,[]
CHEMBL1213250,Cn1c(N)c(NC(=O)NCCN)c[n+]1CC1=C(C(=O)O)N2C(=O)[C@@H](NC(=O)/C(=N\OC(C)(C)C(=O)[O-])c3nsc(N)n3)[C@H]2SC1.O=S(=O)(O)O,[]
CHEMBL1256472,Cl.Nc1ccn([C@@H]2O[C@H](CO)[C@@H](O)[C@@H]2O)c(=O)n1,[]
CHEMBL1256819,Cl.c1ccc(CN(CC2=NCCN2)c2ccccc2)cc1,[]
CHEMBL1467,Oc1ncnc2[nH]ncc12,['Purine nucleoside phosphorylase']
CHEMBL1569487,CN1C(C(=O)Nc2ccccn2)=C(O)c2sc(Cl)cc2S1(=O)=O,[]
CHEMBL1623,Cc1cccc(CN2CCN(C(c3ccccc3)c3ccc(Cl)cc3)CC2)c1,['Murine leukemia virus']
CHEMBL1670,Clc1ccc(C(c2ccccc2Cl)C(Cl)Cl)cc1,[]
CHEMBL1908364,O=C1CC[C@@](c2ccccc2)(C2CCN(Cc3ccccc3)CC2)C(=O)N1,['Muscarinic acetylcholine receptor']
CHEMBL2105634,CO[C@]1(C(=O)N[C@@H]2CC[C@@]3(C)[C@@H](CC[C@@H]4[C@@H]3CC[C@]3(C)[C@@H]([C@H](C)CCCC(C)C)CC[C@@H]43)C2)C[C@H](O)[C@@H](NC(C)=O)[C@H]([C@H](O)[C@H](O)CO)O1,[]
CHEMBL2107027,O=C([O-])CCCCCCCNC(=O)c1ccccc1O.[Na+],[]
CHEMBL2110651,C[N+]1(CCC(O)(c2ccccc2)c2cccs2)CCOCC1,"['Muscarinic acetylcholine receptor M3', 'Muscarinic acetylcholine receptor M4']"
CHEMBL2111081,Cc1sc[n+](CC(=O)c2ccccc2)c1C,[]
CHEMBL2170582,CNC(=O)COc1cccc(Nc2ncc(F)c(Nc3ccc4c(c3)NC(=O)C(F)(F)O4)n2)c1,['Tyrosine-protein kinase SYK']
CHEMBL253896,COc1cc(O)c(CC=C(C)C)c(O)c1C(=O)/C=C/c1ccc(O)cc1,[]
CHEMBL298734,NC(=O)N1CCC(CC(=O)N2CCC([C@H]3c4ncc(Br)cc4CCc4cc(Cl)cc(Br)c43)CC2)CC1,[]
CHEMBL3182733,CCCN[C@H]1CCc2nc(N)sc2C1.Cl.Cl.O,['Dopamine receptors; D1 & D2']
CHEMBL3304244,Cc1nn(-c2ncccc2CO)cc1CN1CCC2(CC1)OCC(F)(F)c1cc(Cl)sc12,[]
CHEMBL3545376,COc1cc(OC)cc(N(CCNC(C)C)c2ccc3ncc(-c4cnn(C)c4)nc3c2)c1,"['Vascular endothelial growth factor receptor 2', 'Fibroblast growth factor receptor 1', 'Fibroblast growth factor receptor 3', 'Fibroblast growth factor receptor 4', 'Fibroblast growth factor receptor 2']"
CHEMBL359164,Nc1ccn([C@@H]2CO[C@H](CO)O2)c(=O)n1,"['ADMET', 'Human adenovirus type 2', 'Hepatoma cell line']"
CHEMBL3621988,Nc1cc(F)ccc1NC(=O)c1ccc(CNC(=O)/C=C/c2cccnc2)cc1,"['HCT-116', 'Histone deacetylase 1', 'U-937', 'NCI-H661']"
CHEMBL3707331,C[C@@H](OC[C@@]1(c2ccccc2)CC[C@]2(CCC(=O)N2)CN1)c1cc(C(F)(F)F)cc(C(F)(F)F)c1,"['Neurokinin 1 receptor', 'Meriones unguiculatus']"
CHEMBL3975308,CC(C)(O)[C@H]1CC[C@H](Nc2ccc3ncc(-c4cccc(C(F)(F)F)c4)n3n2)CC1,['Serine/threonine-protein kinase PIM1']
CHEMBL419,NCc1ccc(S(N)(=O)=O)cc1,"['Carbonic anhydrase II', 'Carbonic anhydrase I']"
CHEMBL4297480,O=C(Nc1ccc(F)cc1)c1cnc(SCc2cc(OC(F)(F)F)ccc2B(O)O)nc1,[]
CHEMBL4298172,O=C(c1cccnc1-c1ccncc1)N1CCC(O)(Cc2ccccc2)CC1,[]
CHEMBL4800252,COC(=O)Nc1cc(C(F)(F)F)c(-c2nc(N3CCOCC3)c3cc(CN4CCN(S(C)(=O)=O)CC4)cn3n2)cn1,['SJRH30']
CHEMBL490665,CN(C(=O)/C=C/c1ccoc1)[C@@H]1CC[C@@]2(O)[C@H]3Cc4ccc(O)c5c4[C@@]2(CCN3CC2CC2)[C@H]1O5.Cl,[]
CHEMBL504535,CCCN1CC(c2ccc(S(C)(=O)=O)cc2)=C(c2ccc(C)cc2)C1=O,['Cyclooxygenase-1']
CHEMBL5095178,CC/C=C\C[C@H](O)/C=C/C=C\C/C=C\C/C=C\CCCC(=O)OCC,[]
CHEMBL5095497,COc1cc2cc(-c3ccc(CC(=O)Nc4cc(C(C)(C)C(F)(F)F)no4)cn3)cnc2cc1OC,[]
CHEMBL5314407,Cn1ccc(S(=O)(=O)N2CCC[C@@H](Nc3nccc(-c4c(-c5cccc(OCOP(=O)([O-])[O-])c5)nc5occn45)n3)C2)n1.[Na+].[Na+],[]
CHEMBL5314940,Cc1cn([C@H]2C[C@H]([18F])[C@@H](CO)O2)c(=O)[nH]c1=O,[]
CHEMBL563,CC(C(=O)O)c1ccc(-c2ccccc2)c(F)c1,"['Cyclooxygenase-2', 'Cyclooxygenase-1', 'Cyclooxygenase-1', 'Cyclooxygenase-2', 'N2a', 'Solute carrier family 22 member 6', 'Cyclooxygenase-1', 'Fatty acid-binding protein, liver']"
CHEMBL691,C#C[C@]1(O)CC[C@H]2[C@@H]3CCc4cc(O)ccc4[C@H]3CC[C@@]21C,['Sulfotransferase 1A1']
CHEMBL81,O=C(c1ccc(OCCN2CCCCC2)cc1)c1c(-c2ccc(O)cc2)sc2cc(O)ccc12,"['Estrogen receptor alpha', 'Estrogen receptor beta', 'Estrogen receptor', 'Ishikawa', 'Estrogen receptor alpha', 'Aldehyde oxidase']"
CHEMBL827,COC(=O)[C@H](c1ccccc1)[C@H]1CCCCN1,['Dopamine transporter']
CHEMBL877,NC[C@H]1CC[C@H](C(=O)O)CC1,['Betaine transporter']
CHEMBL105442,O=C(NOCC1CC1)c1ccc(F)c(F)c1Nc1ccc(I)cc1Cl,['Dual specificity mitogen-activated protein kinase kinase 1']
CHEMBL1200748,C[C@@](Cc1ccc(O)c(O)c1)(NN)C(=O)O.O,[]
CHEMBL1201329,O=C1N(Cc2ccccc2)C2C[S+]3CCCC3C2N1Cc1ccccc1,[]
CHEMBL1289110,CN1c2ccccc2C(NCCCCCCC(=O)O)c2ccc(Cl)cc2S1(=O)=O,[]
CHEMBL1322884,CC(C)=CC1C(C(=O)OCc2cccc(Oc3ccccc3)c2)C1(C)C,[]
CHEMBL1697771,O=C(NC(Cc1cc(=O)[nH]c2ccccc12)C(=O)O)c1ccc(Cl)cc1,[]
CHEMBL1697826,CCCC(=O)c1ccc2c(c1)N(CCCN1CCN(C)CC1)c1ccccc1S2,[]
CHEMBL1933349,COc1ccc2cc(-c3cc(-c4cc(Cl)cc(Cl)c4)nn3[C@@H](C)c3ccc(C(=O)NCCC(=O)O)cc3)ccc2c1,"['Glucagon receptor', 'Vasoactive intestinal polypeptide receptor 2']"
CHEMBL2104318,O=S(=O)([O-])CCSSCCS(=O)(=O)[O-].[Na+].[Na+],[]
CHEMBL2111100,CCCCCCCCCCCCCCCC(=O)OC[C@H](COP(=O)(O)OCCNC(=O)[C@H](C)NC(=O)CC[C@@H](NC(=O)[C@H](C)NC(=O)[C@@H](C)O[C@H]1[C@H](O)[C@@H](CO)OC(O)[C@@H]1NC(C)=O)C(N)=O)OC(=O)CCCCCCCCCCCCCCC,[]
CHEMBL22097,CN1C(=O)C(O)N=C(c2ccccc2Cl)c2cc(Cl)ccc21,[]
CHEMBL3317857,O=C(O)C[C@@H]1CC[C@H](NC(=O)Cc2cccs2)B(O)O1,[]
CHEMBL3545108,O=C(NCC12CC3CC(CC(C3)C1)C2)c1cc(CCCNCCCO)ccc1Cl,['P2X purinoceptor 7']
CHEMBL3686884,CNC(=O)n1ccc2cc(Oc3ccnc(NC(=O)c4ccc(C5CCN(CCO)CC5)cc4)c3)c(OCCOC)cc21,['Fibroblast growth factor receptor 1']
CHEMBL3707239,Cn1c(=O)c2c(ncn2CCOC(=O)c2cccnc2)n(C)c1=O,[]
CHEMBL3707287,O=C([O-])c1cccnc1.O=C([O-])c1cccnc1.O=C([O-])c1cccnc1.[Al+3],[]
CHEMBL3707390,CN1C(=O)N(C)C2C1N(C)C(=O)N2C,[]
CHEMBL3781751,N[C@H]1CC[C@H](N[C@@H]2C[C@H]2c2ccccc2)CC1,"['Lysine-specific histone demethylase 1', 'Lysine-specific histone demethylase 1B']"
CHEMBL3939295,C=CC(=O)Nc1cc(N2CCN(CC)CC2)ccc1Nc1cc(N(C)C(=O)Nc2c(Cl)c(OC)cc(OC)c2Cl)ncn1,"['Fibroblast growth factor receptor 1', 'Fibroblast growth factor receptor 4']"
CHEMBL395091,CN[C@]1(c2ccccc2Cl)CCCCC1=O,[]
CHEMBL3989825,CC1(C)N=C(N)N=C(N)N1c1ccc(Cl)cc1.CC1(C)N=C(N)N=C(N)N1c1ccc(Cl)cc1.O=C(O)c1cc2ccccc2c(Cc2c(O)c(C(=O)O)cc3ccccc23)c1O,[]
CHEMBL4297609,Cc1cc(-c2ccccc2)c(C(=O)C(=O)Nc2ccc(N3CCN(c4ncc(F)cn4)CC3)cc2)n1C,[]
CHEMBL4297643,Cc1cccc(/C=N/Nc2cc(N3CCOCC3)nc(OCCc3ccccn3)n2)c1,['Unchecked']
CHEMBL4594450,CC(C)Cc1ccc(C(C)C(=O)O)cc1.N=C(N)NCCC[C@H](N)C(=O)O,[]
CHEMBL4650223,Cc1ccc(C(=O)Oc2ccc(C(CN(C)C)C3(O)CCCCC3)cc2)cc1.Cl.O.O,[]
CHEMBL5314604,C=CC(=O)N1CCN(c2nc(OC[C@@H]3CCCN3C)nc3c(F)c(-c4nc(N)cc(C)c4C(F)(F)F)c(Cl)cc23)[C@@H](C)C1.O=C(O)CCCCC(=O)O,['GTPase KRas']
CHEMBL5314963,CC(C)(N)CO.O=C(O)C[C@@H](c1ccc(OC(F)F)nc1)N1CCN(CCCc2ccc3c(n2)NCCC3)C1=O,[]
CHEMBL600,CC(=O)N[C@@H](CS)C(=O)O,"['Carboxypeptidase A1', 'Dihydroorotase', 'D-alanyl-D-alanine dipeptidase']"
CHEMBL642,CCCC(=O)Nc1ccc(OCC(O)CNC(C)C)c(C(C)=O)c1,[]
CHEMBL1090090,NC(=O)c1ccc(N(C(N)=O)c2c(F)cccc2F)nc1-c1ccc(F)cc1F,"['MAP kinase p38 alpha', 'LAMA-84', 'HAL-01', 'EW-3', 'NCI-H209', 'HCC2218', 'KY821', 'SBC-1', 'LU-139', 'NCI-H720', 'EW-18', 'CP66-MEL', 'NCI-H510A', 'D-542MG', 'NBsusSR', 'MOLT-13', 'TI-73', 'ECC10']"
CHEMBL1200398,Clc1ccc(CCC(Cn2ccnc2)Sc2c(Cl)cccc2Cl)cc1.O=[N+]([O-])O,"['Arachidonate 15-lipoxygenase, type II', 'T-cell surface antigen CD4', 'Cytochrome P450 121']"
CHEMBL1200656,C[C@@H]1C/C=C/C=C/C=C/C=C/[C@H](O[C@@H]2O[C@H](C)[C@@H](O)[C@H](N)[C@@H]2O)C[C@@H]2O[C@](O)(C[C@@H](O)C[C@H]3O[C@@H]3/C=C/C(=O)O1)C[C@H](O)[C@H]2C(=O)O,[]
CHEMBL1200879,CC(=O)CC(c1ccccc1)c1c([O-])c2ccccc2oc1=O.[Na+],[]
CHEMBL1200887,COc1cc(C(=O)NCc2ccc(OCCN(C)C)cc2)cc(OC)c1OC.Cl,[]
CHEMBL1201746,C#CCC(Cc1cnc2nc(N)nc(N)c2n1)c1ccc(C(=O)N[C@@H](CCC(=O)O)C(=O)O)cc1,['L1210']
CHEMBL1240705,O=C(O)C1=CC[C@@H]2CC(=O)N12,"['Beta-lactamase SHV-1', 'Bacterial beta-lactamase TEM']"
CHEMBL139367,CCC(CC)[C@H](NC(C)=O)[C@@H]1[C@H](O)[C@@H](C(=O)O)C[C@H]1NC(=N)N,"['Influenza A virus', 'Neuraminidase', 'Neuraminidase', 'unidentified influenza virus', 'Neuraminidase', 'Influenza B virus (B/Lee/40)', 'Neuraminidase', 'Neuraminidase']"
CHEMBL1585,O=C(CCBr)N1CCN(C(=O)CCBr)CC1,[]
CHEMBL1721885,Cc1[nH]c(/C=C2\C(=O)Nc3ccc(F)cc32)c(C)c1C(=O)NC[C@H](O)CN1CCOCC1,"['Vascular endothelial growth factor receptor 2', 'Platelet-derived growth factor receptor beta', 'Tyrosine-protein kinase receptor RET', 'Tyrosine-protein kinase receptor UFO', 'Dual specificity mitogen-activated protein kinase kinase 1', 'Casein kinase I delta', 'Serine/threonine-protein kinase TBK1', 'Tyrosine-protein kinase YES', 'Proto-oncogene tyrosine-protein kinase MER', 'Tyrosine-protein kinase receptor TYRO3', 'Serine/threonine-protein kinase/endoribonuclease IRE1', 'Serine/threonine-protein kinase PAK 1', 'Casein kinase II alpha (prime)', 'G protein-coupled receptor kinase 5', 'Dual specificity mitogen-activated protein kinase kinase 2', 'NUAK family SNF1-like kinase 1', 'Phosphorylase kinase gamma subunit 2', 'CaM-kinase kinase beta', 'Serine/threonine-protein kinase 17B', 'Dual specificity mitogen-activated protein kinase kinase 5', 'Ephrin type-B receptor 2', 'Serine/threonine-protein kinase SIK2', 'Platelet-derived growth factor receptor', 'G protein-coupled receptor kinase 6', 'Ribosomal protein S6 kinase alpha 6', 'Ribosomal protein S6 kinase alpha 4', 'Serine/threonine-protein kinase ULK1', 'Myosin light chain kinase, smooth muscle', 'Homeodomain-interacting protein kinase 1', 'Eukaryotic translation initiation factor 2-alpha kinase 4', 'Serine/threonine-protein kinase 16', 'SNU-5', 'Protein kinase N1', 'Ephrin type-A receptor 3', 'Serine/threonine-protein kinase SIK1', 'Cyclin-dependent kinase 13', 'Bone morphogenetic protein receptor type-1A', 'Interferon-induced, double-stranded RNA-activated protein kinase', 'MAP/microtubule affinity-regulating kinase 4', 'AMP-activated protein kinase, alpha-2 subunit', 'Interleukin-1 receptor-associated kinase 3', 'HAL-01', 'Serine/threonine-protein kinase MARK1', 'Serine/threonine-protein kinase 33', 'Serine/threonine-protein kinase PCTAIRE-1', 'Serine/threonine-protein kinase MST4', 'Ephrin type-B receptor 6', 'SPS1/STE20-related protein kinase YSK4', 'NUAK family SNF1-like kinase 2', 'Bone morphogenetic protein receptor type-1B', 'Citron Rho-interacting kinase', 'Ephrin type-A receptor 8', 'Serine/threonine-protein kinase SIK3', 'Ephrin type-A receptor 5', 'Dual specificity mitogen-activated protein kinase kinase 6', 'Ephrin type-B receptor 1', 'Mitogen-activated protein kinase 15', 'Ephrin type-A receptor 7', 'Tyrosine-protein kinase CTK', 'BR serine/threonine-protein kinase 2', 'Phosphorylase kinase gamma subunit 1', 'CaM kinase IV', 'Serine/threonine-protein kinase ULK3', 'Ephrin type-A receptor 6', 'Serine/threonine-protein kinase ULK2', 'Serine/threonine-protein kinase LATS2', 'CaM-kinase kinase alpha', 'Uncharacterized protein FLJ45252', 'Serine/threonine-protein kinase NEK6', 'KY821', 'Bone morphogenetic protein receptor type-2', 'Mitogen-activated protein kinase kinase kinase 3', 'Dual specificity mitogen-activated protein kinase kinase 3', 'Activin receptor type-2A', 'Serine/threonine-protein kinase Sgk3', 'Serine/threonine-protein kinase PAK 3', 'Serine/threonine-protein kinase 24', 'Rhodopsin kinase', 'Serine/threonine-protein kinase PAK7', 'Serine/threonine-protein kinase 36', 'Serine/threonine-protein kinase ICK', 'Phosphatidylinositol-5-phosphate 4-kinase type-2 beta', 'Myosin light chain kinase', 'Serine/threonine-protein kinase PAK6', 'Chaperone activity of bc1 complex-like, mitochondrial', 'Serine/threonine-protein kinase 25', 'Serine/threonine-protein kinase RIO1', 'Dual specificity testis-specific protein kinase 1', 'Myosin light chain kinase family member 4', 'Phosphatidylinositol-4-phosphate 5-kinase type-1 alpha', 'CaM kinase I gamma', 'Cyclin-dependent kinase-like 2', 'COR-L279', 'Serine/threonine-protein kinase PCTAIRE-3', 'Ankyrin repeat and protein kinase domain-containing protein 1', 'cAMP-dependent protein kinase beta-1 catalytic subunit', 'Casein kinase I isoform alpha-like', 'Ferrochelatase, mitochondrial', 'Receptor-interacting serine/threonine-protein kinase 4', 'Serine/threonine-protein kinase 35', 'Uncharacterized aarF domain-containing protein kinase 4', 'Serine/threonine-protein kinase tousled-like 1', 'Serine/threonine-protein kinase SBK1', 'Serine/threonine-protein kinase OSR1', 'Dual serine/threonine and tyrosine protein kinase', 'Melanoma cell line', 'Serine/threonine-protein kinase 32A', 'Serine/threonine-protein kinase 32B', 'Serine/threonine-protein kinase tousled-like 2', 'Myosin-IIIB', 'Serine/threonine-protein kinase PRP4 homolog', 'Microtubule-associated serine/threonine-protein kinase 1', 'Serine/threonine-protein kinase MRCK gamma', 'Cyclin-dependent kinase-like 5', 'Serine/threonine-protein kinase 38-like', 'Myosin IIIA', 'Serine/threonine-protein kinase 38', 'Mitogen-activated protein kinase kinase kinase 15', 'Protein delta homolog 1', 'SK-MEL19', 'Cyclin-dependent kinase-like 1', 'cAMP-dependent protein kinase, gamma catalytic subunit', 'SNF-related serine/threonine-protein kinase', 'CDK2/Cyclin O', 'Phosphorylase kinase', 'Serine/threonine-protein kinase/endoribonuclease IRE2', 'ULK3 kinase', 'Serine/threonine-protein kinase N3', 'CDK1/Cyclin E', 'Cell division control protein 2 homolog', 'Fibroblast growth factor receptor 1', 'cAMP-dependent protein kinase alpha-catalytic subunit', 'Serine/threonine-protein kinase MST2', 'Pseudopodium-enriched atypical kinase 1', 'Pyridoxal kinase', 'Insulin-like growth factor II receptor']"
CHEMBL1761322,CCS(=O)(=O)CCCC12CCC(c3nnc(-c4ccccc4C(F)(F)F)n3C)(CC1)CC2,"['11-beta-hydroxysteroid dehydrogenase 1', '11-beta-hydroxysteroid dehydrogenase 1', '11-beta-hydroxysteroid dehydrogenase 2']"
CHEMBL188921,COc1cc(OC)c(C(=O)CCCN2CCCC2)c(OC)c1,[]
CHEMBL197672,C[C@H](NC(=O)C(=O)Nc1ccccc1C(C)(C)C)C(=O)N[C@@H](CC(=O)O)C(=O)COc1c(F)c(F)cc(F)c1F,"['Jurkat', 'THP-1', 'Caspase-3', 'Caspase-8', 'Caspase-6', 'Caspase-1', 'SKW 6.4']"
CHEMBL2023898,COC(=O)N[C@H](C(=O)N1CCC[C@H]1c1ncc(-c2ccc(-c3ccc(-c4cnc([C@@H]5CCCN5C(=O)[C@@H](NC(=O)OC)C(C)C)[nH]4)cc3)cc2)[nH]1)C(C)C,['Hepatitis C virus']
CHEMBL2103840,CCc1cnn2c(NCc3ccc[n+]([O-])c3)cc(N3CCCC[C@H]3CCO)nc12,"['Cyclin-dependent kinase 2/cyclin E1', 'Cyclin-dependent kinase 2/cyclin A', 'Cyclin-dependent kinase 7', 'HT', 'NU-DUL-1', 'SK-N-BE(2)-M17']"
CHEMBL2104146,O=C([O-])O.O=S(=O)(O)c1cc(I)c(O)c2ncccc12.[Na+],[]
CHEMBL219568,Nc1nc2[nH]cnc2c(=O)[nH]1,['Purine-nucleoside phosphorylase']
CHEMBL3545185,O=C(/C=C\n1cnc(-c2cc(C(F)(F)F)cc(C(F)(F)F)c2)n1)NNc1cnccn1,['Exportin-1']
CHEMBL356359,CCCCN1CCC(CNC(=O)c2c3n(c4ccccc24)CCCO3)CC1,['Serotonin 4 (5-HT4) receptor']
CHEMBL3989522,O.O=C([O-])CN(CCN(CC(=O)[O-])CC(=O)[O-])CC(=O)[O-].[Ca+2].[Na+].[Na+],[]
CHEMBL468,O=C1CCC(N2C(=O)c3ccccc3C2=O)C(=O)N1,['Cereblon isoform 4']
CHEMBL5095044,Cc1sc(C(=O)c2cncnc2N[C@@H]2CC[C@H](COS(N)(=O)=O)[C@H]2O)cc1[C@@H]1NCCc2ccc(Cl)cc21,"['SUMO-activating enzyme', 'NEDD8 activating enzyme']"
CHEMBL5095184,CC1=C(OCc2cccc(-c3ccccc3)c2Br)C=C(OCc2cccnc2)C(CN[C@@H](CO)C(=O)OC(C)C)C1,['Programmed cell death protein 1/Programmed cell death 1 ligand 1']
CHEMBL5095404,CNc1nc(N)nc2c1ncn2[C@@H]1O[C@H](COP(=O)(N[C@@H](C)C(=O)OC(C)C)Oc2ccccc2)[C@@H](O)[C@@]1(C)F,['Hepatitis C virus']
CHEMBL578211,CN1C(=O)CC[C@H]1c1cccnc1,[]
CHEMBL579205,CNc1ccc(-c2nc3ccc(O)cc3s2)cc1F,"['Beta amyloid A4 protein', 'Sulfotransferase 1A1']"
CHEMBL888,Nc1ccn([C@@H]2O[C@H](CO)[C@@H](O)C2(F)F)c(=O)n1,"['HCT-116', 'COLO 205', 'HT-1080', 'AGS', 'HGC-27', 'KG-1', 'A-427', 'NCI-H1650', 'SW1573', 'Kasumi 1', 'KARPAS-422', 'SW1990', 'J82', 'NCI-H292', 'Daoy', 'PA-1', 'C8166', 'U-266', 'MKN-28', 'CAL-51', 'DOHH-2', 'SK-MES-1', 'MG-63', 'OCI-AML2', 'A2058', 'MSTO-211H', 'RT-112', 'NCI-H661', 'NCI-H2122', 'HCC1806', 'DU-4475', 'SAOS-2', 'SK-LU-1', 'BV-173', 'SW48', '697', 'SNU-5', 'UMUC3', 'LC-2-ad', 'AN3-CA', 'CFPAC-1', 'KU812 cell line', 'LAMA-84', 'HT', 'PSN1', 'AU565', 'KYSE-520 cell line', 'SJRH30', 'Capan-2', 'NOMO-1', 'SW982', 'NCI-H596', 'DEL', 'GOTO', 'NCI-H526', 'RD', 'Ca9-22', 'NOS-1', 'HAL-01', 'HuTu80', 'EW-16', 'KS-1', 'ML-2', 'SW 954', 'NKM-1', 'MKN-7', 'SNU1', 'QIMR-WIL', 'ONS-76', 'A101D', 'L-363', 'CTV-1', 'CHL-1', 'BB30-HNC', 'SAS', 'U-118-MG', 'NCI-H1792', 'ACN', 'SNU-423', 'MKN-1', 'HT-144', 'TE-12', 'KARPAS-45', 'TE-8', 'SK-MEL-1', 'LXF-289 cell line', 'LB2241-RCC', 'COLO-829', 'A3-KAW', 'KYSE-510', 'KGN', 'ETK-1', 'A4-Fuk', 'ES4', 'Calu-3', 'CTB-1', 'SW872', 'ES8', 'SK-NEP-1', 'SH-4', 'EM-2', 'BB65-RCC', 'NTERA-2-cl-D1', 'SW 962', 'MZ1-PC', '8-MG-BA', 'NCI-H82', 'SK-N-AS', 'MOLT-16', 'GI-ME-N', 'NB69', 'ES1', 'GB-1', 'CGTH-W-1', 'GI-1', 'A388', 'NEC8', 'NCI-H747', 'LCLC-103H cell line', 'PLC-PRF-5', 'ME-180', 'SNU-387', 'JAR', 'HH', 'NCI-H1355', 'L-540', 'TE-10', 'SF-126', 'DB', 'OCUB-M', 'HT1197', 'VA-ES-BJ', 'KURAMOCHI', 'SW780', 'GCIY', 'ES6', 'SK-UT-1', 'NCI-H1437', 'RL', 'CHO-K1', 'SCC-25', 'Becker', 'BE-13', 'MHH-PREB-1', 'NMC-G1', 'G-401', 'REH', 'MZ2-MEL', 'SW1088', 'SK-N-DZ', 'IST-MEL1', 'Ramos-2G6-4C10', 'NB13', 'GT3TKB', 'MLMA', 'EW-1', 'LS-411N', 'KE-37', 'IA-LM', 'T84', 'NCI-H1648', 'TE-9', 'Ca-Ski', 'A704', 'LB831-BLC', 'ST486', 'GR-ST', 'L-428', 'SCC-4', 'TE-11', 'EW-3', 'J-RT3-T3-5', 'LS-123', 'K5', 'NCI-H209', 'A204', 'HCE-4', 'HD-MY-Z', 'A253 cell line', 'ATN-1', 'C2BBe1', 'MS-1', 'C-33-A', 'DSH1', 'MC116', 'LU-134-A', 'D-263MG', 'no-11', 'HCE-T', 'NB10', 'NB5', 'MZ7-mel', 'CMK', 'P30-OHK', 'BFTC-905', 'MEL-HO', 'NH-12', 'MPP-89', 'SK-N-FI', 'MeWo', 'EW-13', 'GAMG', 'KNS-42', 'SK-LMS-1', 'HSC-2', 'HC-1', 'SK-PN-DW', 'TE-5', 'KALS-1', 'G-402', 'YAPC', 'HuP-T4', 'SW626', 'CHP-212', 'MEL-JUSO', 'D283 Med', 'CAL-33', 'HCC2218', 'LB2518-MEL', 'LP-1', 'MHH-NB-11', 'BPH-1', 'TE-6', 'YKG-1', 'HSC-3', 'SCC-15', 'NCI-H2126', 'NCI-H1155', 'IST-SL1', 'SIG-M5', 'KINGS-1', 'IST-MES1', 'FTC-133', 'CAL-12T', 'TGBC1TKB', 'TCC-SUP', 'Detroit562', 'D-502MG', 'MFH-ino', 'NB6', 'SHP77', 'COLO-684', 'NCI-H1417', 'SNU-C2B', 'NCI-H1770', 'RH-1', 'CAL-39', 'KLE', 'CAS-1', 'NCI-H2009', 'MN-60', 'LS-513', 'LB771-HNC', 'KMOE-2', 'BB49-HNC', 'NCI-H2030', 'SW 1116', 'HLE', 'MC-IXC', 'KY821', 'BHT-101', 'CAL-54', 'ES3', 'ES5', 'SBC-1', 'MRK-nu-1', 'MMAC-SF', 'COLO-668', 'KP-N-YS', 'HuCCT-1', 'DBTRG-05MG', 'EFO-27', 'TGBC24TKB', 'KYSE-410', 'LU-139', 'NCI-H1963', 'SU-DHL-1', 'P12-Ichikawa', 'KYSE-180', 'SK-MEL-30', 'IGR-1', 'LS-1034', 'CAMA-1', 'PF-382', 'NCI-H1092', 'no-10', 'HO-1-N-1', 'LNCaP-Clone-FGC', 'MHH-ES-1', 'HTC-C3', 'HMV-2 cell line', 'GP5d', 'RPMI-2650', 'KM-H2', 'NCI-H720', 'DJM-1', 'LAN-6', 'COLO-679', 'ESS-1', 'OAW-42', 'HT-1376', 'NCI-H2170', 'JVM-3', 'COLO-800', 'OMC-1', 'Lu-65', 'KNS-81-FD', 'GDM-1', 'NB17', 'CAL-62', 'EW-11', 'RVH-421', 'TYK-nu', 'NCI-H2087', 'Panc1005', 'NCI-H2342', 'HN', 'VM-CUB-1', 'H-EMC-SS', 'IST-SL2', 'JVM-2', 'LU-99A', 'EW-18', 'HCC38', 'SCC-9', 'HT-3', 'D-247MG', 'RCC10RGB', 'HDLM-2', 'RPMI-8866', 'BC1 cell line', 'COLO-320-HSR', 'COR-L88', 'M059J', 'GAK', 'NCI-H810', 'CP66-MEL', 'HCC2157', 'NCCIT', 'NB14', 'RPMI-6666', 'DoTc2-4510', 'NCI-H650', 'D-392MG', 'JIYOYE', 'CESS', 'NB12', 'NCI-H1304', 'NY', 'KU-19-19', 'SK-MEL-24', 'LK-2', 'NCI-H510A', 'BC-3', 'NCI-H2347', '647-V', 'COLO-678', 'KOSC-2', 'C3A', 'RERF-LC-MS', 'TGW', 'DMS-79', 'MDA-MB-415', 'CAL-120', 'HPAF-II', 'AM-38', 'S-117', 'RCM-1', 'LOUCY', 'LB373-MEL-D', 'HCC1599', 'DG-75', 'NB7', 'MDA-MB-175-VII', 'NCI-H1755', 'IMR-5', 'SKG-IIIa', '23132-87', 'SW13', 'MC-CAR', 'RO82-W-1', 'HSC-4', 'COLO-824', 'EGI-1', 'HCC1395', 'NCI-H1573', 'HEC-1', 'DK-MG', 'NCI-H1563', 'NCI-H1651', 'OAW-28', 'MFE-280', 'GMS-10', 'ARH-77', 'CaR-1', 'SW756', 'COLO-680N', 'NCI-H1395', 'EW-24', 'COLO-792', 'NCI-H1693', 'COLO-741', 'PFSK-1', 'CP50-MEL-B', 'SK-CO-1', 'BEN', 'JEG-3', 'NCI-H2052', 'D-542MG', 'LB647-SCLC', 'SW1417', 'YT', 'SW684', 'NBsusSR', 'MFM-223', 'SCC-3', 'EHEB', 'COR-L279', 'EB2', 'CCF-STTG1', 'HCC1419', 'RMG-I', 'SCH', 'EB-3', 'EVSA-T', 'CHP-126', 'SK-MM-2', 'LN-405', 'SIMA', 'EPLC-272H', 'NCI-H1882', 'UMC-11', 'HT55', 'TE-441-T', 'NCI-H1793', 'ZR-75-30', 'HCC1143', 'CAL-148', 'WSU-NHL', 'BOKU', 'NCI-H1048', 'K052', 'MOLT-13', 'NCI-H64', 'LC-1F', 'NCI-H345', 'J774.2', 'NCI-H2452', 'UACC-893', 'EC-GI-10', 'U-698-M', 'TI-73', 'NCI-H630', 'SCLC-21H', 'DMS-153', 'NCI-H2141', 'CPC-N', 'EW-22', 'SW948', 'ECC10', 'NCI-H1436', 'ECC4', 'MHH-CALL-2', 'NCI-H2196', 'NCI-H1694', 'SW1463', 'IMR-90', 'NCI-H1838', 'YH-13', 'KNS-62', 'LU-165', 'NCI-H1522', 'DMS-53', 'SNU-475', 'TGBC11TKB', 'OC-314', 'NCI-H748', 'NCI-H719', 'NCI-H889', 'EW-7', 'TUR', 'NCI-H2081', 'MDA-MB-134-VI', 'KP-N-YN', 'CW-2', 'C-4-II', 'NCI-H1666', 'IPC-298', 'KMS-12-PE', 'NCI-H838', 'RH-18', 'NCI-H2291', 'UACC-812', 'NCI-H1618', 'CEM-DNR', 'SW900', 'TSU', 'NCI-H647', 'K562/VCR', 'BALL-1', 'NCI-H2227', 'LU-135', 'NCI-H2029', 'P31-FUJ', 'RXF 944', 'MAXF401 cell line', 'Lung LXF 629L tumor cell line', 'LS180', 'SW620/AD300', 'WI-38 VA13', 'HEL 299', '9L', 'AZ-521 cell line', 'C2D cell line', 'C2G cell line', 'WISH', 'MCF10', 'DC3F', 'Solute carrier organic anion transporter family member 1A4', 'UCLA P-3', 'YOSHIDA', 'WALKER', 'Shiga toxin 1 variant A subunit', 'Insulin-like growth factor II receptor']"
CHEMBL900,Cc1ccccc1C(OCCN(C)C)c1ccccc1,[]
CHEMBL1200809,CN1CCCC(n2nc(Cc3ccc(Cl)cc3)c3ccccc3c2=O)CC1.Cl,[]
CHEMBL1200820,CCN1CCN(C(=O)N[C@@H](C(=O)N[C@@H]2C(=O)N3[C@@H]2SC(C)(C)[C@@H]3C(=O)[O-])c2ccccc2)C(=O)C1=O.[Na+],['PER-2 beta-lactamase']
CHEMBL1200873,CS(=O)(=O)O.Cc1ccc(N(CC2=NCCN2)c2cccc(O)c2)cc1,[]
CHEMBL1219,COCCCOc1ccnc(C[S+]([O-])c2nc3ccccc3[nH]2)c1C,"['Canis familiaris', 'Potassium-transporting ATPase', 'Potassium-transporting ATPase', 'Potassium-transporting ATPase alpha chain 1', 'Histone-lysine N-methyltransferase 2A/WDR5', 'NAD(+) hydrolase SARM1']"
CHEMBL1405,C[C@]12CC[C@@H]3c4ccc(O)cc4CC[C@H]3[C@@H]1CCC2=O,"['Estrogen receptor alpha', 'Estrogen receptor beta', 'Estradiol 17-beta-dehydrogenase 1', 'Steryl-sulfatase', 'Estrogen receptor', 'Estrogen receptor alpha', 'Estrogen receptor beta']"
CHEMBL1422,N[C@@H](CC(=O)N1CCn2c(nnc2C(F)(F)F)C1)Cc1cc(F)c(F)cc1F,['Dipeptidyl peptidase IV']
CHEMBL1445,C[C@]1(O)CC[C@H]2[C@@H]3CCC4=CC(=O)CC[C@]4(C)[C@@]3(F)[C@@H](O)C[C@@]21C,"['Testis-specific androgen-binding protein', 'Progesterone receptor', 'Corticosteroid binding globulin']"
CHEMBL1528134,CN(C)CCCOc1nn(Cc2ccccc2)c2ccccc12.Cl,[]
CHEMBL1720,Cl.O=C1c2cccc3c2[C@H](CCC3)CN1[C@@H]1CN2CCC1CC2,['Serotonin 3 (5-HT3) receptor']
CHEMBL17423,COc1ccc(C(=O)N2CCN(c3ccc4c(c3)CCC(=O)N4)CC2)cc1OC,[]
CHEMBL1939499,N#Cc1cc(Cl)cc(Oc2c(Cl)ccc3c2cnn3Cc2n[nH]c3ncccc23)c1,['Human immunodeficiency virus type 1 reverse transcriptase']
CHEMBL2074689,Cl.Cl.Cl.O[C@@H](COc1cccc2ncccc12)CN1CCN([C@@H]2c3ccccc3[C@@H]3[C@H](c4ccccc42)C3(F)F)CC1,[]
CHEMBL2103868,COc1cc2nccc(Oc3ccc(NC(=O)C4(C(=O)Nc5ccc(F)cc5)CC4)cc3)c2cc1OC.O=C(O)C[C@H](O)C(=O)O,"['Vascular endothelial growth factor receptor 2', 'Hepatocyte growth factor receptor']"
CHEMBL2104089,CC(C)(N)CO.Cn1c(=O)c2[nH]cnc2n(C)c1=O,[]
CHEMBL2104751,COc1ccc2c3c1O[C@H]1C(OC(C)=O)=CC[C@H]4[C@@H](C2)N(C)CC[C@]314,[]
CHEMBL2381848,CCC[C@H](Oc1cc(C)c(-n2cc(C(F)(F)F)cn2)c(C)c1)c1ccc(C(=O)NCCC(=O)O)cc1,['Glucagon receptor']
CHEMBL2386081,O=C(O)Cn1c2c(c3cc(F)ccc31)CN(C(=O)c1cccc3ccccc13)CC2,['G protein-coupled receptor 44']
CHEMBL29292,CC(C)C[C@H](NC(=O)[C@@H](O)[C@H](N)Cc1ccccc1)C(=O)O,[]
CHEMBL3301616,CS(=O)(=O)O.Cc1nc(NNC(=O)[C@H](CC2CCCC2)CN(O)C=O)c(F)c(N2CCN3CCOC[C@@H]3C2)n1,['Peptide deformylase']
CHEMBL3707290,C=C(CCCCCCCCCCCCCCCc1nnn[nH]1)NS(=O)(=O)CCCC(=O)NCCOCCOCC(=O)N[C@@H](CCC(=O)N[C@@H](CCC(=O)NCCOCCOCC(=O)N[C@@H](CCCCNC(=O)CSC[C@H](N)C(=O)O)C(N)=O)C(=O)O)C(=O)O,[]
CHEMBL396290,COc1ccc(/C=C/C(=O)OCCCCO[N+](=O)[O-])cc1OC(=O)CC[C@@H](C)[C@H]1CC[C@H]2[C@@H]3[C@@H](O)C[C@@H]4C[C@H](O)CC[C@]4(C)[C@H]3CC[C@]12C,[]
CHEMBL4162752,O=C(O)CNC(=O)c1ncc(C#CCOc2ccc(Cl)cc2)cc1O,['Egl nine homolog 1']
CHEMBL4206492,O=c1[nH]c(Cc2ccccn2)nc2c1cnn2C1CCOCC1,['Phosphodiesterase 9A']
CHEMBL4297087,CCN(CC)CCCOC(=O)C1(c2ccccc2)CC2CCC1C2,"['Muscarinic acetylcholine receptor M1', 'Muscarinic acetylcholine receptor M3']"
CHEMBL4594258,CCCC[C@](C)(CO)Nc1nc(N)nc2cc(F)cnc12,['Toll-like receptor 8']
CHEMBL4594445,CNCc1cn(S(=O)(=O)c2cccc(F)c2)c(-c2ccc(F)cc2F)c1OC,[]
CHEMBL5199076,Cc1cc2c(C(N)=O)c(N)n(-c3c(C)ccc(O)c3C)c2nc1C,['Tyrosine- and threonine-specific cdc2-inhibitory kinase']
CHEMBL524004,C[N+]1(C)CCCC(OC(=O)C(O)(c2ccccc2)c2ccccc2)C1,['Muscarinic acetylcholine receptor M3']
CHEMBL546,C=CCOc1ccccc1OCC(O)CNC(C)C,[]
CHEMBL590985,Nc1nc(N)c2nc(CNc3ccc(C(=O)N[C@@H](CCCNC(=O)c4ccccc4C(=O)O)C(=O)O)cc3)cnc2n1,[]
CHEMBL963,CN1CC[C@]23c4c5ccc(O)c4O[C@H]2C(=O)CC[C@@]3(O)[C@H]1C5,['Opioid receptors; mu & kappa']
CHEMBL1110,Cc1[nH]cnc1CN1CCc2c(c3ccccc3n2C)C1=O,['Serotonin 3 (5-HT3) receptor']
CHEMBL1194325,O=C(O[C@H]1C[N+]2(CCCOc3ccccc3)CCC1CC2)C(O)(c1cccs1)c1cccs1,['Muscarinic acetylcholine receptor M3']
CHEMBL1236970,[Zn+2],['Carbonic anhydrase V']
CHEMBL1342,O=C(O)CCCO,"['GABA-B receptor', 'Olfactory receptor 51E2', 'Gamma-hydroxybutyrate receptor', 'Meloidogyne incognita', 'Solute carrier family 22 member 6', 'Solute carrier family 22 member 20', 'GABA receptor alpha-1 subunit']"
CHEMBL1372,N[C@@H](CCC(=O)N[C@@H](CSSC[C@H](NC(=O)CC[C@H](N)C(=O)O)C(=O)NCC(=O)O)C(=O)NCC(=O)O)C(=O)O,[]
CHEMBL1492500,CN(C)CC/C=C1\c2ccccc2CSc2ccccc21,['Histamine H1 receptor']
CHEMBL1743263,CC(C)C[C@H]1C(=O)N2CCC[C@H]2[C@]2(O)O[C@](NC(=O)[C@@H]3C[C@@H]4c5cccc6[nH]cc(c56)C[C@H]4N(C)C3)(C(C)C)C(=O)N12,"['Serotonin 1a (5-HT1a) receptor', 'Cerebral cortex alpha adrenergic receptor']"
CHEMBL1747,NC[C@H]1O[C@H](O[C@H]2[C@H](O)[C@@H](O[C@H]3O[C@H](CO)[C@@H](O)[C@H](N)[C@H]3O)[C@H](N)C[C@@H]2N)[C@H](N)C[C@@H]1O,"['Bacterial 70S ribosome', 'Ribosomal RNA A-site', 'Ribosome', 'Human immunodeficiency virus type 1 REV', 'Rev responsive element (RRE) RNA']"
CHEMBL1865135,COC1CC(=C(c2cccs2)c2cccs2)C[N+](C)(C)C1,[]
CHEMBL2105053,CCC(=O)C1(c2ccccc2)CCN(CCOCCO)CC1,[]
CHEMBL2105212,CCC(C)C(C)C1Nc2cc(Cl)c(S(N)(=O)=O)cc2S(=O)(=O)N1,['Carbonic anhydrase II']
CHEMBL2105612,CCC(Oc1ccccc1)C(=O)N[C@@H]1C(=O)N2[C@@H]1SC(C)(C)[C@@H]2C(=O)O,[]
CHEMBL2106650,O=C1NC2CCCCN2C12CCN(CCCN1c3ccccc3CCc3ccc(Cl)cc31)CC2,[]
CHEMBL2106968,Cc1ccc2c(c1)Sc1ccc(C)cc1S2,[]
CHEMBL2325429,Cc1ccc(C(=O)N(CCCN)[C@@H](c2oc3cc(Cl)ccc3c(=O)c2Cc2ccccc2)C(C)C)cc1,['Kinesin-like protein 1']
CHEMBL2443262,COc1ccsc1CNCC[C@@]1(c2ccccn2)CCOC2(CCCC2)C1,[]
CHEMBL29609,Cc1cc(CCCOc2c(C)cc(-c3noc(C(F)(F)F)n3)cc2C)on1,"['Human coxsackievirus B3', 'Human rhinovirus 14', 'Human rhinovirus 2', 'Human rhinovirus 21', 'Human rhinovirus 16', 'Human rhinovirus 5', 'Human poliovirus 2', 'VP1 capsid protein', 'Human coxsackievirus B1', 'Human rhinovirus B', 'Human rhinovirus 85', 'Human rhinovirus 41', 'Human rhinovirus 39']"
CHEMBL333325,C[C@@H](c1nc(-c2ccc(C#N)cc2)cs1)[C@@](Cn1cncn1)(OCOP(=O)(O)O)c1ccc(F)cc1F,[]
CHEMBL3348861,O=C1c2c(O)cc(O)cc2O[C@H](c2cc(O)c(O)c(O)c2)[C@H]1O,[]
CHEMBL3683575,O=C(c1nn(-c2ccc(CN3CCOCC3)cc2)c2c1CS(=O)(=O)c1c(F)cccc1-2)N1CCOCC1,['PI3-kinase class I']
CHEMBL3833406,CN1CC[C@]23c4c5ccc(O)c4O[C@H]2[C@@H](O)C=C[C@H]3[C@H]1C5.COc1ccc(Cc2nccc3cc(OC)c(OC)cc23)cc1OC.COc1ccc2c3c1OC1[C@@H](O)C=C[C@H]4[C@@H](C2)N(C)CC[C@]314,['Opioid receptors; delta & kappa']
CHEMBL3989912,Cl.O=C1CC[C@H](N2Cc3c(OCc4ccc(CN5CCOCC5)cc4)cccc3C2=O)C(=O)N1,['Cereblon/Aiolos']
CHEMBL3989941,Cn1c(CCCCCCC(=O)NO)nc2cc(N(CCCl)CCCl)ccc21,[]
CHEMBL415,CN(C)CCCN1c2ccccc2CCc2ccc(Cl)cc21,"['Serotonin 2a (5-HT2a) receptor', 'Serotonin transporter', 'Cytochrome P450 2D6', 'Serotonin 2c (5-HT2c) receptor', 'Saccharomyces cerevisiae', 'Serotonin 2b (5-HT2b) receptor', 'Arachidonate 15-lipoxygenase, type II', 'Alpha-1a adrenergic receptor', 'Dopamine D1 receptor', 'Histamine H1 receptor', 'Alpha-1d adrenergic receptor', 'Muscarinic acetylcholine receptor M1', 'Alpha-2c adrenergic receptor', 'Regulator of G-protein signaling 4', 'Alpha-1a adrenergic receptor', 'Histamine H2 receptor', 'Peripheral myelin protein 22', 'Cerebroside-sulfatase', 'Nuclear factor NF-kappa-B p105 subunit', 'Dopamine D5 receptor', 'Thrombopoietin', 'Alpha-1b adrenergic receptor', 'Histamine H2 receptor', 'Prion protein', 'Ileum', 'Endonuclease 4', 'Galanin receptor 3', 'Bile salt export pump', 'Trypanothione reductase', 'Histamine H1 receptor', 'Sodium channel alpha subunits; brain (Types I, II, III)', 'Serotonin 1e (5-HT1e) receptor', 'Solute carrier family 22 member 1', 'Serotonin (5-HT) receptor', 'Peripheral myelin protein 22', 'Serotonin transporter', 'Multidrug and toxin extrusion protein 1', 'Muscarinic acetylcholine receptor M5', 'Nociceptin receptor', 'DG-75', 'Solute carrier family 22 member 2', 'Norepinephrine transporter', 'Potassium channel subfamily K member 2', 'Cortical neurones', 'Pleiotropic ABC efflux transporter of multiple drugs', 'Aldehyde oxidase', 'Solute carrier family 22 member 2', 'Acetylcholine receptor protein alpha chain', 'Adenylate cyclase', 'Protein arginine N-methyltransferase 1', 'BK polyomavirus', 'Sodium channel alpha subunit', 'Calmodulin', 'Serotonin 2c (5-HT2c) receptor', '2,3-bisphosphoglycerate-independent phosphoglycerate mutase', 'Calmodulin', 'Human echovirus 11', 'Nuclear receptor subfamily 2 group E member 1', 'Cytochrome P450 2D2', 'Serum albumin', 'Rev responsive element (RRE) RNA', 'NACHT, LRR and PYD domains-containing protein 1']"
CHEMBL417675,CCCCCCCCCCCCCCCC(=O)NCCO,"['Transient receptor potential cation channel subfamily V member 2', 'Crithidia fasciculata']"
CHEMBL4298145,CC#CC[C@H](C)[C@H](O)/C=C/[C@@H]1[C@H]2c3cccc(CCCC(=O)[O-])c3O[C@H]2C[C@H]1O.[K+],[]
CHEMBL4301914,CC(=O)OP(=O)(O)N(C[C@H]1CN(c2cc(F)c(N3C=CC(=O)CC3)c(F)c2F)C(=O)O1)c1ccon1,[]
CHEMBL4650302,O=C([O-])CC(O)(CC(=O)O)C(=O)O.O=C([O-])CC(O)(CC(=O)O)C(=O)O.O=C([O-])CC(O)(CC(=O)[O-])C(=O)O.[K+].[K+].[Mg+2],"['Glutamate carboxypeptidase II', '5-enolpyruvylshikimate-3-phosphate synthase', 'ATP-citrate synthase']"
CHEMBL480558,CCC(CC)[C@@H](CO)NS(=O)(=O)c1ccc(Cl)s1,[]
CHEMBL482811,CN(C(=O)Cc1ccc(Cl)c(Cl)c1)[C@@H]1CCCC[C@H]1N1CCCC1.CS(=O)(=O)O,['Kappa opioid receptor']
CHEMBL483254,Cc1[nH]c2ccccc2c1CCNCc1ccc(/C=C/C(=O)NO)cc1,"['HCT-116', 'Histone deacetylase 1', 'Histone deacetylase', 'NCI-H1299', 'Class 1 histone deacetylase', 'Histone deacetylase']"
CHEMBL506981,COc1cccc(OC)c1-c1cc(C(=O)NC2(C(=O)O)C3CC4CC(C3)CC2C4)nn1-c1ccnc2cc(Cl)ccc12,"['Neurotensin receptor 1', 'Neurotensin receptor 2']"
CHEMBL5095041,COc1cc2cc(-c3ccc(CC(=O)Nc4cc(C(C)(C)C(F)(F)F)no4)cn3)cnc2cc1OC.COc1cc2cc(-c3ccc(CC(=O)Nc4cc(C(C)(C)C(F)(F)F)no4)cn3)cnc2cc1OC.O=C(O)CCCCC(=O)O,[]
CHEMBL5314929,O=C1C[C@H](c2cc(F)c(F)c(F)c2)CN1Cn1ncnc1Cl,[]
CHEMBL607400,CCC[C@@H]1CC(=O)N([C@@H](CC)C(N)=O)C1,['Synaptic vesicle protein 2a']
CHEMBL7568,CCN(CC)CCCC(C)Nc1c2ccc(Cl)cc2nc2ccc(OC)cc12,"['Plasmodium falciparum', 'Plasmodium yoelii', 'Riboflavin-binding protein']"
CHEMBL77305,CC[C@@]1(O)C(=O)OCc2c1cc1n(c2=O)Cc2cc3c([N+](=O)[O-])cccc3nc2-1,[]
CHEMBL1098319,O=S(=O)(O)CCS,[]
CHEMBL1200601,CNS(=O)(=O)CCc1ccc2[nH]cc(C3CCN(C)CC3)c2c1.Cl,"['Serotonin 1d (5-HT1d) receptor', 'Serotonin 1b (5-HT1b) receptor']"
CHEMBL1200696,[K+].[O-][Cl+3]([O-])([O-])[O-],['Carbonic anhydrase V']
CHEMBL1591,CN(C)[C@@H]1C(O)=C(C(N)=O)C(=O)[C@@]2(O)C(O)=C3C(=O)c4c(O)ccc(Cl)c4[C@@H](O)[C@H]3C[C@@H]12,"['Mycobacterium smegmatis', 'Multidrug translocase mdfA']"
CHEMBL1615374,Cl.N#Cc1ccc2[nH]cc(CCCCN3CCN(c4ccc5oc(C(N)=O)cc5c4)CC3)c2c1,[]
CHEMBL1619,Nc1nc(Cl)nc2c1ncn2[C@H]1C[C@H](O)[C@@H](CO)O1,[]
CHEMBL1697741,CCC1=C(C[C@H]2NCCc3cc(OC)c(OC)cc32)C[C@H]2c3cc(OC)c(OC)cc3CCN2C1,[]
CHEMBL1783282,CCCNC(=O)c1nnc2c(-c3c(F)cccc3OC)cccc2c1N,['GABA-A receptor; alpha-2/beta-3/gamma-2']
CHEMBL1788393,CCOCCN(Cc1ccc(Oc2ccc([N+](=O)[O-])cc2)cc1)C(=O)C(Cl)Cl,['Cholesteryl ester transfer protein']
CHEMBL2107723,COc1cc(O)c(C(=O)Nc2nc(C(=O)NCCN(C(C)C)C(C)C)cs2)cc1OC,[]
CHEMBL2180602,CCN(CC)CCNC(=O)c1c(C)[nH]c2c1CCC/C2=C1/C(=O)Nc2ccc(F)cc21,"['Platelet-derived growth factor receptor beta', 'AMP-activated protein kinase, alpha-2 subunit']"
CHEMBL279785,CNC(=O)[C@@H](NC(=O)[C@H](CC(C)C)[C@H](O)C(=O)NO)C(C)(C)C,"['Matrix metalloproteinase-1', 'ADAM17', 'Matrix metalloproteinase 26']"
CHEMBL300058,Cc1c(-c2ccc(-c3ccccc3F)cc2)nc2ccc(F)cc2c1C(=O)[O-].[Na+],"['ADMET', 'Dihydroorotate dehydrogenase']"
CHEMBL3707376,O=C(O)c1cn(C2CC2)c2cc(N3CCC(O)(COc4ccc(N5C[C@H](CO)OC5=O)cc4F)CC3)c(F)cc2c1=O,[]
CHEMBL3989861,CN(C)CC(c1ccc(O)cc1)C1(O)CCCCC1.O.O=C(O)/C=C/C(=O)O,[]
CHEMBL4114766,CC(C)(C)/C=C(\C#N)C(=O)N1CCC[C@@H](n2nc(-c3ccc(Oc4ccccc4)cc3F)c3c(N)ncnc32)C1,['Tyrosine-protein kinase BTK']
CHEMBL4297328,O=C(CN1CCOCC1)Nc1ccc(OC2CCN(C3CCC3)CC2)cc1,['Histamine H3 receptor']
CHEMBL4297662,Cn1cnc([N+](=O)[O-])c1C[N+](C)(C)C/C=C/C(=O)Nc1cc2c(Nc3ccc(Cl)c(Br)c3)ncnc2cn1.[Br-],['Epidermal growth factor receptor erbB1']
CHEMBL4862963,N#Cc1ccc(O[C@H]2CC[C@H](NC(=O)c3ccc(N4CCC(CN5CCN(c6cc7c(cc6F)C(=O)N(C6CCC(=O)NC6=O)C7=O)CC5)CC4)nn3)CC2)cc1Cl,['Protein cereblon/Androgen receptor']
CHEMBL5095067,COc1ncc(-c2ccc3ncc(OCCN(C)C)c(=O)n3c2)cc1NS(=O)(=O)c1ccc(F)cc1Cl,"['HCT-116', 'U-87 MG', 'SNU-638']"
CHEMBL5314440,CN(C)C/C=C/C(=O)Nc1cc2c(Nc3ccc(OCc4ccccn4)c(Cl)c3)c(C#N)cnc2cc1O[C@H]1CCOC1,"['Epidermal growth factor receptor erbB1', 'Receptor protein-tyrosine kinase erbB-2', 'SK-BR-3', 'Dual specificity mitogen-activated protein kinase kinase 1']"
CHEMBL571,CC(C(=O)O)c1cccc(C(=O)c2ccccc2)c1,"['Cyclooxygenase-2', 'Cyclooxygenase-1', 'Aldo-keto-reductase family 1 member C3', 'Interleukin-8', 'Interleukin-8 receptors, CXCR1/CXCR2']"
CHEMBL601719,C[C@@H](Oc1cc(-c2cnn(C3CCNCC3)c2)cnc1N)c1c(Cl)ccc(F)c1Cl,"['Hepatocyte growth factor receptor', 'ALK tyrosine kinase receptor', 'Mitogen-activated protein kinase kinase kinase kinase 3', 'SNU-5', 'Serine/threonine-protein kinase NEK9', 'Uncharacterized aarF domain-containing protein kinase 4', 'ALK tyrosine kinase receptor', 'Pseudopodium-enriched atypical kinase 1']"
CHEMBL870,NCCCC(O)(P(=O)(O)O)P(=O)(O)O,"['Farnesyl synthetase, putative']"
CHEMBL87385,OCCN1CCN(CC/C=C2\c3ccccc3Sc3ccc(Cl)cc32)CC1,[]
CHEMBL1079742,C#Cc1cccc(Nc2ncnc3cc(OCCOC)c(OCCOC)cc23)c1.Cl,['Epidermal growth factor receptor erbB1']
CHEMBL1083993,CCCCc1oc2ccccc2c1C(=O)c1cc(I)c(OCCN(CC)CC)c(I)c1.Cl,['NAD-dependent deacetylase sirtuin 3']
CHEMBL110458,OC[C@H]1NC[C@H](O)[C@@H](O)[C@H]1O,"['Beta-glucocerebrosidase', 'Alpha-L-fucosidase 1', 'Lactase-glycosylceramidase', 'Glycogen debranching enzyme']"
CHEMBL1200979,CC(C)(CO)[C@@H](O)C(=O)NCCCO,"['Pantothenate kinase, putative']"
CHEMBL1236282,CS(=O)(=O)c1ccc([C@@H](O)[C@@H](CO)NC(=O)C(Cl)Cl)cc1,[]
CHEMBL126159,COc1cc2c3c(n(CCCNCCO)c(=O)c2cc1OC)-c1cc2c(cc1C3=O)OCO2,"['DU-145', 'OVCAR-3', 'UACC-62', 'SF-539', 'HOP-62']"
CHEMBL1318150,CNC(=O)C[C@@H](N)C(=O)N[C@@H](C(=O)N[C@@H]1C(=O)N2[C@@H]1SC(C)(C)[C@@H]2C(=O)O)c1ccc(O)cc1,[]
CHEMBL1525,CC1(C)C(C=C(Cl)Cl)C1C(=O)OCc1cccc(Oc2ccccc2)c1,[]
CHEMBL1528,[F-].[Na+],['Carbonic anhydrase V']
CHEMBL1560,C[C@H](CS)C(=O)N1CCC[C@H]1C(=O)O,"['Angiotensin-converting enzyme', 'Angiotensin-converting enzyme']"
CHEMBL1691,CC(C)NCC(O)COc1ccc(CCOCC2CC2)cc1.Cl,['Beta-1 adrenergic receptor']
CHEMBL176,NC[C@H]1O[C@H](O[C@H]2[C@H](O)[C@@H](O[C@H]3O[C@H](CO)[C@@H](O)[C@H](N)[C@H]3O)[C@H](N)C[C@@H]2N)[C@H](N)[C@@H](O)[C@@H]1O,"['Ribosomal RNA A-site', 'Ribosome', 'Human immunodeficiency virus type 1 REV', 'Rev responsive element (RRE) RNA']"
CHEMBL1956285,Cc1cc(Nc2ccc(S(F)(F)(F)(F)F)cc2)n2nc(C(C)(F)F)nc2n1,"['Dihydroorotate dehydrogenase', 'Dihydroorotate dehydrogenase', 'Dihydroorotate dehydrogenase (quinone), mitochondrial']"
CHEMBL2104414,CCc1c(CC)c2cc3nc(cnc4cc(OCCOCCOCCOC)c(OCCOCCOCCOC)cc4ncc4nc(cc1[nH]2)C(CCCO)=C4C)C(C)=C3CCCO,[]
CHEMBL2104765,C[C@H](O)C(=O)[C@@]1(C)CC[C@H]2[C@@H]3CCC4=CC(=O)CCC4=C3CC[C@@]21C,['Progesterone receptor']
CHEMBL2104790,COc1ccccc1OCC1CNC(=O)O1,[]
CHEMBL2104932,CC(=O)[C@@]1(O)CC[C@H]2[C@@H]3C[C@H](C(F)(F)F)C4=CC(=O)CC[C@]4(C)[C@H]3CC[C@@]21C,"['Nuclear receptor subfamily 1 group I member 2', 'Progesterone receptor']"
CHEMBL224325,Cc1ccc2c(Cl)cc(Cl)c(O)c2n1,[]
CHEMBL2338801,O=c1[nH]nc(CCc2ccc(C(F)(F)F)cc2)cc1O,"['D-amino-acid oxidase', 'D-amino-acid oxidase', 'D-amino-acid oxidase']"
CHEMBL3590674,O=C(c1cc(S(=O)(=O)Nc2ccccc2F)c(F)cc1Cl)N1CCN2CCC[C@@H]2C1,[]
CHEMBL3707372,CC[C@@H]1[C@@H]2CN(C(=O)[C@H](C(C)(C)C)NC(=O)O[C@@H]3C[C@H]3CCCCC(F)(F)c3nc4ccc(OC)cc4nc3O2)[C@@H]1C(=O)N[C@]1(C(=O)NS(=O)(=O)C2(C)CC2)C[C@H]1C(C)C,"['Hepatitis C virus', 'Hepatitis C virus serine protease, NS3/NS4A']"
CHEMBL4300945,Cc1cnc(C[S@@+]([O-])c2nc3ccccc3[nH]2)c(C)c1OCC1COC(C)(C)OC1,"['Phosphodiesterase 10A', 'Potassium-transporting ATPase', 'NAD(+) hydrolase SARM1']"
CHEMBL4541964,O=C(O)Cc1ccc(Cc2cc(-c3cccc(Cl)c3)nc(C(F)(F)F)c2)cc1,[]
CHEMBL4594401,CC1=NN(c2ccc3c(c2)CCCC3)C(=O)/C1=N\Nc1cccc(-c2ccc(C(=O)O)o2)c1O,['Thrombopoietin receptor']
CHEMBL4594448,CCO[C@H]1CCN(Cc2c(OC)cc(C)c3[nH]ccc23)[C@H](c2ccc(C(=O)O)cc2)C1,"['Complement factor B', 'Complement factor B']"
CHEMBL4650227,Cc1cccc(N2CCN(CCc3ccc4ccccc4n3)CC2)c1.O=C(O)CC(O)(CC(=O)O)C(=O)O,[]
CHEMBL4756476,O=C(c1ccc(Oc2ccccc2)cc1Cl)c1c[nH]c2ncnc(N[C@@H]3CC[C@@H](CO)OC3)c12,[]
CHEMBL4802149,Cc1cc(C2CCCCC2)n(OCOP(=O)(O)O)c(=O)c1,[]
CHEMBL5095097,C[C@H](C#N)Nc1cc(-c2ccc3cc(C#N)cnn23)ncc1C(=O)NC[C@@H](F)C(C)(C)O,['Interleukin-1 receptor-associated kinase 4']
CHEMBL5095251,CC(=O)Nc1nc(F)c(CN2CC[C@H](OCc3noc(C)n3)C[C@@H]2C)s1,['Bifunctional protein NCOAT']
CHEMBL5314561,CNC[C@@H]1OCCc2ccsc21.Cl,[]
CHEMBL562967,CC(C)C(=O)OC[C@H]1O[C@@H](n2ccc(N)nc2=O)[C@](C)(F)[C@@H]1OC(=O)C(C)C,[]
CHEMBL58792,COc1ccccc1N1CCN(CCCC(=O)c2ccc(F)cc2)CC1,['Serotonin 1a (5-HT1a) receptor']
CHEMBL6,COc1ccc2c(c1)c(CC(=O)O)c(C)n2C(=O)c1ccc(Cl)cc1,"['Cyclooxygenase-2', 'Cyclooxygenase-1', 'Cyclooxygenase-1', 'Aldo-keto-reductase family 1 member C3', 'Aldo-keto reductase family 1 member C2', 'Cyclooxygenase-2', 'N2a', 'Multidrug resistance-associated protein 4', 'Aldo-keto reductase family 1 member C4']"
CHEMBL1108,O=C(CCCN1CC=C(n2c(=O)[nH]c3ccccc32)CC1)c1ccc(F)cc1,[]
CHEMBL1164729,Cc1nc(-c2ccc(OCC(C)C)c(C#N)c2)sc1C(=O)O,['Xanthine dehydrogenase']
CHEMBL1200359,COc1cnc(NS(=O)(=O)c2ccc(N)cc2)nc1,[]
CHEMBL1200377,CC(N)Cc1ccccc1.NC(CC(=O)O)C(=O)O,[]
CHEMBL1213492,CCN(CC)Cc1ccc2cc(COC(=O)Nc3ccc(C(=O)NO)cc3)ccc2c1,"['Histone deacetylase 1', 'Histone deacetylase 6']"
CHEMBL142130,CC(=O)[C@@]1(O)CC[C@H]2[C@@H]3C=C(Cl)C4=CC(=O)[C@@H]5C[C@@H]5[C@]4(C)[C@H]3CC[C@@]21C,"['Nuclear receptor subfamily 1 group I member 2', 'Progesterone receptor']"
CHEMBL1475,Cc1cc2cc3c(C)cc(=O)oc3c(C)c2o1,[]
CHEMBL1589,CC(=O)c1ccc(S(=O)(=O)NC(=O)NC2CCCCC2)cc1,[]
CHEMBL1628698,COc1ccc(-c2ccc(OCc3cc(C(=O)NS(=O)(=O)c4ccccc4C)oc3C)cc2)nc1,['Prostanoid EP4 receptor']
CHEMBL1630563,O=[N+]([O-])c1cn2c(n1)OC[C@@H](OCc1ccc(-c3ccc(OC(F)(F)F)cc3)nc1)C2,"['Trypanosoma cruzi', 'Leishmania donovani', 'Leishmania infantum']"
CHEMBL1697851,CC(=O)OCCN1CCN(CCCN2c3ccccc3Sc3ccc(Cl)cc32)CC1,[]
CHEMBL1723,COc1cc2nc(N(C)CCCNC(=O)C3CCCO3)nc(N)c2cc1OC.Cl,[]
CHEMBL174,CC1(C)S[C@@H]2[C@H](NC(=O)[C@H](N)c3ccccc3)C(=O)N2[C@H]1C(=O)O,[]
CHEMBL1742423,CCOCCn1c(C2CCN(CCc3ccc(C(C)(C)C(=O)O)cc3)CC2)nc2ccccc21,[]
CHEMBL1822792,CN(C[C@@H]1COCCO1)S(=O)(=O)Nc1ccc2ccc3ncc(-c4cnn(C)c4)cc3c(=O)c2c1,['Hepatocyte growth factor receptor']
CHEMBL1852688,CCN1CCN(c2ccc(Nc3cc(N(C)C(=O)Nc4c(Cl)c(OC)cc(OC)c4Cl)ncn3)cc2)CC1,"['Vascular endothelial growth factor receptor 2', 'Fibroblast growth factor receptor 1', 'Fibroblast growth factor receptor 3', 'Fibroblast growth factor receptor 4', 'BaF3', 'Fibroblast growth factor receptor 2', 'J82', 'NCI-H1581', 'AN3-CA', 'KMS-11']"
CHEMBL2028019,CN(C)C(=O)N[C@H]1CC[C@H](CCN2CCN(c3cccc(Cl)c3Cl)CC2)CC1,"['Dopamine D2 receptor', 'Dopamine D3 receptor', 'Serotonin 2a (5-HT2a) receptor']"
CHEMBL2043437,CN1CC[C@@H](NC(=O)Nc2ccc(C#N)cc2)C[C@@H]1c1nc2ccccc2[nH]1,[]
CHEMBL2104038,CC(C)OC(=O)OC1CCCCC1,['Glyceraldehyde-3-phosphate dehydrogenase']
CHEMBL2107574,COC1CC(=C(c2cccs2)c2cccs2)C[N+](C)(C)C1.[Br-],[]
CHEMBL2110670,c1cc2c3c(c1)[C@H]1CCC[C@H]1CN3CCNC2,[]
CHEMBL218650,C[C@]1(COc2ccc(N3CCC(Oc4ccc(OC(F)(F)F)cc4)CC3)cc2)Cn2cc([N+](=O)[O-])nc2O1,['Trypanosoma cruzi']
CHEMBL232202,OC[C@H]1O[C@@H](Oc2ccc(O)cc2)[C@H](O)[C@@H](O)[C@@H]1O,[]
CHEMBL249837,C=C1c2cccc(O)c2C(=O)C2=C(O)[C@]3(O)C(=O)C(C(N)=O)=C(O)[C@@H](N(C)C)[C@@H]3[C@@H](O)[C@H]12,['Multidrug translocase mdfA']
CHEMBL322241,CC(C)CN(C[C@@H](O)[C@H](Cc1ccccc1)NC(=O)[C@H](CC(N)=O)NC(=O)c1ccc2ccccc2n1)C(=O)NC(C)(C)C,['Human immunodeficiency virus type 1 protease']
CHEMBL3545029,CN1CC2CCN(c3ccc(-c4ccc(-n5ncccc5=O)cc4)cc3)C2C1,['Histamine H3 receptor']
CHEMBL3678076,CCCCOc1cccc(CCNCC(=O)N(C)C)c1,[]
CHEMBL3707320,CCc1cc2c(cc1N1CCC(N3CCOCC3)CC1)C(C)(C)c1[nH]c3cc(C#N)ccc3c1C2=O.Cl,['ALK tyrosine kinase receptor']
CHEMBL3907479,Cc1nc2ccc(-n3ncc(C(=O)c4cc5ccccc5[nH]4)c3N)cc2[nH]1,"['Fibroblast growth factor receptor 1', 'Fibroblast growth factor receptor 3', 'Fibroblast growth factor receptor 2']"
CHEMBL3989562,COc1cc2nc(N3CCN(C(=O)C4CCCO4)CC3)nc(N)c2cc1OC.Cl.O.O,"['Alpha-1a adrenergic receptor', 'Alpha-1b adrenergic receptor', 'Alpha-1d adrenergic receptor']"
CHEMBL3989570,CN1[C@@H]2CC[C@H]1C[C@@H](OC(=O)[C@H](CO)c1ccccc1)C2.CN1[C@@H]2CC[C@H]1C[C@@H](OC(=O)[C@H](CO)c1ccccc1)C2.O.O.O=S(=O)(O)O,[]
CHEMBL4228124,COc1ccc2c(c1)CC[C@H](CN(C)CC(=O)O)[C@@H]2c1ccccc1,[]
CHEMBL4303201,COc1cc2c(Oc3ccc4[nH]c(C)cc4c3F)ccnc2cc1OCC1(N)CC1,"['Vascular endothelial growth factor receptor 2', 'Serine/threonine-protein kinase RIPK2']"
CHEMBL4439321,COc1cc(F)ccc1-c1ncnc(Nc2cccc(C[S@](C)(=N)=O)c2)n1,[]
CHEMBL51483,Cc1cc2c(C(C)C)c(O)c(O)c(C=O)c2c(O)c1-c1c(C)cc2c(C(C)C)c(O)c(O)c(C=O)c2c1O,"['Spike glycoprotein', 'Bcl-xL/BH3-interacting domain death agonist']"
CHEMBL52333,CCCn1c(=O)c2nc(C34CC5CC(CC3C5)C4)[nH]c2n(CCC)c1=O,"['Adenosine A2 receptor', 'Adenosine A1 receptor']"
CHEMBL5314512,N#CN1C[C@H](n2nc(-c3ccc(Oc4ccc(Cl)cn4)cc3)c(C(N)=O)c2N)CCC12CC2,[]
CHEMBL592054,Cc1oc(-c2ccccc2)nc1COc1ccc(CO/N=C(\CCC(=O)O)c2ccccc2)cc1,"['Peroxisome proliferator-activated receptor gamma', 'Peroxisome proliferator-activated receptor alpha']"
CHEMBL92,CC(=O)O[C@@]12CO[C@@H]1C[C@H](O)[C@@]1(C)C(=O)[C@H](O)C3=C(C)[C@@H](OC(=O)[C@H](O)[C@@H](NC(=O)OC(C)(C)C)c4ccccc4)C[C@@](O)([C@@H](OC(=O)c4ccccc4)[C@H]21)C3(C)C,[]
CHEMBL920,C[N+](C)(C)CCO,"['Neuronal acetylcholine receptor', 'Choline trimethylamine-lyase']"
CHEMBL1075790,CO[C@H]1[C@H](O)[C@H](O[C@H]2CC[C@@]3(C=O)[C@H](CC[C@@H]4[C@@H]3CC[C@]3(C)[C@@H](C5=CC(=O)OC5)CC[C@]43O)C2)O[C@@H](C)[C@@H]1O,"['SW1990', 'Neurogenic locus notch homolog protein 1']"
CHEMBL1201734,Cl.Cn1c(CCCC(=O)O)nc2cc(N(CCCl)CCCl)ccc21,[]
CHEMBL1213327,CC(C)(COP(=O)(O)OP(=O)(O)OC[C@H]1O[C@@H](n2cnc3c(N)ncnc32)[C@H](O)[C@@H]1OP(=O)(O)O)[C@@H](O)C(=O)NCCC(=O)NCCS,"['Serotonin N-acetyltransferase', '1,4-Dihydroxy-2-naphthoyl-CoA synthase', 'S-adenosylmethionine synthetase (MAT 1 and MAT 2)', 'Aminoglycoside acetyltransferase']"
CHEMBL1215,CNC[C@H](O)c1cccc(O)c1,[]
CHEMBL1289601,COc1cc2nccc(Oc3ccc(NC(=O)NC4CC4)c(Cl)c3)c2cc1C(N)=O,"['Vascular endothelial growth factor receptor 2', 'HUVEC']"
CHEMBL1352,O=[N+]([O-])O,['Carbonic anhydrase V']
CHEMBL14012,CC(C)c1ccccc1OCC1=NCCN1,"['Alpha-1a adrenergic receptor', 'Alpha-1b adrenergic receptor', 'Alpha-1d adrenergic receptor', 'Alpha-2c adrenergic receptor', 'Nischarin']"
CHEMBL142635,COc1ccccc1N1CCN(CC(O)COc2cccc3ccccc23)CC1,[]
CHEMBL1492,CN1CCC(OC(c2ccccc2)c2ccccc2)CC1,[]
CHEMBL15245,COC(=O)[C@@H]1[C@H]2C[C@H]3c4[nH]c5ccccc5c4CCN3C[C@@H]2CC[C@@H]1O,"['Alpha-2c adrenergic receptor', 'Adrenergic receptor alpha-2', 'Thoracic aorta', 'Synaptic vesicular amine transporter', 'Mesenteric artery', 'Cytochrome P450 2D2']"
CHEMBL1618102,CCCC[N+]1(C)[C@@H]2C[C@@H](OC(=O)[C@H](CO)c3ccccc3)C[C@H]1[C@@H]1O[C@@H]12,[]
CHEMBL1908365,OC[C@H]1O[C@H](O[C@H]2[C@H](O)[C@@H](O)[C@H](O)O[C@@H]2CO)[C@H](O)[C@@H](O)[C@@H]1O,[]
CHEMBL27810,CCN(CC)C(=O)Nc1ccc(OCC(O)CNC(C)(C)C)c(C(C)=O)c1,[]
CHEMBL30008,Fc1ccc(C(c2ccc(F)cc2)N2CCN(C/C=C/c3ccccc3)CC2)cc1,[]
CHEMBL333826,Cc1cc(N)c2ccccc2[n+]1CCCCCCCCCC[n+]1c(C)cc(N)c2ccccc21,"['Arachidonate 15-lipoxygenase, type II', 'Glutathione-S-transferase']"
CHEMBL3989647,CC1(C)S[C@@H]2[C@H](NC(=O)[C@H](C(=O)O)c3ccsc3)C(=O)N2[C@H]1C(=O)[O-].O.[Na+],[]
CHEMBL403989,Cc1cc(-c2cc(OC(=O)c3ccccc3)ccc2Cl)cc2nnc(Nc3ccc(OCCN4CCCC4)cc3)nc12,['Tyrosine-protein kinase SRC']
CHEMBL4297210,CC(C)(O)c1nc2ccc(Cl)cc2cc1N,[]
CHEMBL4594288,CCOC(=O)C1=C(COCCN)NC(C)=C(C(=O)OC)[C@@H]1c1ccccc1Cl.O=C(O)/C=C\C(=O)O,[]
CHEMBL4594295,CNCC1CCCCN1C(=O)Oc1ccc(CNC(=O)CCCC/C=C/C(C)C)cc1OC.Cl,[]
CHEMBL4594381,[2H]C1([2H])C([C@@H](CC#N)n2cc(-c3ncnc4[nH]ccc34)cn2)C([2H])([2H])C([2H])([2H])C1([2H])[2H],"['Tyrosine-protein kinase JAK2', 'Tyrosine-protein kinase JAK1', 'Tyrosine-protein kinase JAK3', 'Protein kinase C alpha', 'Protein kinase C theta', 'Serine/threonine-protein kinase LMTK3', 'Serine/threonine-protein kinase N3']"
CHEMBL4650303,CC(C)(C[C@H](N)C(=O)O)C(F)F,[]
CHEMBL4650315,CN(C)CC1CCCCC1(O)c1cccc(O)c1,[]
CHEMBL4650322,C[C@H]([C@H](C(=O)Nc1cc([C@@H](CC(=O)O)C2CC2)ccc1Cl)c1ccc(Cl)cc1)C(F)(F)F,[]
CHEMBL4802154,Cn1ccc2c([C@H](Nc3cc(Cl)c4ncc(C#N)c(NCC(C)(C)C)c4c3)c3cn(C45CC(C4)C5)nn3)cccc2c1=O,[]
CHEMBL511099,Cc1ccc(C23CNCC2C3)cc1,[]
CHEMBL518520,Cc1nnc(C(=O)NC(C)(C)c2nc(C(=O)NCc3ccc(F)cc3)c([O-])c(=O)n2C)o1.[K+],[]
CHEMBL5314537,C=CC(=O)N1C[C@@H](n2nc(C#Cc3c(F)cc4c(ncn4C4CC4)c3F)c(C(N)=O)c2NC)C[C@@H]1COC,[]
CHEMBL551466,O=C(O[C@H]1C[N+]2(CCCOc3ccccc3)CCC1CC2)C(O)(c1cccs1)c1cccs1.[Br-],"['Muscarinic acetylcholine receptor M1', 'Muscarinic acetylcholine receptor M3', 'Muscarinic acetylcholine receptor M2']"
CHEMBL63,COc1ccc(C2CNC(=O)C2)cc1OC1CCCC1,"['Phosphodiesterase 4B', 'Phosphodiesterase 4', 'Phosphodiesterase 4A', 'Phosphodiesterase 4']"
CHEMBL83668,Cc1cccc(N(C)C(=S)Oc2ccc3ccccc3c2)c1,[]
CHEMBL954,CCN(CC)CCOc1ccc(/C(=C(/Cl)c2ccccc2)c2ccccc2)cc1,"['Estrogen-related receptor gamma', 'BT-20', 'MCF7S', '3-beta-hydroxysteroid-delta(8),delta(7)-isomerase', 'C-8 sterol isomerase', 'Leukemia cells', 'Anti-estrogen binding site (AEBS)', 'MCF-12A', 'Rev responsive element (RRE) RNA']"
CHEMBL1126,CC1(C)S[C@@H]2[C@H](NC(=O)Cc3ccccc3)C(=O)N2[C@H]1C(=O)[O-].[Na+],[]
CHEMBL1183627,NCCC(=O)NCCSSCCNC(=O)CCN,[]
CHEMBL1187417,CCCCCCCCCCCCC[N+](C)(C)Cc1ccccc1,[]
CHEMBL119,COc1cc(NCc2ccc3nc(N)nc(N)c3c2C)cc(OC)c1OC,"['Dihydrofolate reductase', 'Dihydrofolate reductase']"
CHEMBL1482,CC(C[N+](C)(C)C)OC(N)=O,[]
CHEMBL184238,NC(=O)c1cccc(-c2cccc(OC(=O)NC3CCCCC3)c2)c1,"['Anandamide amidohydrolase', 'Anandamide amidohydrolase', 'Anandamide amidohydrolase']"
CHEMBL207197,NCCCC[C@H](NC(=O)[C@@H](Cc1cc(Br)c(O)c(Br)c1)NC(=O)N1CCC(N2Cc3ccccc3NC2=O)CC1)C(=O)N1CCN(c2ccncc2)CC1,"['Calcitonin gene-related peptide type 1 receptor', 'Calcitonin-gene-related peptide receptor, CALCRL/RAMP1', 'Calcitonin gene-related peptide 1']"
CHEMBL2105294,COc1ccc2[n-]c([S+]([O-])Cc3ncc(C)c(OC)c3C)nc2c1.[Na+],"['Canis familiaris', 'Potassium-transporting ATPase', 'Potassium-transporting ATPase', 'Histone-lysine N-methyltransferase 2A/WDR5', 'NAD(+) hydrolase SARM1']"
CHEMBL2107815,CCCCC[C@H](O)CC[C@@H]1[C@H]2Cc3cccc(OCC(=O)O)c3C[C@H]2C[C@H]1O.OCCNCCO,[]
CHEMBL2403108,Cc1cc(Nc2ncc(Cl)c(Nc3ccccc3S(=O)(=O)C(C)C)n2)c(OC(C)C)cc1C1CCNCC1,"['ALK tyrosine kinase receptor', 'NCI-H2228', 'NPM/ALK (Nucleophosmin/ALK tyrosine kinase receptor)']"
CHEMBL253969,NC(=O)c1c(OCc2c(F)cc(Br)cc2F)nsc1NC(=O)NCCCCN1CCCC1,[]
CHEMBL302795,CN1C(C(=O)Nc2ccccn2)=C(O)c2sccc2S1(=O)=O,[]
CHEMBL306280,CC[C@@]1(O)CC(=O)OCc2c1cc1n(c2=O)Cc2cc3cc(F)c(F)cc3nc2-1,[]
CHEMBL3137336,Cn1ncc(Cl)c1-c1cc(C(=O)N[C@H](CN)Cc2ccc(F)c(F)c2)oc1Cl,"['Serine/threonine-protein kinase AKT', 'LNCaP', 'Serine/threonine-protein kinase AKT2', 'Serine/threonine-protein kinase AKT3', 'KHOS/NP']"
CHEMBL3275586,CC(CN1CCN(CCOCCO)CC1)CN1c2ccccc2Sc2ccccc21,[]
CHEMBL3422109,N#CCCNc1nonc1-c1nc2ccccc2n1CC(=O)c1ccc(N)cc1,[]
CHEMBL3589904,COc1ccc(Cl)c(-c2ccc(NC(=O)c3ccnn3C)nc2N)c1,[]
CHEMBL3989849,C[N+]1(CC(=O)c2ccc(-c3ccccc3)cc2)[C@@H]2CC[C@H]1C[C@@H](OC(=O)[C@H](CO)c1ccccc1)C2,[]
CHEMBL4209441,Cn1cc(Nc2nc(N)nc(-c3cccc(-n4ccc5cc(C6CC6)cc(F)c5c4=O)c3CO)n2)cn1,['Tyrosine-protein kinase BTK']
CHEMBL4297471,Cc1cc(OCCCS(C)(=O)=O)cc(C)c1-c1cccc(COc2cc3c(cn2)[C@H]2[C@@H](C3)[C@@H]2C(=O)O)c1,"['Free fatty acid receptor 1', 'Soluble guanylate cyclase', 'Free fatty acid receptor 1']"
CHEMBL4297500,CC(C)CCC[C@@H](C)[C@H]1CC[C@H]2[C@@H]3CC/C(=N\O)[C@](C)(CCCO)[C@H]3CC[C@]12C,[]
CHEMBL4650325,CC(=O)c1nn(CC(=O)N2[C@H](C(=O)Nc3nc(Br)ccc3C)C[C@@]3(C)C[C@@H]23)c2ccc(-c3cnc(C)nc3)cc12,['Complement factor D']
CHEMBL476323,Cc1nc2cccc(C(F)(F)F)c2c(=O)n1-c1ccc(OCCCN2CCCC2)cc1,['Histamine H3 receptor']
CHEMBL4871106,NC(=O)c1cccc2c(N[C@H](CN3CCC3)c3ccc(Cl)c(C(F)(F)F)c3)ncnc12,"['Serine/threonine-protein kinase Aurora-A', 'Ribosomal protein S6 kinase 1', 'Aurora kinase B/Inner centromere protein']"
CHEMBL5314608,[2H]C([2H])([2H])NC(=O)c1nnc(NC(=O)[C@@H]2CC23CC3)cc1Nc1ncccc1S(C)(=O)=O,[]
CHEMBL6995,CC(=O)Nc1ccc(OCC(O)CNC(C)C)cc1,[]
CHEMBL8085,NCCCC[C@H](N)C(=O)O,"['GABA-B receptor', 'N(G),N(G)-dimethylarginine dimethylaminohydrolase 1', 'Betaine transporter', 'Gamma-amino-N-butyrate transaminase', 'GABA receptor gamma-1 subunit', 'Arginase-1', 'GABA receptor alpha-1 subunit']"
CHEMBL1082607,O=C(O)c1ccc2ccccc2c1O.OCc1cc(C(O)CNCCCCCCOCCCCc2ccccc2)ccc1O,[]
CHEMBL1088751,CNC(=O)c1ccc(C)c(-n2c(C)cc(OCc3ccc(F)cc3F)c(Br)c2=O)c1,['MAP kinase p38 alpha']
CHEMBL1201112,COc1nc(N)nc2c1ncn2[C@@H]1O[C@H](CO)[C@@H](O)[C@@H]1O,[]
CHEMBL1213456,COc1c(N2C[C@@H](C)C[C@H](N)C2)ccc2c(=O)c(C(=O)O)cn(C3CC3)c12,[]
CHEMBL1339,CCCc1nc(C)c2c(O)nc(-c3cc(S(=O)(=O)N4CCN(CC)CC4)ccc3OCC)nn12.Cl,"['Phosphodiesterase 5A', 'Phosphodiesterase 1']"
CHEMBL1601669,C=C1/C(=C\C=C2/CCC[C@]3(C)[C@@H]([C@H](C)CCCC(C)C)CC[C@@H]23)C[C@@H](O)C[C@@H]1O,"['Vitamin D receptor', 'Keratinocytes', 'Liver microsome', 'Vitamin D receptor', 'Vitamin D3 receptor A']"
CHEMBL190,Cn1c(=O)c2[nH]cnc2n(C)c1=O,[]
CHEMBL2104708,C[N+](C)(C)NCCC(=O)[O-],['Gamma-butyrobetaine dioxygenase']
CHEMBL2107818,COc1cccc2c1C(=O)c1c(O)c3c(c(O)c1C2=O)C[C@@](O)(/C(CO)=N/NC(=O)CCCCCN1C(=O)C=CC1=O)C[C@@H]3O[C@H]1C[C@H](N)[C@H](O)[C@H](C)O1,['L2987']
CHEMBL2359248,CC1=C(/C=C/C(C)=C/C=C/C(C)=C/C=C/C=C(C)/C=C/C=C(C)/C=C/C2=C(C)C[C@@H](O)CC2(C)C)C(C)(C)C[C@H](O)C1,[]
CHEMBL30054,O=C(Cn1c(Cl)cnc(NCC(F)(F)c2ccccn2)c1=O)NCc1ncccc1F,['Thrombin']
CHEMBL3945728,O=C(OC(C(F)(F)F)C(F)(F)F)N1CCN(Cc2ccc(C(F)(F)F)cc2N2CCCC2)CC1,"['Monoglyceride lipase', 'LDL-associated phospholipase A2', 'Monoacylglycerol lipase ABHD6']"
CHEMBL3989697,Cc1cc2nc3c(=O)[nH]c(=O)nc-3n(C[C@H](O)[C@H](O)[C@H](O)COP(=O)([O-])O)c2cc1C.O.O.[Na+],[]
CHEMBL3989934,Cc1nc2cccc(N)c2c(=O)n1C1CCC(=O)NC1=O,[]
CHEMBL3989972,COc1cn(-c2ccc(-n3cccn3)cc2F)nc(-c2ccnn2-c2ccccc2)c1=O,[]
CHEMBL4288984,CC1=C(C)C(=O)O[C@@H]([C@](C)(O)[C@H]2CC[C@H]3[C@@H]4C[C@H]5O[C@]56[C@@H](O)C=CC(=O)[C@]6(C)[C@H]4CC[C@]23C)C1,[]
CHEMBL4297295,O=C(NCc1ccc(OC(F)(F)F)c(F)c1)[C@H]1CN(c2nc3nc(C4CC4)ncc3s2)CCN1S(=O)(=O)c1ccc(C(F)(F)F)cc1,['Transient receptor potential cation channel subfamily A member 1']
CHEMBL4297431,CCOc1ccc(Cc2cc([C@@]34OC[C@@](CO)(O3)[C@@H](O)[C@H](O)[C@H]4O)ccc2Cl)cc1F,"['Sodium/glucose cotransporter 2', 'Sodium/glucose cotransporter 2', 'SGLT1 protein']"
CHEMBL4297656,CCCCCCCC/C=C\CCCCCCCC(=O)OCC(COC(=O)CCCCCCC/C=C\CCCCCCCC)OC(=O)CCCCCCC/C=C\CCCCCCCC,[]
CHEMBL4298137,CC1=C[C@@H]2CN(C(=O)N2OS(=O)(=O)O)[C@@H]1C(N)=O,[]
CHEMBL4468777,COc1ncc(-c2cccc(N3CCN(c4cnc(N)nc4N)CC3)c2)cn1,[]
CHEMBL4594217,Cc1ccc([C@@H]2O[C@H](CO)[C@@H](O)[C@H](O)[C@H]2O)cc1Cc1ccc(-c2ccc(F)cc2)s1.O,['Sodium/glucose cotransporter 2']
CHEMBL4650308,Cc1cccc(OC2CCN(Cc3cc(=O)[nH]c(=O)[nH]3)CC2)c1C,[]
CHEMBL4650331,C[S@+]([O-])CCOc1cc(N2CCN(CCn3c(=O)sc4c3nc(N)n3nc(-c5ccco5)nc43)CC2)c(F)cc1F,['Adenosine A2a receptor']
CHEMBL476960,OCC(CO)N[C@H]1C[C@](O)(CO)[C@@H](O)[C@H](O)[C@H]1O,"['Maltase-glucoamylase', 'Acidic alpha-glucosidase', 'Sucrase-isomaltase']"
CHEMBL5095078,COC[C@@]1(O)CC[C@@]2(C)[C@@H](CC[C@@H]3[C@@H]2CC[C@]2(C)[C@@H](C(=O)Cn4ccnc4)CC[C@@H]32)C1,"['GABA-A receptor; anion channel', 'GABA-A receptor; agonist GABA site']"
CHEMBL557555,CC(C)(Oc1ccc(C2CC2(Cl)Cl)cc1)C(=O)O,[]
CHEMBL641,CNCC[C@@H](Oc1ccccc1C)c1ccccc1,"['Serotonin transporter', 'Norepinephrine transporter', 'Dopamine transporter']"
CHEMBL7301,CC1=C(/C=C/C(C)=C/C=C/C(C)=C/C(=O)Nc2ccc(O)cc2)C(C)(C)CCC1,[]
CHEMBL1070,COc1ccc2cc(CCC(C)=O)ccc2c1,[]
CHEMBL1162144,CC(=O)C(=O)O,"['Olfactory receptor 51E2', 'Methylcytosine dioxygenase TET2']"
CHEMBL1200865,CCOC(=O)O[C@]1(C(=O)OCCl)CC[C@H]2[C@@H]3CCC4=CC(=O)C=C[C@]4(C)[C@H]3[C@@H](O)C[C@@]21C,"['Nuclear receptor subfamily 1 group I member 2', 'Progesterone receptor']"
CHEMBL1200952,CN[C@@H](C)Cc1ccccc1.Cl,[]
CHEMBL1201116,CC1(C)S[C@@H]2[C@H](N3C(=O)[C@@H](c4ccccc4)NC3(C)C)C(=O)N2[C@H]1C(=O)O,[]
CHEMBL1358,C[C@]12CC[C@@H]3c4ccc(O)cc4C[C@@H](CCCCCCCCC[S+]([O-])CCCC(F)(F)C(F)(F)F)[C@H]3[C@@H]1CC[C@@H]2O,"['Estrogen receptor alpha', 'Estradiol 17-beta-dehydrogenase 1', 'Steryl-sulfatase']"
CHEMBL1770916,CCC[C@H](N[C@H]1CCc2cc(F)cc(F)c2C1)C(=O)Nc1cn(C(C)(C)CNCC(C)(C)C)cn1,['Gamma-secretase']
CHEMBL1879463,Cn1c(=O)n(-c2ccc(C(C)(C)C#N)cc2)c2c3cc(-c4cnc5ccccc5c4)ccc3ncc21,"['BXPC-3', 'RS4-11', 'A-427', 'SW1573', 'J82', 'NCI-H292', 'U-266', 'OCI-AML2', 'RPMI 8402', 'BT-20', 'A2058', 'MSTO-211H', 'NCI-H661', 'NCI-H2122', 'NCI-H446', 'DU-4475', 'SK-LU-1', 'BV-173', '697', 'SNU-5', 'UMUC3', 'LC-2-ad', 'AN3-CA', 'KU812 cell line', 'LAMA-84', 'HT', 'PSN1', 'Calu-6', 'AU565', 'SJRH30', 'NOMO-1', 'GOTO', 'NOS-1', 'HAL-01', 'HuTu80', 'EW-16', 'KS-1', 'ML-2', 'SW 954', 'Serine/threonine-protein kinase mTOR', 'QIMR-WIL', 'ONS-76', 'A101D', 'BB30-HNC', 'U-118-MG', 'ACN', 'MKN-1', 'HT-144', 'TE-12', 'TE-8', 'SK-MEL-1', 'LXF-289 cell line', 'COLO-829', 'A3-KAW', 'KGN', 'ETK-1', 'A4-Fuk', 'ES4', 'Calu-3', 'CTB-1', 'SW872', 'ES8', 'SK-NEP-1', 'SH-4', 'EM-2', 'BB65-RCC', 'NTERA-2-cl-D1', 'SW 962', 'MZ1-PC', '8-MG-BA', 'SK-N-AS', 'GI-ME-N', 'NB69', 'ES1', 'GB-1', 'GI-1', 'A388', 'NEC8', 'NCI-H747', 'HH', 'NCI-H1355', 'L-540', 'TE-10', 'SF-126', 'DB', 'OCUB-M', 'VA-ES-BJ', 'KURAMOCHI', 'GCIY', 'ES6', 'BE-13', 'NMC-G1', 'MZ2-MEL', 'SW1088', 'SK-N-DZ', 'IST-MEL1', 'Ramos-2G6-4C10', 'NB13', 'GT3TKB', 'MLMA', 'EW-1', 'LS-411N', 'KE-37', 'IA-LM', 'NCI-H1648', 'TE-9', 'Ca-Ski', 'A704', 'LB831-BLC', 'ST486', 'GR-ST', 'L-428', 'TE-11', 'EW-3', 'J-RT3-T3-5', 'LS-123', 'K5', 'NCI-H209', 'HCE-4', 'HD-MY-Z', 'A253 cell line', 'ATN-1', 'C2BBe1', 'MS-1', 'C-33-A', 'DSH1', 'LU-134-A', 'D-263MG', 'HCE-T', 'NB10', 'NB5', 'LB996-RCC', 'MZ7-mel', 'OE19', 'NH-12', 'MPP-89', 'SK-N-FI', 'EW-13', 'GAMG', 'KNS-42', 'HC-1', 'SK-PN-DW', 'TE-5', 'KALS-1', 'D283 Med', 'CAL-33', 'HCC2218', 'LB2518-MEL', 'LP-1', 'MHH-NB-11', 'TE-6', 'SCC-15', 'NCI-H2126', 'NCI-H1155', 'IST-SL1', 'SIG-M5', 'KINGS-1', 'TGBC1TKB', 'D-502MG', 'MFH-ino', 'NB6', 'SHP77', 'COLO-684', 'SNU-C2B', 'NCI-H1770', 'RH-1', 'CAL-39', 'KLE', 'CAS-1', 'MN-60', 'LS-513', 'LB771-HNC', 'KMOE-2', 'BB49-HNC', 'SW 1116', 'MC-IXC', 'KY821', 'CAL-54', 'SBC-1', 'MRK-nu-1', 'MMAC-SF', 'COLO-668', 'KP-N-YS', 'TGBC24TKB', 'KYSE-410', 'LU-139', 'SU-DHL-1', 'P12-Ichikawa', 'KYSE-180', 'SK-MEL-30', 'LS-1034', 'PF-382', 'NCI-H1092', 'no-10', 'LNCaP-Clone-FGC', 'KM-H2', 'NCI-H720', 'DJM-1', 'LAN-6', 'COLO-679', 'NCI-H2170', 'JVM-3', 'OMC-1', 'Lu-65', 'KNS-81-FD', 'GDM-1', 'NB17', 'EW-11', 'Panc1005', 'HN', 'IST-SL2', 'JVM-2', 'EW-18', 'HCC38', 'D-247MG', 'HDLM-2', 'RPMI-8866', 'COLO-320-HSR', 'COR-L88', 'GAK', 'CP66-MEL', 'HCC2157', 'HCC1187', 'NB14', 'D-392MG', 'CESS', 'NCI-H1304', 'KU-19-19', 'SK-MEL-24', 'NCI-H510A', '647-V', 'COLO-678', 'TGW', 'DMS-79', 'MDA-MB-415', 'HPAF-II', 'AM-38', 'RCM-1', 'LB373-MEL-D', 'HCC1599', 'DG-75', 'NB7', 'MDA-MB-175-VII', 'NCI-H1755', 'IMR-5', 'SKG-IIIa', 'SW13', 'MC-CAR', 'RO82-W-1', 'COLO-824', 'EGI-1', 'HCC1395', 'HEC-1', 'NCI-H1563', 'NCI-H1651', 'OAW-28', 'MFE-280', 'CaR-1', 'SW756', 'COLO-680N', 'EW-24', 'COLO-792', 'NCI-H1693', 'COLO-741', 'PFSK-1', 'CP50-MEL-B', 'BEN', 'JEG-3', 'NCI-H2052', 'LB647-SCLC', 'SW1417', 'SW684', 'MFM-223', 'EHEB', 'COR-L279', 'HCC1419', 'RMG-I', 'SCH', 'EB-3', 'LN-405', 'SIMA', 'EPLC-272H', 'UMC-11', 'HT55', 'NCI-H1793', 'CAL-148', 'WSU-NHL', 'K052', 'MOLT-13', 'NCI-H64', 'LC-1F', 'NCI-H345', 'UACC-893', 'NCI-H630', 'SCLC-21H', 'NCI-H2141', 'EW-22', 'SW948', 'ECC10', 'ECC4', 'MHH-CALL-2', 'NCI-H2196', 'NCI-H1694', 'SW1463', 'LU-165', 'NCI-H1522', 'OC-314', 'NCI-H748', 'MDA-MB-134-VI', 'CW-2', 'NCI-H1666', 'RH-18', 'NCI-H2291', 'SW900', 'BALL-1', 'LU-135', 'NCI-H2029', 'P31-FUJ', 'PI3-kinase subunit gamma/Phosphoinositide 3-kinase regulatory subunit 5']"
CHEMBL1889436,C[C@@H]1O[C@@H](O[C@H]2C[C@@H](O)[C@]3(CO)[C@H]4[C@H](O)C[C@]5(C)[C@@H](C6=CC(=O)OC6)CC[C@]5(O)[C@@H]4CC[C@]3(O)C2)[C@H](O)[C@H](O)[C@H]1O.O.O.O.O.O.O.O.O,[]
CHEMBL2105732,CCN(CC)C(=O)[C@@]1(c2ccccc2)C[C@H]1CN.Cl,"['Norepinephrine transporter', 'Dopamine transporter']"
CHEMBL2146125,[MgH2],['Carbonic anhydrase V']
CHEMBL223448,Oc1c(Br)cc(Br)c2cccnc12,['Streptococcus mutans']
CHEMBL238465,Clc1cc(N2C[C@@H]3CN[C@@H]3C2)cnc1Cl,"['Neuronal acetylcholine receptor; alpha4/beta2', 'Neuronal acetylcholine receptor; alpha4/beta2', 'Neuronal acetylcholine receptor; alpha3/beta4']"
CHEMBL245019,NC(=O)c1ncn([C@@H]2O[C@H](CO)[C@@H](O)[C@H]2O)c1O,[]
CHEMBL295124,COc1ccc2cc3[n+](cc2c1OC)CCc1cc2c(cc1-3)OCO2,['X-box-binding protein 1']
CHEMBL3039519,COC(=O)N[C@H](C(=O)N1CCC[C@H]1c1nc2cc(-c3csc4c(-c5ccc(-c6c[nH]c([C@@H]7CCCN7C(=O)[C@H](NC(=O)OC)c7ccccc7)n6)cc5)csc34)ccc2[nH]1)C(C)C,"['Hepatitis C virus', 'Nonstructural protein 5A']"
CHEMBL316561,CCCN(CCC)C(=O)C(CCC(=O)O)NC(=O)c1ccccc1,[]
CHEMBL3301621,c1ccc2cc([C@]34CNC[C@H]3C4)ccc2c1,"['Serotonin transporter', 'Norepinephrine transporter', 'Dopamine transporter']"
CHEMBL346331,CCC(=O)C(CCN(C)C)(c1ccccc1)c1ccccc1,[]
CHEMBL3647536,CCn1cnc2c(-c3ccc(F)c(-c4ccc(S(=O)(=O)CC)cc4OC)c3)cnnc21,['GABA receptor alpha-2 subunit']
CHEMBL36591,CC(N)C(=O)OC(C)(C)Cc1ccc(Cl)cc1,[]
CHEMBL3989944,COC(=O)/C=C/C(=O)OCCN1C(=O)CCC1=O,[]
CHEMBL4206119,CCOC(=O)N1CCN(C(=O)[C@H](Cc2cccc(/C(N)=N\O)c2)NS(=O)(=O)c2c(C(C)C)cc(C(C)C)cc2C(C)C)CC1,[]
CHEMBL4284604,CCOC(=O)C(C)(C)COS(=O)(=O)ON1C(=O)N2C[C@H]1CC[C@H]2C(N)=O,[]
CHEMBL4297261,Cc1[nH]c2ccc(F)cc2c1-c1nc2c3cccnc3c3ncccc3c2[nH]1,[]
CHEMBL4297417,CN1CC[C@]2(C)c3cc(OC(=O)Nc4ccccc4)ccc3N(C)[C@H]12,['Butyrylcholinesterase']
CHEMBL4297601,COc1cc(F)c(C(C)C)cc1C1=C(CN2C(=O)O[C@H](c3cc(C(F)(F)F)cc(C(F)(F)F)c3)[C@@H]2C)CC(C)(C)CC1,['Cholesteryl ester transfer protein']
CHEMBL454950,CN(C)[C@@H]1C(O)=C(C(N)=O)C(=O)[C@@]2(O)C(O)=C3C(=O)c4c(O)cccc4[C@@](C)(O)[C@H]3C[C@@H]12.Cl,[]
CHEMBL4650284,O=C1Nc2cc3[nH]nc(-c4ccncc4)c3cc2CN1Cc1ccccc1,['MAP kinase ERK2']
CHEMBL473659,CC(C)=CCC[C@](C)(O[C@@H]1O[C@H](CO)[C@@H](O)[C@H](O)[C@H]1O)[C@H]1CC[C@]2(C)[C@@H]1[C@H](O)C[C@@H]1[C@@]3(C)CC[C@H](O[C@@H]4O[C@H](CO)[C@@H](O)[C@H](O)[C@H]4O[C@@H]4O[C@H](CO)[C@@H](O)[C@H](O)[C@H]4O)C(C)(C)[C@@H]3CC[C@]12C,[]
CHEMBL4802157,Cc1cc(F)ccc1-c1cc(N2C[C@H]3COCCN3C[C@H]2CO)ncc1N(C)C(=O)C(C)(C)c1cc(C(F)(F)F)cc(C(F)(F)F)c1,"['Neurokinin 1 receptor', 'Neurokinin 3 receptor']"
CHEMBL4858811,N#Cc1ncc(N2C(=O)C3(CCC3)N(c3ccc(OC4CCNCC4)nc3)C2=S)cc1C(F)(F)F,['Androgen Receptor']
CHEMBL5095082,CC[C@H](OC(C)=O)[C@@H]1C[C@@H](O)[C@H](n2c(=O)sc3cnc(N)nc32)O1,[]
CHEMBL71263,Cc1ccc2c(=O)c3cccc(CC(=O)O)c3oc2c1C,[]
CHEMBL77517,NS(=O)(=O)c1ccc(S(=O)(=O)Nc2cccc3c(Cl)c[nH]c23)cc1,"['Carbonic anhydrase II', 'Prostaglandin E synthase 2']"
CHEMBL781,OC1(c2ccc(Cl)cc2)c2ccccc2C2=NCCN21,['Dopamine transporter']
CHEMBL822,CN(C/C=C/C#CC(C)(C)C)Cc1cccc2ccccc12,"['Chitin synthase 1', 'Squalene monooxygenase', 'Chitin synthase']"
CHEMBL1009,N[C@@H](Cc1ccc(O)c(O)c1)C(=O)O,[]
CHEMBL1082407,CNC(=O)c1ccc(N2C(=S)N(c3ccc(C#N)c(C(F)(F)F)c3)C(=O)C2(C)C)cc1F,"['Androgen Receptor', 'LNCaP']"
CHEMBL1200928,CC(=O)[O-].CC(=O)[O-].[Zn+2],[]
CHEMBL1200934,C#C[C@]1(OC(C)=O)CC[C@H]2[C@@H]3CCC4=C/C(=N/O)CC[C@@H]4[C@H]3CC[C@@]21CC,[]
CHEMBL1201046,NCc1ccccc1CC(=O)N[C@@H]1C(=O)N2C(C(=O)O)=C(CSc3nnnn3CC(=O)O)CS[C@H]12,[]
CHEMBL1201287,CN(C)CC[C@@H](c1ccc(Br)cc1)c1ccccn1,['Serotonin transporter']
CHEMBL1201794,Cc1cc2nc3c(=O)[nH]c(=O)nc-3n(C[C@H](O)[C@H](O)[C@H](O)COP(=O)(O)O)c2cc1C,[]
CHEMBL1221,Clc1ccc(CSC(Cn2ccnc2)c2ccc(Cl)cc2Cl)cc1,"['Indoleamine 2,3-dioxygenase', 'Arachidonate 15-lipoxygenase, type II', 'Bile salt export pump', '7-alpha-hydroxycholest-4-en-3-one 12-alpha-hydroxylase', 'Indoleamine 2,3-dioxygenase 2', 'Naegleria gruberi', 'Progesterone receptor', 'Tryptophan 2,3-dioxygenase', 'Lanosterol 14-alpha demethylase', 'Eukaryotic peptide chain release factor GTP-binding subunit', 'Trichophyton longifusum', 'Cytochrome P450 121']"
CHEMBL1256716,COc1ccccc1N1CCN(CCCNc2cc(=O)n(C)c(=O)n2C)CC1.Cl,['Serotonin 1a (5-HT1a) receptor']
CHEMBL1280,COc1ccc(CCN(C)CCCC(C#N)(c2ccc(OC)c(OC)c2)C(C)C)cc1OC.Cl,"['Endonuclease 4', 'Breast cancer cell lines']"
CHEMBL15870,CC(C(=O)O)c1ccc(N2Cc3ccccc3C2=O)cc1,[]
CHEMBL1697756,C#C[C@]1(O)CC[C@H]2[C@@H]3CCC4=CCCC[C@@H]4[C@H]3C(=C)C[C@@]21CC.C#C[C@]1(O)CC[C@H]2[C@@H]3CCc4cc(O)ccc4[C@H]3CC[C@@]21C,[]
CHEMBL1716091,CCc1cccc2c3c([nH]c12)[C@@](CC)(CC(=O)O)OCC3,[]
CHEMBL1788401,COC(=O)Nc1nc2ccc(C(=O)C3CC3)cc2[nH]1,[]
CHEMBL2104496,Cc1ncc(C[n+]2csc(CCO)c2C)c(N)n1.O=[N+]([O-])[O-],['Transketolase']
CHEMBL2138684,CN[C@@H]1CCc2[nH]c3ccc(C(N)=O)cc3c2C1.O.O=C(O)CCC(=O)O,[]
CHEMBL219046,O=C(O)c1c(O)c(Cc2ccc(Cl)cc2)nc2c3c(ccc12)CCCC3,[]
CHEMBL2303614,CC(=O)N[C@@H]1[C@@H](COC[C@@H]2O[C@H](C(=O)O)[C@@H](CO)[C@H](O)[C@H]2O)[C@@H](CS(=O)(=O)O)[C@@H](CO)O[C@H]1CO,[]
CHEMBL23261,COc1cc(OC)nc(O[C@H](C(=O)O)C(OC)(c2ccccc2)c2ccccc2)n1,"['Endothelin receptor ET-A', 'Endothelin receptor ET-B']"
CHEMBL2419346,CN(C)c1cc2c(cc1Sc1nc3c(N)nccc3n1CCNCC(C)(C)C)OCO2,[]
CHEMBL3039507,CCOc1ccc(Cc2cc([C@@H]3O[C@H](SC)[C@@H](O)[C@H](O)[C@H]3O)ccc2Cl)cc1,"['Sodium/glucose cotransporter 2', 'Low affinity sodium-glucose cotransporter', 'Sodium/glucose cotransporter 2']"
CHEMBL3137308,NC(=O)c1cnc2[nH]ccc2c1N[C@@H]1[C@@H]2CC3C[C@H]1C[C@@](O)(C3)C2,"['Tyrosine-protein kinase JAK2', 'Tyrosine-protein kinase JAK1', 'Tyrosine-protein kinase JAK3']"
CHEMBL321248,Cn1cnc2[nH]c(=O)[nH]c(=O)c21,[]
CHEMBL3545058,N[C@H](Cc1cc(I)c(Oc2cc(I)c(O)c(I)c2)c(I)c1)C(=O)[O-].O.[Na+],"['Thyroid hormone receptor beta-1', 'Thyroid hormone receptor alpha']"
CHEMBL3601398,COc1cc2c(cc1OC(C)C)[C@H](c1ccc(Cl)cc1)N(c1ccc(N(C)C[C@H]3CC[C@H](N4CCN(C)C(=O)C4)CC3)cc1)C(=O)C2,"['p53-binding protein Mdm-2', 'Protein Mdm4']"
CHEMBL3833315,O=P([O-])([O-])[O-].[Al+3],[]
CHEMBL384304,COc1ccc(F)c(F)c1C(=O)c1cnc(NC2CCN(S(C)(=O)=O)CC2)nc1N,"['c-Jun N-terminal kinase 1', 'Cyclin-dependent kinase 1', 'Cyclin-dependent kinase 4/cyclin D1', 'Mitogen-activated protein kinase 7', 'CDK6/cyclin D1', 'PITSLRE serine/threonine-protein kinase CDC2L2', 'Cell division control protein 2 homolog']"
CHEMBL3989919,Cc1ccccc1-c1cc(N2CC[N+](C)(COP(=O)(O)O)CC2)ncc1N(C)C(=O)C(C)(C)c1cc(C(F)(F)F)cc(C(F)(F)F)c1.Cl.[Cl-],['Neurokinin 1 receptor']
CHEMBL3989973,Cl.FC(F)(F)c1ccc(CNc2ccc(Cc3c[nH]c4ncc(Cl)cc34)cn2)cn1,[]
CHEMBL4073292,CN1CCN(c2cccc3c2CCN(C(=O)/C=C/c2c(-n4cnnn4)ccc(Cl)c2F)[C@@H]3C(=O)Nc2ccc(C(=O)O)cc2)C(=O)C1,['Coagulation factor XI']
CHEMBL4085457,C=CC(=O)N1C[C@H](Nc2ncnc3[nH]ccc23)CC[C@@H]1C,['Tyrosine-protein kinase JAK3']
CHEMBL4116649,NCc1cc(Oc2cccc(C(=O)N3C[C@@H](O)[C@H](F)C3)c2)nc(C(F)(F)F)c1,['Lysyl oxidase homolog 2']
CHEMBL422648,Cc1oc(=O)oc1CN1CCN(c2cc3c(cc2F)c(=O)c(C(=O)O)c2n3C(C)S2)CC1,[]
CHEMBL42442,COC(=O)Nc1nc2cc([S+]([O-])c3ccccc3)ccc2[nH]1,[]
CHEMBL4650327,O=C(O)Cc1nn(Cc2nc3cc(C(F)(F)F)ccc3s2)c(=O)c2cscc12,"['Aldose reductase', 'Sorbitol dehydrogenase']"
CHEMBL4876167,CC(C)C(=O)OC[C@H]1O[C@@](C#N)(c2ccc3c(N)ncnn23)[C@H](OC(=O)C(C)C)[C@@H]1OC(=O)C(C)C,['Human respiratory syncytial virus']
CHEMBL515408,CC(C)Nc1nc2cc(Cl)c(Cl)cc2n1[C@H]1O[C@@H](CO)[C@H](O)[C@@H]1O,[]
CHEMBL522302,COc1ccc(-n2nnnc2C(F)(F)F)cc1CN[C@H]1CCCN[C@H]1c1ccccc1,['Neurokinin 1 receptor']
CHEMBL539378,COC(=O)c1cnc2n1CCc1ccccc1C2=C1CCN(CCc2ccc(OCc3ccc4ccccc4n3)cc2)CC1,[]
CHEMBL54976,N[C@@H](Cc1c[nH]c2ccccc12)C(=O)O,[]
CHEMBL562318,Cn1cc(-c2ccncc2)c(-c2ccc(OCc3ccc4ccccc4n3)cc2)n1,"['Phosphodiesterase 10A', ""cAMP and cAMP-inhibited cGMP 3',5'-cyclic phosphodiesterase 10A"", 'Phosphodiesterase 4A']"
CHEMBL602,NCCS,"['Ornithine decarboxylase', 'Aldehyde dehydrogenase 1A1', 'Gamma-amino-N-butyrate transaminase']"
CHEMBL1152,CC(=O)OCC(=O)[C@@]1(O)CC[C@H]2[C@@H]3CCC4=CC(=O)C=C[C@]4(C)[C@H]3[C@@H](O)C[C@@]21C,"['Nuclear receptor subfamily 1 group I member 2', 'Progesterone receptor']"
CHEMBL1197051,CC(COc1ccccc1)NC(C)C(O)c1ccc(O)cc1,[]
CHEMBL1198,CCCCOc1ccc(OCCCN2CCOCC2)cc1,[]
CHEMBL1200772,CC(=O)CC(c1ccccc1)c1c([O-])c2ccccc2oc1=O.[K+],[]
CHEMBL1201754,NC(=O)c1cn(Cc2c(F)cccc2F)nn1,[]
CHEMBL1236962,COc1ncc(-c2ccc3nccc(-c4ccnnc4)c3c2)cc1NS(=O)(=O)c1ccc(F)cc1F,"['PI3-kinase p110-alpha subunit', 'Serine/threonine-protein kinase mTOR']"
CHEMBL1237174,NN,['Gamma-amino-N-butyrate transaminase']
CHEMBL1420,C[n+]1ccccc1C=NO,[]
CHEMBL15913,Nc1cc[nH]c(=O)n1,[]
CHEMBL1651913,COc1cccc(C(=O)CCN[C@@H](C)[C@H](O)c2ccccc2)c1,[]
CHEMBL1694,CCOC(=O)[C@H](CCc1ccccc1)N[C@H]1CCc2ccccc2N(CC(=O)O)C1=O.Cl,"['Angiotensin-converting enzyme', 'Angiotensin-converting enzyme']"
CHEMBL2103881,CN[C@@]1(C)[C@@H]2CC[C@@H](C2)C1(C)C,"['Influenza A virus', 'Influenza A virus (A/PR/8/34(H1N1))', 'Influenza A virus H3N2']"
CHEMBL2104859,Cc1ncc(COC(=O)CCC(=O)OCCN(C)C)c(CO)c1O,[]
CHEMBL2105700,COc1nc2ccc(Br)cc2cc1[C@@H](c1ccccc1)[C@@](O)(CCN(C)C)c1cccc2ccccc12.O=C(O)/C=C/C(=O)O,[]
CHEMBL2105747,COc1ccc(N2CCOCC2)c2sc(NC(=O)N3CCC(C)(O)CC3)nc12,['Adenosine A2a receptor']
CHEMBL225157,CCOC(=O)C1=CCCC[C@H]1S(=O)(=O)Nc1ccc(F)cc1Cl,['RAW264.7']
CHEMBL2303613,CO/N=C(\C(=O)N[C@@H]1C(=O)N2C(C(=O)O)=C(CSc3nc(C)c(CC(=O)O)s3)CS[C@H]12)c1csc(N)n1,"['Solute carrier family 22 member 6', 'Solute carrier family 22 member 8', 'Solute carrier family 22 member 11']"
CHEMBL232656,C[C@@H]1CN(Cc2ccc(F)cc2)CCN1C(=O)COc1ccc(Cl)cc1NC(N)=O,['C-C chemokine receptor type 1']
CHEMBL270515,CC(C)C[C@H](NC(=O)[C@@H](NC(=O)c1cccc(-c2ccccc2)n1)[C@@H](C)O)B(O)O,[]
CHEMBL32573,c1cc2c(c(NC3=NCCN3)c1)CCCC2,"['Adrenergic receptor alpha-2', 'Nischarin']"
CHEMBL360216,O=C1NCC(=O)N2CCC[C@@H]12,[]
CHEMBL38,CC1=C(/C=C/C(C)=C/C=C/C(C)=C/C(=O)O)C(C)(C)CCC1,"['Retinoid X receptor alpha', 'Retinoic acid receptor alpha', 'Retinoic acid receptor beta', 'Retinoic acid receptor gamma', 'Retinoid X receptor alpha', 'Phomopsis obscurans', 'Cellular retinoic acid-binding protein I', 'Cellular retinoic acid-binding protein II', 'Liver microsome', 'Cellular retinoic acid-binding protein I', 'F9', 'Cytochrome P450 monooxygenase']"
CHEMBL3989690,CCOC[C@@H]1[C@@H](c2ccc(Cl)c(Cl)c2)C[C@@H]2CC[C@H]1N2C,"['Serotonin transporter', 'Norepinephrine transporter', 'Dopamine transporter', 'Dopamine transporter', 'Integrin alpha-5/Neuronal acetylcholine receptor subunit alpha-3/Neuronal acetylcholine receptor subunit beta-2/Neuronal acetylcholine receptor subunit beta-4']"
CHEMBL3989914,COCCNCc1ccc(-c2cc3nccc(Oc4ccc(NC(=S)NC(=O)Cc5ccc(F)cc5)cc4F)c3s2)nc1,"['Vascular endothelial growth factor receptor 2', 'Hepatocyte growth factor receptor']"
CHEMBL4130229,Cc1ccc(C(=O)NNC(=O)c2c(C)cccc2Cl)cc1C#Cc1cnc2ccccc2c1,[]
CHEMBL4297109,CC[N+]1(C)[C@@H]2CC(OC(=O)[C@H](CO)c3ccccc3)C[C@H]1[C@@H]1O[C@@H]12.[Br-],[]
CHEMBL4297385,COC[C@@H]1[C@@H](c2ccc(Cl)c(Cl)c2)C[C@@H]2CC[C@H]1N2C,"['Serotonin transporter', 'Norepinephrine transporter', 'Dopamine transporter', 'Dopamine transporter', 'Integrin alpha-5/Neuronal acetylcholine receptor subunit alpha-3/Neuronal acetylcholine receptor subunit beta-2/Neuronal acetylcholine receptor subunit beta-4']"
CHEMBL4297441,CC/C=C\C/C=C\C/C=C\C/C=C\C/C=C\C/C=C\CCC(=O)O[C@@H](C(=O)O[C@H]1C[C@@]2(O)[C@@H](OC(=O)c3ccccc3)[C@@H]3[C@]4(OC(C)=O)CO[C@@H]4C[C@H](O)[C@@]3(C)C(=O)[C@H](OC(C)=O)C(=C1C)C2(C)C)[C@@H](NC(=O)c1ccccc1)c1ccccc1,[]
CHEMBL4446782,Cc1cc(-n2nc3c(c2-n2ccn(-c4ccc5c(cnn5C)c4F)c2=O)[C@H](C)N(C(=O)c2cc4cc([C@H]5CCOC(C)(C)C5)ccc4n2[C@@]2(c4noc(=O)[nH]4)C[C@@H]2C)CC3)cc(C)c1F,[]
CHEMBL465183,CCCCC/C=C\C/C=C\C/C=C\CCCCCCC(=O)O,"['Regulator of G-protein signaling 4', 'Serum albumin', 'Phomopsis obscurans', 'HSVEC']"
CHEMBL5095228,COc1cc(-c2cn(C)c(=O)c(C)c2C)cc(OC)c1CN1CC[C@H](N2CCN(c3ccc(N[C@H]4CCC(=O)NC4=O)cc3F)CC2)C(F)(F)C1,[]
CHEMBL5095507,CCCOC(C(=O)OC1CCNCC1)(c1ccccc1)c1ccccc1,[]
CHEMBL539666,Clc1ccc2c(N3CCN(CCCN4CCN(c5ccnc6cc(Cl)ccc56)CC4)CC3)ccnc2c1.O=P(O)(O)O,['Plasmodium falciparum']
CHEMBL550781,CCCCCN(CCCOC)C(=O)[C@@H](CCC(=O)O)NC(=O)c1ccc(Cl)c(Cl)c1,[]
CHEMBL58752,O=[N+]([O-])c1nccn1CC(O)CN1CCCCC1,[]
CHEMBL734,CC(=O)NO,[]
CHEMBL922,CC(C)(C)C(=O)OCOP(=O)(COCCn1cnc2c(N)ncnc21)OCOC(=O)C(C)(C)C,"['Vaccinia virus', 'Human herpesvirus 5 strain AD169', 'Human herpesvirus 1 strain KOS']"
CHEMBL10878,COc1ccc2cccc(CCNC(C)=O)c2c1,"['Melatonin receptor 1A', 'Melatonin receptor 1B', 'Quinone reductase 2', 'Melatonin receptor', 'Melatonin receptor']"
CHEMBL114655,CC(CCc1ccccc1)NC(C)C(O)c1ccc(O)cc1,[]
CHEMBL1200606,Cc1cccc(C)c1OCC(C)N.Cl,[]
CHEMBL1200890,COc1ccc2c3c1O[C@H]1C(=O)CC[C@@]4(O)[C@@H](C2)N(C)CC[C@]314.Cl,[]
CHEMBL1201141,CC(C)Cc1ccc(C(C)C(=O)O)cc1.NCCCC[C@H](N)C(=O)O,[]
CHEMBL1863513,C/C=C(/C)C(=O)O[C@H]1C(C)=C[C@]23C(=O)[C@@H](C=C(CO)[C@@H](O)[C@]12O)[C@H]1[C@@H](C[C@H]3C)C1(C)C,[]
CHEMBL190461,C=C(C)[C@@H]1CCC(C)=C[C@H]1c1c(O)cc(CCCCC)cc1O,"['Cannabinoid CB2 receptor', 'Transient receptor potential cation channel subfamily V member 2']"
CHEMBL205596,C[C@H](CCC(=O)O)[C@H]1CC[C@H]2[C@@H]3[C@H](O)C[C@@H]4C[C@H](O)CC[C@]4(C)[C@H]3C[C@H](O)[C@]12C,"['G-protein coupled bile acid receptor 1', 'Solute carrier organic anion transporter family member 2B1']"
CHEMBL2103875,CC(=O)Nc1cccc(-n2c(=O)n(C3CC3)c(=O)c3c(Nc4ccc(I)cc4F)n(C)c(=O)c(C)c32)c1,[]
CHEMBL2111097,CCOC(=O)C1=C(COCCN)NC(C)=C(C(=O)OC)[C@@H]1c1ccccc1Cl,['Potassium channel subfamily K member 2']
CHEMBL2151205,COc1nc(/C=C/c2nc3n(n2)CCC[C@H]3c2ccccc2C(F)(F)F)ccc1-n1cnc(C)c1,['Gamma-secretase']
CHEMBL219916,O=c1[nH]c2ccccc2n1CCCN1CCC(n2c(=O)[nH]c3cc(Cl)ccc32)CC1,[]
CHEMBL2387080,Cc1nc(-c2cn3c(n2)-c2ccc(-c4cnn(C(C)(C)C(N)=O)c4)cc2OCC3)n(C(C)C)n1,[]
CHEMBL313006,CCC(CC)CC1(C(=O)Nc2ccccc2SC(=O)C(C)C)CCCCC1,[]
CHEMBL3732012,Nc1ncc(-c2cc(N3C[C@@H]4C[C@H]3CO4)nc(N3CCC(F)(F)C3)n2)cc1OC(F)F,['Mitogen-activated protein kinase kinase kinase 12']
CHEMBL3824393,C[N+](C)(C)CCCOc1ccc(-c2c3nc(cc4ccc([nH]4)c(-c4ccc(OCCC[N+](C)(C)C)cc4)c4nc(cc5ccc2[nH]5)C=C4)C=C3)cc1,[]
CHEMBL3940890,Cc1n[nH]c(C)c1CCCOc1cc(C(=O)O)ccc1F,['Mas-related G-protein coupled receptor member X4']
CHEMBL3989968,CCOc1ccccc1C(=O)NCc1coc(-c2ccc(OC(F)F)c(OC(C)C)c2)n1,[]
CHEMBL4074884,COC1=C(OC)C(=O)C(CCCCCCCCCC[P+](c2ccccc2)(c2ccccc2)c2ccccc2)=C(C)C1=O.CS(=O)(=O)[O-],[]
CHEMBL4290141,CC1(C)CC(Oc2ccc(-c3ccc(-c4cn[nH]c4)cc3O)nn2)CC(C)(C)N1,[]
CHEMBL4298162,CC1(C)C(/C=C/C2=C(Oc3ccc(S(=O)(=O)O)cc3)/C(=C/C=C3/N(CCCCS(=O)(=O)O)c4ccc(S(=O)(=O)O)cc4C3(C)C)CCC2)=[N+](CCCCS(=O)(=O)[O-])c2ccc(S(=O)(=O)O)cc21,['Serotonin N-acetyltransferase']
CHEMBL43128,COc1cc(NC(C)CCCN)c2ncccc2c1.O=P(O)(O)O.O=P(O)(O)O,[]
CHEMBL451930,CC[C@H](C)[C@H]1NC(=O)[C@@H](NC(=O)[C@@H](CC(C)C)N(C)C(=O)[C@@H]2CCCN2C(=O)C(C)=O)[C@@H](C)OC(=O)[C@H](Cc2ccc(OC)cc2)N(C)C(=O)[C@@H]2CCCN2C(=O)[C@H](CC(C)C)NC(=O)[C@@H](C)C(=O)[C@H](C(C)C)OC(=O)C[C@@H]1O,[]
CHEMBL4649457,COc1ccccc1CC[C@@H]1CCc2cc([C@H]3CC[C@](N)(CO)C3)ccc2C1,[]
CHEMBL490029,CC[C@@H](Oc1cccc(-n2c(C)c(C(=O)c3ccc(OC)cc3)c3ccc(OC(F)(F)F)cc32)c1)C(=O)O,"['Peroxisome proliferator-activated receptor gamma', 'Peroxisome proliferator-activated receptor alpha']"
CHEMBL5095088,COCCN1C[C@@H](NC(=O)Nc2c(C)c(-c3cnc(C)nc3)nn2-c2ccccc2)[C@H](c2cccc(F)c2)C1,[]
CHEMBL531,CCCN1C[C@H](CSC)C[C@@H]2c3cccc4[nH]cc(c34)C[C@H]21,"['Serotonin 1a (5-HT1a) receptor', 'Dopamine D2 receptor', 'Cerebral cortex alpha adrenergic receptor']"
CHEMBL5314556,C=C(C)C(=O)Nc1ccc(-c2c(-c3ccc(Oc4nccc(C)n4)c(F)c3)c3c(N)ncnc3n2C)cc1.Cl,[]
CHEMBL5314563,CN1C(=O)[C@H](CCCCN)NC(=O)[C@H](CCCN)NCc2cccnc2Sc2cccc(-c3ccc(C(=O)O)cc3)c2CNC(=O)[C@@H]1Cc1c[nH]c2ccccc12,[]
CHEMBL5314915,C=C1C[C@@H]2CC[C@H]1[C@@H](C(=O)N1CCC3(CC1)CN(c1ncncc1Oc1ccc(F)cc1C(=O)N(C(C)C)C(C)C)C3)N2,[]
CHEMBL60889,CCOc1cc(N)c(Cl)cc1C(=O)NCC1CN(Cc2ccc(F)cc2)CCO1,"['Dopamine D2 receptor', 'Dopamine D4 receptor', 'Serotonin 4 (5-HT4) receptor']"
CHEMBL623,CCc1nn(CCCN2CCN(c3cccc(Cl)c3)CC2)c(=O)n1CCOc1ccccc1,[]
CHEMBL65794,CO/N=C(\C(=O)N[C@@H]1C(=O)N2C(C(=O)[O-])=C(C[n+]3cccc4c3CCC4)CS[C@H]12)c1csc(N)n1,[]
CHEMBL697,CN1C(=O)CC(C)(c2ccccc2)C1=O,[]
CHEMBL765,N=C(N)NCCN1CCCCCCC1,['Polyamine oxidase']
