id,smiles,prediction
CHEMBL1096896,CCNC(=O)[C@H]1O[C@@H](n2cnc3c(NCC(c4ccccc4)c4ccccc4)nc(C(=O)NCCNC(=O)NC4CCN(c5ccccn5)CC4)nc32)[C@H](O)[C@@H]1O,"['COPD', 'A2A Agonist']"
CHEMBL1200869,Cc1ncc([N+](=O)[O-])n1CCO.Cl,"['FAK Signaling Inhibitor', 'Cytotoxin', 'Spermicidal', 'Antitrichomonal', 'Anti-Trichomonas']"
CHEMBL1201190,Cl.Cl.O=C(O)COCCN1CCN([C@H](c2ccccc2)c2ccc(Cl)cc2)CC1,"['GABA Uptake Inhibitor', 'H1 Receptor Antagonist', 'Class III Antiarrhythmic', 'hERG Channel Inhibitor', 'Histamine H1 Receptor Antagonist', 'Histamine Receptor Antagonist', 'H4 Receptor Antagonist', 'IKr Channel Blocker', 'Antihistamine', 'HERG Inhibitor', 'CNS Drug Partitioning', 'Histamine H1-Receptor Agonist']"
CHEMBL1205,CS(=O)(=O)O.Cc1c(O)cccc1C(=O)N[C@@H](CSc1ccccc1)[C@H](O)CN1C[C@H]2CCCC[C@H]2C[C@H]1C(=O)NC(C)(C)C,"['Antiviral', 'HIV Protease Inhibitor', 'HTLV-1 PR Inhibitor', 'Anti-AIDS', 'Dopamine Agent']"
CHEMBL1237124,C=C1c2c(Cl)ccc(O)c2C(=O)C2=C(O)[C@]3(O)C(=O)C(C(N)=O)=C(O)[C@@H](N(C)C)[C@@H]3[C@@H](O)[C@H]12,['Antibiotic']
CHEMBL126075,COc1cc(C(=O)OCCCN2CCCN(CCCOC(=O)c3cc(OC)c(OC)c(OC)c3)CC2)cc(OC)c1OC,['ENT1 Inhibitor']
CHEMBL127592,CN(C(=O)CN(CCO)CC(=O)N(C)C(C)(C)Cc1ccccc1)C(C)(C)Cc1ccccc1,[]
CHEMBL1419,CC(C)CC(N(C)C)C1(c2ccc(Cl)cc2)CCC1,[]
CHEMBL1633,CN1CCC(=C2c3ccccc3CC(=O)c3sccc32)CC1.O=C(O)/C=C/C(=O)O,"['Antiallergy', 'Neuroleptic', 'H1 Receptor Antagonist', 'Histamine H1 Receptor Antagonist', 'Thyroid Cancer', 'Degranulation Inhibitor', 'H(1)/5-HT(2A) Receptor Antagonist']"
CHEMBL1908841,Nc1nc(=O)c2c([nH]1)NC[C@H](CNc1ccc(C(=O)N[C@@H](CCC(=O)O)C(=O)O)cc1)N2C=O,[]
CHEMBL2010601,CC(C)(C)c1cc(C(C)(C)C)c(NC(=O)c2c[nH]c3ccccc3c2=O)cc1O,['CFTR Potentiator']
CHEMBL2064032,CNCc1cc(-c2ccccc2F)n(S(=O)(=O)c2cccnc2)c1.O=C(O)/C=C/C(=O)O,"['H+/K+-ATPase Inhibitor', 'Gastric Acid Inhibitor', 'Potassium-Competitive Acid Blocker']"
CHEMBL2107011,COc1cc2[nH]c(C)c(CCN3CCN(c4ccccc4)CC3)c2cc1OC,[]
CHEMBL2387541,CCCc1cc(O)c2c(c1)OC(C)(C)[C@@H]1CCC(C)=C[C@@H]21,"['Analgesic', 'Cannabinoid Receptor Ligand', 'CB2 Ligand', 'CB1 Agonist', 'Adenylyl Cyclase Inhibitor', 'CB2 Antagonist', 'Cannabinoid', 'CB Receptor Ligand', 'CB Receptor Inverse Agonist', 'CB(2) Receptor Ligand']"
CHEMBL3137327,CC/C=C\C/C=C\C/C=C\C/C=C\C/C=C\C/C=C\CCC(=O)O.CC/C=C\C/C=C\C/C=C\C/C=C\C/C=C\CCCC(=O)O.CC/C=C\C/C=C\C/C=C\C/C=C\C/C=C\CCCCC(=O)O.CC/C=C\C/C=C\C/C=C\C/C=C\C/C=C\CCCCCC(=O)O.CC/C=C\C/C=C\C/C=C\C/C=C\CCCCCCC(=O)O.CC/C=C\C/C=C\C/C=C\CCCCCCCC(=O)O.CCCCC/C=C\C/C=C\C/C=C\C/C=C\C/C=C\CCC(=O)O.CCCCC/C=C\C/C=C\C/C=C\CCCCC(=O)O.CCCCC/C=C\C/C=C\CCCCCCCC(=O)O,[]
CHEMBL3833371,CC(C)OC(=O)[C@@H](C)N[P@@](=O)(OC[C@H]1O[C@@H](n2ccc(=O)[nH]c2=O)[C@](C)(Cl)[C@@H]1O)Oc1ccccc1,"['HCV NS5b Polymerase Inhibitor', 'Prodrug', 'DDX3X Inhibitor']"
CHEMBL3948730,CC(C)Oc1ccc(-c2nn([C@@H](C)c3oc4ccc(F)cc4c(=O)c3-c3cccc(F)c3)c3ncnc(N)c23)cc1F,['PI3KDelta-Gamma Inhibitor']
CHEMBL3989731,C[C@H](N)Cc1cccc(O)c1,[]
CHEMBL4297288,Cc1ccc(=O)n(-c2ccc(O)cc2)c1,['MIF Inhibitor']
CHEMBL4297392,O=C(NCc1ccc(Oc2ccccc2)cc1)c1nc(-c2cc(Br)c(O)c(Br)c2)no1,[]
CHEMBL4297495,C[N+](C)(C)CCOP(=O)([O-])OCCCCCCCCCCCCCCCCCCc1ccc([131I])cc1,"['Anti-Leishmanial', 'Antiprotozoan']"
CHEMBL4526356,C[C@]12CC[C@@H]3c4ccc(B(O)O)cc4C[C@@H](CCCCCCCCC[S+]([O-])CCCC(F)(F)C(F)(F)F)[C@H]3[C@@H]1CC[C@@H]2O,[]
CHEMBL46058,CCCl,"['Mutagen', 'Hepatocarcinogenic']"
CHEMBL46286,COC(=O)C[C@](O)(CCCC(C)(C)O)C(=O)O[C@@H]1C(OC)=C[C@]23CCCN2CCc2cc4c(cc2[C@H]13)OCO4,['Chikungunya Inhibitor']
CHEMBL4650215,C[C@H](Nc1ccc2c(c1)OCCn1cc(N3C(=O)OC[C@H]3C(F)F)nc1-2)C(N)=O,"['Anticancer', 'PI3K-Alpha Inhibitor']"
CHEMBL4650368,COc1ncc(C)c(-c2ccc3c(c2)[nH]c(=O)c2cnn([C@H]4CCOC4)c23)c1C,[]
CHEMBL470670,CC(C)[C@@H]1CC[C@@H](C)C[C@H]1O,"['GABA A Modulator', 'TRPM8 Antagonist', 'Fatty Acid Synthesis Inhibitor', 'Antiacne', 'Chorismate Synthase Inhibitor', 'Acaricide', 'Radioprotector']"
CHEMBL477772,Cc1ccc(Nc2nccc(N(C)c3ccc4c(C)n(C)nc4c3)n2)cc1S(N)(=O)=O,['VEGFR2 Inhibitor']
CHEMBL4802156,CC(=O)N(C)C1CCN(c2cccc(-c3ccc4nc(-c5cccnc5N)n(-c5ccc(C6(N)CCC6)cc5)c4n3)c2)CC1,[]
CHEMBL598797,C#Cc1cccc(Nc2ncnc3cc(OC)c(OCCCCCCC(=O)NO)cc23)c1,"['Anticancer', 'EGFR Kinase Inhibitor', 'HDACs Inhibitor']"
CHEMBL608533,CO[C@@H]1[C@H](N(C)C(=O)c2ccccc2)C[C@H]2O[C@]1(C)n1c3ccccc3c3c4c(c5c6ccccc6n2c5c31)C(=O)NC4,"['FLT3 Inhibitor', 'TrkA Inhibitor', 'Antipancreatic Cancer', 'Anti-AML', 'PKCTheta/Delta Inhibitor']"
CHEMBL626,CN(C/C=C/c1ccccc1)Cc1cccc2ccccc12,['Antifungal']
CHEMBL652,O=C(NCC1CCCCN1)c1cc(OCC(F)(F)F)ccc1OCC(F)(F)F,"['Antiarrhythmic', 'Late Sodium Current Inhibitor']"
CHEMBL673,C#CCN(C)Cc1ccccc1,"['MAO-B Inhibitor', 'PYCR1 Inhibitor']"
CHEMBL768,COC(=O)CCc1ccc(OCC(O)CNC(C)C)cc1,['Beta-Adrenoceptor Blocker']
CHEMBL86715,OC(CCN1CCCC1)(c1ccccc1)C1CCCCC1,[]
CHEMBL973,C/C(O)=C(\C#N)C(=O)Nc1ccc(C(F)(F)F)cc1,"['DHODH Inhibitor', 'Dihydroorotate Dehydrogenase Inhibitor']"
CHEMBL101,CCCCC1C(=O)N(c2ccccc2)N(c2ccccc2)C1=O,"['Anti-Inflammatory', 'OAT1 Inhibitor', 'Prostaglandin Synthase Inhibitor', 'Epigenetic Cancer Therapy']"
CHEMBL1027,Cc1ccsc1C(=CCCN1CCC[C@@H](C(=O)O)C1)c1sccc1C,"['Anticonvulsive', 'GABA Uptake Inhibitor', 'GABA-Transporter Inhibitor', 'GAT1 Binder', 'GAT1 Inhibitor', 'mGAT3 Inhibitor', 'mGAT2 Inhibitor']"
CHEMBL1054,NS(=O)(=O)c1cc2c(cc1Cl)NC(C(Cl)Cl)NS2(=O)=O,"['Carbonic Anhydrase Inhibitor', 'Diuretic', 'Saluretic']"
CHEMBL1075,CCOC(=O)Nc1ccc2c(c1)N(C(=O)CCN1CCOCC1)c1ccccc1S2,['CAR Inverse Agonist']
CHEMBL1138,O=C1[C@H](CC[C@H](O)c2ccc(F)cc2)[C@@H](c2ccc(O)cc2)N1c1ccc(F)cc1,['Cholesterol Absorption Inhibitor']
CHEMBL1200750,CC(CN1c2ccccc2Sc2ccccc21)N(C)C.Cl,"['Neuroprotective', 'AChE Inhibitor', 'Butylcholinesterase Inhibitor', 'BChE Inhibitor', 'AD Treatment']"
CHEMBL1208,CCn1nc(C(=O)O)c(=O)c2cc3c(cc21)OCO3,[]
CHEMBL1215331,N#Cc1ccc(N2N=C3c4ccc(C(=O)O)cc4CC[C@@H]3[C@@H]2C2CCCC2)cc1Cl,"['Hypertension', 'Mineralocorticoid Antagonist', 'MR Antagonist', 'Nephropathy']"
CHEMBL1237055,CN1CC[C@]23c4c5ccc(O)c4O[C@H]2C(=O)CC[C@H]3[C@H]1C5.Cl,"['Analgesic', 'Antinociceptive', 'Opioid Receptor Ligand', 'Opioid Receptor Agonist', 'Mu Opioid Receptor Agonist', 'Opioid Antagonist', 'Opioid', 'Narcotic-Antagonist', 'Opioid Analgesic', 'MOR Antagonist', 'Narcotic Agonist', 'OCT1 Substrate', 'Opiate Receptor', 'kappa-Opioid Receptor', 'Opioid Agonist-Antagonist', 'Opiate', 'Mu Antagonist']"
CHEMBL1256786,COc1ccc(CC(C)NCC(O)c2ccc(O)c(NC=O)c2)cc1,"['Beta(3)-Adrenergic Agonist', 'Bronchodilator', 'COPD', 'Beta-AR Agonist', 'Long-Acting']"
CHEMBL1257015,COc1ccc(C(=O)NCc2cccnc2)cc1C(=O)NCc1cccnc1,[]
CHEMBL129482,Oc1cc(O)c2c(c1)O[C@@H](c1ccc(O)c(O)c1)[C@@H](O)C2,"['Antioxidant', 'Neuraminidase Inhibitor']"
CHEMBL134561,COc1cc(Cc2cnc(N)nc2N)c2c(c1OC)OC(C1CC1)C=C2,"['Antibiotic', 'Dihydrofolate Inhibitor']"
CHEMBL1441,CCc1cc(C(N)=S)ccn1,"['Anti-mycobacterial', 'Mycolic Acid Biosynthesis Inhibitor']"
CHEMBL195560,Oc1ccc(C2=COc3cc(O)ccc3C2)cc1,[]
CHEMBL2040682,CC(C)C(=O)OCC(=O)[C@@]12O[C@H](C3CCCCC3)O[C@@H]1C[C@H]1[C@@H]3CCC4=CC(=O)C=C[C@]4(C)[C@H]3[C@@H](O)C[C@@]12C,[]
CHEMBL2103832,CN1CCN(c2cccc3[nH]c(=O)oc23)CC1,[]
CHEMBL2103842,C[C@@H]1COC(Nc2ccc3ncnc(Nc4ccc(OCc5nccs5)c(Cl)c4)c3c2)=N1,"['EGFR Kinase Inhibitor', 'ErbB-2 Inhibitor']"
CHEMBL2104149,CCC(=O)n1c(=O)n(C2CCN(CCC(C#N)(c3ccccc3)c3ccccc3)CC2)c2ccccc21,[]
CHEMBL2105401,O=c1oc2ccccc2c(O)c1C(CC(O)c1ccc(Cl)cc1)c1ccc(Cl)s1,['HIV Protease Inhibitor']
CHEMBL2107319,Cl.N[C@@H](CCC(=O)N[C@@H](CS(=O)(=O)CCOP(=O)(N(CCCl)CCCl)N(CCCl)CCCl)C(=O)N[C@@H](C(=O)O)c1ccccc1)C(=O)O,[]
CHEMBL2107366,Cc1cccc([C@H](C)c2c[nH]c(=S)[nH]2)c1C,[]
CHEMBL2387742,C=C(C)[C@@H]1CCC(C)=C[C@H]1c1c(O)cc(CCC)cc1O,['PPAR Gamma Modulator']
CHEMBL3188993,O=C(O)/C=C/C(=O)O.OCCOCCN1CCN(C2=Nc3ccccc3Sc3ccccc32)CC1.OCCOCCN1CCN(C2=Nc3ccccc3Sc3ccccc32)CC1,[]
CHEMBL32838,CO[C@@H]1[C@H](OC(=O)/C=C/C=C/C=C/C=C/C(=O)O)CC[C@]2(CO2)[C@H]1[C@@]1(C)O[C@@H]1CC=C(C)C,"['Anti-Angiogenic', 'Angiogenesis Inhibitor', 'MetAP1 Inhibitor']"
CHEMBL356388,CCOC(=O)c1cnc2c(cnn2CC)c1NN=C(C)C,['PDE4 Inhibitor']
CHEMBL3822503,C[N+](C)(C)CCCOc1ccc(-c2c3nc(cc4ccc([nH]4)c(-c4ccc(OCCC[N+](C)(C)C)cc4)c4nc(cc5ccc2[nH]5)C=C4)C=C3)cc1.[Cl-].[Cl-],['Photodynamic']
CHEMBL3905910,CN1CC[C@@H](c2c(O)cc(O)c3c(=O)cc(-c4ccc(C(F)(F)F)cc4Cl)oc23)[C@@H]1CO,"['Anticancer', 'Apoptosis Inducer', 'Protein Kinase Inhibitor', 'CDK Inhibitor', 'Cancer Therapeutic', 'CDK9 Inhibitor', 'CDK12 Inhibitor']"
CHEMBL409153,C[C@@H](c1nc(-c2ccc(C#N)cc2)cs1)[C@](O)(Cn1cncn1)c1cc(F)ccc1F,['Antifungal']
CHEMBL41,CNCCC(Oc1ccc(C(F)(F)F)cc1)c1ccccc1,[]
CHEMBL412142,Cc1cnc(-c2cnc(NCCNc3ccc(C#N)cn3)nc2-c2ccc(Cl)cc2Cl)[nH]1,[]
CHEMBL41286,CC(=O)Oc1cccc2c1C(=O)c1c(OC(C)=O)cc(C(=O)O)cc1C2=O,"['Elastase Inhibitor', 'Anti-Osteoporotic', 'Bone-Targeting', 'Epstein-Barr Inhibitor']"
CHEMBL4297402,Cc1nnnn1N=Cc1ccc(O)c(C(c2ccc(O)cc2)c2cc(C=Nn3nnnc3C)ccc2O)c1,[]
CHEMBL4298150,CCc1cc(/C(C)=N/OCc2ccc(C3CCCCC3)c(C(F)(F)F)c2)ccc1CN1CC(C(=O)O)C1.CCc1cc(/C(C)=N/OCc2ccc(C3CCCCC3)c(C(F)(F)F)c2)ccc1CN1CC(C(=O)O)C1.O=C(O)/C=C/C(=O)O,['S1P1 Agonist']
CHEMBL435381,COc1ccc(-c2c(Cl)ncn2-c2ccc(S(N)(=O)=O)cc2)cc1F,['COX2 Inhibitor']
CHEMBL451,CNC1=Nc2ccc(Cl)cc2C(c2ccccc2)=[N+]([O-])C1,[]
CHEMBL455136,CNC(=O)[C@@H](c1ccccc1)N1CCc2cc(OC)c(OC)cc2[C@@H]1CCc1ccc(C(F)(F)F)cc1,"['Orexin-1 Receptor Antagonist', 'TRPM8 Antagonist', 'OX1 Antagonist']"
CHEMBL500,CC(C)NCC(O)COc1cccc2[nH]ccc12,"['Antihypertensive', '5-HT 1A Receptor Agonist', 'Beta(3)-Adrenergic Agonist', 'Vasodilator', 'Antiarrhythmic', '5-HT(1A) Receptor Antagonist', 'Hypotensive', 'Beta-Adrenoceptor Blocker', '5-HT(1B/1D) Agonist', 'Beta-Blocker', 'Beta-Adrenergic Antagonist', 'Beta-Adrenergic Receptor Ligand', 'Beta-Adrenoceptor Antagonist', 'HSA-Binding', 'Lipophilicity', 'Cardioselective', 'Glioblastoma Inhibitor', 'Oral Bioavailability', 'Anti-Melanoma', 'Permeability', 'Serotonin Receptor', 'Intestinal Permeability', 'Beta1-Adrenoceptor Antagonist', 'Negative Inotropic', 'CNS Drug Partitioning', 'hBChE Inhibitor']"
CHEMBL529,CC[C@H]1OC(=O)[C@H](C)[C@@H](O[C@H]2C[C@@](C)(OC)[C@@H](O)[C@H](C)O2)[C@H](C)[C@@H](O[C@@H]2O[C@H](C)C[C@H](N(C)C)[C@H]2O)[C@](C)(O)C[C@@H](C)CN(C)[C@H](C)[C@@H](O)[C@]1(C)O,"['Antibiotic', 'Antipneumococcal']"
CHEMBL5314456,Nc1ncnc2c1ncn2[C@H]1O[C@H]2COP(=O)(S)O[C@H]3[C@@H](O)[C@H](COP(=O)(S)O[C@@H]2[C@@H]1F)O[C@@H]3n1cc(F)c2c(=O)[nH]cnc21,"['STING Receptor Agonist', 'STING Modulator', 'Immune System']"
CHEMBL5314969,CC(C)Oc1ccc(C(=O)Nc2ccc(Oc3cc4cnn(C)c4cc3-c3cn[nH]c3)c(F)c2)c(=O)n1-c1ccc(F)cc1,['Axl Inhibitor']
CHEMBL55214,NCCCCCC(O)(P(=O)(O)O)P(=O)(O)O,"['Antiparasitic', 'Farnesyl-Protein Transferase Inhibitor', 'Trypanosoma cruzi Inhibitor', 'Osteoporosis Treatment', 'Trypanosoma brucei Inhibitor', 'Bone Resorption Inhibitor', 'Bone-Targeting', 'Anti-Osteoclast Formation']"
CHEMBL559,N[C@H](Cc1cc(I)c(Oc2cc(I)c(O)c(I)c2)c(I)c1)C(=O)O,"['Chemosensitizer', 'Cholesterol Lowering', 'Thyromimetic', 'Liver-Selective', 'Thyroid Hormone Receptor Agonist', 'CYP3A4 Inducer', 'Thyroid Hormone Receptor Ligand', 'PXR Activator', 'GAT1 Inhibitor', 'Angiogenesis Modulator', 'TRBeta Agonist', 'TLS Inhibitor', 'TTR Inhibitor', 'Bile Acid Transporter']"
CHEMBL591665,O=C1O[C@H]([C@@H](O)CO)C([O-])=C1O.[Na+],[]
CHEMBL661,Cc1nnc2n1-c1ccc(Cl)cc1C(c1ccccc1)=NC2,['Antianxiety']
CHEMBL834,NCCC(O)(P(=O)(O)O)P(=O)(O)O,"['Antiparasitic', 'Farnesyl-Protein Transferase Inhibitor', 'Trypanosoma cruzi Inhibitor', 'Collagenase-1 Inhibitor', 'Osteoporosis Treatment', 'Trypanosoma brucei Inhibitor', 'Bone Resorption Inhibitor', 'Bone-Targeting', 'Antibiotic Resistance', 'Anti-Osteoclast Formation', 'Bisphosphonates', 'Calcium Chelator']"
CHEMBL855,Cc1ccc(/C(=C\CN2CCCC2)c2ccccn2)cc1,[]
CHEMBL93836,CCCC(CCC)C(N)=O,"['Anticonvulsive', 'Antineuropathic', 'AED']"
CHEMBL1055,NS(=O)(=O)c1cc(C2(O)NC(=O)c3ccccc32)ccc1Cl,[]
CHEMBL1200574,[Cl-].[Na+],"['Antibiotic', 'Antimalarial', 'Antimicrobial', 'Neuroprotective', 'Carbonic Anhydrase Inhibitor', 'Antihypertensive', 'Anti-Trypanosomal', 'Vasodilator', 'PDE10a Inhibitor', 'Cytoprotective', 'Vasorelaxant', 'Cardioprotective', 'Cardiovascular', 'CA I Inhibitor', 'Insulin Secretagogue', 'Type 2 Diabetes Treatment', 'Matriptase Inhibitor', 'CD73 Inhibitor', 'Nootropic', 'H. pylori', 'Tau Phosphorylation Inhibitor', 'H2S Donor', 'Carbonic Anhydrase', 'NMDAR Antagonist', 'Osteoblast Stimulator', 'Hydrogen Sulfide Donor', 'Mood Disorder', 'Insulin Release Stimulator', 'CO2 Hydrase', 'Beta-CA Inhibitor', 'GPR39 Agonist', 'Carbonic Anhydrase IV Inhibitor', 'IFN-Gamma Inhibitor', 'Cu Chelator', 'Anion Inhibitor', 'H2S-Releasing', 'DNA Cleaving Agent', 'Carbonic Anhydrase XV Inhibitor', 'Tau Protein Inhibitor', 'HD', 'Glycogen Synthase Activator']"
CHEMBL1200806,COc1ccc2cc([C@H](C)C(=O)[O-])ccc2c1.[Na+],"['Anti-Inflammatory', 'Analgesic', 'COX2 Inhibitor', 'AKR1C1 Inhibitor', 'Anti-Arthritis', 'eIF4A3 Inhibitor']"
CHEMBL1214598,CCOC(=O)c1c(CSc2ccccc2)n(C)c2cc(Br)c(O)c(CN(C)C)c12,"['Antiviral', 'Chikungunya Inhibitor', 'Influenza Fusion Inhibitor']"
CHEMBL1233524,CN(C)CCN(C)[C@H]1COc2ccccc2-c2c(C3CCCCC3)c3ccc(C(=O)O)cc3n2C1,['HCV NS5b Polymerase Inhibitor']
CHEMBL128748,COc1ccc(/C=C/C(=O)/C=C(O)/C=C/c2ccc(OC)c(OC)c2)cc1OC,"['Anticancer', 'NF-kappa B Inhibitor', 'Anti-Prostate Cancer', 'Thioredoxin Reductase Inhibitor']"
CHEMBL1476245,CN[C@H](C)CCC=C(C)C,[]
CHEMBL1522,CN1CCN(C(=O)O[C@H]2c3nccnc3C(=O)N2c2ccc(Cl)cn2)CC1,['Peripheral-Type Benzodiazepine Receptor Ligand']
CHEMBL1562779,CCCCCCCCCCCCCCOc1ccc(C(=O)O)o1,[]
CHEMBL1627367,C[C@]12CC[C@@H]3c4ccc(O)cc4CC[C@H]3[C@@H]1C[C@@H](F)[C@@H]2O,"['Estrogen Receptor Ligand', 'Androgen Receptor Ligand', 'Estrogen Receptor Binder', 'Imaging Agent']"
CHEMBL208427,O=C(O)c1cccc(-c2cccc(NCCNC[C@H](O)c3cccc(Cl)c3)c2)c1,['Beta(3)-Adrenergic Agonist']
CHEMBL2105085,CC(C)=CCC/C(C)=C/CC/C(C)=C/CCC(=O)OC/C=C(\C)CCC=C(C)C,[]
CHEMBL2106572,Cc1ccc(N2CCNCC2)c(S(=O)(=O)O)c1,[]
CHEMBL212432,N/C(=N\C(=O)c1nc(Cl)c(N)nc1N)NCCCCc1ccc(OCC(O)CO)cc1,['ENaC Blocker']
CHEMBL226335,C[C@@H]1O[C@@H](OC[C@H]2O[C@@H](Oc3c(-c4ccc(O)c(O)c4)oc4cc(O)cc(O)c4c3=O)[C@H](O)[C@@H](O)[C@@H]2O)[C@H](O)[C@H](O)[C@H]1O,[]
CHEMBL25105,N=C(N)c1ccc(OCCCCCCOc2ccc(C(=N)N)cc2)cc1,"['DNA Binding', 'PRMT Inhibitor', 'Acrosin Inhibitor', 'p53-Inhibitor']"
CHEMBL269864,O=c1[nH]cnc2c(CN3C[C@H](CO)[C@@H](O)C3)c[nH]c12,"['Purine Nucleoside Phosphorylase Inhibitor', 'Purine Metabolism Inhibitor']"
CHEMBL3125702,CC(C)[C@@H](CS(=O)(=O)C(C)C)N1C(=O)[C@@](C)(CC(=O)O)C[C@H](c2cccc(Cl)c2)[C@H]1c1ccc(Cl)cc1,"['Anticancer', 'p53/MDM2 Inhibitor', 'MDM2 Inhibitor', 'p53 Activator', 'p53 Stabilizer', 'p53 Activation']"
CHEMBL3127326,COC(=O)N[C@H](C(=O)N1CCC[C@H]1C(=O)Nc1ccc([C@@H]2CC[C@@H](c3ccc(NC(=O)[C@@H]4CCCN4C(=O)[C@@H](NC(=O)OC)C(C)C)cc3)N2c2ccc(C(C)(C)C)cc2)cc1)C(C)C,['HCV NS5b Polymerase Inhibitor']
CHEMBL32,COc1c(N2C[C@@H]3CCCN[C@@H]3C2)c(F)cc2c(=O)c(C(=O)O)cn(C3CC3)c12,"['Antibiotic', 'Anti-Tuberculosis', 'Anti-mycobacterial', 'DNA GyraseB Inhibitor', 'Bactericidal', 'Mycobacterium tuberculosis Inhibitor', 'Glutamate Racemase Inhibitor', 'Mycobacterium tuberculosis', 'Quinolone Antibiotic', 'GyrB Inhibitor']"
CHEMBL328190,Oc1ccc2c(c1)CC[C@H](c1ccccc1)[C@@H]2c1ccc(OCCN2CCCC2)cc1,"['Breast Cancer', 'Estrogen Receptor Ligand', 'SERD', 'Estrogen Receptor Modulator', 'SERM', 'Estrogen Receptor Downregulator']"
CHEMBL3414626,CC(C)N(C[C@H]1O[C@@H](n2cnc3c(N)ncnc32)[C@H](O)[C@@H]1O)[C@H]1C[C@@H](CCc2nc3cc(C(C)(C)C)ccc3[nH]2)C1,"['Leukemia', 'DOT1L Inhibitor']"
CHEMBL3544914,CC(C)(CO)c1cc2cc(NC(=O)C3(c4ccc5c(c4)OC(F)(F)O5)CC3)c(F)cc2n1C[C@@H](O)CO,[]
CHEMBL3670800,Cc1cc(C(=O)N(C)C)cc(NC(=O)[C@H]2CCC(=O)N2C2CCN(Cc3ccc(Cl)c(C)c3)CC2)n1,[]
CHEMBL3707306,N#Cc1c(N(CC(=O)[O-])CC(=O)[O-])sc(C(=O)[O-])c1CC(=O)[O-].[Sr+2].[Sr+2],[]
CHEMBL386630,C[C@]12CC[C@H]3[C@@H](CCC4=CC(=O)CC[C@@]43C)[C@@H]1CC[C@@H]2O,"['Butylcholinesterase Inhibitor', 'Androgen Receptor Modulator', 'ChEs Inhibitor', 'SARM', 'Androgen Receptor Ligand', 'Selective Androgen Receptor Modulator']"
CHEMBL3989948,CC#Cc1cncc(-c2ccc3c(c2)[C@@]2(N=C(C)C(N)=N2)[C@]2(CC[C@H](OC)CC2)C3)c1,['BACE-1 Inhibitor']
CHEMBL4205422,O=C(O)CC[C@H]1CC[C@@](c2cc(F)ccc2F)(S(=O)(=O)c2ccc(Cl)cc2)CC1,"[""Alzheimer's Disease"", 'Gamma Secretase Inhibitor']"
CHEMBL4297296,C/C1=C/C[C@@H](/C(C)=C/c2csc(C)n2)OC(=O)C[C@H](O)C(C)(C)C(=O)[C@H](C)[C@@H](O)[C@@H](C)/C=C/C1,[]
CHEMBL4297301,[2H]C([2H])([2H])[N+](CCO)(C([2H])([2H])[2H])C([2H])([2H])[2H],[]
CHEMBL4297485,Cc1ccncc1N1CCN(c2ccnc(Cl)c2)C1=O,[]
CHEMBL4297622,C[C@@H]1OC(=O)N[C@@H]1C(=O)N[C@@H](Cc1cscn1)C(=O)N1CCC[C@H]1C,[]
CHEMBL4594410,COc1ccc(S(=O)(=O)NCc2cc(CN3CCCC3)c(O)c(CN3CCCC3)c2)cc1.O=S(=O)(O)O,['Antiarrhythmic']
CHEMBL499915,CC1(C)[C@@H](OC(=O)CCC(=O)O)CC[C@]2(C)[C@H]3C(=O)C=C4[C@@H]5C[C@@](C)(C(=O)O)CC[C@]5(C)CC[C@@]4(C)[C@]3(C)CC[C@@H]12,['Metabolic Disease Treatment']
CHEMBL5095057,CC1=C(c2cc(F)cc(F)c2)[C@H](c2ccc(/C=C/CN3CC(CF)C3)cc2)Oc2cc(O)ccc21,"['SERD', 'Estrogen Receptor Degrader']"
CHEMBL5095398,COc1nsc(NC(=O)N2C[C@H]3C[C@H](N(C)c4ncnc5[nH]ccc45)C[C@H]3C2)n1,['JAK1/JAK2 Inhibitor']
CHEMBL5314944,C[C@@H](O)[C@@H](C(N)=O)N1C[C@@]2(CCCN2C(=O)OC(C)(C)C)C1=O,[]
CHEMBL645,CC(C)NCC(O)COc1ccc(COCCOC(C)C)cc1,"['Beta-Adrenoceptor Blocker', 'Beta-Adrenoceptor Antagonist']"
CHEMBL75435,C[C@H](C(=O)O)c1cccc(C(=O)c2ccccc2)c1,"['Anti-Inflammatory', 'Analgesic', 'Antioxidant', 'COX2 Inhibitor', 'Amyloid-Beta Aggregation Inhibitor', 'PPAR gamma Agonist', 'mPGES-1 Inhibitor', 'COX1⧹2 Inhibitor', '5-LOX/COX Inhibitor', 'Cyclooxygenase Inhibitor', 'Dual-Inhibitor', 'AKR1C1 Inhibitor', 'Lipoxygenase Inhibitor', 'Lipoperoxidation Inhibitor', 'NSAID', 'LOX Inhibitor', 'IL-8 Inhibitor', 'Organic Anion Transporter', 'HSA-Binding', 'DNA Polymerase III Inhibitor', 'TTR Amyloidogenesis Inhibitor', 'Amyloidogenesis Inhibitor', 'Permeability', 'CXCR1 Inhibitor', 'Beta-Catenin Inhibitor', 'OAT1 Inhibitor', 'DNA Polymerase Beta Inhibitor', 'Organic Anion Transport Inhibitor', 'Prostaglandin Synthase Inhibitor', 'Gli1 Inhibitor', 'Skin Permeation', 'CXCL8 Inhibitor', 'Dopamine Agent', 'Complement Modulator', 'ACMSD Inhibitor']"
CHEMBL1184904,C=CCNc1c(O)cc2c(O)c1C[C@@H](C)C[C@H](OC)[C@H](O)[C@@H](C)/C=C(\C)[C@H](OC(N)=O)[C@@H](OC)/C=C\C=C(/C)C(=O)N2,[]
CHEMBL1186894,CC(=O)[C@]1(N)Cc2c(O)c3c(c(O)c2[C@@H](O[C@H]2C[C@H](O)[C@H](O)CO2)C1)C(=O)c1ccccc1C3=O,['Antitumor']
CHEMBL1200472,Fc1ccccc1C1=NCC(=S)N(CC(F)(F)F)c2ccc(Cl)cc21,[]
CHEMBL1201003,Br.CN1CCC[C@@H]1Cc1c[nH]c2ccc(CCS(=O)(=O)c3ccccc3)cc12,['5-HT(1B/1D) Agonist']
CHEMBL1201109,CC1(C)O[C@@H]2C[C@H]3[C@@H]4CCC5=CC(=O)C=C[C@]5(C)[C@H]4[C@@H](O)C[C@]3(C)[C@]2(C(=O)CO)O1,"['Anti-Inflammatory', 'Glucocorticoid Agonist']"
CHEMBL1201163,CCC(=O)N(c1ccccc1)C1(COC)CCN(CCc2cccs2)CC1.O=C(O)CC(O)(CC(=O)O)C(=O)O,"['Analgesic', 'Opiate-Like']"
CHEMBL1235646,C=C1CS[C@H]([C@H](NC(=O)CCCC[C@@H](N)C(=O)O)C(=O)O)N=C1C(=O)O,[]
CHEMBL124162,CCC(=O)O[C@]1(CC)C(=O)OCc2c1cc1n(c2=O)Cc2cc3ccccc3nc2-1,[]
CHEMBL1512949,O=C(CN1CCN(Cc2ccc3c(c2)OCO3)CC1)N1c2ccccc2Sc2ccccc21,[]
CHEMBL1559,Clc1ccc(COC(Cn2ccnc2)c2ccc(Cl)cc2Cl)c(Cl)c1.O=[N+]([O-])O,"['Antifungal', 'Antimycotic']"
CHEMBL1593566,CC1(C)[C@H](C(=O)O[C@H](C#N)c2cccc(Oc3ccccc3)c2)[C@@H]1C=C(Br)Br,['Ryanodine Receptor Activator']
CHEMBL159776,CC(C)N(CCNC(=O)CN1CCCC1=O)C(C)C,"['Nootropic', 'Amnesia-Reversal']"
CHEMBL16073,CCOc1ccc(NC(C)=O)cc1,[]
CHEMBL1644698,O=[N+]([O-])[O-].[Na+],"['Antibiotic', 'Antimalarial', 'Antimicrobial', 'Carbonic Anhydrase Inhibitor', 'Anti-Trypanosomal', 'CA I Inhibitor', 'H. pylori', 'Carbonic Anhydrase', 'CO2 Hydrase', 'Beta-CA Inhibitor', 'Carbonic Anhydrase IV Inhibitor', 'Anion Inhibitor', 'Carbonic Anhydrase XV Inhibitor', 'HD']"
CHEMBL20883,O=c1[nH]c(=O)n(C2CCCO2)cc1F,"['Anticancer', 'Cytotoxic Prodrug', 'Cell-Growth Inhibitor', 'Bioreductive Alkylating Agent']"
CHEMBL2103849,CCCOc1ccc(S(=O)(=O)NCCC2CCCN2C)cc1-c1nc2c(CCC)nn(C)c2c(=O)[nH]1,['PDE 5 Inhibitor']
CHEMBL2105684,Cn1cnc2c(F)c(Nc3ccc(Br)cc3Cl)c(C(=O)NOCCO)cc21.O=S(=O)(O)O,['MEK1 Inhibitor']
CHEMBL2107834,COC(=O)N(C)c1c(N)nc(-c2nn(Cc3ccccc3F)c3ncccc23)nc1N,"['Hypertension', 'sGC Stimulator', 'Pulmonary Hypertension']"
CHEMBL2364618,CC(C)(O)c1ccccc1-c1ccc2[nH]c(/C=C/c3ccc(C(F)(F)F)cc3)nc2c1,"['TRPV1 Antagonist', 'Pain Treatment']"
CHEMBL252557,O=C(O)CO,"['Anion Inhibitor', 'Carbonic Anhydrase XV Inhibitor']"
CHEMBL290916,CC1=NN(c2ccccc2)C(=O)C1,"['Protein Aggregation Inhibitor', 'Tau Inhibitor', 'Hydroxyl Radical Scavenger']"
CHEMBL3184791,CN[C@@H]1[C@H](O[C@H]2[C@H](O[C@H]3[C@H](O)[C@@H](O)[C@H](N=C(N)N)[C@@H](O)[C@@H]3N=C(N)N)O[C@@H](C)[C@]2(O)C=O)O[C@@H](CO)[C@H](O)[C@H]1O.CN[C@@H]1[C@H](O[C@H]2[C@H](O[C@H]3[C@H](O)[C@@H](O)[C@H](N=C(N)N)[C@@H](O)[C@@H]3N=C(N)N)O[C@@H](C)[C@]2(O)C=O)O[C@@H](CO)[C@H](O)[C@H]1O.O=S(=O)(O)O.O=S(=O)(O)O.O=S(=O)(O)O,"['Chitin Synthetase Inhibitor', 'Antifouling', 'VHR Inhibitor', 'Antialgal']"
CHEMBL3318007,O=C(O)[C@H]1C2CCC(CC2)[C@@H]1Nc1nc(-c2c[nH]c3ncc(F)cc23)ncc1F,"['Influenza Inhibitor', 'Influenza PB2 Inhibitor']"
CHEMBL3581647,Cc1sc2c(c1C)C(c1ccc(Cl)cc1)=N[C@@H](CC(=O)Nc1ccc(O)cc1)c1nnc(C)n1-2,"['Anticancer', 'Anti-Cancer', 'BRD4-HDAC Inhibitor', 'BET Inhibitor', 'BET Bromodomain Antagonist', 'Sepsis', 'CRPC']"
CHEMBL359965,C=CCS[S+]([O-])CC=C,[]
CHEMBL3608680,Cc1nsc(-c2nnc3n2CCN(C(=O)c2ccc(F)cc2)[C@@H]3C)n1,"['Neurokinin Receptor Antagonist', 'Sex-Hormone Disorder Treatment']"
CHEMBL3989865,C/C=C(/C)C(=O)O[C@H]1C(C)=C2[C@H]([C@@H]1OC(=O)CCCCCCC)[C@@](C)(OC(C)=O)C[C@H](OC(=O)CCCCCCCCCCCNC(=O)C[C@H](N)C(=O)N[C@@H](CCC(=O)N[C@@H](CCC(=O)N[C@@H](CCC(=O)N[C@@H](CCC(=O)O)C(=O)O)C(=O)O)C(=O)O)C(=O)O)[C@@]1(O)[C@H]2OC(=O)[C@@]1(C)O,['PKC Activator']
CHEMBL3989939,O=C(Nc1cnn2ccc(N3CCC[C@@H]3c3cc(F)ccc3F)nc12)N1CC[C@H](O)C1.O=S(=O)(O)O,"['Anticancer', 'Cancer', 'Cancer Therapy', 'TRK Kinase Inhibitor', 'TrkA Inhibitor', 'Chronic Pain', 'Pan-Trk Inhibitor', 'GBM']"
CHEMBL5095033,COc1ccc2c(Oc3ccc4c(C(=O)Nc5ccccc5N)cccc4c3)ccnc2c1,"['Anticancer', 'VEGFR2 Inhibitor', 'KDR Inhibitor']"
CHEMBL52125,CCN(CC)CCCN1c2ccccc2Sc2ccc(Cl)cc21,"['Antimalarial', 'Trypanothione Reductase Inhibitor', 'MDR-Modulator']"
CHEMBL5314954,CN1CCN(C(=O)N(CCCCCCC(=O)NO)c2ccc(-c3ccc4cnn(C)c4c3)cc2)CC1,['HDACs Inhibitor']
CHEMBL58323,COC[C@@H](NC(C)=O)C(=O)NCc1ccccc1,['Anticonvulsive']
CHEMBL83,CC/C(=C(\c1ccccc1)c1ccc(OCCN(C)C)cc1)c1ccccc1,"['SERD', 'Estrogen Receptor Agonist', 'Antiestrogen', 'Estrogen Receptor Binder', 'Fluorescent Probe', 'ERRGamma Inverse Agonist', 'ER Antagonist', 'ERAlpha Degrader', 'ER+ Breast Cancer', 'Calmodulin Inhibitor', 'Anti-Estrogen', 'Raf-1/MAPK/ERK Inhibitor']"
CHEMBL975,O=S(=O)([O-])CCS.[Na+],[]
CHEMBL119604,OCCNCCO,[]
CHEMBL1201213,CCC(NC(C)C)C(O)c1ccc(O)c(O)c1,['Beta(3)-Adrenergic Agonist']
CHEMBL1201288,O=C1CN(/N=C/c2ccc(-c3ccc([N+](=O)[O-])cc3)o2)C(=O)N1,"['Ryanodine Receptor 1 Inhibitor', 'Skeletal Muscle Relaxant']"
CHEMBL1279,CN[C@@H]1CCc2[nH]c3ccc(C(N)=O)cc3c2C1,"['PARP1/2 Inhibitor', 'Central Nervous System Agent']"
CHEMBL1539,COc1ncnc(NS(=O)(=O)c2ccc(N)cc2)c1OC,[]
CHEMBL1626223,CN1CCCN=C1/C=C/c1cccs1,[]
CHEMBL1651998,CC1(O)CCC(C(C)(C)O)CC1,['Antiasthma']
CHEMBL1705373,COc1c(O[C@@H]2O[C@H](CO)[C@@H](O)[C@H](O)[C@H]2O)cc2c(c1OC)-c1ccc(SC)c(=O)cc1C(NC(C)=O)CC2,['GABA-A Receptor Ligand']
CHEMBL1989587,CC(=O)OCC(=O)[C@@]12OC(C)(C)O[C@@H]1C[C@H]1[C@@H]3CC(C=O)=C4C=C(OCCCl)CC[C@]4(C)[C@@]3(F)[C@@H](O)C[C@@]12C,[]
CHEMBL2096648,N[13C](N)=O,"['Carbonic Anhydrase Inhibitor', 'Carbonic Anhydrase', 'CO2 Hydrase', 'Beta-CA Inhibitor', 'Glycine Agonist', 'Anion Inhibitor', 'Carbonic Anhydrase XV Inhibitor', 'Raf-1/MAPK/ERK Inhibitor']"
CHEMBL2103743,C[C@@H]1CCN(C(=O)CC#N)C[C@@H]1N(C)c1ncnc2[nH]ccc12.O=C(O)CC(O)(CC(=O)O)C(=O)O,"['JAK1/JAK2 Inhibitor', 'Ulcerative Colitis']"
CHEMBL2105616,CC(=O)N[C@@H](CC(=O)N[C@@H](CCC(=O)O)C(=O)O)C(=O)O,"['PSMA Inhibitor', 'Canavan Disease', 'ANAT Inhibitor']"
CHEMBL2106851,CN1CC[C@]23c4c5ccc(OC(=O)c6cccnc6)c4O[C@H]2[C@@H](OC(=O)c2cccnc2)C=C[C@H]3[C@H]1C5,[]
CHEMBL2107312,CC(C)C(=O)O[C@@H](OC(=O)NC[C@H](CC(=O)O)c1ccc(Cl)cc1)C(C)C,[]
CHEMBL29411,Cc1ccc(C(C)C)c(O)c1,[]
CHEMBL32479,Cc1nnc2n1-c1sc(Br)cc1C(c1ccccc1Cl)=NC2,[]
CHEMBL3301681,CCOC1O[C@H]([C@@H](COCc2ccccc2)OCc2ccccc2)[C@H](OCc2ccccc2)[C@H]1O,[]
CHEMBL3527000,O=c1[nH]nc2c3c(cccc13)Oc1ccc(CN3CCC(O)CC3)cc1-2,"['PARP1/2 Inhibitor', 'Chk1 Inhibitor']"
CHEMBL3693786,O=C(CCCCCCNC(=O)c1cnc(N(c2ccccc2)c2ccccc2Cl)nc1)NO,"['HDACs Inhibitor', 'Histone Deacetylase Inhibitor']"
CHEMBL3989705,CCC(=O)[O-].O.[Na+],"['Toxic', 'Neurotoxicity']"
CHEMBL413376,Cc1ccc(C(=O)Nc2ccc(S(=O)(=O)[O-])c3cc(S(=O)(=O)[O-])cc(S(=O)(=O)[O-])c23)cc1NC(=O)c1cccc(NC(=O)Nc2cccc(C(=O)Nc3cc(C(=O)Nc4ccc(S(=O)(=O)[O-])c5cc(S(=O)(=O)[O-])cc(S(=O)(=O)[O-])c45)ccc3C)c2)c1.[Na+].[Na+].[Na+].[Na+].[Na+].[Na+],"['P2Y Receptor Antagonist', 'SIRT2 Inhibitor', 'Falcipain Inhibitor', 'Antikinetoplastid', 'Norovirus Inhibitor', 'NTPDase2 Inhibitor', 'NPP3 Inhibitor']"
CHEMBL4297321,CS(=O)(=O)OCCN(CCBr)c1c(C(=O)NCCOP(=O)(O)O)cc([N+](=O)[O-])cc1[N+](=O)[O-],[]
CHEMBL4297599,N[C@@H](CC(=O)Nc1ccn([C@@H]2O[C@H](CO)[C@@H](O)[C@@H]2O)c(=O)n1)C(=O)O,[]
CHEMBL4650361,C[C@@H](N)COc1ccc(-c2cnc3ccc(N[C@H](C)c4cccc(F)c4)nn23)cc1.O=C(O)CCCCC(=O)O,[]
CHEMBL4784510,COc1cc(F)c([C@@H]2CNC(=O)[C@H]2NC(=O)Nc2ccccc2)c(F)c1,"['FPR2 Agonist', 'Heart Failure']"
CHEMBL506110,CC1(C)S[C@@H]2[C@H](NC(=O)[C@H](N)c3ccccc3)C(=O)N2[C@H]1C(=O)OCOC(=O)[C@@H]1N2C(=O)C[C@H]2S(=O)(=O)C1(C)C,[]
CHEMBL510095,CC(C)=CCC[C@](C)(O[C@@H]1O[C@H](CO)[C@@H](O)[C@H](O)[C@H]1O)[C@H]1CC[C@]2(C)[C@@H]1[C@H](O)C[C@@H]1[C@@]3(C)CC[C@H](O)C(C)(C)[C@@H]3[C@@H](O[C@@H]3O[C@H](CO)[C@@H](O)[C@H](O)[C@H]3O[C@@H]3O[C@@H](C)[C@H](O)[C@@H](O)[C@H]3O)C[C@]12C,['Glioma Growth Inhibitor']
CHEMBL521078,CO[C@@]12[C@H](COC(N)=O)C3=C(C(=O)C(C)=C(N)C3=O)N1C[C@H]1[C@@H]2N1C,[]
CHEMBL5314409,CC(C)N1CCN(Cc2cnc(-c3cc(-c4cccc5[nH]ccc45)cc4[nH]ncc34)o2)CC1.Cl,[]
CHEMBL5314967,CN(c1c([N+](=O)[O-])cc([N+](=O)[O-])cc1[N+](=O)[O-])[N+](=O)[O-],['Nitroreductase']
CHEMBL658,CCC(=O)N(c1ccccc1)C1(COC)CCN(CCc2cccs2)CC1,"['Analgesic', 'Mu Opioid Receptor Agonist', 'Anesthetic']"
CHEMBL76688,CC(C)(C)C(=O)Oc1ccc(S(=O)(=O)Nc2ccccc2C(=O)NCC(=O)O)cc1,['Necrosis Inhibitor']
CHEMBL929,CC(C)Nc1cccnc1N1CCN(C(=O)c2cc3cc(NS(C)(=O)=O)ccc3[nH]2)CC1.CS(=O)(=O)O,"['Anti-HIV-1', 'HIV-1 PR/RT Inhibitor', 'NNRTI', 'Reverse Transcriptase Inhibitor', 'HIV-1', 'Non-nucleoside Reverse Transcriptase Inhibitor']"
CHEMBL1095284,N[C@@H](C(=O)N[C@@H]1C(=O)N2C(C(=O)O)=C(CSc3c[nH]nn3)CS[C@H]12)c1ccc(O)cc1,['Antibiotic']
CHEMBL1160571,O=P(O)(O)OP(=O)(O)O,"['Immunotherapeutic', 'NaPi2b Inhibitor', 'CO2 Hydrase', 'Beta-CA Inhibitor']"
CHEMBL1181731,COCCOCCOCCOCCOC(=O)OC[n+]1ccc(N/C(=N/CCCCCCOc2ccc(Cl)cc2)NC#N)cc1,[]
CHEMBL1200374,C=C1C[C@@H]2[C@H](CC[C@]3(C)C(=O)CC[C@@H]23)[C@@]2(C)C=CC(=O)C=C12,['Aromatase Inhibitor']
CHEMBL1200561,COc1cc2nc(N3CCN(C(=O)C4COc5ccccc5O4)CC3)nc(N)c2cc1OC.CS(=O)(=O)O,"['Antihypertensive', 'Alpha1-Adrenoceptor Antagonist']"
CHEMBL1435,Cc1nnc(SCC2=C(C(=O)O)N3C(=O)[C@@H](NC(=O)Cn4cnnn4)[C@H]3SC2)s1,['Antibiotic']
CHEMBL1577,CN1C(CCl)Nc2cc(Cl)c(S(N)(=O)=O)cc2S1(=O)=O,['Carbonic Anhydrase Inhibitor']
CHEMBL1697,COc1ccc([C@@H]2Sc3ccccc3N(CCN(C)C)C(=O)[C@@H]2OC(C)=O)cc1.Cl,"['Antihypertensive', 'Vasorelaxant', 'Calcium Channel Blocker', 'Ca2+ Antagonist']"
CHEMBL1796998,FS(F)(F)(F)(F)F,"['Convulsant', 'Carbonic Anhydrase XV Inhibitor']"
CHEMBL191958,CNCCn1c(=O)c2cc(OC)c(OC)cc2c2cnc3cc4c(cc3c21)OCO4,"['Cytotoxic', 'Top1/2 Inhibitor']"
CHEMBL2104255,CCCCCCCCCCCC[N+](CCO)(CCO)Cc1ccccc1.[Cl-],[]
CHEMBL232211,Cc1cc(-c2ccccc2)nnc1N1CCN(c2ncccn2)CC1,['Antineuroinflammatory']
CHEMBL3039530,O=c1ccc2c([C@@H](O)CNCCCCCCOCC(F)(F)c3ccccc3)ccc(O)c2[nH]1,"['Beta(3)-Adrenergic Agonist', 'Bronchodilator']"
CHEMBL3120793,CC(C)OC(=O)[C@H](C)N[P@+]([O-])(OC[C@H]1O[C@@](C#N)(c2ccc3c(N)ncnn23)[C@](C)(O)[C@@H]1OC(=O)C(C)C)Oc1ccccc1,[]
CHEMBL3182444,O=C(O)C1(Cc2cccc(Nc3nccs3)n2)CCC(Oc2cccc(Cl)c2F)CC1,['Ewing Sarcoma']
CHEMBL334533,CCCCCCC(C)(C)c1cc(O)c2c(c1)OC(C)(C)[C@H]1CC=C(CO)C[C@H]21,"['Analgesic', 'CB2 Agonist', 'Antinociceptive', 'Cannabinoid Receptor Ligand', 'CB2 Ligand', 'CB1 Agonist', 'CB1 Inverse Agonist', 'MAGL Inhibitor', 'Cannabinoid Agonist', 'H1 Receptor Antagonist', 'Adenylyl Cyclase Inhibitor', 'Chronic Pain Treatment', 'CB2 Antagonist', 'Drug Design', 'Biased Ligand', 'Cannabinoid', 'CB(1) Receptor Ligand', 'ABHD6 Inhibitor', 'GPR55 Agonist', 'CB Receptor Ligand', 'CB(2) Receptor Ligand', 'Glycine Receptor Modulator', 'TRPA1 Channel Agonist']"
CHEMBL3740500,CC(C)[C@]12O[C@H]1[C@@H]1O[C@]13[C@]1(O[C@H]1C[C@H]1C4=C(CC[C@@]13C)C(=O)OC4)[C@@H]2OCOP(=O)([O-])[O-].[Na+].[Na+],['Antihepatocellular Carcinoma']
CHEMBL429736,CC[C@H](C)[C@@H]1C(=O)N[C@H](C2Cc3ccccc3C2)C(=O)N1[C@@H](C(=O)N1CCOCC1)c1coc(C)n1,['Oxytocin Receptor Antagonist']
CHEMBL472,COc1ccc(Cl)cc1C(=O)NCCc1ccc(S(=O)(=O)NC(=O)NC2CCCCC2)cc1,"['Hypoglycemic', 'NLRP3 Inhibitor']"
CHEMBL4802160,COC[C@H]1CN(C(=O)[C@]2(F)CN(C3CCCC3)C[C@H]2c2ccc(OC)cc2)C[C@@H]1c1ccc(C(F)(F)F)cc1N1CCC(C(=O)O)CC1,[]
CHEMBL5095086,O=C(CCC(F)(F)F)N1CCC2(CC1)CC(C(F)(F)F)=NO2,[]
CHEMBL5314366,COc1ccc2[nH]c([S@@+]([O-])Cc3ncc(C)c(OC)c3C)nc2c1.COc1ccc2[nH]c([S@@+]([O-])Cc3ncc(C)c(OC)c3C)nc2c1.O.O.O.[Mg+2],[]
CHEMBL5314605,CNC(=O)c1cc2c(Oc3ccc(NC(=O)C4(C(=O)Nc5ccc(F)cc5)CC4)cc3)ccnc2cc1OC.CNC(=O)c1cc2c(Oc3ccc(NC(=O)C4(C(=O)Nc5ccc(F)cc5)CC4)cc3)ccnc2cc1OC.O=C(O)/C=C/C(=O)O,"['Antiproliferative', 'VEGFR2 Inhibitor', 'cMET Inhibitor']"
CHEMBL5314958,NC[C@@]1(CC(=O)O)[C@@H]2CC[C@H]3C[C@@H]2[C@@H]1C3,[]
CHEMBL85231,CN(C)CC(Oc1ccccc1)Oc1ccccc1,[]
CHEMBL1090771,NC(=O)[C@@H](CCC(F)(F)F)N(Cc1ccc(-c2ncon2)cc1F)S(=O)(=O)c1ccc(Cl)cc1,['Gamma Secretase Inhibitor']
CHEMBL1200845,CC1(C)O[C@@H]2C[C@H]3[C@@H]4CCC5=CC(=O)CC[C@]5(C)[C@@]4(F)[C@@H](O)C[C@]3(C)[C@]2(C(=O)CCl)O1,"['Anti-Inflammatory', 'Glucocorticoid Agonist']"
CHEMBL1200914,CCOc1ccccc1OCCN[C@H](C)Cc1ccc(OC)c(S(N)(=O)=O)c1.Cl,"['Alpha1-Adrenoceptor Antagonist', 'BPH/LUTS Treatment']"
CHEMBL1208155,COc1cccc(-c2c(C)n(Cc3c(F)cccc3C(F)(F)F)c(=O)n(C[C@H](NCCCC(=O)O)c3ccccc3)c2=O)c1F,"['GnRHR Antagonist', 'CYP450 Inhibitor']"
CHEMBL121663,Cc1cc(N)c2ccccc2[n+]1CCCCCCCCCC[n+]1c(C)cc(N)c2ccccc21.[Cl-].[Cl-],"['K+ Channel Blocker', 'Mycobacterium Inhibitor', 'SKCa Channel Blocker', 'K(Ca) Channel Blocker']"
CHEMBL1234579,[N-]=[N+]=O,"['Antibiotic', 'Antimalarial', 'Antimicrobial', 'Carbonic Anhydrase Inhibitor', 'Anti-Trypanosomal', 'CA I Inhibitor', 'H. pylori', 'Mutagenic', 'Carbonic Anhydrase', 'Osteoblast Stimulator', ""Decaprenylphosphoryl-Beta-D-ribose 2'-Oxidase Inhibitor"", 'SecA Inhibitor', 'CO2 Hydrase', 'Beta-CA Inhibitor', 'Neurotoxicity', 'Carbonic Anhydrase IV Inhibitor', 'Anion Inhibitor', 'Carcinogenic', 'DNA Cleaving Agent', 'Carbonic Anhydrase XV Inhibitor', 'HD']"
CHEMBL1631694,CSc1ccc(OCc2ncc([N+](=O)[O-])n2C)cc1,"['Anti-Tuberculosis', 'Human African Trypanosomiasis Treatment']"
CHEMBL1756,C[C@]12CC[C@@H]3c4ccc(OC(=O)N(CCCl)CCCl)cc4CC[C@H]3[C@@H]1CC[C@@H]2OP(=O)(O)O,['Anticancer']
CHEMBL1908305,C[C@@H](O)[C@H]1C(=O)N2C(C(=O)O)=C(S[C@H]3CC[S@@+]([O-])C3)S[C@H]12,"['Antibiotic', 'Signal Peptidase Inhibitor']"
CHEMBL2017179,Cc1cc(C)c2c(c1)[C@@H](N(Cc1cc(C(F)(F)F)cc(C(F)(F)F)c1)c1nnn(C)n1)CCCN2C[C@H]1CC[C@H](C(=O)O)CC1,"['CETP Inhibitor', 'LDL Reduction']"
CHEMBL2079587,C[C@]12Cc3c[nH]nc3C[C@@H]1CC[C@@H]1[C@@H]2CC[C@@]2(C)[C@H]1CC[C@]2(C)O,[]
CHEMBL2104745,CC(C)CCC(=O)CC1c2ccccc2C(=O)N1c1ccc2ccc(Cl)nc2n1,[]
CHEMBL2106798,CC1(C)CC(C)(C)CC(C)(N)C1.CS(=O)(=O)O,[]
CHEMBL2107772,C[C@@H](c1ccc(-c2ccccc2)c(F)c1)c1cc(NC(=N)N2CCOCC2)on1,[]
CHEMBL283800,CN(CC(=O)O)C(=N)N,['Weight Loss']
CHEMBL324846,CCCCCCCC(=O)O,"['Cytotoxic', 'Antibiotic', 'Anti-Inflammatory', 'Anti-Tuberculosis', 'Antimicrobial', 'Antioxidant', 'Cytostatic', 'Anti-mycobacterial', 'Anti-Diabetic', 'COX2 Inhibitor', 'Anti-Trypanosomal', 'AChE Inhibitor', 'DNA GyraseB Inhibitor', 'Trypanocidal', 'Prodrug', 'Aromatase Inhibitor', 'PPAR gamma Agonist', 'Antialzheimer', 'Anti-Bacterial', 'GPR40/FFA1 Agonist', 'Efflux Pump Inhibitor', 'Herbicide', 'Immune Stimulant', 'DNA Polymerase Inhibitor', 'SHP2 Inhibitor', 'FFA1 Agonist', 'Cell Growth Inhibitor', 'Osteoclastogenesis Inhibitor', 'Fatty Acid Synthesis Inhibitor', 'Immune Modulator', 'Dynamin I GTPase Inhibitor', 'Nematicidal', 'IL-8 Inhibitor', 'Spore Germination Inhibitor', 'RBP4 Antagonist', 'TRPA1 Agonist', 'Metabolic Disease Treatment', 'GPR84 Antagonist', 'PPARGamma Antagonist', 'Antiacne', 'Anti-Trichomonas', 'Antiglycation', 'TLR2 Inhibitor', 'Hepatic Steatosis', 'aFABP Inhibitor', 'TRPV2 Antagonist', 'NAFLD', 'PPAR Modulator', 'Nephrotoxic', 'Organic Anion Transport Inhibitor', 'Organic Anion Transporter 1 Substrate', 'Cell Membrane Depolarizer', 'GPR84 Inhibitor']"
CHEMBL3348932,CC(C)N(CC[C@H](c1ccccc1)c1cc(CO)ccc1O)C(C)C,[]
CHEMBL3544919,N=C(N)NCCC[C@H](N)C(=O)NCCCN1CCN(CCCNC(=O)[C@@H](N)CCCNC(=N)N)CC1,[]
CHEMBL363449,CC1CCc2c(N3CCC(O)CC3)c(F)cc3c(=O)c(C(=O)O)cn1c23,['Antibiotic']
CHEMBL3707223,CCOC(=O)C[N+]1(C)CC[C@@H](OC(=O)[C@](O)(c2ccccc2)C2CCCC2)C1.[Br-],"['Muscarinic Receptor Antagonist', 'Bronchodilator', 'M3 Receptor Antagonist', 'Muscarinic M3 Receptor Antagonist']"
CHEMBL3707370,CCC1(CC)C(=O)CCNC1=O,['Anticonvulsive']
CHEMBL4297101,Cc1oc(=O)oc1COC(=O)N1CC[C@@H](N2CC/C(=C\C3=C(C(=O)[O-])N4C(=O)[C@@H](NC(=O)/C(=N/O)c5nsc(N)n5)[C@H]4SC3)C2=O)C1.[Na+],['Antibiotic']
CHEMBL4297333,CCCCCCCCCCCCCCCCOC[C@H](COP(=O)([O-])OCC[N+](C)(C)C)OCCCCC(=O)O,['Anti-HIV-1']
CHEMBL447868,O=C([O-])c1ccccc1O.[Na+],[]
CHEMBL4594279,CS(=O)(=O)O.O=C(Cc1ccc(-c2ccc(OCCN3CCOCC3)cc2)cn1)NCc1ccccc1,[]
CHEMBL4594289,CCOC(=O)[C@H](C)N[P@](=O)(CO[C@@H]1C=C(F)[C@H](n2cnc3c(N)ncnc32)O1)Oc1ccccc1.O=C(O)CC(O)(CC(=O)O)C(=O)O,[]
CHEMBL4802253,Cl.NCc1ccc2c(c1)nc(CN1C(=O)C3(CC3)c3ccc(F)cc31)n2CCCC(F)(F)F,"['Antiviral', 'RSV Fusion Protein Inhibitor']"
CHEMBL5095066,C=CC(=O)N1C[C@H](C)N(c2nc(=O)n(-c3c(C4CC4)ncnc3C3CC3)c3nc(-c4c(N)cccc4F)c(F)cc23)C[C@H]1C,['KRAS G12D Inhibitor']
CHEMBL513909,CC[C@@H]1C(=O)N(C)c2cnc(Nc3ccc(C(=O)NC4CCN(C)CC4)cc3OC)nc2N1C1CCCC1,"['Anticancer', 'BRD4-HDAC Inhibitor', 'Plk2 Inhibitor', 'BET Bromodomain Antagonist', 'TAF1(2) Inhibitor', 'BPTF-BRD Inhibitor']"
CHEMBL5314961,N#Cc1ccc(N2N=C3c4ccc(C(=O)N5CCC(O)CC5)nc4CC[C@@H]3[C@@H]2C2CCCC2)cc1Cl,"['Mineralocorticoid Antagonist', 'MR Antagonist', 'Nephropathy']"
CHEMBL571546,O=C(Cc1ccc(-c2ccc(OCCN3CCOCC3)cc2)cn1)NCc1ccccc1,"['Antitumor', 'Tubulin Inhibitor', 'Src Kinase Inhibitor']"
CHEMBL571987,CCc1nn(CCO)c(CC)c1Oc1cc(C#N)cc(C#N)c1,"['HIV-1 PR/RT Inhibitor', 'HIV NNRTI']"
CHEMBL576982,CC(C)(C)c1cc(NC(=O)Nc2ccc(-c3cn4c(n3)sc3cc(OCCN5CCOCC5)ccc34)cc2)no1,"['FLT3 Inhibitor', 'VEGFR-3 Inhibitor']"
CHEMBL593429,NC(=O)NC1NC(=O)NC1=O,[]
CHEMBL783,CC(C)[C@H]1CC[C@H](C(=O)N[C@H](Cc2ccccc2)C(=O)O)CC1,"['Hypoglycemic', 'Insulinotropic', 'Insulin-Sensitizing', 'Insulin-Releasing']"
CHEMBL9509,COc1cc(C2Oc3cc([C@H]4Oc5cc(O)cc(O)c5C(=O)[C@@H]4O)ccc3OC2CO)ccc1O,['Lipoperoxidation Inhibitor']
CHEMBL1082462,CC(C)(CC(=O)N1CCCC1)NCC(=O)N1C[C@@H](F)C[C@H]1C#N,"['Anti-Diabetic', 'DPPIV Inhibitor']"
CHEMBL1200932,C[C@H](O)C(=O)Nc1c(I)c(C(=O)NC(CO)CO)c(I)c(C(=O)NC(CO)CO)c1I,[]
CHEMBL1200959,CN1CCC(CN2c3ccccc3Sc3ccccc32)C1,[]
CHEMBL1202,Cl.O=C(O)c1cn(C2CC2)c2cc(N3CCNCC3)c(F)cc2c1=O,"['Antibiotic', 'Antimicrobial', 'Anti-mycobacterial', 'DNA GyraseB Inhibitor', 'NAD Synthetase Inhibitor']"
CHEMBL1341,COC(F)(F)C(Cl)Cl,"['Convulsant', 'Lipophilicity Modulator']"
CHEMBL2051955,C[C@@H]1CC(=O)NN=C1c1ccc(NN=C(C#N)C#N)cc1,[]
CHEMBL2107328,CCC(CC)COC(=O)[C@@H]1C[C@H]2C[C@@H](Oc3cccc(Cl)c3-c3nnn[nH]3)CC[C@H]2CN1,[]
CHEMBL290429,CCC(=O)N(c1ccccc1)C1(C(=O)OC)CCN(CCc2ccccc2)CC1,"['Analgesic', 'Mu Opioid Receptor Agonist', 'Anesthetic', 'Opioid Analgesic']"
CHEMBL35228,COc1ccc2nc3cc(Cl)ccc3c(Nc3cc(CN4CCCC4)c(O)c(CN4CCCC4)c3)c2n1,['Antimalarial']
CHEMBL3545303,CC1=NN(c2ccc(C)c(C)c2)C(=O)/C1=N\Nc1cccc(-c2cccc(-c3nnn[nH]3)c2)c1O,[]
CHEMBL4080062,O=C(Nc1cccc(C(F)(F)F)c1)c1cccc2cc(Oc3cc(CO)ncn3)ccc12,[]
CHEMBL4297380,CCCCCc1ccc(-c2cc3cn([C@H]4C[C@H](O)[C@@H](COC(=O)[C@@H](N)C(C)C)O4)c(=O)nc3o2)cc1.Cl,[]
CHEMBL5095207,COc1cc(/C=C/C(=O)/C=C/C=C/c2cc(OC)c(O)c(OC)c2)cc(OC)c1,"['Anti-Prostate Cancer', 'Thioredoxin Reductase Inhibitor']"
CHEMBL5095210,O=C1CC[C@H](N2Cc3cc(N4CCN(CC5CCN(c6ccc([C@@H]7c8ccc(O)cc8CC[C@@H]7c7ccccc7)cc6)CC5)CC4)ccc3C2=O)C(=O)N1,[]
CHEMBL5095405,CN1CCN(C(=O)[C@H](CCCN[C@@H]2C[C@H]2c2ccc(F)cc2)NC(=O)c2ccc(-n3ccnn3)cc2)CC1.Cc1ccc(S(=O)(=O)O)cc1.Cc1ccc(S(=O)(=O)O)cc1,['LSD1 Inhibitor']
CHEMBL5095424,COc1ncc(-c2nc3c(n2C(C)C)[C@H](c2ccc(Cl)cc2)N(c2cc(Cl)cn(C)c2=O)C3=O)c(OC)n1.O=C(O)CCC(=O)O,['p53/MDM2 Inhibitor']
CHEMBL5314410,C#Cc1cccc(Nc2ncnc3cc(OC)c(NC(=O)N4C[C@H]5CCN(C)[C@H]5C4)cc23)c1,"['Antitumor', 'EGFR Kinase Inhibitor']"
CHEMBL5314565,CCCCCCCCCC1=C(C)C(=O)C(C)=C(C)C1=O,"['PAI-1 Inhibitor', 'Glutaminase Inhibitor', 'Neuronal Differentiation', 'Termite Control', 'Mitochondrial Function Enhancer', 'Mitochondrial Dysfunction Treatment']"
CHEMBL6246,O=c1oc2c(O)c(O)cc3c(=O)oc4c(O)c(O)cc1c4c23,[]
CHEMBL889,O=P(O)(NCCCl)NCCCl,[]
CHEMBL942,CC(=O)Oc1ccc(C(c2ccc(OC(C)=O)cc2)c2ccccn2)cc1,['AhR Agonist']
CHEMBL119385,O=c1ncn2nc(Sc3ccc(F)cc3F)ccc2c1-c1c(Cl)cccc1Cl,"['Anti-Inflammatory', 'p38 MAP Kinase Inhibitor']"
CHEMBL1200727,[82Rb+].[Cl-],"['Antibiotic', 'Antimalarial', 'Antimicrobial', 'Neuroprotective', 'Cytoprotective', 'Vasorelaxant', 'Cardioprotective', 'Cardiovascular', 'CA I Inhibitor', 'Type 2 Diabetes Treatment', 'H2S Donor', 'Carbonic Anhydrase', 'NMDAR Antagonist', 'Osteoblast Stimulator', 'CO2 Hydrase', 'Beta-CA Inhibitor', 'Carbonic Anhydrase IV Inhibitor', 'IFN-Gamma Inhibitor', 'Anion Inhibitor', 'H2S-Releasing', 'DNA Cleaving Agent', 'Carbonic Anhydrase XV Inhibitor', 'HD', 'Glycogen Synthase Activator']"
CHEMBL1200758,CC1(C)S[C@@H]2[C@H](NC(=O)[C@H](N)c3ccccc3)C(=O)N2[C@H]1C(=O)[O-].[Na+],['Antibiotic']
CHEMBL1200848,CCCCCC(=O)O[C@]1(C(C)=O)CC[C@H]2[C@@H]3CCC4=CC(=O)CC[C@]4(C)[C@H]3CC[C@@]21C,"['Progesterone Receptor Agonist', 'Progesterone Receptor Ligand']"
CHEMBL1204187,CC1(C)CC(=O)N(CCCCN2CCN(c3ncccn3)CC2)C(=O)C1.Cl,"['Antidepressant', '5-HT 1A Receptor Agonist', 'Tranquilizer']"
CHEMBL1372950,CO[C@]12C[C@@H](COC(=O)c3cncc(Br)c3)CN(C)[C@@H]1Cc1cn(C)c3cccc2c13,[]
CHEMBL1466172,Cc1ncc([N+](=O)[O-])n1CCOC(=O)c1ccccc1,"['FAK Signaling Inhibitor', 'Beta-Glucuronidase Inhibitor', 'Spermicidal']"
CHEMBL1502,COc1ccnc(C[S+]([O-])c2nc3cc(OC(F)F)ccc3[nH]2)c1OC,[]
CHEMBL1625607,CN1CCc2c(c3ccccc3n2Cc2ccccc2)C1,['5-HT(7) Receptor Antagonist']
CHEMBL1631540,Cc1ccc2c(N3CCN(CCc4cccc(N5CCNC5=O)c4)CC3)cccc2n1,['5-HT(1A) Receptor Antagonist']
CHEMBL1673408,CN1CCN(c2ccc(N3C[C@H](CO)OC3=O)cc2F)C=N1,['Antibiotic']
CHEMBL1851943,CCCCc1nc2cc(/C=C/C(=O)NO)ccc2n1CCN(CC)CC,['Histone Deacetylase Inhibitor']
CHEMBL1889140,CCCN1CCCC[C@H]1C(=O)Nc1c(C)cccc1C.Cl,"['Antiarrhythmic', 'Local Anesthetic', 'CYP3A Substrate', 'TASK Channel Modulator', 'Local Anaesthetic']"
CHEMBL217092,CN1CCN(CCOc2cc(OC3CCOCC3)c3c(Nc4c(Cl)ccc5c4OCO5)ncnc3c2)CC1,['Kinase Inhibitor']
CHEMBL220050,C[C@@H](C(=O)N1CCOCC1)N1CC[C@H](NS(=O)(=O)/C=C/c2ccc(Cl)s2)C1=O,"['Factor Xa Inhibitor', 'Anticoagulant']"
CHEMBL2356648,Cl.Cl.Cl.N=C(N)NCCCCCCC(=O)NC(O)C(=O)NCCCCNCCCN,[]
CHEMBL253371,CCN(CCCc1ccccc1)CCCc1ccccc1,['Sigma 1 Ligand']
CHEMBL3182621,Cc1cc(C(=O)NOCCO)c(Nc2ccc(I)cc2F)n(C)c1=O,['MEK1 Inhibitor']
CHEMBL31891,COc1cc(Cc2cnc(N)nc2N)cc(OC)c1Br,"['Antibiotic', 'Dihydrofolate Inhibitor']"
CHEMBL3260505,CCc1cnc(N2CCC(c3nc(COc4ccc(-n5cnnn5)cc4)cs3)CC2)nc1,"['Hypoglycemic', 'GPR119 Agonist']"
CHEMBL329123,CCCc1c(OCCCOc2cc(O)c(-c3ccc(F)cc3)cc2CC)cccc1Oc1ccccc1C(=O)O,"['LTB4 Antagonist', 'Leukotriene B4 Receptor Antagonist']"
CHEMBL3526802,O=C(CBr)N1CC([N+](=O)[O-])([N+](=O)[O-])C1,[]
CHEMBL3621969,COc1ccc(C(=O)NC2(C(=O)O)Cc3ccccc3C2)cc1OCCc1cccc(C)c1,[]
CHEMBL3989928,CC(=O)[O-].CCCCCOc1ccc(-c2ccc(-c3ccc(C(=O)N[C@H]4C[C@@H](O)[C@@H](OCC[N+](C)(C)C)NC(=O)[C@@H]5[C@@H](O)[C@@H](C)CN5C(=O)[C@H]([C@@H](C)O)NC(=O)[C@H]([C@H](O)[C@@H](O)c5ccc(O)cc5)NC(=O)[C@@H]5C[C@@H](O)CN5C(=O)[C@H]([C@@H](C)O)NC4=O)cc3)cc2)cc1,"['Antifungal', 'Cell Wall Biosynthesis']"
CHEMBL4094440,NS(=O)(=O)c1cncc(-c2nc(NCc3ccccn3)c3c(-c4ccccc4)cccc3n2)c1,['PI5P4K Inhibitor']
CHEMBL4227736,Cc1ccc(C(=O)Oc2ccc(C(CN(C)C)C3(O)CCCCC3)cc2)cc1,[]
CHEMBL4297203,O=C(CN[C@@H]1CCNC1)N1CCC[C@H]1B(O)O.O=C(O)C(O)C(O)C(=O)O,['DPPIV Inhibitor']
CHEMBL4297273,Cl.N[C@H]1C[C@@H](C(=O)O)CC1=C(F)F,[]
CHEMBL4297332,CCOCCCCCCN1C[C@H](O)[C@@H](O)[C@@H](O)[C@H]1C.O=C(O)[C@H](O)[C@@H](O)C(=O)O,[]
CHEMBL4297343,CCCCCC=CCC=CCCCCCCC(O)C(=O)O,[]
CHEMBL4475463,O=C(O)c1ccc2c(c1)CCCC(c1ccc(Cl)cc1Cl)=C2c1ccc(O[C@H]2CCN(CCCF)C2)cc1,"['Antitumor', 'SERD', 'Estrogen Receptor Degrader']"
CHEMBL450449,COc1cc2c(cc1O)CCN[C@]21CS[C@@H]2c3c(OC(C)=O)c(C)c4c(c3[C@H](COC1=O)N1[C@@H]2[C@H]2c3c(cc(C)c(OC)c3O)C[C@@H]([C@@H]1O)N2C)OCO4,['Cytotoxic']
CHEMBL4650323,C=CC(=O)N1CCC[C@@H](n2c(=O)n(-c3ccc(Oc4ccccc4)cc3)c3c(N)nccc32)C1,"['BTK Inhibitor', ""Bruton's Tyrosine Kinase Inhibitor"", 'Btk Inhibitor', 'Anti-Arthritis']"
CHEMBL57,Cc1ccnc2c1NC(=O)c1cccnc1N2C1CC1,"['Anti-HIV-1', 'HIV-1 PR/RT Inhibitor', 'Hepatotoxicity']"
CHEMBL605846,COc1ccc(CC(C)(C)NC[C@H](O)c2cc(O)cc3c2OCC(=O)N3)cc1,"['Beta(3)-Adrenergic Agonist', 'Smooth Muscle Relaxant']"
CHEMBL863,N[C@@H](CS)C(=O)O,"['AGE Inhibitor', 'APA Inhibitor']"
CHEMBL94657,C/C(=C\c1csc(C)n1)[C@@H]1C[C@@H]2O[C@]2(C)CCC[C@H](C)[C@H](O)[C@@H](C)C(=O)C(C)(C)[C@@H](O)CC(=O)O1,"['Cytotoxic', 'Microtubule Stabilizer', 'Cancer Cell Proliferation Inhibitor']"
CHEMBL986,CC1=C(/C=C/C(C)=C/C=C/C(C)=C/CO)C(C)(C)CCC1,"['Cancer Chemopreventive', 'Chemopreventive', 'LXRBeta Agonist', 'AKR1B1 Inhibitor', 'Retinoid Analog', 'sRBP-TTR Inhibitor', 'sRBP-sRBP Receptor Inhibitor']"
CHEMBL1194,CCCNC(C)C(=O)Nc1ccccc1C,[]
CHEMBL1201118,CO[C@@]1(NC(=O)CSCC#N)C(=O)N2C(C(=O)[O-])=C(CSc3nnnn3C)CS[C@@H]21.[Na+],['Antibiotic']
CHEMBL1201236,C[C@@](Cc1ccc(O)c(O)c1)(NN)C(=O)O,[]
CHEMBL1201759,O=C(O)CCCN1CCC(O[C@@H](c2ccc(Cl)cc2)c2ccccn2)CC1.O=S(=O)(O)c1ccccc1,[]
CHEMBL1295,Clc1ccc(CCC(Cn2ccnc2)Sc2c(Cl)cccc2Cl)cc1,[]
CHEMBL1770248,CCOc1ccc(Cc2cc([C@]34OC[C@](CO)(O3)[C@@H](O)[C@H](O)[C@H]4O)ccc2Cl)cc1,"['Anti-Diabetic', 'SGLT1/SGLT2 Inhibitor', 'Diabetes']"
CHEMBL191482,CC(C)[C@H](C(=O)Nc1ccc(C(=O)NO)cc1)c1ccccc1,"['Anticancer', 'HDACs Inhibitor', 'Histone Deacetylase Inhibitor', 'HDAC6 Selective', 'Pan-HDAC Inhibitor']"
CHEMBL2103825,CCCCCCCCCCCCCCCCOc1nc2ccc(C)cc2c(=O)o1,[]
CHEMBL2105953,CO/N=C(\C(=O)N[C@@H]1C(=O)N2C(C(=O)O)=C(Cn3nnc(C)n3)CS[C@H]12)c1csc(N)n1,['Antibiotic']
CHEMBL223402,O=C(Nc1ccccc1F)N[C@H]1N=C(c2ccccc2)c2ccccc2NC1=O,"['CCK2 Antagonist', 'CCK-B Receptor Antagonist', 'RSV Inhibitor']"
CHEMBL2386889,Cn1cc(-c2cnn3c(N)c(Br)c([C@@H]4CCCNC4)nc23)cn1,"['CDK Inhibitor', 'Chk1 Inhibitor']"
CHEMBL332750,CCOc1ccc(-c2nc(-c3cccc(C(=O)O)n3)cs2)cc1OCC,['Superoxide Inhibitor']
CHEMBL33720,CNCC(O)c1ccc(O)cc1,['Beta(3)-Adrenergic Agonist']
CHEMBL345714,Cc1cnc(C(=O)O)c[n+]1[O-],[]
CHEMBL3642985,Cc1nc(C#Cc2ccc(-c3cc(F)cc(C#N)c3)nc2)cs1,"['mGlu2 Antagonist', 'mGluR5 Positive Allosteric Modulator']"
CHEMBL3991932,Cc1ccc(-n2nc(C(C)(C)C)cc2NC(=O)NCc2cc(F)ccc2Oc2ccc3c(cnn3CCO)c2)cc1,[]
CHEMBL435128,CC(C)c1nc(COC(N)=O)n(Cc2ccncc2)c1Sc1cc(Cl)cc(Cl)c1,['HIV-1 PR/RT Inhibitor']
CHEMBL447955,C[C@@H](O[C@H]1CC[C@@H]2CN(C3=CC(=O)CC3)C[C@H]2[C@@H]1c1ccc(F)cc1)c1cc(C(F)(F)F)cc(C(F)(F)F)c1,['NK1/NK3 Antagonist']
CHEMBL4650312,O=C(O)CCc1ccc(S(=O)(=O)CCc2c(CCNS(=O)(=O)Cc3ccccc3C(F)(F)F)n(C(c3ccccc3)c3ccccc3)c3ccc(Cl)cc23)cc1,['cPLA(2) Inhibitor']
CHEMBL50300,O=C(O)CP(=O)(O)O,['Anti-Herpes']
CHEMBL59,NCCc1ccc(O)c(O)c1,[]
CHEMBL657,CN(C)CCOC(c1ccccc1)c1ccccc1,[]
CHEMBL891,Cc1onc(-c2ccccc2Cl)c1C(=O)N[C@@H]1C(=O)N2[C@@H]1SC(C)(C)[C@@H]2C(=O)O,['Antibiotic']
CHEMBL1200625,[89Sr+2].[Cl-].[Cl-],"['Antimalarial', 'Antimicrobial', 'Cytoprotective', 'Vasorelaxant', 'Cardiovascular', 'Type 2 Diabetes Treatment', 'H2S Donor', 'Carbonic Anhydrase', 'NMDAR Antagonist', 'Osteoblast Stimulator', 'CO2 Hydrase', 'Beta-CA Inhibitor', 'Carbonic Anhydrase IV Inhibitor', 'IFN-Gamma Inhibitor', 'Anion Inhibitor', 'H2S-Releasing', 'DNA Cleaving Agent', 'Carbonic Anhydrase XV Inhibitor', 'HD', 'Glycogen Synthase Activator']"
CHEMBL1200794,CN1CC[C@]23c4c5ccc(O)c4O[C@H]2C(=O)CC[C@@]3(O)[C@H]1C5.Cl,"['Analgesic', 'Antinociceptive', 'Opioid Receptor Ligand', 'Opioid Receptor Agonist', 'Mu Opioid Receptor Agonist', 'Opioid Antagonist', 'Opioid', 'MOR Antagonist', 'OCT1 Substrate', 'Opiate Receptor', 'TLR4 Antagonist', 'kappa-Opioid Receptor', 'Opioid Agonist-Antagonist', 'Opiate', 'Mu Antagonist']"
CHEMBL1200974,CN(C)CCOC(c1ccc(Cl)cc1)c1ccccn1.O=C(O)/C=C\C(=O)O,[]
CHEMBL1201785,CCCCCCOC(=O)CCC(=O)CN.Cl,['PDT']
CHEMBL120563,CN(C)C(=S)SSC(=S)N(C)C,"['FBPase Inhibitor', 'ALDH1A1 Inhibitor', 'Monoglyceride Lipase Inhibitor', 'T2D Therapy']"
CHEMBL14,C[N+](C)(C)CCOC(N)=O.[Cl-],"['Cholinergic Agonist', 'm1 Agonist', 'hM1 Agonist']"
CHEMBL1421,Cc1nc(Nc2ncc(C(=O)Nc3c(C)cccc3Cl)s2)cc(N2CCN(CCO)CC2)n1,"['Src Inhibitor', 'Src/Abl Kinase Inhibitor', 'DDR2 Inhibitor', 'BCR-ABL Degrader']"
CHEMBL1503,COc1ccc2[nH]c([S+]([O-])Cc3ncc(C)c(OC)c3C)nc2c1,"['NHE3 Inhibitor', 'Antiulcerogenic', 'Anti-Ulcer']"
CHEMBL1592,CCOC(=O)[C@H](CCc1ccccc1)N[C@@H](C)C(=O)N1Cc2ccccc2C[C@H]1C(=O)O,"['Antihypertensive', 'ACE Inhibitor', 'Angiotensin Converting Enzyme Inhibitor']"
CHEMBL1699,CC12CC3CC(C)(C1)CC(N)(C3)C2.Cl,[]
CHEMBL2021422,CC(C)c1cccc(C(C)C)c1OCOP(=O)([O-])[O-].[Na+].[Na+],[]
CHEMBL2104482,O=Cc1c(O)cccc1OCc1ccc(C(=O)O)cc1,[]
CHEMBL2110962,CC(Cc1ccccc1)NCCCCl,[]
CHEMBL2147475,COc1cc(-n2cnc3cc(-c4ccc(Cl)cc4)sc3c2=O)ccc1OC[C@H](OP(=O)(O)O)C1CC1,"['Obesity Treatment', 'Obesity', 'Antiobesity', 'MCHR1 Antagonist', 'MCH R1 Antagonist']"
CHEMBL224060,Cn1nnc2ccc([C@H](c3ccc(Cl)cc3)n3cncn3)cc21,"['Aromatase Inhibitor', 'Estrogen Biosynthesis Inhibitor', 'STS Inhibitor']"
CHEMBL225072,Nc1nc2[nH]cc(CCc3ccc(C(=O)N[C@@H](CCC(=O)O)C(=O)O)cc3)c2c(=O)[nH]1,"['Antitumor', 'Thymidylate Synthetase Inhibitor', 'Tumor-Targeting', 'GARFTase Inhibitor', 'SHMT Inhibitor', 'AICARFTase Inhibitor']"
CHEMBL2408045,CNC(=O)CN1CCC(Oc2cc3c(Nc4cccc(Cl)c4F)ncnc3cc2OC)CC1,"['EGFR Kinase Inhibitor', 'HER1/HER2 Inhibitor']"
CHEMBL3184986,CC(=O)[O-].CC(=O)[O-].O.O.[Zn+2],[]
CHEMBL3707214,O=C(ON1CCOCC1)c1ccccc1O,[]
CHEMBL3707224,CCOC(=O)C[N+]1(C)CC[C@@H](OC(=O)[C@](O)(c2ccccc2)C2CCCC2)C1,"['Bronchodilator', 'M3 Receptor Antagonist', 'Muscarinic M3 Receptor Antagonist']"
CHEMBL3707347,CC(C)(Sc1ccncc1-c1ccc(C#N)c2ccccc12)C(=O)O,"['URAT1 Inhibitor', 'GLUT9 Inhibitor', 'hURAT1 Inhibitor']"
CHEMBL3780740,COc1ccc(Oc2cc(N(C)CCOc3ccc(CC4SC(=O)NC4=O)cc3)ncn2)cc1.O=S(=O)(O)O,"['Anti-Diabetic', 'GPR119 Agonist']"
CHEMBL4088896,C[C@H](CN1CCOCC1)n1/c(=N\C(N)=O)[nH]c2cc(/C=C3\c4ccccc4COc4cc(F)ccc43)ccc21,[]
CHEMBL42055,OCCN1CCN(CC/C=C2\c3ccccc3Sc3ccc(C(F)(F)F)cc32)CC1,"['Antipsychotic', 'Dopamine D2 Receptor Antagonist', 'Neuroleptic', 'MDR-Modulator', 'TLS Inhibitor', 'Thymoleptic']"
CHEMBL454801,COC1=C(OC)C(=O)C(C/C=C(\C)CC/C=C(\C)CC/C=C(\C)CC/C=C(\C)CC/C=C(\C)CC/C=C(\C)CC/C=C(\C)CC/C=C(\C)CC/C=C(\C)CCC=C(C)C)=C(C)C1=O,"['Neuronal Differentiation', 'Termite Control']"
CHEMBL4796560,CCN(Cc1ccccc1)c1ccc(/N=N/c2ccc(NC(=O)C[N+](CC)(CC)CC)cc2)cc1,[]
CHEMBL5077961,Nc1nc(-c2cccc(-n3ccc4cc(C5CC5)cc(F)c4c3=O)c2CO)c2cc(C3=CCN(C4COC4)CC3)[nH]c2n1,"['BTK Inhibitor', ""Bruton's Tyrosine Kinase Inhibitor""]"
CHEMBL5095223,CNC(=O)c1ccc(N2CCN(Cc3ccc4nc(C)c(=O)[nH]c4c3F)CC2)c(F)n1,[]
CHEMBL5314581,CC(C)[C@H](N)C(=O)SCC/C=C/[C@@H]1CC(=O)NCc2nc(cs2)C(=O)NC(C)(C)C(=O)N[C@@H](C(C)C)C(=O)O1,['Histone Deacetylase Inhibitor']
CHEMBL606258,CO[C@H]1C[C@H](O[C@H]2[C@H](C)[C@@H](O[C@@H]3O[C@H](C)C[C@H](N(C)C)[C@H]3O)[C@@H](C)C[C@@]3(CO3)C(=O)[C@H](C)[C@@H](O)[C@@H](C)[C@@H](C)OC(=O)[C@@H]2C)O[C@@H](C)[C@@H]1O,['Antibiotic']
CHEMBL74,O=C([O-])c1cc(=O)c2c(OCC(O)COc3cccc4oc(C(=O)[O-])cc(=O)c34)cccc2o1.[Na+].[Na+],"['Antiallergy', 'Bronchodilator', 'Alkaline Phosphatase Inhibitor', 'Antianaphylactic', 'Smooth Muscle Relaxant', 'GPR35 Agonist', 'Mast Cell Stabiliser', 'H2S Donor', 'TTR Amyloidogenesis Inhibitor', 'Histamine-Release Inhibitor', 'Anti-Allergic', 'Mast Cell Inhibitor', 'Passive Cutaneous Anaphylaxis Inhibitor', 'Hyaluronidase Inhibitor', 'Antibronchospastic', 'Cholestatic DILI', 'Histamine Inhibitor']"
CHEMBL843,CN(CCOc1ccc(CC2SC(=O)NC2=O)cc1)c1ccccn1.O=C(O)/C=C\C(=O)O,"['PPAR gamma Agonist', 'Antihyperglycaemic', 'Hypolipidemic', 'PPAR Agonist', 'Lipid Lowering', 'Anti-Hyperlipidemic', 'PPAR Gamma Modulator', 'PPAR-gamma Ligand', 'Dual Agonist', 'Insulin-Sensitizing', 'Lipid Modulator', 'sEH/PPARGamma Modulator', 'Euglycemic']"
CHEMBL1078549,C[C@@]12C[C@@]3(O)O[C@@H](O1)[C@]1(COC(=O)c4ccccc4)[C@@H]3C[C@]12O[C@@H]1O[C@H](CO)[C@@H](O)[C@H](O)[C@H]1O,"['NO Production Inhibitor', 'Nitric Oxide Inhibitor', 'Anticomplement']"
CHEMBL1094966,CC(C)(C)NCC(O)c1ccc(O)c(CO)n1,"['Beta(3)-Adrenergic Agonist', 'Bronchodilator', 'Cardiac Stimulant']"
CHEMBL1096885,CCCCC(=O)OCC(=O)[C@]1(O)Cc2c(O)c3c(c(O)c2[C@@H](O[C@H]2C[C@H](NC(=O)C(F)(F)F)[C@H](O)[C@H](C)O2)C1)C(=O)c1c(OC)cccc1C3=O,['Antitumor']
CHEMBL1200688,CCOC(=O)CCC(=O)O[C@H]1[C@H](O[C@@H]2[C@@H](C)[C@H](O[C@H]3C[C@@](C)(OC)[C@@H](O)[C@H](C)O3)[C@@H](C)C(=O)O[C@H](CC)[C@@](C)(O)[C@H](O)[C@@H](C)C(=O)[C@H](C)C[C@@]2(C)O)O[C@H](C)C[C@@H]1N(C)C,['Antibiotic']
CHEMBL1201222,C[C@@H](Cc1ccccc1)NC(=O)[C@@H](N)CCCCN,[]
CHEMBL1230191,O=P(O)(O)OP(=O)(O)OP(=O)(O)O,"['CO2 Hydrase', 'Beta-CA Inhibitor']"
CHEMBL1330596,CC(N)(Cc1ccc(O)cc1)C(=O)O,[]
CHEMBL135400,CN1CCN(C(=O)OC2c3nccnc3C(=O)N2c2ccc(Cl)cn2)CC1,['Peripheral-Type Benzodiazepine Receptor Ligand']
CHEMBL136737,Cc1ncc(CNC(=O)N(CCCl)N=O)c(N)n1,['Antitumor']
CHEMBL1477036,CCCCC(CC)COC(=O)CC(C(=O)OCC(CC)CCCC)S(=O)(=O)O,[]
CHEMBL1531,C#C[C@]1(O)CC[C@H]2[C@@H]3CCC4=CC(=O)CC[C@@H]4[C@H]3C(=C)C[C@@]21CC,"['Progesterone Receptor Agonist', 'Progesterone Receptor Ligand', 'GR Antagonist', 'SHBG Ligand', 'P-glycoprotein Inducer', 'Osteoblast Stimulator', 'CYP3A4 Inducer', 'Pgp-ATPase Stimulator']"
CHEMBL160519,CCC(NC(C)C)C(O)c1ccc(O)c2[nH]c(=O)ccc12,['Beta-Agonist']
CHEMBL1626,CN1CCC[C@@H]1CCO[C@](C)(c1ccccc1)c1ccc(Cl)cc1,[]
CHEMBL165,Oc1ccc(/C=C/c2cc(O)cc(O)c2)cc1,"['Cytotoxic', 'Anti-Inflammatory', 'Antioxidant', 'Neuroprotective', 'NF-kappa B Inhibitor', 'Tyrosine Protein Kinase Inhibitor', 'Telomerase Inhibitor', 'COX1⧹2 Inhibitor', 'Chemopreventive', 'Amyloid Fibril Formation Inhibitor', 'Radioprotective', 'Quinone Reductase Inducer', 'TRPA1 Modulator', 'QR2 Inhibitor', 'Beta-Amyloid Plaque Ligand', 'TRPA1 Activator', 'PKC Activator', 'Virulence Factor Suppressor']"
CHEMBL1682,OC[C@@H](O)[C@@H](O)[C@H](O)[C@@H](O)CO,[]
CHEMBL1719,CN(C)CC/C=C1/c2ccccc2COc2ccc(CC(=O)O)cc21.Cl,[]
CHEMBL1818341,CC(C)CNCc1ccc(-c2ccccc2S(=O)(=O)N2CCCC2)cc1,"['Analgesic', 'Kappa Opioid Agonist']"
CHEMBL2088033,CNC(=O)[C@@H](Cc1ccccc1F)CN1CCC2(CC1)OCCc1cc(F)sc12,"['PET Radioligand', 'NOP Receptor Ligand', 'NOP Receptor Antagonist']"
CHEMBL2103822,CCC(=O)NC[C@@H]1C[C@H]1c1cccc2c1CCO2,['Melatoninergic Ligand']
CHEMBL2106085,O=C([O-])C1N=C(c2ccccc2)c2cc(Cl)ccc2NC1=O.[K+],[]
CHEMBL2107313,CCN(CC)CCN1C(=O)c2c(c3c4cccc(Cl)c4n([C@@H]4O[C@H](CO)[C@@H](OC)[C@H](O)[C@H]4O)c3c3[nH]c4c(Cl)cccc4c23)C1=O,[]
CHEMBL2107797,C#CC1(O)CC[C@H]2[C@@H]3CCC4=CC(=O)CC[C@@H]4[C@H]3CC[C@@]21CC,"['Progesterone Receptor Agonist', 'Androgen Receptor Ligand', 'Progesterone Receptor Ligand', '17 alpha-hydroxylase/C17,20-lyase Inhibitor', 'SHBG Ligand', 'P-glycoprotein Inducer', 'Osteoblast Stimulator', 'Pgp-ATPase Stimulator']"
CHEMBL2107822,Cc1ccc(-c2ncccn2)c(C(=O)N2C[C@H](COc3ccc(F)cn3)CC[C@H]2C)c1,"['Orexin-1 Receptor Antagonist', 'Dual Orexin Receptor Antagonist']"
CHEMBL248095,COC1=C[C@@H]2[C@@H]3Cc4ccc(OC)c(O)c4[C@]2(CCN3C)CC1=O,['Cell Protective']
CHEMBL294951,CN1CCC(=C2c3ccccc3CCc3sccc32)CC1,"['Neuroleptic', 'H1 Receptor Antagonist', 'Histamine Receptor Antagonist', 'H(1)/5-HT(2A) Receptor Antagonist', 'Opiate-Like']"
CHEMBL3140370,CN1CCN(CCCCN2C(=O)CN(/N=C/c3ccc(-c4ccc(Cl)cc4)o3)C2=O)CC1.Cl.Cl,"['IKr Channel Blocker', 'IKs Blocker', 'Anti-Arrhythmic']"
CHEMBL3183549,CC(=C(CCOP(=O)(O)O)SC(=O)c1ccccc1)N(C=O)Cc1cnc(C)nc1N,['Transketolase Inhibitor']
CHEMBL3185958,CCN(CC)CCOc1ccc(C(=C(Cl)c2ccccc2)c2ccccc2)cc1.O=C(O)CC(O)(CC(=O)O)C(=O)O,['Cholesterol Synthesis Inhibitor']
CHEMBL3544909,C=C1CC[C@H](O)C/C1=C/C=C1\CCC[C@]2(C)[C@@H]([C@H](C)CCCC(C)(C)O)CC[C@@H]12.O,"['Hedgehog Pathway Inhibitor', 'Vitamin D Analogue', 'Antipsoriatic', 'VDR Agonist', 'Vitamin D3 Agonist', 'Cellular Differentiation', 'VDR Antagonist']"
CHEMBL371064,CCCN1CCN(c2ccc(C(=O)NC3(C(=O)NCC#N)CCCCC3)cc2)CC1,"['Cathepsin K Inhibitor', 'Osteoporosis', 'Cysteine Cathepsin Inhibitor']"
CHEMBL3833377,O=C([O-])[C@H](O)[C@@H](O)[C@H](O)[C@H](O)CO.O=C([O-])[C@H](O)[C@@H](O)[C@H](O)[C@H](O)CO.[Zn+2],[]
CHEMBL3989921,CCOc1cc2ncc(C#N)c(Nc3ccc(OCc4ccccn4)c(Cl)c3)c2cc1NC(=O)/C=C/CN(C)C.O=C(O)/C=C\C(=O)O,"['Anticancer', 'EGFR Kinase Inhibitor', 'Kinase Inhibitor', 'HER1/HER2 Inhibitor']"
CHEMBL4297404,COc1ccc(CC2OC(=O)NC2=O)cc1C(=O)NCc1ccc(C(F)(F)F)cc1,['Insulin Release Potentiator']
CHEMBL4297479,C[C@@H](O)c1nnc([C@H]2C[C@H](NC(=O)c3cc(-c4ccccc4)no3)C2)o1,[]
CHEMBL4298144,O=C(CNC(=O)c1ccc(C2=NO[C@@](c3cc(Cl)cc(C(F)(F)F)c3)(C(F)(F)F)C2)c2ccccc12)NCC(F)(F)F,[]
CHEMBL4650343,Cc1cc(Nc2cc3ncccc3c(N[C@@H]3C[C@H]4CC[C@@H](C3)N4CCC#N)n2)n[nH]1,[]
CHEMBL495498,CC(C)Cc1sc(N)nc1-c1ccc(P(=O)(O)O)o1,"['Blood Glucose-Lowering', 'FBPase Inhibitor', 'Fructose-1,6-bisphosphatase Inhibitor', 'AMP Mimic']"
CHEMBL498416,Nc1ccccc1C(=O)C[C@H](N)C(=O)O,[]
CHEMBL5314583,C[C@@H](NC(=O)N1C(=O)[C@H](Cc2ccnc(N)c2)[C@H]1C(=O)O)C1CCCCC1,[]
CHEMBL682,CCN(CC)Cc1cc(Nc2ccnc3cc(Cl)ccc23)ccc1O,['Antimalarial']
CHEMBL703,C[N+](C)(C)CCOC(=O)CCC(=O)OCC[N+](C)(C)C,['Neuromuscular Blocker']
CHEMBL87708,CN(CCCN1c2ccccc2CCc2ccccc21)CC(=O)c1ccc(Cl)cc1,[]
CHEMBL902,NC(N)=Nc1nc(CSCC/C(N)=N/S(N)(=O)=O)cs1,"['Antiulcer', 'Gastric Acid Inhibitor', 'Histamine H2-Receptor Antagonist']"
CHEMBL112797,CCCCP(=O)(O)CCCN,"['Cognition-Enhancer', 'Antiepileptic', 'GABA(A) Antagonist', 'GABAB Antagonist']"
CHEMBL1172928,C[C@@H]1NC(C)(C)CO[C@@]1(O)c1cccc(Cl)c1,['Smoking Cessation Aid']
CHEMBL1200737,CCCCCCCCCCCCCCCC(=O)OC[C@H](COP(=O)([O-])OCC[N+](C)(C)C)OC(=O)CCCCCCCCCCCCCCC,[]
CHEMBL1200778,C[C@@H](CN1CC(=O)NC(=O)C1)N1CC(=O)NC(=O)C1.Cl,['Topoisomerase IIBeta Inhibitor']
CHEMBL1200935,Br.NC(=O)C(c1ccccc1)(c1ccccc1)[C@@H]1CCN(CCc2ccc3c(c2)CCO3)C1,[]
CHEMBL1201229,CN(CCCCCCCCCCN(C)C(=O)Oc1cccc([N+](C)(C)C)c1)C(=O)Oc1cccc([N+](C)(C)C)c1,['Acetylcholinesterase Inhibitor']
CHEMBL1207366,O=C(O)C1C/C(=C2/CCN(c3ccccc3)C2=O)c2ccc(Cl)cc2N1,[]
CHEMBL1224,Cc1ccc(/C(=C\CN2CCCC2)c2cccc(/C=C/C(=O)O)n2)cc1,[]
CHEMBL1234886,O=O,"['Antibiotic', 'Antimalarial', 'Antimicrobial', 'Carbonic Anhydrase Inhibitor', 'Anti-Trypanosomal', 'CA I Inhibitor', 'H. pylori', 'Carbonic Anhydrase', 'Osteoblast Stimulator', 'CO2 Hydrase', 'Beta-CA Inhibitor', 'Neurotoxicity', 'Carbonic Anhydrase IV Inhibitor', 'Beta-AR Agonist', 'Anion Inhibitor', 'DNA Cleaving Agent', 'Carbonic Anhydrase XV Inhibitor', 'HD']"
CHEMBL1254990,C[C@H](CC(=O)O)[C@H]1CC[C@H]2[C@@H]3[C@@H](O)C[C@@H]4C[C@H](O)CC[C@]4(C)[C@H]3CC[C@]12C,"['Pro-Apoptotic', 'FXR Partial Agonist', 'TGR5 Agonist', 'Spore Germination Inhibitor', 'Insulinotropic', 'VDR Antagonist', 'Mitotic Arrest', 'NASH', 'FXR Ligand', 'GP-BAR1 Agonist']"
CHEMBL1980391,COc1cc2c(cc1F)C(c1ccccc1Cl)=Nc1c(n[nH]c1C)N2,['CDK1/CDK2 Inhibitor']
CHEMBL203321,CCCCCCCCCCCCCCCCOCCCOP(=O)(O)CO[C@H](CO)Cn1ccc(N)nc1=O,[]
CHEMBL2104398,OCC(O)[C@@H](O)[C@H](O)[C@H](O)CO[C@H]1O[C@H](CO)[C@@H](O)[C@H](O)[C@H]1O,['Cryptosporidium parvum Inhibitor']
CHEMBL2107820,COc1ccc(NC(=O)[C@H](CCCCN)NC(=O)c2cc(NC(=O)[C@H](CCCCN)NC(=O)c3cc(NC(=O)[C@H](CCCCN)NC(=O)c4cc(NC(=O)[C@@H](N)CCCCN)ccc4OC)ccc3OC)ccc2OC)cc1C(N)=O,[]
CHEMBL2110912,O=C(OCCN1CCCCC1)C1(C2CCCCC2)CCCCC1,[]
CHEMBL222813,CC(=O)N[C@H]1[C@H]([C@H](O)[C@H](O)CO)OC(C(=O)O)=C[C@@H]1NC(=N)N,"['Neuraminidase Inhibitor', 'Anti-Viral', 'Influenza', 'Anti-Influenza A', 'Influenza Fusion Inhibitor', 'Sialidase Inhibitor', 'Influenza Sialidase Inhibitor', 'RNP Complex Inhibitor', 'Anti-AIV']"
CHEMBL33864,O=C(O)CCCCC1CCSS1,"['Cytoprotective', 'H2S Donor', 'Amyloid Imaging Agent', 'Dopamine Agent', 'Hydroxyl Radical Scavenger', 'Foam Cell Formation Inhibitor']"
CHEMBL363387,O=C(O)Cn1cc(Cc2nc3c(F)c(F)cc(F)c3s2)c2ccccc21,"['Aldose Reductase Inhibitor', 'Diabetic Complications']"
CHEMBL3707350,C=CC(=O)N1CC[C@@H](Oc2nc(Nc3ccc(N4CCC(N5CCN(C)CC5)CC4)cc3)c(C(N)=O)nc2CC)C1.CS(=O)(=O)O,['EGFR Kinase Inhibitor']
CHEMBL396416,N[C@@H](CSCC(=O)O)C(=O)O,[]
CHEMBL427216,Cc1ccc(S(=O)(=O)NC(=O)NN2CC3CCCC3C2)cc1,"['Hypoglycemic', 'Hyperglycemic', 'CYP2C19 Inhibitor']"
CHEMBL4284447,Cc1nc(Nc2ncc(N3CCN(C)[C@H](C)C3)c(Nc3cc(C)n(C)n3)n2)cc(C2CC2)c1F,[]
CHEMBL429317,Cc1cc(/C(=C/Nc2ccc(Cl)cc2)C(=O)Nc2ccc(Cl)cc2)on1,[]
CHEMBL4301787,CN(C[C@H](O)[C@@H](O)[C@H](O)[C@H](O)CO)C(=S)S,[]
CHEMBL4521078,Cc1noc(C)c1-c1cnc2c(-c3ccc(C(=O)O)cc3)cn([C@@H](C)c3ccccn3)c2c1,[]
CHEMBL4583691,Cc1ccc(NC(=O)c2ccnc(C(F)(F)F)c2)cc1-c1cc(OCCO)nc(N2CCOCC2)c1,['RAF Inhibitor']
CHEMBL4650362,Cc1cc(N2CCN(c3ccc(C(=O)Nc4ccc(F)cc4)cc3)CC2)ccc1OC[C@@H]1CO[C@@](Cn2cncn2)(c2ccc(F)cc2F)C1,[]
CHEMBL508102,CCOC(=O)n1ccn(C)c1=S,[]
CHEMBL5314432,CC(C)C[C@@H](C(=O)N1C[C@]2(C[C@H]1C#N)C(=O)Nc1ccccc12)N(C)C(=O)c1cc2c(F)cc(F)c(F)c2[nH]1,[]
CHEMBL5314920,C=CC(=O)N[C@H]1CCC[C@H]1NC(=O)c1sc2nccc3c2c1NC(=O)N3c1cnc(CC(C)C)cc1C,"['Anti-Inflammatory', 'BTK Inhibitor']"
CHEMBL5314957,CCCOc1ccc([C@@H]2COc3c(ccc4c3CCC(C)(C)O4)C2)c(O)c1,[]
CHEMBL597,Cc1ccc(N(CC2=NCCN2)c2cccc(O)c2)cc1,"['Alpha1-Adrenoceptor Antagonist', 'Alpha 1-Adrenoceptor Agonist', 'Tranquilizer', 'PET Imaging', 'Adrenergic Agonist', 'Peripheral Vasodilator']"
CHEMBL7010,CCNC1C2CCC(C2)C1c1ccccc1,['Cocaine Abuse Treatment']
CHEMBL1073,Cc1cnc(C(=O)NCCc2ccc(S(=O)(=O)NC(=O)NC3CCCCC3)cc2)cn1,"['Hypoglycemic', 'Insulin Secretion Stimulator']"
CHEMBL1187011,CCCCCCCCCCCC[N+](C)(C)CCOc1ccccc1,[]
CHEMBL1194666,CCN(CC)C(C)C(=O)c1ccccc1,[]
CHEMBL1200731,[Cl-].[K+],"['Antibiotic', 'Antimalarial', 'Antimicrobial', 'Neuroprotective', 'Carbonic Anhydrase Inhibitor', 'Antihypertensive', 'Anti-Trypanosomal', 'Vasodilator', 'PDE10a Inhibitor', 'Cytoprotective', 'Vasorelaxant', 'Cardioprotective', 'Cardiovascular', 'CA I Inhibitor', 'Type 2 Diabetes Treatment', 'Matriptase Inhibitor', 'CD73 Inhibitor', 'Nootropic', 'H. pylori', 'Tau Phosphorylation Inhibitor', 'H2S Donor', 'Carbonic Anhydrase', 'NMDAR Antagonist', 'Osteoblast Stimulator', 'Hydrogen Sulfide Donor', 'Mood Disorder', 'Insulin Release Stimulator', 'CO2 Hydrase', 'Beta-CA Inhibitor', 'GPR39 Agonist', 'Carbonic Anhydrase IV Inhibitor', 'IFN-Gamma Inhibitor', 'Cu Chelator', 'Anion Inhibitor', 'H2S-Releasing', 'DNA Cleaving Agent', 'Carbonic Anhydrase XV Inhibitor', 'Tau Protein Inhibitor', 'HD', 'Glycogen Synthase Activator']"
CHEMBL1213352,C#CCN1C(=O)CN=C(c2ccccc2)c2cc(Cl)ccc21,[]
CHEMBL136800,O=C(c1ccc2nccnc2c1)N1CCCCC1,"['15-PGDH Inhibitor', 'ENL Inhibitor']"
CHEMBL1466,O=c1oc2ccccc2c(O)c1Cc1c(O)c2ccccc2oc1=O,['NQO2 Inhibitor']
CHEMBL1555,Br.COc1ccc2c3c1O[C@H]1C[C@@H](O)C=C[C@@]31CCN(C)C2,[]
CHEMBL15562,c1cncnc1,"['Glutaminyl Cyclase Inhibitor', 'CD47-SIRPAlpha Modulator', 'Phagocytosis Enhancer']"
CHEMBL157366,CCCCC/C=C\C/C=C\CCCCCCCC(=O)OC(COC(C)=O)COC(=O)CCCCCCCCCCCCCCC,[]
CHEMBL1788384,CC(=O)Nc1cc([As]2SCC(CO)S2)ccc1O,[]
CHEMBL181954,CO[C@@H](Cc1ccc(OCCCOc2ccc(Oc3ccccc3)cc2)cc1)C(=O)O,"['PPAR Alpha/Gamma Agonist', 'PPAR Agonist']"
CHEMBL2105040,CNCC(O)c1cc(OC)c(O)c(OC)c1,[]
CHEMBL2105131,CN(CC1(C)CCCO1)S(=O)(=O)c1ccc(Cl)c(S(N)(=O)=O)c1,"['Carbonic Anhydrase Inhibitor', 'Cerebrovasodilator']"
CHEMBL2106167,NS(=O)(=O)c1cc2c(cc1Cl)CN(C1CCCCC1)C2=O,"['Diuretic', 'Saluretic']"
CHEMBL3716552,COc1cc(OCc2csc(-c3ccc(C(=O)N(C)C)cc3)n2)c2cc(-c3cn4nc(OC)sc4n3)oc2c1,"['Anti-Platelet', 'PAR4 Inhibitor']"
CHEMBL372205,C[C@H](CN(C(=O)c1ccc(C#N)cc1)c1ccccn1)N1CCN(c2cccc3c2OCCO3)CC1,[]
CHEMBL4091374,O=C(O)CCCc1cc2cc(Cl)ccc2n1S(=O)(=O)c1ccc2ncsc2c1,"['Anti-Fibrotic', 'PPAR Agonist']"
CHEMBL4297364,CC[N+]1(C)[C@@H]2CC(OC(=O)[C@H](CO)c3ccccc3)C[C@H]1[C@@H]1O[C@@H]12,"['Muscarinic Receptor Antagonist', 'Bronchodilator', 'M1 Muscarinic Receptor Ligand', 'Antimuscarinic', 'M3 Receptor Antagonist', 'Anticholinergic', 'Spasmolytic', 'Muscarinic M3 Receptor Antagonist', 'OCT1 Substrate', 'Cholinergic Receptor Antagonist', 'M1AChR Agonist', 'Muscarinic Receptor Modulator']"
CHEMBL4297510,O=C(NCCS)c1cccc(C(=O)NCCS)c1,[]
CHEMBL4466233,CC(=O)N1CCC(Nc2cc(C(=O)NC[C@H](O)CN3CCc4ccccc4C3)ncn2)CC1,"['Epigenetic Modifier', 'PRMT5 Inhibitor']"
CHEMBL4594348,C=CC(=O)N1CCC[C@@H](c2ccc(C(N)=O)c3[nH]ccc23)C1,['BTK Inhibitor']
CHEMBL4594414,COc1c(O)c(C)c(CCCCCCCCCC[P+](c2ccccc2)(c2ccccc2)c2ccccc2)c(O)c1OC,[]
CHEMBL4802250,Cl.N[C@@H](CC(=O)Nc1ccn([C@@H]2O[C@H](CO)[C@@H](O)[C@@H]2O)c(=O)n1)C(=O)O,[]
CHEMBL5314606,[2H]C([2H])([2H])C(/C=C/C=C(C)/C=C/C1=C(C)CCCC1(C)C)=C\CO,[]
CHEMBL5314952,C=CC(=O)Nc1cc(Nc2nccc(-c3cn(C)c4ccccc34)n2)c(OC)cc1OCCN(C)C,"['Anticancer', 'EGFR Kinase Inhibitor', 'NSCLC Therapy']"
CHEMBL707,COc1cc2nc(N3CCN(C(=O)C4COc5ccccc5O4)CC3)nc(N)c2cc1OC,"['Antihypertensive', 'Alpha1-Adrenoceptor Antagonist']"
CHEMBL88153,COc1ccc(C(CC(N)=O)N2C(=O)c3ccccc3C2=O)cc1OC1CCCC1,"['PDE4 Inhibitor', 'TNF-Alpha Inhibitor', 'Phosphodiesterase 4 Inhibitor']"
CHEMBL94454,CN(c1nccc(=O)[nH]1)C1CCN(c2nc3ccccc3n2Cc2ccc(F)cc2)CC1,"['Insomnia', 'H(1)-Antihistamine']"
CHEMBL1077,Nc1c(CC(=O)O)cccc1C(=O)c1ccc(Br)cc1,"['Anti-Inflammatory', 'Analgesic', 'Cyclooxygenase Inhibitor']"
CHEMBL1159650,CCC(=O)O[C@]1(C(=O)CCl)[C@@H](C)C[C@H]2[C@@H]3CCC4=CC(=O)C=C[C@]4(C)[C@@]3(F)[C@@H](O)C[C@@]21C,"['Anti-Inflammatory', 'Topical Antiinflammatory', 'Vasoconstrictor']"
CHEMBL1189,CCNCC,['Neuronal Choline Transporter Ligand']
CHEMBL1200721,C[C@]12CC[C@@H]3c4ccc(OC(=O)N(CCCl)CCCl)cc4CC[C@H]3[C@@H]1CC[C@@H]2OP(=O)([O-])[O-].[Na+].[Na+],['Anticancer']
CHEMBL1201148,C[C@H]1C[C@H]2[C@@H]3CCC4=CC(=O)C=C[C@]4(C)[C@H]3C(=O)C[C@]2(C)[C@@]1(O)C(=O)CO,"['Anti-Inflammatory', 'Glucocorticoid Agonist', 'Cytokine Inhibitor', 'GR Agonist', 'CYP3A4 Inducer', 'PXR Activator', 'Glucocorticoid Modulator', 'CYP3A Substrate', 'Skin Permeation', 'PDE4/7 Inhibitor', 'Human Chymase Inhibitor', 'Mineralocorticoid Receptor Modulator']"
CHEMBL1256696,CCN(CC)CCOCCOC(=O)C1(c2ccccc2)CCCC1.O=C(O)CC(O)(CC(=O)O)C(=O)O,[]
CHEMBL132767,CCN(CC)c1cc(C)nc2ncnn12,[]
CHEMBL1499,C[C@]12CCC(=O)C=C1CC[C@@H]1[C@@H]2C(=O)C[C@@]2(C)[C@H]1CC[C@]2(O)C(=O)CO,"['Anti-Inflammatory', 'Neuroprotective', 'ChEs Inhibitor', 'FPTase Inhibitor', 'Glucocorticoid Modulator', 'CYP3A Substrate', 'Skin Permeation', 'PDE4/7 Inhibitor']"
CHEMBL184412,CCCCc1oc2ccc(NS(C)(=O)=O)cc2c1C(=O)c1ccc(OCCCN(CCCC)CCCC)cc1,['NLRP3 Inhibitor']
CHEMBL2,COc1cc2nc(N3CCN(C(=O)c4ccco4)CC3)nc(N)c2cc1OC,"['Antihypertensive', 'Alpha1-Adrenoceptor Antagonist', 'EphA2 Agonist']"
CHEMBL2105661,CCNCCS(=O)(=O)NC[C@@]1(c2ccccc2)SC(NC(=O)C(C)(C)C)=NN1C(=O)C(C)(C)C,"['Eg5 Inhibitor', 'Mitotic Inhibitor']"
CHEMBL2105683,COc1ccc2cc([C@H](C)C(=O)OCCS(C)(=O)=O)ccc2c1,"['Anti-Inflammatory', 'COX2 Inhibitor', 'Membrane Permeability']"
CHEMBL2107350,CCOC(=O)C1=C(COCCN)NC(C)=C(C(=O)OC)[C@@H]1c1ccccc1Cl.O=C(O)C[C@H](O)C(=O)O,"['Ca2+ Antagonist', 'Alpha-Adrenolytic']"
CHEMBL2107360,CCCCCCCCCCCCCCCC(=O)OC1CCCn2c1nc(C)c(CCN1CCC(c3noc4cc(F)ccc34)CC1)c2=O,[]
CHEMBL2107614,CCOC(=O)[C@@]1(OC(=O)C(Cl)Cl)CC[C@H]2[C@@H]3CCC4=CC(=O)C=C[C@]4(C)[C@H]3[C@@H](O)C[C@@]21C,['Anti-Inflammatory']
CHEMBL2338329,Cc1nc(C(=O)NCC(=O)O)c(O)c2ccc(Oc3ccccc3)cc12,"['HIF PHD Inhibitor', 'Prolyl-4-Hydroxylase Inhibitor', 'HIF Prolyl-Hydroxylase Inhibitor', 'PHD2 Inhibitor', 'Anemia Treatment', 'FTO Inhibitor', 'TRBeta Agonist', 'Erythropoiesis Stimulator']"
CHEMBL3421729,C[C@H]1c2cccc(CCC(C)(C)O)c2C[C@H](CO)N1C(=O)Cc1c(Cl)cccc1Cl,[]
CHEMBL3666807,C[C@H](NC(=O)C(C)(F)F)[C@H](Oc1ccc2c(cnn2-c2cccc(C(=O)N[C@@H]3CCOC3)c2)c1)c1ccc2c(c1)OCCO2,"['Anti-Inflammatory', 'Glucocorticoid Receptor Modulator']"
CHEMBL3707246,CC(C)Oc1ccc(-c2nc(-c3cccc4c3CC[C@@H]4NCCO)no2)cc1C#N.Cl,"['S1P1 Agonist', 'S1P1 Receptor Antagonist', 'Multiple Sclerosis']"
CHEMBL375492,CC(=O)Nc1ccc(/C=N/NC(N)=S)cc1,[]
CHEMBL3960488,Cn1cc(-c2ccc(=O)n(Cc3cccc(-c4ncc(OCCN5CCOCC5)cn4)c3)n2)cn1,['cMET Inhibitor']
CHEMBL3989555,Cc1cccc(CN2CCN(C(c3ccccc3)c3ccc(Cl)cc3)CC2)c1.Cl.Cl.O,['Analgesic']
CHEMBL4297314,C1COCN1,['Neuronal Choline Transporter Ligand']
CHEMBL477278,N[C@@H](Cc1ccc(OCC[18F])cc1)C(=O)O,[]
CHEMBL5314414,CC1(C)CCC2(CC1)N[C@@H](C(=O)N[C@@H]1CC[C@@H](C(N)=O)OC1)[C@H](c1ccnc(Cl)c1F)[C@]21C(=O)Nc2ccc(Cl)cc21.Cc1ccc(S(=O)(=O)O)cc1,['MDM2 Inhibitor']
CHEMBL559478,O=C(Oc1ccc(Br)cc1)N1CCN2CCC1CC2,"['Alpha7-nAChR Agonist', 'Alpha7 nAChR Antagonist', 'Alpha3Beta2 nAChR Positive Allosteric Modulator']"
CHEMBL6437,CN1CCN2c3ccccc3Cc3ccccc3C2C1,"['Antidepressant', 'H1 Receptor Antagonist']"
CHEMBL685,COC(=O)Nc1nc2cc(C(=O)c3ccccc3)ccc2[nH]1,"['Antineoplastic', 'Anti-Filarial', 'Tubulin-binding']"
CHEMBL1094636,NC(=O)c1cccc2cn(-c3ccc([C@@H]4CCCNC4)cc3)nc12,"['Anticancer', 'PARP1/2 Inhibitor']"
CHEMBL1256722,C[C@H]1C=C(c2csc(SC3=C(C(=O)O)N4C(=O)[C@H]([C@@H](C)O)[C@H]4[C@H]3C)n2)CN1,['Antibiotic']
CHEMBL1533310,Cl.Cl.NCCc1c[nH]cn1,"['Histamine H3 Receptor Ligand', 'Inverse Agonist', 'Carbonic Anhydrase Activator', 'Fluorescent Probe', 'H3R Agonist', 'Histamine H4R Agonist', 'H4 Receptor Antagonist', 'Organic Cation Transporter', 'Histamine-3R Modulator', 'H2-Receptor Antagonist', 'Histamine H1-Receptor Agonist']"
CHEMBL159,CC[C@]1(O)C[C@@H]2CN(CCc3c([nH]c4ccccc34)[C@@](C(=O)OC)(c3cc4c(cc3OC)N(C)[C@H]3[C@@](O)(C(=O)OC)[C@H](OC(C)=O)[C@]5(CC)C=CCN6CC[C@]43[C@@H]65)C2)C1,"['Anticancer', 'Cytotoxic', 'Antiproliferative', 'Anti-Cancer', 'Tubulin Inhibitor', 'CYP3A4 Inhibitor', 'Tubulin-binding', 'Microtubule Disruptor', 'Cytoskeleton Disruptor', 'Vascular-Disrupting', 'Anti-Vascular', 'Tubulin Interaction']"
CHEMBL1729803,CCN(CC)CCn1c(=O)c(Cc2ccc(OC)cc2)nc2ccccc21,[]
CHEMBL1889091,CN1CCN(C(c2ccccc2)c2ccc(Cl)cc2)CC1.Cl,"['Anti-HCV', 'Hypolipidemic', 'Antispermatogenic', 'Phospholipidosis Inducer', 'CNS Drug Partitioning']"
CHEMBL1909452,CN[C@@H]1[C@@H](O[C@H]2O[C@H](CO)[C@@H](N)[C@H](O)[C@H]2O)OC2C[C@@H](N)[C@@H](O[C@H]3[C@H](O)[C@@H](O)[C@H](N)C[C@@H]3N)OC2[C@@H]1O,"['Antibiotic', 'Protein Synthesis Inhibitor', 'Ribosome Inhibitor', 'Ribosome Binding', 'Aminoglycoside', 'Nonsense Mutation Suppressor']"
CHEMBL2165620,O=C(O)c1ccc(NC(=O)[C@H](CC2CCCC2)n2cnc(C(F)(F)F)c2)nc1,"['Type 2 Diabetes', 'Glucokinase Activator', 'Hepatoselective']"
CHEMBL253582,OC[C@H]1O[C@@](CO)(O[C@H]2O[C@H](CO)[C@@H](O)[C@H](O)[C@H]2O)[C@@H](O)[C@@H]1O,[]
CHEMBL259084,O=C(O)c1ccc(Nc2ncc3c(n2)-c2ccc(Cl)cc2C(c2c(F)cccc2F)=NC3)cc1,"['Anticancer', 'Aurora A/B Kinase Inhibitor', 'CDK1/CDK2 Inhibitor', 'Protein Kinase Inhibitor', 'Beta-Cell Replication', 'Selective Kinase Inhibitor']"
CHEMBL291657,C#CCN(c1nc(-c2cc(C)c(OC)cc2Cl)c(C)s1)[C@@H](CC1CC1)c1ccc(C)c(F)c1,['CRF1 Antagonist']
CHEMBL296522,COc1cc(N)c(Cl)cc1C(=O)NC1CCN2CCCC1C2,"['5-HT3 Receptor Antagonist', '5-HT4R Antagonist', '5-HT4 Receptor Agonist', 'Antiemetic', 'D2R Antagonist']"
CHEMBL3039514,COC(=O)N[C@H](C(=O)N1CCC[C@H]1c1nc(-c2ccc3c(c2)O[C@@H](c2ccccc2)n2c-3cc3cc(-c4c[nH]c([C@@H]5CCCN5C(=O)[C@@H](NC(=O)OC)C(C)C)n4)ccc32)c[nH]1)C(C)C,['HCV NS5b Polymerase Inhibitor']
CHEMBL3140361,CC[C@@H](CO)NCCN[C@@H](CC)CO.Cl.Cl,"['Cytotoxic', 'Antibiotic', 'Antimalarial', 'Anti-Tuberculosis', 'Anti-mycobacterial', 'Efflux Pump Inhibitor', 'Bactericidal', 'Mycobacterium tuberculosis Inhibitor', 'InhA Inhibitor', 'Enoyl-ACP Reductase Inhibitor', 'Glutamate Racemase Inhibitor', 'Pantothenate Synthetase Inhibitor', 'CysK1 Inhibitor', 'DNA GyrB Inhibitor']"
CHEMBL3301606,CC1(C)CN(C(=O)c2ccc(-c3cccc4nc(NC(=O)C5CC5)nn34)cc2)C1,['JAK1/JAK2 Inhibitor']
CHEMBL3924151,CNC(=N)NCCC[C@H](NC(=O)[C@H](CC(C)C)NC(=O)NNC(=O)[C@H](Cc1ccccc1)NC(=O)[C@@H](NC(=O)[C@H](CC(N)=O)NC(=O)[C@@H]1C[C@@H](O)CN1C(=O)[C@@H](Cc1ccc(O)cc1)NC(C)=O)[C@@H](C)O)C(=O)N[C@@H](Cc1c[nH]c2ccccc12)C(N)=O,['KISS1 Receptor Agonist']
CHEMBL396778,C[C@H](NCc1ccc(OCc2cccc(F)c2)cc1)C(N)=O,['Anticonvulsive']
CHEMBL3989401,NCCC(O)(P(=O)([O-])O)P(=O)([O-])O.O.O.O.O.O.[Na+].[Na+],"['Antiparasitic', 'Farnesyl-Protein Transferase Inhibitor', 'Collagenase-1 Inhibitor', 'Osteoporosis Treatment', 'Trypanosoma brucei Inhibitor', 'Bone Resorption Inhibitor', 'Geranylgeranyl Pyrophosphate Synthase Inhibitor', 'Bone-Targeting', 'Antibiotic Resistance', 'Anti-Osteoclast Formation', 'Bisphosphonates', 'Hepatocellular Carcinoma Inhibitor', 'Protein Prenylation Inhibitor', 'Calcium Chelator']"
CHEMBL4167360,Cc1cc([C@H](C)Nc2nccc(N3C(=O)OC[C@@H]3[C@@H](C)F)n2)ncc1-c1ccnc(C(F)(F)F)c1,['Mutant IDH1/2 Inhibitor']
CHEMBL4297212,Cl.NC(=O)OC[C@H](N)Cc1ccccc1,[]
CHEMBL453514,CO[C@@H]1[C@@H](O[C@@H]2O[C@H](C)[C@@H](O[C@H]3C[C@@](C)(O)[C@@H](O)[C@H](C)O3)[C@H](N(C)C)[C@H]2O)[C@@H](CC=O)C[C@@H](C)[C@@H](O[C@H]2CC[C@H](N(C)C)[C@@H](C)O2)/C=C/C=C/C[C@@H](C)OC(=O)C[C@H]1O,['Antibiotic']
CHEMBL4594377,C(=C/[C@H]1CCNC1)\c1cncnc1.O=C(O)CC(O)(CC(=O)O)C(=O)O,[]
CHEMBL507419,Cc1ccc(S(=O)(=O)NC(=O)NC2CCCCC2)cc1N,['FBPase Inhibitor']
CHEMBL5095031,CCCCCCN(CCOc1ccc(CCCCNC(=N)NC(=O)c2nc(Cl)c(N)nc2N)cc1)C[C@H](O)C(O)[C@H](O)[C@H](O)CO,[]
CHEMBL5095236,C=CC(=O)N1CCN(c2nc(OC[C@@H]3CCCN3C)nc3c(F)c(-c4nc(N)cc(C)c4C(F)(F)F)c(Cl)cc23)[C@@H](C)C1,"['Anticancer', 'KRAS G12D Inhibitor']"
CHEMBL572881,CC1(C)CNc2cc(NC(=O)c3cccnc3NCc3ccncc3)ccc21,"['VEGFR2 Inhibitor', 'P-Glycoprotein Reversal Agent']"
CHEMBL1200759,Cl.O=C1CN2Cc3c(ccc(Cl)c3Cl)N=C2N1,['Antiplatelet Aggregation Inhibitor']
CHEMBL1200895,NNCCc1ccccc1.O=S(=O)(O)O,['VAP-1 Inhibitor']
CHEMBL1201197,C[C@H](N)C(=O)N[C@@H](C)C(=O)N[C@H]1[C@@H]2CN(c3nc4c(cc3F)c(=O)c(C(=O)O)cn4-c3ccc(F)cc3F)C[C@@H]21,['Antibiotic']
CHEMBL1201235,C[N+]1(C)[C@@H]2CC[C@H]1C[C@@H](OC(=O)C(O)c1ccccc1)C2,"['Muscarinic Receptor Antagonist', 'Bronchodilator', 'Anticholinergic', 'OCT1 Substrate', 'Cholinergic Receptor Antagonist', 'Organic Cation Transporter Substrate', 'Acetylcholine Binding Protein Ligand']"
CHEMBL1206245,COc1cc(OC)c(/C=C/S(=O)(=O)Cc2ccc(OC)c(OP(=O)(O)O)c2)c(OC)c1,"['Anticancer', 'Mitotic Inhibitor', 'Cyclin D1-CDK4 Inhibitor']"
CHEMBL12208,Cc1cc(=O)oc2cc(O)ccc12,[]
CHEMBL1256772,CCN(CC)CCNC(=O)c1cc(S(C)(=O)=O)ccc1OC.Cl,['Antiarrhythmic']
CHEMBL1513,CCCCC1=NC2(CCCC2)C(=O)N1Cc1ccc(-c2ccccc2-c2nnn[nH]2)cc1,"['Antihypertensive', 'Hypertension', 'AT1 Receptor Antagonist', 'BLT2 Agonist']"
CHEMBL1536,C=C1CC[C@H](O)C/C1=C/C=C1\CCC[C@]2(C)[C@@H]([C@H](C)/C=C/[C@H](C)C(C)C)CC[C@@H]12,['VDR Antagonist']
CHEMBL1569545,O=C(O)Cn1c2ccccc2c(=O)c2ccccc21,['Aldose Reductase Inhibitor']
CHEMBL1572,CCN[C@@H]1C[C@H](N)[C@@H](O[C@H]2OC(CN)=CC[C@H]2N)[C@H](O)[C@H]1O[C@H]1OC[C@](C)(O)[C@H](NC)[C@H]1O,"['Antibiotic', 'Ribosome Inhibitor']"
CHEMBL1601,O=C(O)C1=C(CSc2nnnn2CS(=O)(=O)O)CS[C@@H]2[C@H](NC(=O)[C@H](O)c3ccccc3)C(=O)N12,['Antibiotic']
CHEMBL1631723,CC1(C)Oc2cc3oc(=O)ccc3cc2C[C@@H]1OC/C=C/c1ccccc1,['Wnt/Beta-catenin Inhibitor']
CHEMBL1773943,O=C(O)c1c[nH]cn1,[]
CHEMBL1983350,CC(C)(C)C(O)/C=C/c1ccc2c(c1)OCO2,[]
CHEMBL2104608,CC1(C)C(C=C(Cl)Cl)C1C(=O)OC(C#N)c1ccc(F)c(Oc2ccccc2)c1,"['Insecticidal', 'Insecticide', 'Ryanodine Receptor Activator']"
CHEMBL2106049,[C],"['Antimalarial', 'Antimicrobial', 'Neuroprotective', 'Carbonic Anhydrase Inhibitor', 'Antihypertensive', 'Anti-Trypanosomal', 'Vasodilator', 'PDE10a Inhibitor', 'Cytoprotective', 'Vasorelaxant', 'Cardioprotective', 'Cardiovascular', 'CA I Inhibitor', 'Type 2 Diabetes Treatment', 'CD73 Inhibitor', 'Nootropic', 'H. pylori', 'Tau Phosphorylation Inhibitor', 'H2S Donor', 'Carbonic Anhydrase', 'Amnesia-Reversal', 'NMDAR Antagonist', 'Osteoblast Stimulator', 'Hydrogen Sulfide Donor', 'Mood Disorder', 'Insulin Release Stimulator', 'CO2 Hydrase', 'Beta-CA Inhibitor', 'Carbonic Anhydrase IV Inhibitor', 'IFN-Gamma Inhibitor', 'Cu Chelator', 'Anion Inhibitor', 'H2S-Releasing', 'DNA Cleaving Agent', 'Carbonic Anhydrase XV Inhibitor', 'Tau Protein Inhibitor', 'HD', 'Glycogen Synthase Activator']"
CHEMBL2107779,C/C(=N\NC(=N)N)c1cc(NC(=O)CCCCCCCCC(=O)Nc2cc(/C(C)=N/NC(=N)N)cc(/C(C)=N/NC(=N)N)c2)cc(/C(C)=N/NC(=N)N)c1,[]
CHEMBL2107831,CCCCCCO[C@@H](C)c1cccc(-c2csc(NC(=O)c3cc(Cl)c(/C=C(\C)C(=O)O)c(Cl)c3)n2)c1OC,[]
CHEMBL215303,C[C@H]1NCc2cc(-c3ccc4c(=O)c(C(=O)O)cn(C5CC5)c4c3OC(F)F)ccc21,['Antibiotic']
CHEMBL2181927,CCOc1ncc(C)c2c1[C@H](c1ccc(C#N)cc1OC)C(C(N)=O)=C(C)N2,[]
CHEMBL225304,N=C(N)NN,"['Anti-Diabetic', 'Weight Loss', 'DHPS Inhibitor', 'Antiglycation', 'AGE Inhibitor']"
CHEMBL2360841,CNC1=Nc2ccc(Cl)cc2C(c2ccc[nH]2)=NC1,[]
CHEMBL262101,c1ccc2c(c1)-c1nc-2nc2[nH]c(nc3nc(nc4[nH]c(n1)c1ccccc41)-c1ccccc1-3)c1ccccc21,['Photodynamic Therapy Photosensitizer']
CHEMBL311350,CCn1cc(C(=O)O)c(=O)c2cnc(N3CCCC3)nc21,"['Antibiotic', 'Quinolone Antibiotic']"
CHEMBL313971,COc1cc(CNC(=O)CCCC/C=C\C(C)C)ccc1O,['TRPV1 Agonist']
CHEMBL3545414,CS(=O)(=O)O.N#CC1(c2ccc(NC(=O)c3cccnc3NCc3ccncc3)cc2)CCCC1,['P-Glycoprotein Reversal Agent']
CHEMBL38434,Cc1c(-c2ccc(-c3ccccc3F)cc2)nc2ccc(F)cc2c1C(=O)O,"['DHODH Inhibitor', 'Dihydroorotate Dehydrogenase Inhibitor', 'Anti-Viral', 'P-selectin Antagonist']"
CHEMBL38827,CCCCN(CCCC)CC(O)c1cc(Cl)cc2c1-c1ccc(Cl)cc1/C2=C/c1ccc(Cl)cc1,"['Antimalarial', 'IKr Channel Blocker']"
CHEMBL3900554,Cc1c(-c2c(F)cc(C(N)=O)c3[nH]c4c(c23)CC[C@H](C(C)(C)O)C4)cccc1-n1c(=O)c2cccc(F)c2n(C)c1=O,"['BTK Inhibitor', 'Btk Inhibitor']"
CHEMBL3989715,C/C(=C\C(=O)OCCCCCCCCC(=O)[O-])C[C@@H]1OC[C@H](C[C@@H]2O[C@H]2[C@@H](C)[C@H](C)O)[C@@H](O)[C@H]1O.C/C(=C\C(=O)OCCCCCCCCC(=O)[O-])C[C@@H]1OC[C@H](C[C@@H]2O[C@H]2[C@@H](C)[C@H](C)O)[C@@H](O)[C@H]1O.O.O.[Ca+2],"['Antibiotic', 'FtsZ Inhibitor', 'Anti-Biofilm', 'Peptide Deformylase Inhibitor', 'LasR Antagonist', 'Isoleucyl tRNA Synthetase Inhibitor', 'FabB Inhibitor', 'Biofilm Dispersal', 'MshC Inhibitor', 'Prolyl-tRNA Synthetase Inhibitor']"
CHEMBL4297360,CCCCOP(=O)(O)OC[C@H]1O[C@@H](n2cc(C)c(=O)[nH]c2=O)C[C@@H]1OP(=O)(O)OCCCC,[]
CHEMBL4297365,[131Cs],"['Neuroprotective', 'Osteoblast Stimulator', 'CO2 Hydrase', 'Beta-CA Inhibitor', 'Anion Inhibitor', 'DNA Cleaving Agent', 'Carbonic Anhydrase XV Inhibitor', 'Tau Protein Inhibitor', 'HD', 'Glycogen Synthase Activator']"
CHEMBL4594442,Cc1cc(-c2nnc(N)nc2-c2ccc(F)cc2)cc(Cl)n1,['Parkinson Disease']
CHEMBL507282,Nc1ccn([C@H]2C[C@H](O)[C@@H](COP(=O)(O)OP(=O)(O)OP(=O)(O)OP(=O)(O)OC[C@H]3O[C@@H](n4ccc(=O)[nH]c4=O)[C@H](O)[C@@H]3O)O2)c(=O)n1,['P2Y2 Agonist']
CHEMBL5095022,CC(C)S(=O)(=O)N[C@H]1COC[C@H]1Oc1ccc(-c2ccc(C#N)s2)cc1,[]
CHEMBL5095407,COc1cc2c(cc1OCCCCCOc1cc3c(cc1OC)C(=O)N1C=C(C)C[C@H]1[C@H](O)N3C(=O)OCc1ccc(NC(=O)[C@H](C)NC(=O)[C@@H](NC(=O)COCCOCCNS(=O)(=O)NC(=O)OC[C@@H]3[C@@H]4CCC#CCC[C@@H]43)C(C)C)cc1)N=C[C@@H]1CC(C)=CN1C2=O,['Anticancer']
CHEMBL514201,C[C@@H]1CN(Cc2ccc(F)cc2)[C@@H](C)CN1C(=O)c1cc2c(C(=O)C(=O)N(C)C)cn(C)c2cc1Cl,"['p38alpha Inhibitor', 'Multitarget Inhibitor']"
CHEMBL5314620,Fc1ccccc1Cc1nc(-c2nc(C(F)(F)F)n[nH]2)cn2ccnc12,['Soluble Guanylate Cyclase Activator']
CHEMBL771,N[C@@H]1CONC1=O,"['Glycine Receptor Ligand', 'Glycine Agonist', 'hPAT1 Substrate', 'Chlamydia Inhibitor']"
CHEMBL818,N=C(N)NCc1cccc(I)c1,[]
CHEMBL832,O=C1C(CC[S+]([O-])c2ccccc2)C(=O)N(c2ccccc2)N1c1ccccc1,[]
CHEMBL957,COc1ccccc1Oc1c(NS(=O)(=O)c2ccc(C(C)(C)C)cc2)nc(-c2ncccn2)nc1OCCO,"['Hypotensive', 'Endothelin A Receptor Antagonist', 'ETA-Receptor Antagonist', 'CYP 2C9 Inhibitor', 'DHPS Inhibitor', 'Pulmonary Arterial Hypertension', 'ERAs']"
CHEMBL1082723,C[C@H]1Cc2c([nH]c3cc(Cl)c(F)cc23)[C@@]2(N1)C(=O)Nc1ccc(Cl)cc12,"['Antimalarial', 'Antiplasmodial', 'Malaria']"
CHEMBL1200855,CC1(C)S[C@@H]2[C@H](NC(=O)[C@H](C(=O)[O-])c3ccsc3)C(=O)N2[C@H]1C(=O)[O-].[Na+].[Na+],"['Antibiotic', 'Beta-Lactamase Inhibitor', 'Carbapenemase Inhibitor']"
CHEMBL1213351,CCC(=O)O[C@](Cc1ccccc1)(c1ccccc1)[C@H](C)CN(C)C,[]
CHEMBL1357,CC(O)C(=O)[O-].[Na+],"['Antilipolytic', 'NMDA Receptor Co-Agonist']"
CHEMBL13817,CC(C)(N)C(=O)N[C@H](COCc1ccccc1)C(=O)N1CCC2(CC1)CN(S(C)(=O)=O)c1ccccc12,"['Growth Hormone Secretagogue', 'Ghrelin Receptor Ligand']"
CHEMBL152632,O=C1NCCN1c1ncc([N+](=O)[O-])s1,['Carcinogenic']
CHEMBL1702,CNCC[C@@H](Oc1ccccc1C)c1ccccc1.Cl,[]
CHEMBL1851805,CCN(CC)CC(=O)Oc1ccc(NC(C)=O)cc1,['Acetylcholinesterase Inhibitor']
CHEMBL2103851,S=C(NCc1ccc2c(c1)OCO2)N1CCN(c2ncnc3c2oc2ccccc23)CC1,['PDGFRAlpha Inhibitor']
CHEMBL2106615,CC(=O)O.Cc1c(-c2ccc(O)cc2)n(Cc2ccc(OCCN3CCCCCC3)cc2)c2ccc(O)cc12,['Estrogen Receptor Ligand']
CHEMBL262777,CN[C@H](CC(C)C)C(=O)N[C@H]1C(=O)N[C@@H](CC(N)=O)C(=O)N[C@H]2C(=O)N[C@H]3C(=O)N[C@H](C(=O)N[C@H](C(=O)O)c4cc(O)cc(O)c4-c4cc3ccc4O)[C@H](O)c3ccc(c(Cl)c3)Oc3cc2cc(c3O[C@@H]2O[C@H](CO)[C@@H](O)[C@H](O)[C@H]2O[C@H]2C[C@](C)(N)[C@H](O)[C@H](C)O2)Oc2ccc(cc2Cl)[C@H]1O,['Antibiotic']
CHEMBL3137306,N[C@H](CCC(=O)N[C@H](Cc1c[nH]c2ccccc12)C(=O)O)C(=O)O,[]
CHEMBL3393588,O=C(c1cccnc1)N1CCN2C(=O)c3ccncc3[C@]12c1ccc(Cl)cc1,['RSV Fusion Protein Inhibitor']
CHEMBL3545309,C=C[C@]1(C)C[C@@H](OC(=O)CS[C@@H]2CC[C@@H](N)C[C@H]2O)[C@]2(C)[C@H](C)CC[C@]3(CCC(=O)[C@H]32)[C@@H](C)[C@@H]1O.CC(=O)O,"['Antibiotic', 'Ribosome Binding', 'Anti-Wolbachia', 'Onchocerciasis', 'Filarial Infection']"
CHEMBL3578202,O=C(O)CCc1ccc(O)c(CN(CCN(CC(=O)O)Cc2cc(CCC(=O)NCCCCCC(=O)NCCCC[C@H](NC(=O)N[C@@H](CCC(=O)O)C(=O)O)C(=O)O)ccc2O)CC(=O)O)c1,[]
CHEMBL37676,Cc1c(C)c2c(c(C)c1O)CCC(C)(C)O2,"['Antioxidant', 'Neuroprotective', 'Cytoprotective', 'Lipoperoxidation Inhibitor', 'Superoxide Scavenger', 'SRS-A Release Inhibitor', 'Oxidative Stress Inhibitor']"
CHEMBL3989855,CN[C@@H](C)[C@@H](O)c1ccccc1.CN[C@@H](C)[C@@H](O)c1ccccc1.O=S(=O)(O)O,[]
CHEMBL3989966,CC(=O)OP(=O)([O-])N(C[C@H]1CN(c2cc(F)c(N3C=CC(=O)CC3)c(F)c2F)C(=O)O1)c1ccon1.[Na+],['Antibiotic']
CHEMBL4069597,Cc1nc(N(C)C(=O)Cc2ccc(-c3ccccn3)cc2)sc1S(N)(=O)=O,['Carbonic Anhydrase Inhibitor']
CHEMBL4076467,COc1c(/C=C/c2ccc(NS(C)(=O)=O)cc2)cc(-n2ccc(=O)[nH]c2=O)cc1C(C)(C)C,['HCV NS5b Polymerase Inhibitor']
CHEMBL424,O=C(O)c1ccccc1O,[]
CHEMBL4297405,NS(=O)(=O)OC[C@H]1C[C@@H](Nc2ccnc3cc(-c4cccc(SC(F)(F)F)c4)nn23)[C@H](O)[C@@H]1O,[]
CHEMBL4297583,Cc1nc2cc(C(=O)N(C)C)cc(O[C@H]3CCOc4cc(F)cc(F)c43)c2[nH]1,[]
CHEMBL4298138,C[C@H]1CNC(=O)c2cnn3ccc(nc23)N[C@H](C)c2cc(F)ccc2O1,"['Anticancer', 'TRK Kinase Inhibitor', 'Pan-Trk Inhibitor']"
CHEMBL457077,O=C(/C=C/c1ccc(O)c(O)c1/C=C/c1ccc(O)c(O)c1)O[C@H](Cc1ccc(O)c(O)c1)C(=O)O,[]
CHEMBL476,CN(C)/N=N/c1[nH]cnc1C(N)=O,['Toxic']
CHEMBL4792487,Cc1nnc(-c2c[nH]c(=O)[nH]c2=O)cc1[C@H]1C[C@@H]1C(C)C,"['CD73 Inhibitor', 'CD39 Inhibitor']"
CHEMBL5095068,COc1cc(N2CCC3(CCN(C)CC3)CC2)ccc1Nc1ncc(Cl)c(Nc2ccccc2P(C)(C)=O)n1,['ALK Inhibitor']
CHEMBL5095200,Nc1nc(=O)c2ncn([C@@H]3O[C@@H]4CO[P@@](=O)(S)O[C@H]5[C@H](F)[C@H](n6cnc7c(N)ncnc76)O[C@@H]5CO[P@@](=O)(S)O[C@@H]3[C@@H]4F)c2[nH]1,"['STING Receptor Agonist', 'STING Modulator', 'Immune System']"
CHEMBL5095422,CCNCC[C@H](O)CNCCCCNC[C@@H](O)CCNCC.Cl.Cl.Cl.Cl,[]
CHEMBL5314478,CC(C)S(=O)(=O)N1CC(CC#N)(n2cc(-c3ncnc4[nH]ccc34)c(N)n2)C1,"['JAK1/JAK2 Inhibitor', 'Immunomodulator', 'TYK2 Inhibitor']"
CHEMBL537669,COC(=O)[C@@H]1[C@H]2C[C@H]3c4[nH]c5ccccc5c4CCN3C[C@@H]2CC[C@@H]1O.Cl,"['Analgesic', 'Anticonvulsive', 'Antidepressant', 'Antihypertensive', 'Anxiolytic', 'Antipsychotic', 'Alpha1-Adrenoceptor Antagonist', '5-HT 1A Receptor Agonist', 'Antinociceptive', '5-HT2A Receptor Antagonist', '5-HT(1A) Receptor Ligand', 'Neuropathic Pain', '5-HT(1A) Receptor Antagonist', 'Alpha 1-Adrenoceptor Ligand', '5-HT Agonist', '5-HT(1B/1D) Agonist', 'Alpha 1-Adrenoceptor Agonist', 'Norepinephrine Transporter Inhibitor', 'Inverse Agonist', 'H1 Receptor Antagonist', 'Cytochrome P450 2D6 Inhibitor', 'Histamine H4 R Antagonist', 'NOP Receptor Agonist', 'Adenylyl Cyclase Inhibitor', 'Sigma1 Receptor Antagonist', ""Alzheimer's Disease Therapeutic"", 'Pro-Cognitive', '5-HT Uptake Inhibitor', 'Noradrenaline Reuptake Inhibitor', 'Pain Blocker', 'h5-HT1D Receptor Ligand', 'CYP3A4 Inducer', 'Tranquilizing', 'Sigma-1 Receptor', '5-HT1A Affinity', 'mAChR5 Ligand', 'M5 Positive Allosteric Modulator', 'DP1 Antagonist', 'Serotonin Receptor', 'Pro-Social', 'SerB653 Inhibitor', 'CNS Drug Partitioning', 'Benzodiazepine Affinity', 'D-2 Dopamine Receptor Imaging Agent', 'DNA DSBs']"
CHEMBL554,CS(=O)(=O)CCNCc1ccc(-c2ccc3ncnc(Nc4ccc(OCc5cccc(F)c5)c(Cl)c4)c3c2)o1,"['EGFR Kinase Inhibitor', 'Tyrosine Protein Kinase Inhibitor', 'HER1/HER2 Inhibitor', 'Trypanosoma Inhibitor']"
CHEMBL556262,C[C@@H](O)[C@H]1C(=O)N2C(C(=O)O)=C([C@H]3CCCO3)S[C@H]12,"['Antibiotic', 'Mycobacterium tuberculosis', 'Signal Peptidase Inhibitor']"
CHEMBL572284,COc1ccc(/C=C\c2cc(OC)c(OC)c(OC)c2)cc1NC(=O)[C@@H](N)CO,"['Tubulin Polymerization Inhibitor', 'Vascular-Disrupting Agent', 'Microtubule-Disrupting']"
CHEMBL576127,O=C1NCC2(CCN(CCc3ccccc3)CC2)O1,[]
CHEMBL625,c1ccc2[nH]c(-c3cscn3)nc2c1,"['Vascular-Disrupting', 'Methionine Aminopeptidase Inhibitor']"
CHEMBL766,CC1(C)C[C@@H]1C(=O)N/C(=C\CCCCSC[C@H](N)C(=O)O)C(=O)O,[]
CHEMBL1095777,CCc1cc2c(cc1CC)CC(NC[C@H](O)c1ccc(O)c3[nH]c(=O)ccc13)C2,"['Beta(3)-Adrenergic Agonist', 'Bronchodilator', 'Beta-AR Agonist']"
CHEMBL1195136,CC1(C)CC(=O)c2c(C(F)(F)F)nn(-c3ccc(C(N)=O)c(N[C@H]4CC[C@H](OC(=O)CN)CC4)c3)c2C1,[]
CHEMBL1200689,[N]=O,"['Antibiotic', 'Antimalarial', 'Antimicrobial', 'Carbonic Anhydrase Inhibitor', 'Anti-Trypanosomal', 'CA I Inhibitor', 'Type 2 Diabetes Treatment', 'H. pylori', 'Carbonic Anhydrase', 'Osteoblast Stimulator', 'CO2 Hydrase', 'Beta-CA Inhibitor', 'Neurotoxicity', 'Carbonic Anhydrase IV Inhibitor', 'IFN-Gamma Inhibitor', 'Beta-AR Agonist', 'Anion Inhibitor', 'DNA Cleaving Agent', 'Carbonic Anhydrase XV Inhibitor', 'Tau Protein Inhibitor', 'HD']"
CHEMBL15023,O=C(CCCN1CCC(O)(c2cccc(C(F)(F)F)c2)CC1)c1ccc(F)cc1,"['Dopamine D2 Receptor Antagonist', 'Eis Inhibitor']"
CHEMBL1620,CN(C)CCOC(c1ccccc1)c1ccccc1.Cl,"['GABA Uptake Inhibitor', 'CNS Drug Partitioning']"
CHEMBL1790006,Cc1cc2nc3ccc(N(C)C)cc3[s+]c2cc1N.[Cl-],['HCV IRES Inhibitor']
CHEMBL2062774,CCOc1noc2cc(OCCC3CCN(c4ccc(C)nn4)CC3)ccc12,"['Human Rhinovirus Inhibitor', 'Anti-HRV']"
CHEMBL2104325,O=C1c2ccc(Br)cc2C(=O)C1c1ccccc1,[]
CHEMBL2105749,NC(=O)c1ccc2c(c1O)[C@]13CCN(CC4CC4)[C@H](C2)[C@]1(O)CCC(=O)C3.O=C(O)C[C@H](O)C(=O)O,[]
CHEMBL2105842,CC(=O)OCC(=O)[C@@]1(O)[C@H](C)C[C@H]2[C@@H]3C=C(C)C4=Cc5c(cnn5-c5ccccc5)C[C@]4(C)[C@H]3[C@@H](O)C[C@@]21C,[]
CHEMBL2146124,CO/N=C(\C(=O)N[C@@H]1C(=O)N2C(C(=O)[O-])=C(COC(N)=O)CS[C@H]12)c1ccco1.[Na+],"['Antibiotic', 'Bactericidal', 'Beta-Lactamase Inhibitor', 'Peptide Deformylase Inhibitor', 'Metallo-Beta-Lactamase Inhibitor', 'MBL Inhibitor', 'Beta-lactamase Inhibitor', 'NDM-1 Inhibitor', 'Mycobacterium tuberculosis', 'PBP2 Inhibitor', 'Nephrotoxic', 'Organic Anion Transport Inhibitor', 'Antibiotic Resistance', 'Drug Efflux Pump Inhibitor', 'Beta-Lactamase', 'Antipneumococcal', 'Penicillin-Binding Protein Inhibitor', 'Carbapenemase Inhibitor']"
CHEMBL277522,O=C(O)CCC(=O)c1ccc(-c2ccccc2)cc1,[]
CHEMBL3189072,CCCCS(=O)(=O)N[C@@H](Cc1ccc(OCCCCC2CCNCC2)cc1)C(=O)O.Cl.O,"['Factor Xa Inhibitor', 'Antiplatelet Aggregation Inhibitor', 'Antithrombotic', 'Anti-Platelet', 'GPIIb/IIIa Antagonist', 'Fibrinogen Receptor Antagonist', 'Integrin Inhibitor', 'GPIIb-IIIa Inhibitor', 'Integrin Ligand', 'Alphav Integrin Inhibitor', 'Cell Adhesion', 'Antiaggregatory', 'Dual Antithrombotic']"
CHEMBL319669,CONC(=N)c1ccc(-c2ccc(-c3ccc(C(=N)NOC)cc3)o2)cc1,['Antimalarial']
CHEMBL3349001,CC[C@H](CC#N)OC(=O)N[C@@H](C)c1cccc(NC(=O)Nc2ccc(-c3cnco3)c(OC)c2)c1,['IMPDH Inhibitor']
CHEMBL3545278,CCCCCS(=O)(=O)NC(=O)c1ccc2nc(C)n(Cc3ccc(Cl)cc3Cl)c2c1,['PPAR gamma Agonist']
CHEMBL3545350,Cc1nccn1Cc1cc(-c2ccc(F)c(C(F)F)c2)cnn1,['GluN2B Antagonist']
CHEMBL3833389,C[C@@H](CC(C(=O)N1CCCC1)(c1ccccc1)c1ccccc1)N1CCOCC1,[]
CHEMBL3989918,CCc1noc(CC)c1C(=O)O[C@H]1C(C)=C[C@]23C(=O)[C@@H](C=C(CO)[C@@H](O)[C@]12O)[C@H]1[C@@H](C[C@H]3C)C1(C)C,['Actinic Keratosis Treatment']
CHEMBL4297602,O=c1[nH]c(=O)c(Cc2cccc(C(F)(F)F)c2)c([C@H]2CC[C@H](c3ccccc3)CC2)[nH]1,['GR Antagonist']
CHEMBL4297664,CC[C@@]1(OC(=O)[C@@H](NC(=O)[C@H](Cc2c[nH]cn2)NC(=S)Nc2ccc(O[C@H]3O[C@@H](C)[C@@H](O)[C@@H](OC)[C@@H]3O)cc2)C(C)C)C(=O)OCc2c1cc1n(c2=O)Cc2cc3ccccc3nc2-1.Cl,[]
CHEMBL447686,CC(=O)Oc1c(OC(C)=O)c(C=O)c2c(OC(C)=O)c(-c3c(C)cc4c(C(C)C)c(OC(C)=O)c(OC(C)=O)c(C=O)c4c3OC(C)=O)c(C)cc2c1C(C)C,[]
CHEMBL51149,COc1ccc(CCN(C)CCCC(C#N)(c2cc(OC)c(OC)c(OC)c2)C(C)C)cc1OC,"['AChE Inhibitor', 'P-glycoprotein Inhibitor', 'MDR-Reversal', 'P-gp Modulator', 'Efflux Pump Inhibitor', 'Chemosensitizer', 'Ca2+ Antagonist', 'Mycobacterium tuberculosis Inhibitor', 'MDR-Modulator', 'MRP1 Inhibitor', 'P-glycoprotein Substrate', 'MDR-Reversal Agent', 'ATPase Inhibitor', 'Cathepsin D Inhibitor', 'Multidrug-Resistance Modulator', 'Bradycardic Agent', 'CaV1.3 Antagonist', 'LTCC Inhibitor', 'VEEV Inhibitor', 'MRP1 Modulator']"
CHEMBL5315045,O=C(COc1ccc(Cl)c(F)c1)NC12CCC(NC(=O)COc3ccc(Cl)c(F)c3)(CC1)[C@@H](OCOP(=O)(O)O)C2,[]
CHEMBL549963,CN(C)c1ccc2c(c1)Sc1cc(N(C)C)ccc1N2,['HCV IRES Inhibitor']
CHEMBL644,CC(CN(C)C)CN1c2ccccc2CCc2ccccc21,"['Antidepressant', 'CNS Stimulant']"
CHEMBL742,CNC1(c2ccccc2Cl)CCCCC1=O,"['Analgesic', 'Neuroprotective', 'Acetylcholinesterase Inhibitor', 'Anticonvulsive', ""Alzheimer's"", 'NMDA Antagonist', 'Butylcholinesterase Inhibitor', 'Antialzheimer', 'mGlu5 NAM', '5-HT Agonist', 'Sigma1 Receptor Ligand', 'Enzyme Inhibitor', 'NMDA Receptor Inhibitor', 'NMDA Receptor Ligand', 'Anesthetic', 'Hypnotic', 'NMDA Receptor Blocker', 'CNS Penetration', 'mGlu NAM', 'Intravenous Anesthetic', 'General Anesthetic', 'VGCC Blocker', 'TASK Channel Modulator']"
CHEMBL85164,CN(C)C(=O)COC(=O)Cc1ccc(OC(=O)c2ccc(NC(=N)N)cc2)cc1.CS(=O)(=O)O,[]
CHEMBL990,CN(Cc1ccc(C(C)(C)C)cc1)Cc1cccc2ccccc12,['Antifungal']
CHEMBL117287,COCCCN1CCC(NC(=O)c2cc(Cl)c(N)c3c2OCC3)CC1,"['5-HT4R Antagonist', '5-HT4 Receptor Agonist', '5-HT4R Partial Agonist']"
CHEMBL1276138,O=C(c1ccc2nonc2c1)N1CCCCC1,[]
CHEMBL1619785,CC1(C)S[C@@H]2[C@H](NC(=O)[C@H](N)c3ccccc3)C(=O)N2[C@H]1C(=O)OC1OC(=O)c2ccccc21,['Antibiotic']
CHEMBL1712923,Nc1nc(N)nc(-c2cc(Cl)ccc2Cl)n1.O=C(O)/C=C\C(=O)O,['Antiulcerous']
CHEMBL1880349,OCC1OC(O)CC(O)C1O,[]
CHEMBL1908350,CCCC(=O)O[C@H]1[C@H](C)O[C@@H](O[C@H]2[C@H](N(C)C)[C@@H](O)[C@H](O[C@H]3[C@@H](CC=O)C[C@@H](C)[C@@H](O)/C=C/C=C/C[C@@H](C)OC(=O)C[C@@H](O)[C@@H]3OC)O[C@@H]2C)C[C@@]1(C)OC(=O)CC,['Antibiotic']
CHEMBL1921847,Cc1cc(C)cc([C@@H]2CCCN2Cc2ccc(Oc3ccc(C(N)=O)cc3F)cc2)c1,[]
CHEMBL2105745,O=C(CCCc1ccccc1)OCC(COC(=O)CCCc1ccccc1)OC(=O)CCCc1ccccc1,[]
CHEMBL2105907,CC1(C)S[C@@H]2[C@H](NC(=O)[C@H](N=[N+]=[N-])c3ccccc3)C(=O)N2[C@H]1C(=O)O,['Antibiotic']
CHEMBL2107816,Cl[223Ra]Cl,"['Antimalarial', 'Antimicrobial', 'Carbonic Anhydrase Inhibitor', 'Vasorelaxant', 'Cardiovascular', 'CA I Inhibitor', 'Type 2 Diabetes Treatment', 'H2S Donor', 'Carbonic Anhydrase', 'Osteoblast Stimulator', 'CO2 Hydrase', 'Beta-CA Inhibitor', 'Carbonic Anhydrase IV Inhibitor', 'IFN-Gamma Inhibitor', 'Anion Inhibitor', 'H2S-Releasing', 'DNA Cleaving Agent', 'Carbonic Anhydrase XV Inhibitor', 'HD']"
CHEMBL219586,Cc1nc(-c2ccc(C(F)(F)F)cc2)sc1C(=O)NCc1ccc(OC(C)(C)C(=O)O)cc1,"['PPAR Alpha/Gamma Agonist', 'HDLc Raising']"
CHEMBL258940,CN1CCC(Nc2ncc3ncnc(Nc4ccc(F)c(Cl)c4)c3n2)CC1,"['EGFR Kinase Inhibitor', 'Tyrosine Protein Kinase Inhibitor']"
CHEMBL267936,CNC1(C)C2CCC(C2)C1(C)C,[]
CHEMBL274070,CC[C@@]1(O)C(=O)OCc2c1cc1n(c2=O)Cc2cc3c(N)cccc3nc2-1,"['Antitumor', 'Topoisomerase I Inhibitor']"
CHEMBL279014,CCN(CC)CCNc1ccc(C)c2sc3ccccc3c(=O)c12,"['Antitumor', 'DNA Topoisomerase II Inhibitor']"
CHEMBL282468,C[N+](C)(C)CCO.[Cl-],"['Carnitine Transporter', 'Choline Transport Inhibitor', 'Neuronal Choline Transporter Ligand']"
CHEMBL331378,C[C@H](CSC(=O)c1ccccc1)C(=O)N1C[C@@H](Sc2ccccc2)C[C@H]1C(=O)O,"['Antihypertensive', 'Angiotensin Converting Enzyme Inhibitor']"
CHEMBL3544932,CCS(=O)(=O)c1cccc(-c2cc(C(=O)NC3CCN(C)CC3)c(C)c3[nH]c4ncc(C)cc4c23)c1,[]
CHEMBL3622533,COc1ccc(-c2nc(N3CCOCC3)c3sc(CN(C)c4ncc(C(=O)NO)cn4)cc3n2)cn1,['Anticancer']
CHEMBL4297218,CCOC(=O)Cn1nc(C(F)(F)F)cc1-c1ccc(-c2cccc(S(C)(=O)=O)c2)cc1,['COX2 Inhibitor']
CHEMBL4297319,CN1CC2CCCC(C1)C2OC(=O)C(O)(c1ccccc1)C1CCCC1.Cl,['M1 Muscarinic Receptor Ligand']
CHEMBL4297346,COc1ccc2c(c1)nc([S+]([O-])Cc1ncc(C)c(OC)c1C)n2S(=O)(=O)c1ccc(OCC(=O)O)cc1,[]
CHEMBL4298128,Cc1nn(C)cc1S(=O)(=O)NC(=O)c1ccc(-n2ccc(OCC(C)(C)C(F)(F)F)n2)nc1N1C[C@@H](C)CC1(C)C,['Cystic Fibrosis']
CHEMBL460785,Cl.OC[C@H]1NC[C@H](O)[C@@H](O)[C@@H]1O,"['Anti-Diabetic', 'Alpha-glucosidase Inhibitor', 'Hypoglycemic', 'Angiogenesis Inhibitor', 'Butylcholinesterase Inhibitor', 'Antihyperglycaemic', 'Cytokine Inhibitor', 'Pharmacologic Chaperone', 'Glycosidase Inhibitor', 'Fluorescent', 'Beta-Glucosidase Inhibitor', 'Beta-Glucocerebrosidase Inhibitor', ""Gaucher's Disease"", 'Beta-Galactofuranosidase Inhibitor', 'Alpha-L-Fucosidase Inhibitor', 'Alpha-Galactosidase Inhibitor', 'Alpha-Mannosidase Inhibitor', 'Lysosomal Storage Disorder', 'Insulin-Releasing', 'Fabry Disease', 'Sucrase Inhibitor', 'Maltase Inhibitor', 'Beta-Mannosidase Inhibitor', 'Postprandial Hyperglycemia', 'Pompe Disease', 'GAA Ligand', 'Lysosomal Beta-Mannosidase Inhibitor']"
CHEMBL5095042,C[C@@]12C=CC[C@H]1[C@@H]1CCC3=C[C@@H](O)CC[C@]3(C)[C@H]1CC2,"['17 alpha-hydroxylase/C17,20-lyase Inhibitor']"
CHEMBL5095253,N#Cc1cc(Cl)cc(Oc2c(C(F)(F)F)ncn(Cc3cc(C(F)(F)F)c(=O)[nH]n3)c2=O)c1,['HIV']
CHEMBL5314428,CNC(=O)c1cc2c(Oc3ccc(NC(=O)C4(C(=O)Nc5ccc(F)cc5)CC4)cc3)ccnc2cc1OC,"['Antiproliferative', 'VEGFR2 Inhibitor', 'cMET Inhibitor', 'Multi-target Kinase Inhibitor']"
CHEMBL553,C#Cc1cccc(Nc2ncnc3cc(OCCOC)c(OCCOC)cc23)c1,['EGFR Kinase Inhibitor']
CHEMBL586702,FC(F)c1nc2ccccc2n1-c1nc(N2CCOCC2)nc(N2CCOCC2)n1,"['Anticancer', 'PI3 Kinase Inhibitor', 'MEK1/2 Degrader', 'VHL-Recruiting']"
CHEMBL87493,CCNC(C)Cc1cccc(C(F)(F)F)c1,[]
CHEMBL940,NCC1(CC(=O)O)CCCCC1,"['Anticonvulsive', 'Neuropathic Pain', 'Voltage-Gated Calcium Channel Ligand', 'Alpha(2)delta Ligand', 'Ca2+ Channel Inhibitor']"
CHEMBL979,CCCC(C)(COC(N)=O)COC(N)=O,['Anticonvulsive']
CHEMBL1200710,CN(C)CCCN1c2ccccc2CCc2ccc(Cl)cc21.Cl,"['Analgesic', 'Antioxidant', 'Neuroprotective', 'Acetylcholinesterase Inhibitor', 'Antidepressant', ""Alzheimer's Disease"", 'Amyloid-Beta Aggregation Inhibitor', 'AChE Inhibitor', 'Butylcholinesterase Inhibitor', 'Antialzheimer', 'Antineuroinflammatory', 'Metal Chelator', 'Neuroleptic', 'MDR-Modulator', ""Alzheimer's Treatment"", 'Norepinephrine Transporter Inhibitor', 'H1 Receptor Antagonist', 'BBB Permeable', 'hERG Channel Inhibitor', 'AD Treatment', 'Monoamine Reuptake Inhibitor', 'CNS Stimulant', 'Biometal Chelator', 'Cerebro-protective', 'Organic Cation Transporter', 'Psychotropic', 'Serotoninomimetic', 'Dopamine Agent', 'CaL Channel Inhibitor', 'CNS Drug Partitioning', 'Thymoleptic', 'Efflux Inhibitor']"
CHEMBL1201027,C[N+]1(C)CCC(OC(=O)C(O)(c2ccccc2)C2CCCC2)C1.[Br-],"['Muscarinic Receptor Antagonist', 'Bronchodilator', 'M3 Receptor Antagonist', 'COPD Treatment', 'Anticholinergic', 'Muscarinic M3 Receptor Antagonist']"
CHEMBL1201032,CN(C)CCc1c[nH]c2ccc(Cn3cncn3)cc12.O=C(O)c1ccccc1,[]
CHEMBL1277001,CC(C)S(=O)(=O)NC[C@H](C)c1ccc(-c2ccc(CCNS(C)(=O)=O)cc2)cc1,"['AMPA Receptor Positive Modulator', 'AMPA Potentiator']"
CHEMBL1730,CO/N=C(\C(=O)N[C@@H]1C(=O)N2C(C(=O)O)=C(COC(C)=O)CS[C@H]12)c1csc(N)n1,"['Antibiotic', 'Bactericidal', 'MBL Inhibitor', 'NDM-1 Inhibitor', 'Mycobacterium tuberculosis', 'PBP2 Inhibitor', 'Nephrotoxic', 'Organic Anion Transport Inhibitor', 'Antibiotic Resistance', 'Drug Efflux Pump Inhibitor', 'Beta-Lactamase', 'Antipneumococcal', 'Penicillin-Binding Protein Inhibitor']"
CHEMBL2103830,COc1cc(Nc2ncc(F)c(Nc3ccc4c(n3)N(COP(=O)(O)O)C(=O)C(C)(C)O4)n2)cc(OC)c1OC,[]
CHEMBL2103870,Cc1ccc(NC(=O)C2(c3ccc4c(c3)OC(F)(F)O4)CC2)nc1-c1cccc(C(=O)O)c1,[]
CHEMBL2107457,COc1ccc(C(=O)NCc2ccc(OCCN(C)C)cc2)cc1OC,['Choline Transport Inhibitor']
CHEMBL2111047,CCCC(Cc1ccccc1)N1CCCC1,[]
CHEMBL278172,CCOC(=O)c1ccc(N)cc1,[]
CHEMBL284092,CC1(C)CC(=O)N(CCCCN2CCN(c3ncccn3)CC2)C(=O)C1,"['5-HT 1A Receptor Agonist', 'Tranquilizer']"
CHEMBL38700,Nc1nc(=O)n([C@@H]2C=C[C@H](CO)O2)cc1F,"['Anti-HIV-1', 'NRTI']"
CHEMBL3989750,N[C@H]1C(O)O[C@H](CO)[C@@H](O)[C@@H]1O.N[C@H]1C(O)O[C@H](CO)[C@@H](O)[C@@H]1O.O=S(=O)(O)O,[]
CHEMBL4297352,C[C@]1(CS(=O)(=O)N2CCC(Oc3ccc(Cl)cn3)CC2)NC(=O)NC1=O,['MMP13 Inhibitor']
CHEMBL429910,CCOc1ccc(Cc2cc([C@@H]3O[C@H](CO)[C@@H](O)[C@H](O)[C@H]3O)ccc2Cl)cc1,"['Anti-Diabetic', 'SGLT1/SGLT2 Inhibitor', 'Diabetes']"
CHEMBL4650329,Cc1c(-c2[nH]c3ccc(C4CCN(CC(N)=O)CC4)cc3c2C(C)C)cn2ncnc2c1C,[]
CHEMBL4650894,CCCc1c(-c2ccccc2)nn(-c2ccccn2)c1O,[]
CHEMBL488093,Cc1ncc(CSSCc2cnc(C)c(O)c2CO)c(CO)c1O,[]
CHEMBL501122,CCO/N=C(\C(=O)N[C@@H]1C(=O)N2C(C(=O)[O-])=C(Sc3nc(-c4cc[n+](C)cc4)cs3)CS[C@H]12)c1nsc(NP(=O)(O)O)n1,"['Antibiotic', 'Penicillin-Binding Protein Inhibitor']"
CHEMBL512306,CCN(CC)C(=O)Cc1c(-c2ccc(OCCF)cc2)nn2c(C)cc(C)nc12,"['TSPO Ligand', 'Neuroinflammation', 'Peripheral-Type Benzodiazepine Receptor Ligand', 'Neuroinflammation Imaging Ligand']"
CHEMBL62381,CCCC(=O)[O-].[Na+],['Toxic']
CHEMBL64130,CC(=O)c1cc2c(o1)C(=O)c1ccccc1C2=O,"['STAT3 Inhibitor', 'Keratinocyte Suppressor', 'Stem Cell Inhibitor', 'Redox Activator', 'Hyperproliferation']"
CHEMBL1183691,c1ccc(-c2nn(-c3ccccc3)[n+](-c3ccc(-c4ccc(-[n+]5nc(-c6ccccc6)nn5-c5ccccc5)cc4)cc3)n2)cc1,[]
CHEMBL1201174,N[C@@H](CC(=O)N1CCn2c(nnc2C(F)(F)F)C1)Cc1cc(F)c(F)cc1F.O.O=P(O)(O)O,"['DPPIV Inhibitor', 'Type 2 Diabetes', 'Insulin Secretion Stimulator']"
CHEMBL1201207,C[C@H]1C[C@H]2[C@@H]3CCC4=CC(=O)C=C[C@]4(C)[C@@]3(F)[C@@H](O)C[C@]2(C)[C@@]1(O)C(=O)COP(=O)(O)O,"['Anti-Inflammatory', 'Glucocorticoid Agonist', 'GR Agonist']"
CHEMBL1201770,C[N+]1(CC2CC2)CC[C@]23c4c5ccc(O)c4O[C@H]2C(=O)CC[C@@]3(O)[C@H]1C5.[Br-],"['MOR Antagonist', 'OCT1 Substrate']"
CHEMBL1447,CCC[C@@H]1C[C@@H](C(=O)N[C@@H]([C@H]2O[C@H](SC)[C@H](O)[C@@H](O)[C@H]2O)[C@@H](C)O)N(C)C1,"['Antibiotic', 'Protein Synthesis Inhibitor', 'Peptide Deformylase Inhibitor', 'FabI-Inhibitor', 'DNA Replication Inhibitor', 'Ribosome Inhibitor', 'RNA Ligand', 'FtsZ-Targeting', 'Ribosome Binding', 'Antibiotic Resistance', 'miRNA Inhibitor']"
CHEMBL155886,CCCCCCCCCCCCCCC[C@@H](O)[C@H](CO)NC(C)=O,"['Apoptosis Inducer', 'Antifouling']"
CHEMBL167691,CNC(=O)N(N(CCCl)S(C)(=O)=O)S(C)(=O)=O,"['Antitumor', 'Antineoplastic']"
CHEMBL1957038,Oc1ccc(C2=Cc3ccc(O)cc3OC2)cc1,[]
CHEMBL2062264,CNC[C@H](O)c1cccc(O)c1.O=C(O)C(O)C(O)C(=O)O,[]
CHEMBL2103872,Cn1c(N)c(NC(=O)NCCN)c[n+]1CC1=C(C(=O)O)N2C(=O)[C@@H](NC(=O)/C(=N\OC(C)(C)C(=O)[O-])c3nsc(N)n3)[C@H]2SC1,['Antibiotic']
CHEMBL22242,CCN1CCC[C@H]1CNC(=O)c1c(OC)ccc(Br)c1OC,"['Dopamine D2 Receptor Antagonist', 'Neuroleptic', 'Potential Antipsychotic', 'Antidopaminergic', 'D-2 Dopamine Receptor Imaging Agent', 'Dopamine Receptor Binder']"
CHEMBL233248,C=CCN=C=S,['TRPA1 Activator']
CHEMBL2364621,CC(=O)c1c(C)c2cnc(Nc3ccc(N4CCNCC4)cn3)nc2n(C2CCCC2)c1=O.O=S(=O)(O)CCO,"['Cancer', 'CDK4/6 Inhibitor', 'Cdk4/6 Inhibitor']"
CHEMBL3545065,CN(C)C(C(=O)Nc1ccc2c(=O)[nH]ccc2c1)c1ccsc1,['ROCK II Inhibitor']
CHEMBL3989904,CC[C@H]1OC(=O)[C@H](C)C(=O)[C@H](C)[C@@H](O[C@@H]2O[C@H](C)C[C@H](N(C)C)[C@H]2O)[C@](C)(OCC=Cc2cnc3ccccc3c2)C[C@@H](C)C(=O)[C@H](C)[C@H]2NC(=O)O[C@@]21C,"['Antibiotic', 'Protein Synthesis Inhibitor']"
CHEMBL3989971,CC[C@H]1C[C@@H](C(=O)NCCNC(=O)CCOCCOCCOCCOCCOCCOCCOCCOCCOCCOCCOCCOC)C[C@@H](O[C@@H]2O[C@H](CO)[C@H](O)[C@H](O[C@@H](CC3CCCCC3)C(=O)O)[C@H]2NC(C)=O)[C@@H]1O[C@@H]1O[C@@H](C)[C@@H](O)[C@@H](O)[C@@H]1O,[]
CHEMBL418995,O=C(O)CCCCCCNC1c2ccccc2CCc2ccccc21,[]
CHEMBL4298143,Cc1cccc2c(OC(=O)N(CCOCCO)CCN(C)C(=O)OCc3ccc(NC(=O)[C@H](CCCNC(N)=O)NC(=O)[C@@H](NC(=O)OCCOCCN4C(=O)C=CC4=O)C(C)C)cc3)cc3c(c12)[C@H](CCl)CN3C(=O)c1cn2cc(NC(=O)c3ccc(O)cc3)ccc2n1,[]
CHEMBL4475199,Cl.Cl.Cl.O=C(NCc1ncccc1F)c1coc(CCNCCc2nc3ccccc3[nH]2)n1,[]
CHEMBL4594446,O=C(c1cc(Cl)c(O)c(Cl)c1)N1CS(=O)(=O)c2ccccc21,['Uric Acid-Lowering']
CHEMBL4650226,Cc1n[nH]c(C)c1CCCOc1cc(C(=O)O)ccc1F.Cl,['TTR Tetramer Stabilizer']
CHEMBL5095025,Cn1/c(=N\C#N)n(-c2ccc(C(C)(C)C#N)nc2)c2c3cc(-c4cnc(N)c(C(F)(F)F)c4)ccc3ncc21,['mTORC1 Inhibitor']
CHEMBL51085,O=c1c2ccccc2[se]n1-c1ccccc1,"['Covalent Inhibitor', 'SARS-CoV Mpro Inhibitor', 'NDM-1 Inhibitor', 'Fructose 1,6-bisphosphate Aldolase Inhibitor', 'COVID-19 Treatment']"
CHEMBL5314924,Cc1ccc([C@H]2C[C@@H]2COc2cc(NCc3nnc(C)s3)nc(C)n2)nc1,[]
CHEMBL1084172,O=C(O)C(c1ccccc1)(c1ccccc1)c1ccccc1.OCc1cc([C@@H](O)CNCCCCCCOCCOCc2c(Cl)cccc2Cl)ccc1O,['Beta(3)-Adrenergic Agonist']
CHEMBL11,CN(C)CCCN1c2ccccc2CCc2ccccc21,"['Analgesic', 'Antioxidant', 'Neuroprotective', 'Acetylcholinesterase Inhibitor', 'Antidepressant', ""Alzheimer's Disease"", 'Amyloid-Beta Aggregation Inhibitor', 'AChE Inhibitor', 'Butylcholinesterase Inhibitor', 'Antialzheimer', 'Antineuroinflammatory', 'Chemosensitizer', 'Metal Chelator', 'MDR-Modulator', ""Alzheimer's Treatment"", 'BChE Inhibitor', 'Norepinephrine Transporter Inhibitor', 'BBB Permeable', 'AD Treatment', 'CNS Stimulant', 'Biometal Chelator', 'Cerebro-protective', 'Organic Cation Transporter', 'Psychotropic', 'Serotoninomimetic', 'Multitarget-Directed Ligand', 'Dopamine Agent', 'CaL Channel Inhibitor', 'CNS Drug Partitioning', 'Benzodiazepine Affinity', 'Efflux Inhibitor']"
CHEMBL1171754,O=C(c1ccc(Oc2ccc(F)cc2)nc1)N1CCCN(C2CCC2)CC1,['Histamine H3 Receptor Antagonist']
CHEMBL1200776,C[C@@H](NCCCc1cccc(C(F)(F)F)c1)c1cccc2ccccc12.Cl,"['Calcimimetic', 'CaSR Agonist']"
CHEMBL1200866,FC(F)(F)C(F)(F)C(F)(F)C(F)(F)C(F)(F)C(F)(F)C(F)(F)C(F)(F)Br,['Convulsant']
CHEMBL1201018,N[C@@H](C(=O)N[C@@H]1C(=O)N2C(C(=O)O)=C(Cl)CS[C@H]12)c1ccccc1.O,['Antibiotic']
CHEMBL1201262,CNCC(O)c1ccc(OC(=O)C(C)(C)C)c(OC(=O)C(C)(C)C)c1,[]
CHEMBL153479,Nc1c(Br)cc(Br)cc1CN[C@H]1CC[C@H](O)CC1,[]
CHEMBL1712170,CCOc1ccc2c3c1O[C@H]1[C@@H](O)C=C[C@H]4[C@@H](C2)N(C)CC[C@@]341,"['Analgesic', 'OCT1 Substrate', 'Pgp Substrate', 'Nociceptin Agonist', 'MRGPRX2 Agonist']"
CHEMBL1722,COC(=O)C(c1ccccc1)C1CCCCN1.Cl,"['Antidepressant', 'Dopamine Transporter Inhibitor', 'Dopamine Transporter Ligand', 'Serotonin Transporter Ligand', 'Norepinephrine Transporter Inhibitor', 'Dopamine Reuptake Inhibitor', 'Nootropic', 'Amnesia-Reversal', 'Norepinephrine Uptake Inhibitor', 'Cocaine Antagonist', 'CNS Drug Partitioning']"
CHEMBL1956820,COc1ccc2c(O[C@@H]3C[C@H]4C(=O)N[C@]5(P(=O)(O)Cc6c(F)cccc6F)C[C@H]5CCCCCCC[C@H](NC(=O)OC5CCCC5)C(=O)N4C3)cc(-c3csc(NC(C)C)n3)nc2c1Cl,['HCV NS3 Protease Inhibitor']
CHEMBL2016681,CC(C)(C)S(=O)(=O)N[C@H]1CC[C@H](C(=O)Nc2ccc(C(F)(F)F)cn2)CC1,['sEH Inhibitor']
CHEMBL2397415,Cc1cc(C[C@@H](NC(=O)N2CCC(c3cc4ccccc4[nH]c3=O)CC2)C(=O)N2CCN(C3CCN(C)CC3)CC2)cc2cn[nH]c12,['CGRP Receptor Antagonist']
CHEMBL286398,CC(O)CO,['Lipophilicity Modulator']
CHEMBL299175,COc1cc(CC2NCCc3cc(O)c(O)cc32)cc(OC)c1OC,"['Beta(3)-Adrenergic Agonist', 'Bronchodilator', 'Beta-Adrenergic Receptor Ligand', 'Antiglioma', 'Beta-Agonist', 'Beta-AR Agonist', 'Platelet Anti-Aggregatory', 'Antiaggregatory']"
CHEMBL313972,C[C@H](Cc1ccc(O)c(O)c1)[C@@H](C)Cc1ccc(O)c(O)c1,"['Cytotoxic', 'Anti-Inflammatory', 'Antioxidant', 'Vasorelaxant', 'Efflux Pump Inhibitor', 'Lipoxygenase Inhibitor', 'Lipoperoxidation Inhibitor', 'LOX Inhibitor', '15-LOX-1 Inhibitor', 'Superoxide Scavenger', 'Topical Antiinflammatory', 'Anti-Melanoma', 'ROS Scavenger', 'AcrB Inhibitor', 'Ubiquitin-Proteasome System Inhibitor', 'RmlD Inhibitor', 'Uterotrophic', 'TTR Inhibitor', 'Hydroxyl Radical Scavenger']"
CHEMBL3545010,CCN1CCC(c2cccc(S(C)(=O)=O)c2F)CC1,[]
CHEMBL3545369,NS(=O)(=O)NCCNc1nonc1/C(=N/O)Nc1ccc(F)c(Br)c1,['IDO1 Inhibitor']
CHEMBL3545391,CC#C[C@]1(O)CCC2C3CCC4=CC(=O)CCC4=C3[C@@H](c3ccc4c(c3)OCO4)C[C@@]21C,['GR Antagonist']
CHEMBL3682589,O=C(O)c1ccc(S(=O)(=O)N(Cc2ccc(OC(F)(F)F)cc2)c2ncc3ccccc3c2C2CC2)cc1,['TRPM8 Antagonist']
CHEMBL374478,CO[C@H]1/C=C/O[C@@]2(C)Oc3c(C)c(O)c4c(O)c(c(/C=N/N5CCN(C)CC5)c(O)c4c3C2=O)NC(=O)/C(C)=C\C=C\[C@H](C)[C@H](O)[C@@H](C)[C@@H](O)[C@@H](C)[C@H](OC(C)=O)[C@@H]1C,"['Antibiotic', 'Anti-Tuberculosis', 'RNAP Inhibitor']"
CHEMBL397976,O=C1CC[C@@H](C(=O)O)N1,"['Neuritogenic', 'Anti-Ulcer']"
CHEMBL4210847,CCOCCn1nc(C(=O)NS(C)(=O)=O)c2nc(N(C)CC)nc(Nc3cc(C)ccn3)c21,['PDE 5 Inhibitor']
CHEMBL4297184,Cc1ccc(-c2nc(N)nc3c2nnn3Cc2cccc(CO[C@H]3CCOC3)n2)o1,"['A2A Adenosine Receptor Antagonist', 'Parkinson Disease']"
CHEMBL4297307,N=C1N(O)[C@@H](COC(N)=O)[C@@H]2N=C(N)N[C@]23N1CCC3(O)O,"['Pain', 'Sodium Channel Inhibitor']"
CHEMBL4297345,CCN(CC)C(=O)c1ccc(C2=CC3(CCNCC3)Oc3ccccc32)c(O)c1.Cl,"['Analgesic', 'Delta Opioid Receptor Agonist']"
CHEMBL4300465,[Ra],"['Neuroprotective', 'Osteoblast Stimulator', 'CO2 Hydrase', 'Beta-CA Inhibitor', 'Anion Inhibitor', 'DNA Cleaving Agent', 'Carbonic Anhydrase XV Inhibitor', 'Tau Protein Inhibitor', 'HD', 'Glycogen Synthase Activator']"
CHEMBL4303404,Cc1noc2c1-c1ccccc1C(c1ccc(Cl)cc1)=N[C@H]2CC(N)=O,"['BET Inhibitor', 'BET Bromodomain Antagonist']"
CHEMBL4597200,Cl[TeH]1(Cl)(Cl)OCCO1,[]
CHEMBL482950,CC[C@@H](C)Nc1nc(C)nc2c(-c3ccc(OC)nc3C)c(C)nn12,"['Anxiolytic', 'CRF1 Antagonist']"
CHEMBL483321,COCC(=O)NC/C=C/c1ccc2ncnc(Nc3ccc(Oc4ccc(C)nc4)c(C)c3)c2c1,"['Kinase Inhibitor', 'HER1/HER2 Inhibitor']"
CHEMBL5095203,COC(=O)N[C@H](C(=O)N1CCC[C@H]1c1ncc(-c2ccc(-c3ccc(-c4ccc5nc([C@@H]6CCCN6C(=O)[C@@H](NC(=O)OC)C(C)C)[nH]c5c4)c4c3[C@@H]3CC[C@H]4C3)cc2)[nH]1)C(C)C,['HCV NS5b Polymerase Inhibitor']
CHEMBL5095227,O=C1CC[C@H](N2C(=O)c3cccc4c(Cc5ccc(CN6CCOCC6)cc5)ccc2c34)C(=O)N1,[]
CHEMBL517427,COC(=O)C1=C(C#N)NC(C)=C(C(=O)OC(C)C)C1c1cccc([N+](=O)[O-])c1,"['Hypertension', 'Mineralocorticoid Antagonist', 'MR Antagonist', 'CYP3A4 Inducer', 'PXR Activator']"
CHEMBL5314592,Cc1n[nH]c(C)c1-c1cnn(C2(CC#N)CN(c3cc(F)c(C(=O)N[C@@H](C)C(F)(F)F)cc3F)C2)c1.O=P(O)(O)O,[]
CHEMBL535650,Cl.OC(c1cc(C(F)(F)F)nc2c(C(F)(F)F)cccc12)C1CCCCN1,"['Anticancer', 'Cytotoxic', 'Antimalarial', 'Anti-Tuberculosis', 'Antiplasmodial', 'Histone Deacetylase Inhibitor', 'Antiprotozoan', 'Prodrug', 'HMG-CoA Reductase Inhibitor', 'Anti-Malaria', 'Angiotensin Converting Enzyme Inhibitor', 'ATP Synthase Inhibitor', 'Antiamoebic', 'Plasmepsin Inhibitor', 'Class III Antiarrhythmic', 'Anti-Parasitic', 'Zika Inhibitor', 'hERG Channel Inhibitor', 'Ebola Virus Inhibitor', 'DNA Methyltransferase Inhibitor', 'Adenosine A2A Agonist', 'Anti-Dengue', 'Anti-Glioblastoma', 'IKr Channel Blocker', 'CDK7 Inhibitor', 'CYP2J2 Inhibitor', 'Dopamine Agent']"
CHEMBL960,Cc1oncc1C(=O)Nc1ccc(C(F)(F)F)cc1,['Immunosuppressant']
CHEMBL116,CC(C)CN(C[C@@H](O)[C@H](Cc1ccccc1)NC(=O)O[C@H]1CCOC1)S(=O)(=O)c1ccc(N)cc1,"['Antiviral', 'HIV Protease Inhibitor', 'SR-BI Inhibitor']"
CHEMBL1201203,CN1[C@@H]2CC[C@H]1C[C@@H](OC(c1ccccc1)c1ccccc1)C2,"['Dopamine Transporter Ligand', 'Cholinergic Receptor Antagonist']"
CHEMBL1233528,CC[C@@H]1C(=O)N(C)c2cnc(Nc3ccc(C(=O)N[C@H]4CC[C@H](N5CCN(CC6CC6)CC5)CC4)cc3OC)nc2N1C(C)C,"['Plk2 Inhibitor', 'TAF1(2) Inhibitor']"
CHEMBL123558,CN1CCN(CCCCN2C(=O)CN(/N=C/c3ccc(-c4ccc(Cl)cc4)o3)C2=O)CC1,"['IKr Channel Blocker', 'IKs Blocker', 'Anti-Arrhythmic']"
CHEMBL1440,CN(C)[C@@H]1C(O)=C(C(N)=O)C(=O)[C@@]2(O)C(O)=C3C(=O)c4c(O)cccc4[C@@](C)(O)[C@H]3C[C@@H]12,"['Antibiotic', 'Efflux Pump Inhibitor', 'FtsZ-Targeting']"
CHEMBL1451,C[C@]12C=CC(=O)C=C1CC[C@H]1[C@@H]3C[C@@H](O)[C@](O)(C(=O)CO)[C@@]3(C)C[C@H](O)[C@@]12F,"['Anti-Inflammatory', 'Glucocorticoid Agonist', 'GR Agonist', 'Topical Antiinflammatory']"
CHEMBL1516474,CCCCCNC(=N)N/N=C/c1c[nH]c2ccc(OC)cc12.O=C(O)/C=C\C(=O)O,['5-HT4 Receptor Agonist']
CHEMBL1574,CC(C)(N)Cc1ccccc1,[]
CHEMBL1873475,C=CC(=O)N1CCC[C@@H](n2nc(-c3ccc(Oc4ccccc4)cc3)c3c(N)ncnc32)C1,"['FLT3 Inhibitor', 'Covalent Inhibitor', 'Btk Inhibitor', 'Anti-Arthritis', 'MKK7 Inhibitor']"
CHEMBL2105224,CN1CC[C@]23c4c5ccc(OCCN6CCOCC6)c4O[C@H]2[C@@H](O)C=C[C@H]3[C@H]1C5,[]
CHEMBL2105667,Cc1cc(F)ccc1[C@H]1C[C@@H](N2CCN3C(=O)CC[C@H]3C2)CCN1C(=O)N(C)[C@H](C)c1cc(C(F)(F)F)cc(C(F)(F)F)c1,"['NK1/NK3 Antagonist', 'Neurokinin Receptor Antagonist']"
CHEMBL2107381,CC(=O)OC[C@H]1O[C@@H](n2ccc(=O)[nH]c2=O)[C@H](OC(C)=O)[C@@H]1OC(C)=O,[]
CHEMBL2146123,C=C1c2cccc(O)c2C(=O)C2=C(O)[C@]3(O)C(=O)C(C(N)=O)=C(O)[C@@H](N(C)C)[C@@H]3[C@@H](O)[C@H]12.Cl,"['Antibiotic', 'Efflux Pump Inhibitor']"
CHEMBL2146146,CN1[C@@H]2CC[C@H]1C[C@@H](OC(=O)C(CO)c1ccccc1)C2.O=S(=O)(O)O,"['Analgesic', '5-HT(1A) Receptor Ligand', '5-HT2A Receptor Ligand', 'Gastric Antisecretory', 'H1 Receptor Antagonist', 'M1 Muscarinic Receptor Ligand', 'Antimuscarinic', 'Anticholinergic', 'Spasmolytic', 'Lipophilicity', 'Antihistamine', 'Cholinergic Receptor Antagonist', 'Urinary Bladder', 'Pan-Muscarinic Antagonist', 'D5 Receptor Ligand', 'D-2 Dopamine Receptor Imaging Agent', 'Glycine Receptor Modulator', 'H1 Receptor Ligand']"
CHEMBL23013,N=C(N)c1ccc(OCCCOc2ccc(C(=N)N)cc2)cc1,"['DNA Binding', 'PRMT Inhibitor', 'p53-Inhibitor']"
CHEMBL286738,NS(=O)(=O)Oc1ccc2c3c(c(=O)oc2c1)CCCCC3,"['iNOS Inhibitor', 'Steroid Sulphatase Inhibitor', '17Beta-Hydroxysteroid Dehydrogenase Type 1 Inhibitor', 'GBM']"
CHEMBL29757,N[C@H](CC(=O)O)C(=O)O,"['mGlu2 Antagonist', 'mGluR Agonist', 'Carbonic Anhydrase Activator', 'Glutamate Racemase Inhibitor', 'AMPA Agonist', 'EAAT2 Inhibitor', 'GluK1 Antagonist', 'Convulsant', 'Epilepsy', 'mGlu4R Agonist', 'mGlu1 Ligand', 'GluR5 Agonist', 'Chemokine Inhibitor', 'Excitatory Amino Acid Transporter Inhibitor', 'Inhibitor', 'Kainate Receptor Agonist', 'Ionotropic Glutamate Receptor Ligand', 'GluR6-Antagonist', 'Kainate Receptor Inhibitor']"
CHEMBL3544986,CCC[C@H](N[C@@H](C)C(=O)N1[C@H](C(=O)O)C[C@@H]2CCCC[C@@H]21)C(=O)OCC.N=C(N)NCCC[C@H](N)C(=O)O,[]
CHEMBL3545307,Cc1ccc(C(=O)Nc2ccc(Oc3cc4cnn(C)c4cc3-c3cn[nH]c3)c(F)c2)c(=O)n1-c1ccc(F)cc1,"['Anticancer', 'Axl Inhibitor', 'AXL Inhibitor']"
CHEMBL3697617,Cc1cc(Oc2ncccc2C(F)(F)F)ccc1-c1c(C)c(=O)[nH]c(=O)n1C,['D1 Dopamine Receptor Agonist']
CHEMBL3707387,O.O=O.[O-][Cl+][O-].[O-][Cl+][O-].[O-][Cl+][O-].[O-][Cl+][O-],"['Carbonic Anhydrase Inhibitor', 'Anti-Trypanosomal', 'CA I Inhibitor', 'H. pylori', 'Carbonic Anhydrase', 'CO2 Hydrase', 'Beta-CA Inhibitor', 'Carbonic Anhydrase IV Inhibitor', 'Anion Inhibitor', 'Carbonic Anhydrase XV Inhibitor']"
CHEMBL3928407,N#Cc1c(N)nc(N)nc1N[C@H](c1nc2c(F)ccc(Cl)c2c(=O)n1-c1cccnc1)C1CC1,['PI3KDelta-Gamma Inhibitor']
CHEMBL3989693,CC(C)(C)NC[C@H](O)c1ccc(O)c(CO)c1.CC(C)(C)NC[C@H](O)c1ccc(O)c(CO)c1.O=C(O)C(O)C(O)C(=O)O,"['Beta(3)-Adrenergic Agonist', 'Bronchodilator', 'COPD']"
CHEMBL3989759,CC[C@@]1(O)C(=O)OCc2c1cc1n(c2=O)Cc2c-1nc1cc(F)c(C)c3c1c2[C@@H](N)CC3.CS(=O)(=O)O.O.O,[]
CHEMBL3989908,CC(C)(O)CNc1nc(Nc2ccnc(C(F)(F)F)c2)nc(-c2cccc(C(F)(F)F)n2)n1,"['Mutant IDH1/2 Inhibitor', 'Glioma Treatment', 'IDH2 R140Q Inhibitor']"
CHEMBL3989951,O[C@H](C[C@H]1c2c(F)cccc2-c2cncn21)[C@H]1CC[C@H](O)CC1,"['IDO1 Inhibitor', 'CYP3A4 Inhibitor', 'Cancer Immunotherapy', 'TDO-2 Inhibitor', 'IDO1/TDO Dual Inhibitor', 'KMO Inhibitor', 'KAT II Inhibitor', 'hIDO1/hTDO Inhibitor', 'Immune-chemotherapy']"
CHEMBL4297354,Cc1nc(C)c(-c2ccc(C3CCC(CC(=O)O)CC3)cc2)nc1C(N)=O,['DGAT1 Inhibitor']
CHEMBL4297436,Cc1nc(-c2cccnc2)sc1C(=O)Nc1ccccc1-c1cn2c(CN3CCOCC3)csc2n1,[]
CHEMBL4297450,COc1cc(CO)ccc1O,[]
CHEMBL4297452,C[N+](C)(C)CCO.[O-]c1ccc(Cc2cc3cccccc-3c2)cc1[C@@H]1O[C@H](CO)[C@@H](O)[C@H](O)[C@H]1O,['SGLT1/SGLT2 Inhibitor']
CHEMBL4297915,Cc1ccc(S(=O)(=O)NO)o1,[]
CHEMBL430488,COc1ccc2c(c1)N(C(=O)OC(C)C)[C@@H](CSC)C(=S)N2,[]
CHEMBL44426,Cc1c(-c2ccc(O)cc2)n(Cc2ccc(OCCN3CCCCC3)cc2)c2ccc(O)cc12,"['Estrogen Receptor Ligand', 'ERAlpha Antagonist', 'ER Antagonist']"
CHEMBL460282,CS(=O)(=O)OC[C@@H](OS(C)(=O)=O)[C@@H](O)[C@H](O)[C@@H](COS(C)(=O)=O)OS(C)(=O)=O,[]
CHEMBL4650222,CN(CCCn1nnc2cc(CNC[C@H](O)c3ccc(O)c4[nH]c(=O)ccc34)ccc21)[C@H]1CC[C@H](OC(=O)C(O)(c2cccs2)c2cccs2)CC1.O=C1NS(=O)(=O)c2ccccc21,"['Beta(3)-Adrenergic Agonist', 'Bronchodilator', 'MABA']"
CHEMBL513922,CCN(Cc1ccccc1)C(=O)Cn1c(=O)n(C)c2cnc(-c3ccccc3)nc21,"['TSPO Ligand', 'PET Tracer']"
CHEMBL519260,CCNC(=O)/C=C(C)/C=C/C=C(C)/C=C/c1c(C)cc(OC)c(C)c1C,[]
CHEMBL527,CN1C(C(=O)Nc2ccccn2)=C(O)c2ccccc2S1(=O)=O,['Anti-Inflammatory']
CHEMBL1229517,CCCS(=O)(=O)Nc1ccc(F)c(C(=O)c2c[nH]c3ncc(-c4ccc(Cl)cc4)cc23)c1F,"['B-Raf(V600E) Inhibitor', 'MKK4 Inhibitor', 'Liver Regeneration']"
CHEMBL1229908,CCN(CC)C(=O)c1ccc(O)c(OC)c1,[]
CHEMBL1305,c1ccc(CN(CC2=NCCN2)c2ccccc2)cc1,"['Alpha 1-Adrenoceptor Agonist', 'Adrenergic Agonist']"
CHEMBL152452,CC(=O)N[C@H]1[C@H]([C@@H](O)[C@@H](O)CO)O[C@@](O)(C(=O)O)C[C@@H]1O,"['Neuraminidase Inhibitor', 'Influenza Sialidase Inhibitor']"
CHEMBL1722209,Cc1ccc(O)c([C@H](CCN(C(C)C)C(C)C)c2ccccc2)c1.O=C(O)C(O)C(O)C(=O)O,[]
CHEMBL1738972,CC[N+](CC)(CC(=O)Nc1c(C)cccc1C)Cc1ccccc1,[]
CHEMBL2022968,CN1CCN(Cc2ccc(Nc3ncc(Cl)c(Nc4ccccc4S(=O)(=O)N(C)C)n3)cc2)CC1,"['Oncology', 'AXL Kinase Inhibitor']"
CHEMBL2105467,Nc1ccn([C@@H]2O[C@H](CO)[C@@H](O)/C2=C\F)c(=O)n1,[]
CHEMBL216913,CC(/C=N/NC(=N)N)=N\NC(=N)N,"['Weight Loss', 'IL-15 Inhibitor']"
CHEMBL24924,O=C1c2ccccc2C(=O)C1c1ccc(F)cc1,[]
CHEMBL3112741,O=C(NC1CCNCC1)[C@@H]1CC[C@@H]2CN1C(=O)N2OS(=O)(=O)O,"['Beta-Lactamase Inhibitor', 'Beta-lactamase Inhibitor']"
CHEMBL3301603,CCc1nc(C(N)=O)c(Nc2ccc(N3CCC(N4CCN(C)CC4)CC3)c(OC)c2)nc1NC1CCOCC1.CCc1nc(C(N)=O)c(Nc2ccc(N3CCC(N4CCN(C)CC4)CC3)c(OC)c2)nc1NC1CCOCC1.O=C(O)/C=C/C(=O)O,[]
CHEMBL3527416,C[C@@H]1O[C@@H](OC[C@H]2O[C@@H](Oc3c(-c4ccc(O)c(O)c4)oc4cc(OCCO)cc(O)c4c3=O)[C@H](O)[C@@H](O)[C@@H]2O)[C@H](O)[C@H](O)[C@H]1O,[]
CHEMBL370143,NC[C@@H]1O[C@H](O[C@H]2[C@@H](O)[C@H](O[C@@H]3[C@@H](O)[C@H](N)C[C@H](N)[C@H]3O[C@H]3O[C@H](CO)[C@@H](O)[C@H](O)[C@H]3N)O[C@@H]2CO)[C@H](N)[C@@H](O)[C@@H]1O,"['Antibiotic', 'DNA Binder', 'Tdp1 Inhibitor', 'RNA Binding', 'Ribosome Inhibitor', 'Translation Initiation Inhibitor', 'Ribosome Binding', 'HCV IRES Ligand', 'rRNA-Binding', 'Aminoglycoside', 'RNA Binder', 'Aminoglycoside Antibiotic', 'Nonsense Mutation Suppressor']"
CHEMBL3707183,C=C[C@H]1CN2CC[C@H]1C[C@@H]2[C@@H](O)c1ccnc2ccc(OC)cc12.C=C[C@H]1CN2CC[C@H]1C[C@@H]2[C@@H](O)c1ccnc2ccc(OC)cc12.O.O.O=S(=O)(O)O,"['Cytotoxic', 'Antimalarial', 'Anti-Tuberculosis', 'Antimicrobial', 'Antiplasmodial', 'Anti-Trypanosomal', 'P-glycoprotein Inhibitor', 'Antiarrhythmic', 'CYP3A4 Inhibitor', 'hERG Inhibitor', 'MDR-Modulator', 'CYP450 Inhibitor', 'Cyp11B1 Inhibitor', 'Aldosterone Synthase Inhibitor', 'ATP Synthase Inhibitor', 'Antiamoebic', 'Chikungunya Inhibitor', 'Ebola Virus Inhibitor', 'Heart Failure', 'Spermicidal', 'Anti-Dengue', 'Organic Cation Transporter', 'SKCa Channel Blocker', 'OATP Inhibitor', 'Microbicidal', 'Organic Cation Transporter 2 Inhibitor', 'hBChE Inhibitor']"
CHEMBL4297330,CC(C)=CCCC(C)=CCCC(C)=CCCC1(C)CCc2cc(O)ccc2O1,"['Antioxidant', 'Hypocholesterolemic', 'HMG-CoA Reductase Inhibitor']"
CHEMBL4571075,O=C1N[C@H](c2cncc(C#Cc3ccccc3)c2)[C@@H](c2ccccc2Cl)O1,"['mGlu2 PAM', 'Schizophrenia']"
CHEMBL4650353,Cl.N[C@@]1(c2ccccc2Cl)CCC[C@@H](O)C1=O,[]
CHEMBL4802251,CN(C)CC[C@H](NC(=O)c1cc2c(cnn2C(C)(C)C)cc1Oc1ccc(F)cc1F)C(N)=O,[]
CHEMBL482767,O=C(Nc1cccc(Cl)c1)Nc1ncc(CCNc2ncnc3ccsc23)s1,['Aurora A/B Kinase Inhibitor']
CHEMBL5095197,[2H]C([2H])([2H])C([2H])([2H])C([2H])([2H])OC(C(=O)OC1CCNCC1)(c1ccccc1)c1ccccc1,[]
CHEMBL5314411,C#Cc1cccc(Nc2ncnc3cc(OC)c(NC(=O)N4CCN(CC)CC4)cc23)c1,"['Antitumor', 'EGFR Kinase Inhibitor']"
CHEMBL5314560,Cl.N#Cc1cccc(-c2ccc3ncc(-c4cc(F)cc(F)c4)c(N4CCC(N)CC4)c3c2)c1O,[]
CHEMBL574,Cc1ccc(S(N)(=O)=O)cc1,['Carbonic Anhydrase Inhibitor']
CHEMBL61511,O=P1(N(CCCl)CCCl)NC(OO)CCO1,['Antitumor']
CHEMBL76,CCN(CC)CCCC(C)Nc1ccnc2cc(Cl)ccc12,"['Antimalarial', 'Antiplasmodial']"
CHEMBL799,O=C1CCc2cc(OCCCCc3nnnn3C3CCCCC3)ccc2N1,[]
CHEMBL8030,Cc1cccc(Oc2cnc(=O)[nH]c2)c1,"['Bronchodilator', 'Antiulcer']"
CHEMBL841,CN(C)C(=O)C(CCN1CCC(O)(c2ccc(Cl)cc2)CC1)(c1ccccc1)c1ccccc1,"['Autophagy Inducer', 'Dopamine D2 Receptor Antagonist']"
CHEMBL94081,C=CCOc1ccc(CC(=O)O)cc1Cl,[]
CHEMBL953,CCN(CC)C(=O)/C(C#N)=C/c1cc(O)c(O)c([N+](=O)[O-])c1,['COMT Inhibitor']
CHEMBL1096562,COC(=O)CCC(=O)CN,['PDT']
CHEMBL1165,CCOC(=O)[C@H](CCc1ccccc1)N[C@@H](C)C(=O)N1Cc2cc(OC)c(OC)cc2C[C@H]1C(=O)O,['ACE Inhibitor']
CHEMBL1194287,CN(C)CCN(Cc1ccc(Cl)cc1)c1ccccn1,[]
CHEMBL1237135,CNCCCC12CCC(c3ccccc31)c1ccccc12.Cl,['Antidepressant']
CHEMBL1242,Nc1ccc(/N=N/c2ccccc2)c(N)n1,[]
CHEMBL1278,CNS(=O)(=O)CCc1ccc2[nH]cc(C3CCN(C)CC3)c2c1,"['5-HT(1B/1D) Agonist', 'Migraine Treatment']"
CHEMBL1365576,Clc1ccc(Sc2cc(Cl)c(Cl)cc2Cl)cc1,['PD Treatment']
CHEMBL1469,O=C(O)CCCc1ccccc1,[]
CHEMBL1516,CCCc1nc(C(C)(C)O)c(C(=O)O)n1Cc1ccc(-c2ccccc2-c2nnn[nH]2)cc1,"['Antihypertensive', 'Angiotensin Receptor Antagonist']"
CHEMBL1525826,COc1nccnc1NS(=O)(=O)c1ccc(N)cc1,[]
CHEMBL1615281,NS(=O)(=O)c1ccc(NC(=O)Nc2ccc(F)cc2)cc1,['Carbonic Anhydrase Inhibitor']
CHEMBL1783256,CCCNC(=O)c1nnc2c(-c3cc(OC)ccc3OC)cccc2c1N,"['Anxiolytic', 'GABA A Modulator']"
CHEMBL2106548,COC(C(=O)N[C@@H]1C(=O)N2[C@@H]1SC(C)(C)[C@@H]2C(=O)O)c1ccc(Cl)c(Cl)c1,['Antibiotic']
CHEMBL2107811,CO/N=C1\CN(c2nc3c(cc2F)c(=O)c(C(=O)O)cn3C2CC2)CC12CNC2,['Antibiotic']
CHEMBL2142890,CC(=O)NC(CCC(=O)O)C(=O)O,"['Canavan Disease', 'ANAT Inhibitor']"
CHEMBL2204263,O=C(CNC(=O)c1cccc(C(F)(F)F)c1)NC1CN([C@H]2CC[C@@](O)(c3cncs3)CC2)C1,"['CCR2 Antagonist', 'hERG Selective']"
CHEMBL267431,COC[C@]1(OC)CC[C@H]2[C@@H]3CCC4=CC(=O)CCC4=C3[C@@H](c3ccc(/C=N/O)cc3)C[C@@]21C,['Progesterone Receptor Modulator']
CHEMBL28318,Cc1c(C(C)C)c(=O)n(-c2ccccc2)n1C,"['Anti-Inflammatory', 'Antiulcerous']"
CHEMBL3183453,CO[C@@H]1[C@@H](OC(N)=O)[C@@H](O)[C@H](Oc2ccc3c([O-])c(NC(=O)c4ccc(O)c(CC=C(C)C)c4)c(=O)oc3c2C)OC1(C)C.[Na+],"['Antibiotic', 'Hsp-90 Inhibitor', 'Mycobacterium tuberculosis']"
CHEMBL3544983,COc1cc2c(Nc3ccc(Cl)c(Cl)c3F)ncnc2cc1OC[C@@H]1C[C@@H]2CN(C)C[C@@H]2C1,"['Antitumor', 'EGFR Kinase Inhibitor']"
CHEMBL3622821,CC[C@@H]1CN(C(=O)NCC(F)(F)F)C[C@@H]1c1cnc2cnc3[nH]ccc3n12,['JAK1/JAK2 Inhibitor']
CHEMBL3975522,CC(C)[C@H](N)C(=O)OCC[C@H](NC(=O)[C@@H]1SCCN1S(=O)(=O)c1ccc(-c2ccccc2)cc1)c1ccc(F)cc1,[]
CHEMBL4297216,Cc1cnc(Nc2ccc(OCCN3CCCC3)cc2)nc1Nc1cccc(S(=O)(=O)NC(C)(C)C)c1.Cl.Cl.O,"['JAK1/JAK2 Inhibitor', 'NUAK Inhibitor']"
CHEMBL4297370,O=c1cc(NCCCN[C@@H]2CCOc3c(Br)cc(Br)cc32)[nH]c2ccsc12,"['Antibiotic', 'MRS Inhibitor']"
CHEMBL446452,c1ccc2c(Cc3c[nH]c4ccccc34)c[nH]c2c1,"['GPR84 Agonist', 'GPR84 Antagonist']"
CHEMBL4594268,COc1cccc2c1CCOC2C1=NCCN1.O=S(=O)(O)O,['Alpha 1-Adrenoceptor Agonist']
CHEMBL471498,O=C(O)[C@H](CC(=O)N1C[C@H]2CCCC[C@H]2C1)Cc1ccccc1,[]
CHEMBL486193,CC(=O)OC/C=C(C)/C=C/C=C(C)/C=C/C1=C(C)CCCC1(C)C,"['Cancer Chemopreventive', 'Chemopreventive']"
CHEMBL523367,COc1cc(C(C#N)(CCCN(C)CCc2ccccc2)C(C)C)cc(OC)c1OC,"['Mycobacterium tuberculosis Inhibitor', 'MRP1 Inhibitor', 'MDR Reverser', 'MRP1 Modulator']"
CHEMBL5314412,CC1(C)COc2ccc(F)cc2CN2c3nc4c(cnn4cc3OC[C@H]2C(F)F)C(=O)N1,"['TRK Kinase Inhibitor', 'Pan-Trk Inhibitor']"
CHEMBL5314415,CC1(C)CCC2(CC1)N[C@@H](C(=O)N[C@@H]1CC[C@@H](C(N)=O)OC1)[C@H](c1ccnc(Cl)c1F)[C@]21C(=O)Nc2ccc(Cl)cc21,"['Anticancer', 'Cancer Therapy', 'Cancer Treatment', 'MDM2 Inhibitor', 'p53 Activator', 'GBM']"
CHEMBL5314554,CCC[C@@H](CCO)Nc1nc(N)nc(C)c1Cc1ccc(CN(CC(=O)O)CC(F)(F)F)cc1OC,[]
CHEMBL574737,CN[C@@H]1C[C@H]2O[C@@](C)([C@@H]1OC)n1c3ccccc3c3c4c(c5c6ccccc6n2c5c31)C(=O)N[C@H]4O,"['AKT Inhibitor', 'Protein Kinase Inhibitor', 'TrkA Inhibitor', 'PKR Inhibitor']"
CHEMBL726,OCCN1CCN(CCCN2c3ccccc3Sc3ccc(C(F)(F)F)cc32)CC1,"['MDR-Modulator', 'Anti-Glioblastoma']"
CHEMBL814,COCCCC/C(=N\OCCN)c1ccc(C(F)(F)F)cc1,[]
CHEMBL819,Cc1onc(-c2ccccc2)c1C(=O)N[C@@H]1C(=O)N2[C@@H]1SC(C)(C)[C@@H]2C(=O)O,['Antibiotic']
CHEMBL87992,CC(=O)O[C@H]1Cc2ccccc2N(C(N)=O)c2ccccc21,['Sodium Channel Blocker']
CHEMBL1060,O=P([O-])([O-])O.[Na+].[Na+],"['Antimalarial', 'Carbonic Anhydrase Inhibitor', 'CA I Inhibitor', 'Carbonic Anhydrase', 'NaPi2b Inhibitor', 'CO2 Hydrase', 'Beta-CA Inhibitor', 'Intestinal Permeability']"
CHEMBL1159717,CC(C)(C)NCC(O)c1ccccc1Cl,[]
CHEMBL118722,CCCC(=O)OCC(COC(=O)CCC)OC(=O)CCC,[]
CHEMBL1200395,Cc1ccccc1C(OCCN(C)C)c1ccccc1.O=C(O)CC(O)(CC(=O)O)C(=O)O,[]
CHEMBL1201067,CC(O)C(=O)O.OC(CCN1CCCCC1)(c1ccccc1)C1CC2C=CC1C2,['Analgesic']
CHEMBL1204644,CN(CC(=O)O)C(=N)NP(=O)(O)O,[]
CHEMBL1231871,O=C=O,"['Carbonic Anhydrase Inhibitor', 'Toxic', 'Carbonic Anhydrase', 'CO2 Hydrase', 'Beta-CA Inhibitor', 'Neurotoxicity', 'Carbonic Anhydrase IV Inhibitor', 'Anion Inhibitor', 'Carbonic Anhydrase XV Inhibitor']"
CHEMBL1256987,CC(=O)O[C@H]1C[C@@]2(C)[C@@H](C[C@@H](O)[C@H]3[C@@]4(C)CC[C@@H](O)[C@@H](C)[C@@H]4CC[C@@]32C)/C1=C(\CCC=C(C)C)C(=O)[O-].[Na+],['Anti-mycobacterial']
CHEMBL1490,OC(CCN1CCCCC1)(c1ccccc1)C1CCCCC1,[]
CHEMBL2106794,NC(=O)N/N=C1\C=Cc2ccccc2C1=O,[]
CHEMBL2110730,CSCC[C@H](N)C(=O)N[C@@]1(C(=O)O)CS(=O)(=O)[C@H]2[C@H](C(=O)O)[C@H]21,[]
CHEMBL2110780,CC(C)(C)NCC(O)c1ccc(O)c(NC(N)=O)c1,"['Antihypertensive', 'Beta(3)-Adrenergic Agonist', 'Beta-Adrenoceptor Blocker', 'Alpha 1-Adrenoceptor Blocker']"
CHEMBL2348292,O=C(O)CCc1cc(I)c(Oc2ccc(O)cc2)c(I)c1,"['DNA Replication Inhibitor', 'Thyroid Hormone Receptor Ligand', 'TLS Inhibitor']"
CHEMBL278020,CN(C)C(=O)Oc1cccc([N+](C)(C)C)c1,['Acetylcholinesterase Inhibitor']
CHEMBL3039505,CC(C)(C)c1ccc(S(=O)(=O)[N-]c2ccc(Cl)cc2C(=O)c2cc[n+]([O-])cc2)cc1.[Na+],"['CCR9 Antagonist', 'CCR9 Inhibitor']"
CHEMBL3351077,NC(=O)c1cc[n+](CC2=C(C(=O)[O-])N3C(=O)[C@@H](NC(=O)[C@@H](c4ccccc4)S(=O)(=O)O)[C@H]3SC2)cc1,['Antibiotic']
CHEMBL3930624,O=C(c1cc(Cc2n[nH]c(=O)c3ccccc23)ccc1F)N1CCn2nc(C(F)(F)F)nc2C1,['PARP1/2 Inhibitor']
CHEMBL4113131,C[C@@H]1CN(C(=O)c2ccc(NC(=O)c3cc(O[C@H](C)c4c(Cl)ccc(F)c4Cl)c(N)nn3)cc2)C[C@H](C)N1,['cMET Inhibitor']
CHEMBL42403,OB(O)O,"['Antimalarial', 'Carbonic Anhydrase Inhibitor', 'Anti-Trypanosomal', 'CA I Inhibitor', 'H. pylori', 'Carbonic Anhydrase', 'CO2 Hydrase', 'Beta-CA Inhibitor', 'Carbonic Anhydrase IV Inhibitor', 'Anion Inhibitor', 'Carbonic Anhydrase XV Inhibitor']"
CHEMBL4297190,Cc1cc2cc(Oc3ccnc(Nc4cccc(CS(=O)(=O)NCCN(C)C)c4)n3)ccc2[nH]1,[]
CHEMBL4297509,CCNCCc1ccc(CN(CC)c2cc(OC)ccc2[C@@H]2CCc3cc(O)ccc3C2)cc1,['SERD']
CHEMBL4297654,N=C(N)NC(=N)N,"['Weight Loss', 'DHPS Inhibitor', 'Antiglycation', 'AGE Inhibitor']"
CHEMBL4594269,CN(C)CC1CCOC1(c1ccccc1)c1ccccc1.Cl,[]
CHEMBL4594298,COc1cc2c(cc1OC)CN(CCc1ccc(-n3nnc(-c4cc(OC)c(OC)cc4NC(=O)c4cc(=O)c5ccccc5o4)n3)cc1)CC2,"['P-glycoprotein Inhibitor', 'MDR-Reversal']"
CHEMBL4651180,COc1ccc(-c2c(-c3ccc(C#N)c(F)c3)nc(N3CCC(N)CC3)n(C)c2=O)cc1F,"['Anticancer', 'LSD1 Inhibitor']"
CHEMBL500826,CCC(=O)[O-].[Na+],"['Toxic', 'Neurotoxicity']"
CHEMBL5314418,CS(=O)(=O)O.CS(=O)(=O)O.Cc1c(F)c(N)c2c(=O)cc(-c3ccc(NC(=O)[C@@H](N)CCCCN)c(F)c3)oc2c1F,[]
CHEMBL566534,CO[C@H]1O[C@@H]2O[C@@]3(C)CC[C@H]4[C@H](C)CC[C@@H]([C@H]1C)[C@@]24OO3,"['Anticancer', 'Cytotoxic', 'Antitumor', 'Antimalarial', 'Antifungal', 'Anti-mycobacterial', 'Anti-Cancer', 'Anti-Leishmanial', 'Antiplasmodial', 'Antiparasitic', 'Anti-Angiogenic', 'Apoptosis', 'Biofilm Inhibitor', 'Growth Inhibitor', 'NO-Donor', 'Cholesterol Synthesis Inhibitor', 'Antileukemia', 'CYP3A4 Inducer', 'Anti-CMV', 'PfNDH2 Inhibitor', 'Hypercholesterolemia', 'ROS']"
CHEMBL716,OCCOCCN1CCN(C2=Nc3ccccc3Sc3ccccc32)CC1,"['Antipsychotic', 'Dopamine Antagonist']"
CHEMBL1200375,O=C([O-])CN(CCN(CC(=O)[O-])CC(=O)[O-])CC(=O)[O-].[Ca+2].[Na+].[Na+],"['Neuroprotective', 'Iron Chelating', 'NDM-1 Inhibitor', 'Canavan Disease', 'ANAT Inhibitor', 'Cu Chelator', 'Motility Inhibitor', 'Zinc Chelator']"
CHEMBL1200530,CO[C@@]1(NC(=O)Cc2cccs2)C(=O)N2C(C(=O)[O-])=C(COC(N)=O)CS[C@@H]21.[Na+],"['Antibiotic', 'Beta-lactamase Inhibitor', 'Antibiotic Resistance', 'Beta-Lactamase', 'Carbapenemase Inhibitor']"
CHEMBL1200641,COc1ccc(C[C@@H]2c3cc(OC)c(OC)cc3CC[N@+]2(C)CCC(=O)OCCCCCOC(=O)CC[N@@+]2(C)CCc3cc(OC)c(OC)cc3[C@H]2Cc2ccc(OC)c(OC)c2)cc1OC.O=S(=O)([O-])c1ccccc1.O=S(=O)([O-])c1ccccc1,['Neuromuscular Blocker']
CHEMBL1237054,CO[C@H](C(=O)[C@@H](O)[C@@H](C)O)[C@@H]1Cc2cc3cc(O[C@H]4C[C@@H](O[C@@H]5C[C@@H](O)[C@H](O)[C@@H](C)O5)[C@H](O)[C@@H](C)O4)c(C)c(O)c3c(O)c2C(=O)[C@H]1O[C@H]1C[C@@H](O[C@@H]2C[C@@H](O)[C@@H](O[C@@H]3C[C@](C)(O)[C@H](O)[C@@H](C)O3)[C@@H](C)O2)[C@H](O)[C@@H](C)O1,"['Cytotoxic', 'Ewing Sarcoma']"
CHEMBL130,O=C(N[C@H](CO)[C@H](O)c1ccc([N+](=O)[O-])cc1)C(Cl)Cl,[]
CHEMBL134713,COc1ccc(/C=C2\CCCN=C2c2cccnc2)c(OC)c1,[]
CHEMBL1512580,FC(F)(F)c1cccc(C2=CCN(CCc3ccc4ccccc4c3)CC2)c1,[]
CHEMBL1614658,NC(=O)OC[C@@H]1[C@H](NC(=O)/C(=N\OCC(=O)O)c2csc(N)n2)C(=O)N1S(=O)(=O)O,['Antibiotic']
CHEMBL2141712,COc1ccc(COc2cc3oc(=O)c4cc(C(C)O)ccc4c3cc2OC)cc1,[]
CHEMBL2360464,Nc1nc2[nH]cc(CCc3ccc(C(=O)N[C@@H](CCC(=O)[O-])C(=O)[O-])cc3)c2c(=O)[nH]1.[Na+].[Na+],"['Antitumor', 'Thymidylate Synthetase Inhibitor', 'Tumor-Targeting', 'TS Inhibitor', 'GARFTase Inhibitor', 'SHMT Inhibitor', 'AICARFTase Inhibitor']"
CHEMBL299613,COc1cc2c(cc1O)CC[C@@H]1[C@@H]2CC[C@]2(C)[C@@H](O)CC[C@@H]12,"['Antiproliferative', 'Anti-Angiogenic']"
CHEMBL3544975,COc1cc(N)c(Cl)cc1C(=O)NCC1CCN(CC[C@H](OC(N)=O)c2ccc(F)cc2)CC1,"['5-HT4 Receptor Agonist', 'Amyloid Cascade Modulator']"
CHEMBL3545027,COC(=O)Nc1nc2cc(C3(O)c4ccccc4C(=O)N3c3cc(Cl)ccc3C)ccc2[nH]1,[]
CHEMBL3545360,COc1cc(N2CCC(N3CCN(C)CC3)CC2)ccc1Nc1ncnc(Nc2ccccc2S(=O)(=O)C(C)C)n1,['FGFR3 Inhibitor']
CHEMBL3707289,CC(C)C[C@H]1C(=O)N2CCC[C@H]2[C@]2(O)O[C@](NC(=O)[C@@H]3C[C@@H]4c5cccc6[nH]cc(c56)C[C@H]4N(C)C3)(C(C)C)C(=O)N12.CS(=O)(=O)O,[]
CHEMBL3707392,O=C1c2cc(-c3ccc(OC(F)(F)F)cc3)ccc2OCCN1Cc1ncccn1,['Late Sodium Current Inhibitor']
CHEMBL3989843,N[C@@H]1C[C@H]1c1ccccc1.N[C@H]1C[C@@H]1c1ccccc1,"['Antidepressant', 'HDACs Inhibitor', 'Apoptosis', 'Cancer', 'Prostate Cancer', 'LSD1 Inhibitor', '17beta-HSD Inhibitor', 'mGlu5 NAM', 'Histone Demethylase Inhibitor', 'AML', 'TGR5 Agonist', 'Anti-Metastatic', 'Epigenetic Modifier', 'Cyp11B1 Inhibitor', 'Aldosterone Synthase Inhibitor', 'Menin-MLL1 Inhibitor', 'Epigenetic Modulator', 'CYP2A6 Inhibitor', 'KDM1 Inhibitor', 'Inducible Nitric Oxide Synthase Inhibitor', 'LOXL2 Inhibitor', 'Amnesia-Reversal', 'Histone Methylation', 'Leukemic Cell Differentiation', 'Lysine-Specific Demethylase 1 Inhibitor', 'AML Therapy', 'Histone KDM Inhibitor', 'Histone KMT Inhibitor', 'SMOX Inhibitor', 'Negative Chronotropic', 'Estrogen-Dependent Diseases', 'KDM Inhibitor', 'Oxazolidinone', 'Proteinase Inhibitor']"
CHEMBL3989870,CNCc1ccc(-c2cc(-c3nc(-c4ccc(S(=O)(=O)C(C)C)cc4)cnc3N)on2)cc1,['ATR Inhibitor']
CHEMBL407874,Nc1nc(OCc2ccccc2)c2nc[nH]c2n1,"['CDK1/CDK2 Inhibitor', 'DNA Damage Repair Inhibitor', 'Cytotoxic Potentiator']"
CHEMBL424278,CO[C@@H]1[C@H](OC(=O)NC(=O)CCl)CC[C@]2(CO2)[C@H]1[C@@]1(C)O[C@@H]1CC=C(C)C,"['Anti-Angiogenic', 'Angiogenesis Inhibitor', 'MetAP1 Inhibitor', 'Proliferation Inhibitor']"
CHEMBL4297315,N=C(N)c1ccc2nc(-c3cc(CC(=O)N[C@@H](CC(=O)O)C(=O)O)cc(-c4cc(S(N)(=O)=O)ccc4O)c3O)[nH]c2c1,['FVIIa/TF Inhibitor']
CHEMBL4297418,Nc1nc(NC2CC2)c2ncn([C@H]3C=C[C@@H](COC(=O)CO)C3)c2n1,['Anti-HIV-1']
CHEMBL4297442,OC[C@H]1O[C@@H](S[C@@H]2O[C@H](CO)[C@H](O)[C@H](n3cc(-c4cccc(F)c4)nn3)[C@H]2O)[C@H](O)[C@@H](n2cc(-c3cccc(F)c3)nn2)[C@H]1O,['Galectin-3 Antagonist']
CHEMBL4297499,CC(C)C(=O)OC[C@@]1(N=[N+]=[N-])O[C@@H](n2ccc(N)nc2=O)[C@@H](C)[C@@H]1OC(=O)C(C)C,[]
CHEMBL4297522,CCN1C(=O)N(c2c(F)c(OC)cc(OC)c2F)Cc2cnc3[nH]c(CN4CCOCC4)cc3c21,['FGFR1 Inhibitor']
CHEMBL4298167,O=C(Nc1nc2cccc(-c3ccc(CN4CCS(=O)(=O)CC4)cc3)n2n1)C1CC1.O=C(O)/C=C\C(=O)O,['JAK1/JAK2 Inhibitor']
CHEMBL4446357,C[C@@]1(O)CCC[C@H]1n1c(=O)c(C(F)F)cc2cnc(NC3CCN(S(C)(=O)=O)CC3)nc21,[]
CHEMBL4594379,N[C@@H](Cc1ccc(OP(=O)(O)O)c(O)c1)C(=O)O,[]
CHEMBL4650231,CN1CCC2(CC1)NCC(=O)N2Cc1ccccc1.Cl.Cl.O,[]
CHEMBL485253,CCC(CO)NC(=O)[C@@H]1C=C2c3cccc4c3c(cn4C)C[C@H]2N(C)C1,"['5-HT2A Receptor Antagonist', '5-HT(6) Receptor Antagonist', '5-HT2A/2C Agonist', '5-HT2A Receptor Ligand', '5-HT3 Receptor Antagonist', '5-HT6 Receptor Ligand', '5-HT(7) Receptor Antagonist', '5-HT(1B/1D) Agonist', '5-HT6 Agonist', 'Adenylyl Cyclase Inhibitor', '5-HT3 Receptor Agonist', 'Psychotropic', 'Neuropeptide Y5 Receptor Ligand', 'h5-HT1D Receptor Ligand', 'Psychotomimetic', 'Serotonin Receptor', 'Gastrokinetic', 'Anti-Migraine', 'D5 Receptor Ligand', 'H1 Receptor Ligand']"
CHEMBL577711,CCCC(CCC)C(=O)Nc1ccn([C@@H]2O[C@H](CO)[C@@H](O)C2(F)F)c(=O)n1,['Cytostatic']
CHEMBL790,N=C(NCCCCCCNC(=N)NC(=N)Nc1ccc(Cl)cc1)NC(=N)Nc1ccc(Cl)cc1,['Antimalarial']
CHEMBL93645,O=C(O)COC(=O)Cc1ccccc1Nc1c(Cl)cccc1Cl,"['Anti-Inflammatory', 'CXCR1 Inhibitor']"
CHEMBL1079905,CCCn1cnc2c1c(=O)n(CCCCC(C)=O)c(=O)n2C,[]
CHEMBL1085699,COC(=O)C1=C(C)NC(C)=C(C(=O)OCCN2CCN(C(c3ccccc3)c3ccccc3)CC2)C1c1cccc([N+](=O)[O-])c1,"['Ca2+ Antagonist', 'QT Prolongation', 'CaL Channel Inhibitor', 'Alpha-Adrenolytic']"
CHEMBL1183717,C=CCNc1nc(NCC=C)nc(N2CCN(C(c3ccc(F)cc3)c3ccc(F)cc3)CC2)n1,['MDR-Modulator']
CHEMBL1200459,O=P([O-])([O-])O.[K+].[K+],"['Carbonic Anhydrase Inhibitor', 'CA I Inhibitor', 'Antiherpes', 'Carbonic Anhydrase', 'NaPi2b Inhibitor', 'CO2 Hydrase', 'Beta-CA Inhibitor', 'Intestinal Permeability']"
CHEMBL1200491,Cl.NC1=NCC2c3ccccc3Cc3ccccc3N12,[]
CHEMBL1200885,Cc1[nH]cnc1CN1CCc2c(c3ccccc3n2C)C1=O.Cl,"['5-HT3 Receptor Antagonist', 'Gastrokinetic', '5-HT(3) Receptor Partial Agonist', 'IBS']"
CHEMBL1200941,Cc1ncc(C[n+]2csc(CCO)c2C)c(N)n1.Cl.[Cl-],"['Cancer', 'Transketolase Inhibitor']"
CHEMBL1201156,CNCCC=C1c2ccccc2CCc2ccccc21.Cl,"['Analgesic', 'Anticonvulsive', 'Antidepressant', '5-HT(7) Receptor Antagonist', 'GABA Uptake Inhibitor', 'Norepinephrine Transporter Inhibitor', 'H1 Receptor Antagonist', 'CNS Stimulant', 'Organic Cation Transporter', 'Histamine H(1) Receptor Ligand', 'Norepinephrine Uptake Inhibitor', 'CYP2J2 Inhibitor', 'GIRK Channel Inhibitor', 'Antispermatogenic', 'UGT Inhibitor', 'Blood-Brain Barrier Permeability', 'CNS Drug Partitioning', 'Thymoleptic']"
CHEMBL1206690,CCC(=O)NS(=O)(=O)c1ccc(-c2c(-c3ccccc3)noc2C)cc1,[]
CHEMBL1236924,O=S(=O)(Nc1cc(Cl)c(Oc2cnc3ccccc3c2)c(Cl)c1)c1ccc(Cl)cc1Cl,"['Anti-Diabetic', 'PPAR gamma Agonist', 'PPAR Gamma Modulator']"
CHEMBL1256818,Br.COc1ccc2c(c1)[C@]13CCCC[C@@H]1[C@H](C2)N(C)CC3.O,"['Analgesic', 'OCT1 Substrate', 'Nicotinic Acetylcholine Receptor Inhibitor', 'Estrogen-Dependent Diseases']"
CHEMBL1451633,O=C(OCCOCCO)c1ccccc1Nc1cccc(C(F)(F)F)c1,[]
CHEMBL1473,CCC(=O)O[C@]1(C(=O)SCF)[C@H](C)C[C@H]2[C@@H]3C[C@H](F)C4=CC(=O)C=C[C@]4(C)[C@@]3(F)[C@@H](O)C[C@@]21C,"['Anti-Inflammatory', 'Glucocorticoid Agonist', 'Topical Antiinflammatory']"
CHEMBL173373,CCOC(=O)C(C)=O,[]
CHEMBL1740071,C[n+]1ccc(C(=O)NCc2ccccc2)cc1,[]
CHEMBL1741,CC[C@H]1OC(=O)[C@H](C)[C@@H](O[C@H]2C[C@@](C)(OC)[C@@H](O)[C@H](C)O2)[C@H](C)[C@@H](O[C@@H]2O[C@H](C)C[C@H](N(C)C)[C@H]2O)[C@](C)(OC)C[C@@H](C)C(=O)[C@H](C)[C@@H](O)[C@]1(C)O,"['Antibiotic', 'Motilin Agonist']"
CHEMBL1768,CC(C[N+](C)(C)C)OC(N)=O.[Cl-],"['Cholinergic Agonist', 'hM1 Agonist']"
CHEMBL2105804,Cc1cc(C)c2c3ccccc3n(Cc3cccc([C@@H](C(=O)N[C@@H](CO)c4ccccc4)C4CCCC4)c3)c2n1,[]
CHEMBL2110627,CCOC(=O)[C@H](CCc1ccccc1)N[C@H]1CS[C@H](c2cccs2)CN(CC(=O)O)C1=O,[]
CHEMBL2111076,CC(N)CCCC(C)(C)O,[]
CHEMBL2142592,CN(C(=O)c1ccc(F)cc1C(F)(F)F)C1CCN(c2nnc(-c3ccnn3C)c3ccccc23)CC1,"['Hedgehog Pathway Inhibitor', 'Hh Signaling Inhibitor', 'SMO Inhibitor']"
CHEMBL2364607,O=C(O)/C=C/C(=O)O.O=C(c1ccc(F)c(F)c1Nc1ccc(I)cc1F)N1CC(O)([C@@H]2CCCCN2)C1.O=C(c1ccc(F)c(F)c1Nc1ccc(I)cc1F)N1CC(O)([C@@H]2CCCCN2)C1,[]
CHEMBL2374220,COC(=O)N[C@H](C(=O)N1CC2(CC2)C[C@H]1c1nc(-c2ccc3c(c2)C(F)(F)c2cc(-c4ccc5[nH]c([C@@H]6[C@H]7CC[C@H](C7)N6C(=O)[C@@H](NC(=O)OC)C(C)C)nc5c4)ccc2-3)c[nH]1)C(C)C,['HCV NS5b Polymerase Inhibitor']
CHEMBL261772,C=C1c2c(Cl)ccc(O)c2C(=O)C2=C(O)[C@]3(O)C(=O)C(C(N)=O)=C(O)[C@@H](N(C)C)[C@@H]3[C@@H](O)[C@H]12.O=C(O)c1cc(S(=O)(=O)O)ccc1O,['Antibiotic']
CHEMBL290106,Oc1c(Cl)cc(Cl)cc1Sc1cc(Cl)cc(Cl)c1O,"['Maxi-K Channel Opener', 'ER Stress Inducer']"
CHEMBL3301610,CCN1CCN(Cc2ccc(Nc3ncc(F)c(-c4cc(F)c5nc(C)n(C(C)C)c5c4)n3)nc2)CC1,"['Anticancer', 'CDK4/6 Inhibitor', 'Anti-MM', 'GBM Treatment']"
CHEMBL3317856,O=c1ccc2ncc(=O)n3c2n1C[C@H]3CN1CCC(NCc2cc3c(cn2)OCCC3)CC1,"['Antibiotic', 'DNA GyraseB Inhibitor', 'Topoisomerase Inhibitor']"
CHEMBL348000,O=C(O)c1cc(-c2ccccc2)nc2ccccc12,"['DHODH Inhibitor', 'Anti-Viral', 'MurA Inhibitor', 'Phosphodiesterase-10 Inhibitor', 'Prolyl-tRNA Synthetase Inhibitor']"
CHEMBL3544984,O=C(c1ccccc1Cl)c1cccnc1-c1nnn(Cc2cc(C(F)(F)F)cc(C(F)(F)F)c2)c1-c1ccncc1,[]
CHEMBL3597634,Cc1c(F)cccc1CCCCOc1ccc(C#Cc2ccc(F)c3c(CCCC(=O)O)c(C)n(CCCC(=O)O)c23)cc1,"['Asthma', 'CysLT1 Antagonist']"
CHEMBL3833327,CC(=O)Nc1ccc(C(=O)O)cc1.CC(=O)Nc1ccc(C(=O)O)cc1.CC(=O)Nc1ccc(C(=O)O)cc1.CC(O)CN(C)C.CC(O)CN(C)C.CC(O)CN(C)C.O=c1[nH]cnc2c1ncn2[C@@H]1O[C@H](CO)[C@@H](O)[C@H]1O,[]
CHEMBL385517,N#C[C@@H]1C[C@@H]2C[C@@H]2N1C(=O)[C@@H](N)C12CC3CC(CC(O)(C3)C1)C2,"['Anti-Diabetic', 'DPPIV Inhibitor', 'Type 2 Diabetes', 'Diabetes', 'Anti-Viral', 'Dipeptidyl Peptidase-4 Inhibitor', 'FAP Inhibitor', 'GPR120 Partial Agonist', 'DPP8/9 Inhibitor', 'DP-IV Inhibitor', 'Neurological']"
CHEMBL3989543,CC[C@]1(O)C[C@@H]2CN(CCc3c([nH]c4ccccc34)[C@@](C(=O)OC)(c3cc4c(cc3OC)N(C)[C@H]3[C@@](O)(C(N)=O)[C@H](O)[C@]5(CC)C=CCN6CC[C@]43[C@@H]65)C2)C1.O=S(=O)(O)O,['Antitumor']
CHEMBL4213970,CS[C@@]1(C(=O)Nc2ccc3[nH]nc(-c4ccc(OC(C)C)nc4)c3c2)CCN(CC(=O)N2CC=C(c3ccc(-c4ncn(C)n4)cc3)CC2)C1,"['Cancer Therapeutic', 'Oncology', 'ERK Inhibitor']"
CHEMBL4297398,CCCc1c(OCc2ccc([C@H](O)c3cccc(C(=O)O)c3)cc2)ccc(C(C)=O)c1O,['Leukotriene D4 Receptor Antagonist']
CHEMBL4298140,Cc1cc(Nc2cc(N)ncn2)c(=O)n2c1C(=O)NC21CCCCC1.Cl,"['Anticancer', 'MNK1/2 Inhibitor', 'eIF4E Phosphorylation Inhibitor']"
CHEMBL4298174,Nc1cncc(-c2cn3ccnc3c(Nc3ccc(N4CCN(C5COC5)CC4)cc3)n2)n1.Nc1cncc(-c2cn3ccnc3c(Nc3ccc(N4CCN(C5COC5)CC4)cc3)n2)n1.O=C(O)CCC(=O)O.O=C(O)CCC(=O)O.O=C(O)CCC(=O)O,[]
CHEMBL443052,OB1OCc2cc(F)ccc21,[]
CHEMBL457,Cc1ccc(C)c(OCCCC(C)(C)C(=O)O)c1,['Hypolipidemic']
CHEMBL488937,Cc1c(N)cccc1Cn1ccc(OCCc2cccs2)cc1=O,"['Enoyl-ACP Reductase Inhibitor', 'FabI-Inhibitor']"
CHEMBL5095217,CC1CN(S(=O)(=O)Nc2cc(O[C@H](C)[C@@H](O)CO)nc(SCc3ccc(F)cc3)n2)C1,['CXCR2/CXCR1 Antagonist']
CHEMBL5314439,CO[C@H]1/C=C/O[C@@]2(C)Oc3c(C)c(O)c4c(c3C2=O)C2=NC3(CCN(CCn5c([N+](=O)[O-])cnc5C)CC3)NC2=C(NC(=O)/C(C)=C\C=C\[C@H](C)[C@H](O)[C@@H](C)[C@@H](O)[C@H](C)[C@H](OC(C)=O)[C@H]1C)C4=O,['Antibiotic']
CHEMBL63323,O=C(O)c1cccnc1Nc1cccc(C(F)(F)F)c1,"['DHODH Inhibitor', 'Hippo Pathway Inhibitor', 'YAP/TAZ-TEAD Inhibitor']"
CHEMBL830,NCCCC(N)(C(=O)O)C(F)F,"['Anti-Trypanosomal', 'Antitrypanosomatid', 'Antikinetoplastid', 'Ornithine Decarboxylase Inhibitor', 'Polyamine Transport Inhibitor', 'Nitroreductase Substrate', 'Anticryptosporidial', 'Chaperonin Inhibitor', 'HSP60/10 Inhibitor', 'Polyamine Biosynthesis Inhibitor']"
CHEMBL100259,O=c1ccn([C@@H]2O[C@H](CO)[C@@H](O)[C@H]2O)c(=O)[nH]1,"['Antitumor', 'Antiviral', 'Cytostatic', 'Hypnotic', 'Antiadipogenic', 'TRPA1 Agonist', 'Uridine-Deoxyuridine Phosphorylase Inhibitor', 'RNase A Inhibitor', 'Mitochondrial Respiratory Chain Inhibitor']"
CHEMBL110,O=C(Cn1ccnc1[N+](=O)[O-])NCc1ccccc1,[]
CHEMBL1161681,O=NO,"['Antibiotic', 'Antimalarial', 'Carbonic Anhydrase Inhibitor', 'CA I Inhibitor', 'H. pylori', 'Carbonic Anhydrase', 'CO2 Hydrase', 'Beta-CA Inhibitor', 'Neurotoxicity', 'Carbonic Anhydrase IV Inhibitor', 'Beta-AR Agonist', 'Anion Inhibitor', 'DNA Cleaving Agent', 'Carbonic Anhydrase XV Inhibitor']"
CHEMBL1200492,CCc1nn(CCCN2CCN(c3cccc(Cl)c3)CC2)c(=O)n1CCOc1ccccc1.Cl,['Analgesic']
CHEMBL1200666,C=C1/C(=C\C=C2/CCC[C@]3(C)[C@@H]([C@H](C)/C=C/[C@@H](O)C4CC4)CC[C@@H]23)C[C@@H](O)C[C@@H]1O,"['Vitamin D3 Agonist', 'Vitamin D3 Antagonist']"
CHEMBL1201271,CC(C)(C)c1ccc(CN2CCN(C(c3ccccc3)c3ccc(Cl)cc3)CC2)cc1,[]
CHEMBL1743323,CO[C@]12CC[C@@]3(C[C@@H]1[C@](C)(O)C(C)(C)C)[C@H]1Cc4ccc(O)c5c4[C@@]3(CCN1)[C@H]2O5,[]
CHEMBL1908351,Cc1cnc(NCCCN(C)C)c2c1[nH]c1ccc3cc(O)ccc3c12,['Antitumor']
CHEMBL193240,O=C(Nc1c(Cl)cncc1Cl)c1ccc(OC(F)F)c(OCC2CC2)c1,"['PDE4 Inhibitor', 'COPD', 'Antiasthmatic', 'Atopic Dermatitis']"
CHEMBL2037002,O=[N+]([O-])c1nccn1CC(O)C[18F],"['Radiosensitizer', 'Cytotoxin', 'Radiopharmaceutical']"
CHEMBL2103873,CCCNS(=O)(=O)Nc1ncnc(OCCOc2ncc(Br)cn2)c1-c1ccc(Br)cc1,"['Endothelin A Receptor Antagonist', 'Pulmonary Arterial Hypertension', 'ERAs']"
CHEMBL2104345,O=C(CCn1cnc2c(=O)[nH]cnc21)Nc1ccc(C(=O)O)cc1,[]
CHEMBL2105158,COc1cc(C(=O)c2ccc(Cl)cc2)cc(OC)c1OCCN1CCOCC1,[]
CHEMBL2105698,CN1CC[C@H](c2c(O)cc(O)c3c(=O)cc(-c4ccccc4Cl)oc23)[C@H](O)C1.Cl,"['Anticancer', 'Antiproliferative', 'Apoptosis Inducer', 'Kinase Inhibitor', 'CDK1/CDK2 Inhibitor', 'Protein Kinase Inhibitor', 'CDK Inhibitor', 'Cancer Therapeutic', 'G2/M Phase Arrest', 'CDK9 Inhibitor', 'CDK4/D Inhibitor', 'Cdk5 Inhibitor', 'Cyclin-Dependent Kinase Inhibitor', 'CDK12 Inhibitor', 'Selective Kinase Inhibitor']"
CHEMBL2107757,N#CCC/C(O)=C(\C#N)C(=O)Nc1ccc(C(F)(F)F)cc1,['Dihydroorotate Dehydrogenase Inhibitor']
CHEMBL2206196,NC[C@@H]1O[C@H](O[C@H]2[C@@H](O)[C@H](O[C@@H]3[C@@H](O)[C@H](N)C[C@H](N)[C@H]3O[C@H]3O[C@H](CO)[C@@H](O)[C@H](O)[C@H]3N)O[C@@H]2CO)[C@H](N)[C@@H](O)[C@@H]1O.O=S(=O)(O)O,"['Aminoglycoside', 'Nonsense Mutation Suppressor']"
CHEMBL27759,Nc1ccccc1NC(=O)c1ccc(CNC(=O)OCc2cccnc2)cc1,"['Anticancer', 'Antitumor', 'HDACs Inhibitor', 'Histone Deacetylase Inhibitor', 'HDAC11 Inhibitor']"
CHEMBL298359,COC1=C(C)C(=O)C2=C(C1=O)[C@@H](COC(N)=O)[C@@]1(OC)[C@H]3N[C@H]3CN21,['Antitumor']
CHEMBL3114577,NCC(=O)Nc1cncc(-c2nn3c(=O)cc(N4CCNCC4)nc3s2)c1,[]
CHEMBL3137330,C[C@H]1CO[C@@H]2Cn3cc(C(=O)NCc4ccc(F)cc4F)c(=O)c([O-])c3C(=O)N12.[Na+],"['HIV Integrase Inhibitor', 'Antiretroviral', 'Integrase Inhibitor', 'Hydrogen Sulfide Donor']"
CHEMBL31965,C=CC(=O)Nc1cc2c(Nc3ccc(F)c(Cl)c3)ncnc2cc1OCCCN1CCOCC1,"['EGFR Kinase Inhibitor', 'Tyrosine Protein Kinase Inhibitor', 'Epidermal Growth Factor Receptor Inhibitor']"
CHEMBL3989568,CN(C)[C@@H]1C([O-])=C(C(N)=O)C(=O)[C@@]2(O)C(O)=C3C(=O)c4c(O)cccc4[C@@](C)(O)[C@H]3[C@H](O)[C@@H]12.CN(C)[C@@H]1C([O-])=C(C(N)=O)C(=O)[C@@]2(O)C(O)=C3C(=O)c4c(O)cccc4[C@@](C)(O)[C@H]3[C@H](O)[C@@H]12.[Ca+2],['Antibiotic']
CHEMBL416,COc1c2occc2cc2ccc(=O)oc12,[]
CHEMBL4297389,O=C1[C@H](C/C=C(\CO)c2ccc(F)cc2)[C@@H](c2ccc(O)cc2)N1c1ccc(F)cc1,['Cholesterol Absorption Inhibitor']
CHEMBL4297403,CCOC(=O)[C@H](Cc1ccc(F)cc1)NC(=O)[C@@H](N)Cc1ccc(N(CCCl)CCCl)cc1.Cl,[]
CHEMBL4297627,C[C@@H]1CCc2ncc(F)cc2[C@H]2CCCN2c2ccn3ncc(c3n2)C(=O)N1,"['TRK Kinase Inhibitor', 'Pan-Trk Inhibitor']"
CHEMBL4650279,C=CC(=O)Nc1cc2c(Nc3ccc(OCc4ccccn4)c(Cl)c3)ncnc2cc1OCCN1CCOCC1,"['EGFR Kinase Inhibitor', 'Tyrosine Protein Kinase Inhibitor']"
CHEMBL485747,OCCCc1ccc(O)c(O)c1,[]
CHEMBL493439,CC[C@H]1CN2CCc3cc(OC)c(OC)cc3[C@@H]2C[C@@H]1C[C@H]1NCCc2cc(OC)c(OC)cc21.Cl.Cl,"['Cytotoxic', 'Antimalarial', 'Anti-Tuberculosis', 'Antimicrobial', 'Anti-mycobacterial', 'Anti-Leishmanial', 'Antiplasmodial', 'Anti-Trypanosomal', 'Antiprotozoan', 'Antineoplastic', 'Growth Inhibitor', 'HIF-1Alpha Inhibitor', 'hERG Inhibitor', 'Chemosensitizer', 'Cancer Cell Growth Inhibitor', 'CYP450 Inhibitor', 'Hemozoin Formation Inhibitor', 'Zika Inhibitor', 'Prostatic Cancer Treatment', 'Ebola Virus Inhibitor', 'Beta-hematin Formation Inhibitor', 'Antidiarrheal', 'Beta-haematin Inhibitor', 'PfCRT Inhibitor', 'VGCC Blocker']"
CHEMBL5095037,CNc1nc(N)nc2c1ncn2[C@@H]1O[C@H](COP(=O)(N[C@@H](C)C(=O)OC(C)C)Oc2ccccc2)[C@@H](O)[C@@]1(C)F.CNc1nc(N)nc2c1ncn2[C@@H]1O[C@H](COP(=O)(N[C@@H](C)C(=O)OC(C)C)Oc2ccccc2)[C@@H](O)[C@@]1(C)F.O=S(=O)(O)O,[]
CHEMBL5095040,O=C(O)c1nc2ccccc2n([C@@H]2C[C@H]3CCC[C@@H](C2)N3C2C[C@H]3CCC[C@@H](C2)C3)c1=O,[]
CHEMBL5095183,Oc1ccc2c3c(cnc2c1)-c1ccc(C(F)(F)F)cc1O[C@@H]3c1ccc(OCCN2CC(CF)C2)cc1,"['SERD', 'Estrogen Receptor Degrader']"
CHEMBL5095237,COc1nc(-c2cccc(-c3cccc(-c4cnc(CNC[C@@H]5CCC(=O)N5)c(OC)n4)c3Cl)c2Cl)cnc1CNC[C@@H]1CCC(=O)N1,"['PD-L1/PD-1 Inhibitor', 'SHP2 Inhibitor']"
CHEMBL5095414,COc1cc2c(cc1OCc1cc(COc3cc4c(cc3OC)C(=O)N3c5ccccc5C[C@H]3[C@H](S(=O)(=O)O)N4)cc(NC(=O)[C@H](C)NC(=O)[C@H](C)NC(=O)CCCCC(=O)NCCN3C(=O)C=CC3=O)c1)NC[C@@H]1Cc3ccccc3N1C2=O,[]
CHEMBL52440,COc1ccc2c(c1)[C@]13CCCC[C@@H]1[C@H](C2)N(C)CC3,"['Analgesic', 'OCT1 Substrate', 'ER+ Breast Cancer', 'MRGPRX2 Agonist', 'Nicotinic Acetylcholine Receptor Inhibitor', 'Estrogen-Dependent Diseases']"
CHEMBL5314558,CC(C)(C)[Si]([18F])(c1ccc(C(=O)NC[C@@H](NC(=O)CC[C@@H](C(=O)O)N2CCN(CC(=O)O)CCN(CC(=O)O)CCN(CC(=O)O)CC2)C(=O)N[C@H](CCCCNC(=O)CCC(=O)NCCC[C@@H](NC(=O)CC[C@H](NC(=O)N[C@@H](CCC(=O)O)C(=O)O)C(=O)O)C(=O)O)C(=O)O)cc1)C(C)(C)C,[]
CHEMBL5314564,C=CC(=O)Nc1cc(Nc2nccc(Nc3cc(Cl)c(F)cc3C(C)(C)O)n2)c(OC)cc1N1CC[C@@H](N(C)C)C1,['EGFR Kinase Inhibitor']
CHEMBL5314927,CCOc1ccc(Cc2cc([C@]34OC[C@]([C@@H](C)O)(O3)[C@@H](O)[C@H](O)[C@H]4O)ccc2Cl)cc1,"['Anti-Diabetic', 'SGLT1/SGLT2 Inhibitor', 'Diabetes']"
CHEMBL549,CN(C)CCCC1(c2ccc(F)cc2)OCc2cc(C#N)ccc21,"['Antidepressant', 'Serotonin Transporter Inhibitor', 'Serotonin Re-uptake Inhibitor', '5-HT(7) Receptor Antagonist', 'SERT Inhibitor', '5-HT Agonist', 'Serotonin Transporter Ligand', 'Norepinephrine Transporter Inhibitor', 'SSRI', 'Selective Serotonin Reuptake Inhibitor', 'Procognitive', 'hERG Channel Inhibitor', 'hERG Channel Modulator', 'Mood Disorder', 'Glioprotective']"
CHEMBL612,C[C@H](N)Cc1ccccc1,[]
CHEMBL637,COc1ccc(C(CN(C)C)C2(O)CCCCC2)cc1,"['Antidepressant', 'Serotonin Re-uptake Inhibitor', 'Norepinephrin Reuptake Inhibitor', 'Triple Re-uptake Inhibitor', 'Dopamine Reuptake Inhibitor', 'SNRI', 'CYP3A Substrate']"
CHEMBL83626,CC(C)(Sc1cc(C(C)(C)C)c(O)c(C(C)(C)C)c1)Sc1cc(C(C)(C)C)c(OC(=O)CCC(=O)O)c(C(C)(C)C)c1,"['Anti-Inflammatory', 'Antioxidant', 'VCAM-1 Inhibitor']"
CHEMBL87543,CC(C)N1CCC(N(C(=O)Cc2ccccc2)c2ccc(Cl)cc2)CC1,[]
CHEMBL108821,N[C@@H]1CN(c2c(F)cc3c(=O)c(C(=O)O)cn([C@@H]4C[C@@H]4F)c3c2Cl)CC12CC2,['Antibiotic']
CHEMBL1169490,Nc1ccn([C@H]2C[C@H](O)[C@@H](CO)S2)c(=O)n1,"['Antiviral', 'Poxvirus Inhibitor']"
CHEMBL1200570,CNC[C@H](O)[C@@H](O)[C@H](O)[C@H](O)CO,[]
CHEMBL1200940,CCN(CC)CCNC(=O)c1cc(Cl)c(N)cc1OC.Cl.O,['Antiemetic']
CHEMBL1454,c1ccc([C@H]2CN3CCSC3=N2)cc1,"['Anthelmintic', 'Nematicidal', 'Alkaline Phosphatase Inhibitor', 'Gastroprotective', 'TNAP Inhibitor', 'V-ATPase Inhibitor', ""Ecto-5'-Nucleotidase Inhibitor"", 'Parasiticidal', 'NPP Inhibitor', 'NTPDase2 Inhibitor', 'Nematocidal', 'Mitochondrial Apoptotic Inducer', 'PLAP Inhibitor']"
CHEMBL153983,CC(C)(Oc1ccc(Cl)cc1)C(=O)OCCCOC(=O)c1cccnc1,[]
CHEMBL1599,CC(=O)OCC1=C(C(=O)O)N2C(=O)[C@@H](NC(=O)CSc3ccncc3)[C@H]2SC1,['Antibiotic']
CHEMBL1615777,N=C(N)NCc1cccc([123I])c1,[]
CHEMBL166,Nc1nc(N)nc(Nc2ccc([As]3SCC(CO)S3)cc2)n1,[]
CHEMBL1684984,CS(=O)(=O)N1CCc2c(-c3cnc(N)nc3)nc(N3CCOCC3)nc21,['PI3 Kinase Inhibitor']
CHEMBL1697844,O=C(OC[C@H]1O[C@](O)(COC(=O)c2cccnc2)[C@@H](OC(=O)c2cccnc2)[C@@H]1OC(=O)c1cccnc1)c1cccnc1,[]
CHEMBL1744447,CC(C)c1nc(N(C)S(C)(=O)=O)nc(-c2ccc(F)cc2)c1/C=C/[C@@H](O)C[C@@H](O)CC(=O)[O-].CC(C)c1nc(N(C)S(C)(=O)=O)nc(-c2ccc(F)cc2)c1/C=C/[C@@H](O)C[C@@H](O)CC(=O)[O-].[Ca+2],"['HMG-CoA Reductase Inhibitor', 'Hypercholesterolemia', 'Hepatoselective', 'Statin', 'Ras-PDEDelta Inhibitor']"
CHEMBL17962,N[C@@H](Cc1c[nH]cn1)C(=O)O,"['Carbonic Anhydrase Activator', 'LAT1 Inhibitor', 'Amino Acid Transporter', 'AGE Inhibitor']"
CHEMBL2095209,CC/C=C\C/C=C\C/C=C\C/C=C\C/C=C\CCCC(=O)OCC,[]
CHEMBL2106489,[15OH2],"['Antimalarial', 'Antimicrobial', 'Neuroprotective', 'Carbonic Anhydrase Inhibitor', 'Antihypertensive', 'Anti-Trypanosomal', 'Vasodilator', 'PDE10a Inhibitor', 'Cytoprotective', 'Vasorelaxant', 'Cardioprotective', 'Cardiovascular', 'CA I Inhibitor', 'Type 2 Diabetes Treatment', 'Matriptase Inhibitor', 'CD73 Inhibitor', 'Nootropic', 'H. pylori', 'Tau Phosphorylation Inhibitor', 'H2S Donor', 'Carbonic Anhydrase', 'Amnesia-Reversal', 'NMDAR Antagonist', 'Osteoblast Stimulator', 'Hydrogen Sulfide Donor', 'Mood Disorder', 'Insulin Release Stimulator', 'CO2 Hydrase', 'Beta-CA Inhibitor', 'Carbonic Anhydrase IV Inhibitor', 'IFN-Gamma Inhibitor', 'Cu Chelator', 'Anion Inhibitor', 'H2S-Releasing', 'DNA Cleaving Agent', 'Carbonic Anhydrase XV Inhibitor', 'Tau Protein Inhibitor', 'HD', 'Glycogen Synthase Activator']"
CHEMBL2110809,CCCCSc1ccc(C(SCCN(C)C)c2ccccc2)cc1,[]
CHEMBL2111030,CN(C)CCCN1c2ccccc2Sc2cccnc21,"['AChE Inhibitor', 'Trypanothione Reductase Inhibitor', 'MDR-Modulator', 'Central Nervous System Agent']"
CHEMBL346178,CC(=O)N(C)C1(c2ccccc2)CCN(CCC[C@]2(c3ccc(Cl)c(Cl)c3)CCCN(C(=O)c3ccccc3)C2)CC1,"['NK1/NK3 Antagonist', 'NK2 Receptor Antagonist', 'NK(2) Antagonist', 'CCR5 Ligand', 'Sex-Hormone Disorder Treatment']"
CHEMBL3707393,N#Cc1ccc([C@H]2CCc3cncn32)c(F)c1.O=P(O)(O)O,"['Cyp11B1 Inhibitor', 'CYP17A1 Inhibitor']"
CHEMBL4297422,CC(C)(C(=O)NCC(F)(F)C(F)(F)F)C(=O)N[C@@H]1C(=O)Nc2ccccc2-c2ccccc21,"[""Alzheimer's Disease"", 'Gamma Secretase Inhibitor']"
CHEMBL4297508,CC(C)C[C@@H](C(=O)Nc1ccn(C[C@@H](O)CO)n1)N1CC(Oc2ccccc2Cl)=CC1=O,[]
CHEMBL4594246,CCC(CC)C(=O)OCOC(=O)C1=C(S[C@H]2CC[S+]([O-])C2)S[C@@H]2[C@@H]([C@@H](C)O)C(=O)N12,[]
CHEMBL4594434,C[C@H](NC(=O)/C(C#N)=C/C=C/c1cccc(Br)n1)c1ccccc1,"['Apoptosis Inducer', 'Deubiquitinase Inhibitor']"
CHEMBL464792,CC(/C=C/C=C(\C)C(=O)O)=C\C=C\C=C(C)\C=C\C=C(/C)C(=O)O,[]
CHEMBL501680,C=CC1=C(C)/C(=C/c2[nH]c(Cc3[nH]c(/C=C4\NC(=O)C(C)=C4C=C)c(C)c3CCC(=O)O)c(CCC(=O)O)c2C)NC1=O,['Antimutagenic']
CHEMBL514,O=NN(CCCl)C(=O)NC1CCCCC1,"['Anticancer', 'Antitumor']"
CHEMBL5314417,Cc1cc(OC/C=C(/c2ccc(F)cc2)c2ccc(C#CCN3CCOCC3)cc2)ccc1OCC(=O)[O-].[Na+],['PPARdelta Antagonist']
CHEMBL5314951,CC(C)c1ccccc1[C@@H]1CCCN1C1CC2(CCN(c3ccc(C(=O)NS(=O)(=O)c4ccc(NC[C@H]5CC[C@](C)(O)CC5)c([N+](=O)[O-])c4)c(Oc4cnc5[nH]ccc5c4)c3)CC2)C1,"['BCL-2 Inhibitor', 'Beta-Catenin/BCL9 Inhibitor']"
CHEMBL590,CC1=CC(=O)c2ccccc2C1=O,"['T-Cell Inhibitor', 'HRV 3C-Protease Inhibitor', 'Bioreductive Alkylating Agent']"
CHEMBL606260,CC1(C)S[C@@H]2[C@H](NC(=O)C(C(=O)[O-])c3ccccc3)C(=O)N2[C@H]1C(=O)[O-].[Na+].[Na+],"['Antibiotic', 'Beta-Lactamase Inhibitor']"
CHEMBL1093458,CC/C(=C(\c1ccc(O)cc1)c1ccc(OCCNC)cc1)c1ccccc1,"['Aromatase Inhibitor', 'SERD', 'Estrogen Receptor Modulator', 'Estrogen Receptor Degrader', 'Fluorescent Probe', 'ERRGamma Inverse Agonist', 'ER Antagonist', 'Thyroid Cancer', 'Anti-Estrogen', 'Raf-1/MAPK/ERK Inhibitor']"
CHEMBL1096237,COC(=O)O[C@@]12CO[C@@H]1C[C@H](O)[C@@]1(C)C(=O)[C@H](OC(C)=O)C3=C(C)[C@@H](OC(=O)[C@H](O)[C@@H](NC(=O)c4ccccc4)c4ccccc4)C[C@@](O)([C@@H](OC(=O)c4ccccc4)[C@H]21)C3(C)C,"['Anticancer', 'Cytotoxic', 'Microtubule Stabilizer']"
CHEMBL1200339,CNC[C@H](O)c1cccc(O)c1.Cl,[]
CHEMBL1201281,O=C(O)CCC(=O)OC[C@@H](NC(=O)C(Cl)Cl)[C@H](O)c1ccc([N+](=O)[O-])cc1,[]
CHEMBL122,CS(=O)(=O)c1ccc(C2=C(c3ccccc3)C(=O)OC2)cc1,"['Anti-Inflammatory', 'COX2 Inhibitor']"
CHEMBL1801250,O=C(NO)c1cnc(N2C[C@@H]3[C@H](C2)[C@H]3NCc2ccc3cc(F)ccc3n2)nc1,"['Anticancer', 'HDACs Inhibitor', 'Histone Deacetylase Inhibitor']"
CHEMBL206468,OC[C@H]1CNC[C@@H](O)[C@@H]1O,"['Alpha-glucosidase Inhibitor', 'Pharmacologic Chaperone', 'Glycosidase Inhibitor', 'Fluorescent', 'Beta-Glucosidase Inhibitor', 'Beta-Glucocerebrosidase Inhibitor', 'Glucosylceramide Synthase/ Glucosylceramidase Inhibitor', 'Beta-Galactofuranosidase Inhibitor', 'GCase Inhibitor', 'Chaperone', 'Alpha-Mannosidase Inhibitor', 'Lysosomal Storage Disorder', 'Maltase Inhibitor', 'Beta-Mannosidase Inhibitor', 'GCase Activator', 'Pompe Disease', 'GAA Ligand', 'Beta-Glucocerebrosidase Modulator', 'Glycogenolysis Inhibitor']"
CHEMBL2105719,COc1cc2ncnc(Nc3ccc(F)c(Cl)c3)c2cc1NC(=O)/C=C/CN1CCCCC1.O,['EGFR Kinase Inhibitor']
CHEMBL2105829,CCOC(=O)C1=C(c2ccc(-n3c(C)nc4cnccc43)cc2)NC(C)=C(C(=O)Nc2ccccn2)[C@H]1c1ccccc1Cl,['PAF-Receptor Antagonist']
CHEMBL2107760,COc1ccccc1Oc1c(NS(=O)(=O)/C=C/c2ccccc2)nc(-c2ncccn2)nc1OC,['Endothelin A Receptor Antagonist']
CHEMBL2107762,CCCN(c1ccncc1F)n1cc(C)c2ccccc21,"[""Alzheimer's Disease Therapeutic""]"
CHEMBL2218878,COc1cc(NCc2ccc3nc(N)nc(N)c3c2C)cc(OC)c1OC.O=C(O)[C@H]1O[C@H](O)[C@H](O)[C@@H](O)[C@@H]1O,[]
CHEMBL276568,C/C=C/C1=C(C(=O)O)N2C(=O)[C@@H](NC(=O)[C@H](N)c3ccc(O)cc3)[C@H]2SC1,['Antibiotic']
CHEMBL288441,COc1cc(Nc2c(C#N)cnc3cc(OCCCN4CCN(C)CC4)c(OC)cc23)c(Cl)cc1Cl,"['Src Kinase Inhibitor', 'Cell Cycle Regulator', 'PKMYT1 Inhibitor', 'Abl Kinase Inhibitor', 'Anti-CML', 'T Cell Immunity', 'PKCTheta Modulator', 'GLK Inhibitor']"
CHEMBL3989504,N[C@@H]1CN(c2c(F)cc3c(=O)c(C(=O)O)cn([C@@H]4C[C@@H]4F)c3c2Cl)CC12CC2.O,['Antibiotic']
CHEMBL408350,C[C@@H](O)[C@@H]1NC(=O)[C@H](CCCCN)NC(=O)[C@@H](Cc2c[nH]c3ccccc23)NC(=O)[C@H](Cc2ccc(O)cc2)NC(=O)[C@@H](NC(=O)[C@@H](Cc2ccccc2)NC(=O)CN2CCN(CC(=O)O)CCN(CC(=O)O)CCN(CC(=O)O)CC2)CSSC[C@@H](C(=O)N[C@H](CO)[C@@H](C)O)NC1=O,['Somatostatin Receptor Ligand']
CHEMBL4297432,O=C(O)CN1C(=O)[C@@H](NC(=O)C2(C[C@@H](CCc3cccc4ccccc34)C(=O)O)CCCC2)CCc2ccccc21,[]
CHEMBL4297491,C=CCN1CC(=O)N2[C@@H](Cc3ccc(O)cc3F)C(=O)N(Cc3cccc(N4CC(N5CCN(CC)CC5)C4)n3)C[C@@H]2N1C(=O)NCc1ccccc1,[]
CHEMBL4594404,CO[C@H]1/C=C/O[C@@]2(C)Oc3c(C)c(O)c4c(O)c(c(/C=N/N5CCC(N(C)C6([C@@H]7CCN(c8c(F)cn9c(=O)c(C(=O)O)cc(C%10CC%10)c9c8C)C7)CC6)CC5)c(O)c4c3C2=O)NC(=O)/C(C)=C\C=C\[C@H](C)[C@H](O)[C@@H](C)[C@@H](O)[C@H](C)[C@H](OC(C)=O)[C@H]1C,['Antibiotic']
CHEMBL4650221,CC/C=C/C/C=C/C/C=C/C/C=C/C/C=C/CCCC(=O)O.CC/C=C/C/C=C/C/C=C/C/C=C/C/C=C/CCCCC(=O)O.CC/C=C/C/C=C/C/C=C/C/C=C/C/C=C/CCCCCC(=O)O,[]
CHEMBL4744254,C[C@H](NS(=O)(=O)c1cc(C(=O)Nc2ccc(F)c(C#N)c2)n(C)c1)C(F)(F)F,['Capsid Assembly Modulator']
CHEMBL5095174,O=C(O)CC1CCN(C(=O)c2ccc(Cl)c(Cn3ccc4cc(C(F)(F)F)cc(Cl)c43)c2Cl)CC1,[]
CHEMBL517712,CN1[C@@H]2CC[C@H]1C[C@@H](OC(=O)C(CO)c1ccccc1)C2,"['Analgesic', '5-HT(1A) Receptor Ligand', 'D2 Dopamine Receptor Ligand', 'Muscarinic Receptor Antagonist', '5-HT2A Receptor Ligand', '5-HT6 Receptor Ligand', '5-HT7 Receptor Ligand', 'Gastric Antisecretory', 'Sigma1 Receptor Ligand', 'Partial Agonist', 'H1 Receptor Antagonist', '5-HT(3) Receptor Ligand', 'M1 Muscarinic Receptor Ligand', 'Antimuscarinic', 'Procognitive', 'Adenylyl Cyclase Inhibitor', 'Anticholinergic', 'Nootropic', 'Muscarinic M1 Agonist', 'Spasmolytic', 'Myorelaxant', 'Lipophilicity', 'M1 Antagonist', 'Cognitive Impairment', 'h5-HT1D Receptor Ligand', 'Antihistamine', 'M5 Antagonist', 'Cholinergic Receptor Antagonist', 'Sigma-1 Receptor', 'Urinary Bladder', 'Memory Impairment', 'Parasympatholytic', 'Pan-Muscarinic Antagonist', 'D5 Receptor Ligand', 'D-2 Dopamine Receptor Imaging Agent', 'Glycine Receptor Modulator', 'H1 Receptor Ligand']"
CHEMBL68117,CN[C@H]1CN(c2ccc3c(=O)c(C(=O)O)cn(-c4nccs4)c3n2)C[C@@H]1OC,['Antibiotic']
CHEMBL719,C/C(=C\C(=O)OCCCCCCCCC(=O)O)C[C@@H]1OC[C@H](C[C@@H]2O[C@H]2[C@@H](C)[C@H](C)O)[C@@H](O)[C@H]1O,"['Antibiotic', 'Anti-Biofilm', 'Peptide Deformylase Inhibitor', 'LasR Antagonist', 'Isoleucyl tRNA Synthetase Inhibitor', 'FabB Inhibitor', 'Biofilm Dispersal', 'MshC Inhibitor', 'Prolyl-tRNA Synthetase Inhibitor']"
CHEMBL75753,O=C(NCCNCC(O)COc1ccc(O)cc1)N1CCOCC1,"['Cardiac Stimulant', 'Beta-adrenoceptor Stimulant']"
CHEMBL945,N=C(N)NC(=O)c1nc(Cl)c(N)nc1N,"['Analgesic', 'Urokinase Inhibitor', 'uPA-uPAR Inhibitor', 'ASIC3 Inhibitor']"
CHEMBL984,COc1cc2c(cc1OC)[C@@H](Cc1cc(OC)c(OC)c(OC)c1)[N+](C)(CCCOC(=O)CC/C=C/CCC(=O)OCCC[N+]1(C)CCc3cc(OC)c(OC)cc3[C@H]1Cc1cc(OC)c(OC)c(OC)c1)CC2.[Cl-].[Cl-],['Neuromuscular Blocker']
CHEMBL100116,CC(C)=CCN1CCC2(C)c3cc(O)ccc3CC1C2C,"['Analgesic', 'NMDA Antagonist', '5-HT 1A Receptor Agonist', 'Sigma-Receptor Ligand', 'Sigma 1 Ligand', 'Sigma1 Receptor Ligand', 'Alpha 1-Adrenoceptor Agonist', 'Sigma-1 Agonist', 'Sigma2 Ligand', 'Fluorescent', 'Sigma Ligand', 'Prostate Cancer Inhibitor', 'Sigma1R Ligand', 'Sigma1 Receptor Antagonist', 'GluN2B Antagonist', 'Antiallodynic', 'PCP Receptor Ligand', 'Hydrogen Sulfide Donor', 'GluN2B Ligand', 'DAT Ligand', 'Cell Uptake', 'Sigma(2) Ligand', 'Sigma-2 Agonist', 'Opioid Agonist-Antagonist']"
CHEMBL1200348,Clc1ccc(CSC(Cn2ccnc2)c2ccc(Cl)cc2Cl)cc1.O=[N+]([O-])O,"['Antifungal', 'Antimycotic']"
CHEMBL1200485,CNC(=O)c1cc(Oc2ccc(NC(=O)Nc3ccc(Cl)c(C(F)(F)F)c3)cc2)ccn1.Cc1ccc(S(=O)(=O)O)cc1,"['VEGFR2 Inhibitor', 'STAT3 Inhibitor', 'Multi-target Kinase Inhibitor', 'Raf Kinase Inhibitor']"
CHEMBL1200660,O[C@@H]1CO[C@H]2[C@@H]1OC[C@@H]2O,[]
CHEMBL1201171,CCCCOc1ccc(OCCCN2CCOCC2)cc1.Cl,[]
CHEMBL1201177,CC(C)(C)NC[C@H](O)COc1cccc2c1CCCC2=O.Cl,['Beta-Adrenoceptor Blocker']
CHEMBL1330588,Cc1cc(=O)[nH]c(=S)[nH]1,[]
CHEMBL1509,C[C@]12CCC(=O)C=C1[C@@H]1C[C@@H]1[C@H]1[C@@H]3[C@@H]4C[C@@H]4[C@@]4(CCC(=O)O4)[C@@]3(C)CC[C@@H]12,"['Aldosterone Antagonist', 'Mineralocorticoid Receptor Modulator']"
CHEMBL156791,CC(C)(C)NCC(O)COc1cc(Cl)ccc1Cl,"['Beta-Adrenoceptor Blocker', 'CaR Antagonist']"
CHEMBL1650,CC(=O)OCC(=O)[C@@]1(O)CC[C@H]2[C@@H]3CCC4=CC(=O)CC[C@]4(C)[C@H]3C(=O)C[C@@]21C,"['Topical Antiinflammatory', 'FPTase Inhibitor']"
CHEMBL185,O=c1[nH]cc(F)c(=O)[nH]1,"['Anticancer', 'Antitumor', 'Bioreductive Alkylating Agent']"
CHEMBL1967878,Cc1cc(Nc2ncc(F)c(NC3C4C=CC(C4)C3C(N)=O)n2)ccc1N1CCN(C)CC1,[]
CHEMBL2104688,CCCN(CCC)C(=O)C(Cc1ccc(OCCN(CC)CC)cc1)NC(=O)c1ccccc1,[]
CHEMBL2105505,Cc1ccccc1C(O)(c1ccccc1C)C1CN2CCC1CC2,['Local Anesthetic']
CHEMBL2105983,Nc1ccc(C(=O)[O-])c(O)c1.Nc1ccc(C(=O)[O-])c(O)c1.[Ca+2],[]
CHEMBL25,CC(=O)Oc1ccccc1C(=O)O,[]
CHEMBL264374,CC(C)(Oc1ccc(CCNC(=O)c2ccc(Cl)cc2)cc1)C(=O)O,"['Hypoglycemic', 'Hypolipidemic', 'PPAR Alpha/Gamma Agonist', 'PPARAlpha/Delta Agonist', 'FFAR2 Agonist', 'Hemoglobin Modulator', 'HbS Inhibitor']"
CHEMBL3402567,COc1c(NC(=O)C(=O)c2ccc(OCCN3CCOCC3)c3ccccc23)cc(C(C)(C)C)cc1NS(C)(=O)=O.Cl,"['p38 MAP Kinase Inhibitor', 'MAPK/ERK Pathway Inhibitor', 'SR-BI Inhibitor', 'Lipid Uptake Inhibitor']"
CHEMBL3545157,O=c1sn(-c2cccc3ccccc23)c(=O)n1Cc1ccccc1,"['Antivirulence', 'SrtA Inhibitor']"
CHEMBL3545311,COc1cc(N2CCC(N3CCN(C)CC3)CC2)ccc1Nc1ncc(Cl)c(Nc2ccccc2P(C)(C)=O)n1,"['EGFR Kinase Inhibitor', 'ALK Inhibitor']"
CHEMBL3786673,CC/C=C\C/C=C\C/C=C\C/C=C\C/C=C\C/C=C\CCC(=O)NCCNC(=O)c1ccccc1O,[]
CHEMBL402548,CO[C@@H](C(=O)N1Cc2[nH]nc(NC(=O)c3ccc(N4CCN(C)CC4)cc3)c2C1)c1ccccc1,"['Anticancer', 'Aurora A/B Kinase Inhibitor']"
CHEMBL405,CC(N)Cc1ccccc1,[]
CHEMBL4297524,Cc1cn(-c2cc(NC(=O)c3ccc(C)c(Nc4nccc(-c5cnccn5)n4)c3)cc(C(F)(F)F)c2)cn1,"['Bcr-Abl Inhibitor', 'Cholesterol Lowering']"
CHEMBL4298043,Cl.O.O.O=C(CN1CCC(CN2Cc3ccccc3C2=O)CC1)c1ccc(F)cc1,[]
CHEMBL475534,CCOC(=O)C1=C(C)NC(C)=C(C(=O)OC)C1c1cccc([N+](=O)[O-])c1,"['Calcium Channel Blocker', 'Ca2+ Antagonist', 'PDE1A Inhibitor', 'Indoleamine 2,3-Dioxygenase Inhibitor', 'CYP3A4 Inducer', 'L-type Channel Inhibitor']"
CHEMBL483158,COc1cc(Nc2ncc3c(n2)-c2ccc(Cl)cc2C(c2c(F)cccc2OC)=NC3)ccc1C(=O)O,"['Anticancer', 'MYC Inhibitor', 'Mps1 Inhibitor']"
CHEMBL494,CC#CCC(C)[C@H](O)/C=C/[C@@H]1[C@H]2C/C(=C/CCCC(=O)O)C[C@H]2C[C@H]1O,"['Antiplatelet Aggregation Inhibitor', 'EP2 Agonist', 'Prostacyclin Receptor Agonist', 'DP1 Antagonist', 'IP Receptor Agonist', 'Prostanoid Receptor Ligand']"
CHEMBL609980,NCCO[N+](=O)[O-],"['Vasodilator', 'Nitric Oxide Donor', 'NO-donor']"
CHEMBL65067,O=C(C(c1ccccc1)c1ccccc1)N1CCN(CC(O)COc2cccc3ncccc23)CC1,"['MDR-Reversal', 'MDR-Reversal Agent']"
CHEMBL114503,O=[Se](=O)([O-])[O-].[Na+].[Na+],"['Antibiotic', 'Antimalarial', 'Carbonic Anhydrase Inhibitor', 'Anti-Trypanosomal', 'CA IX Inhibitor', 'CA I Inhibitor', 'H. pylori', 'Carbonic Anhydrase', 'CO2 Hydrase', 'Beta-CA Inhibitor', 'Carbonic Anhydrase IV Inhibitor', 'Anion Inhibitor', 'Carbonic Anhydrase XV Inhibitor']"
CHEMBL1200729,O=C([O-])CCC(=O)OC[C@@H](NC(=O)C(Cl)Cl)[C@H](O)c1ccc([N+](=O)[O-])cc1.[Na+],[]
CHEMBL1200800,CC(=O)[O-].CC(=O)[O-].[Ca+2],[]
CHEMBL1208642,O=S(O)(O)=S,"['Antibiotic', 'Antimalarial', 'Antimicrobial', 'Carbonic Anhydrase Inhibitor', 'Anti-Trypanosomal', 'CA IX Inhibitor', 'CA I Inhibitor', 'H. pylori', 'Carbonic Anhydrase', 'CO2 Hydrase', 'Beta-CA Inhibitor', 'Carbonic Anhydrase IV Inhibitor', 'Anion Inhibitor', 'Carbonic Anhydrase XV Inhibitor']"
CHEMBL1287853,Cc1cnc(Nc2ccc(OCCN3CCCC3)cc2)nc1Nc1cccc(S(=O)(=O)NC(C)(C)C)c1,"['JAK1/JAK2 Inhibitor', 'NUAK Inhibitor']"
CHEMBL1370561,Cn1c(=O)c2[nH]cnc2n(C)c1=O.Cn1c(=O)c2[nH]cnc2n(C)c1=O.NCCN,"['Adenosine Receptor Antagonist', 'Bronchodilator']"
CHEMBL1481,CCC1=C(C)CN(C(=O)NCCc2ccc(S(=O)(=O)NC(=O)N[C@H]3CC[C@H](C)CC3)cc2)C1=O,['Hypoglycemic']
CHEMBL1483877,CCOc1ccccc1C(N)=O,[]
CHEMBL1774461,CNc1ccc(/C=C/c2ccc(OCCOCCOCC[18F])nc2)cc1,"[""Alzheimer's Disease"", 'PET Tracer', 'Beta-Amyloid Plaque Imaging', 'PET Ligand', 'Beta-Amyloid Imaging Agent', 'Theranostic', 'Amyloid Imaging Agent', 'Tau Imaging']"
CHEMBL194378,CN(C)CCc1c[nH]c2cccc(OP(=O)(O)O)c12,[]
CHEMBL2087361,C#Cc1cccc(Nc2ncnc3cc4c(cc23)OCCOCCOCCO4)c1,['EGFR Kinase Inhibitor']
CHEMBL2103738,O.O.O.O.O=C([O-])CC(O)(CC(=O)[O-])C(=O)[O-].[Li+].[Li+].[Li+],"['ATP Citrate Lyase Inhibitor', 'ALKBH5 Inhibitor']"
CHEMBL2104700,Cc1ccc(C2(O)CCN(CCCC(=O)c3ccc(F)cc3)CC2)cc1,"['Dopamine D2 Receptor Antagonist', 'Eis Inhibitor']"
CHEMBL2105399,Cc1nc(NS(=O)(=O)c2ccc(N)cc2)oc1C,"['ETA-Receptor Antagonist', 'ETB Receptor Antagonist']"
CHEMBL2110948,C[N+]1(C)CCCC1COC(=O)C(O)(c1ccccc1)c1ccccc1,"['Muscarinic Receptor Antagonist', 'Anticholinergic']"
CHEMBL232943,COC(=O)c1c(Cl)cccc1-c1ccc([C@@H](C)NC(=O)C2(NC(=O)C(F)(F)F)CC2)c(F)c1,"['CNS Penetrant', 'Bradykinin B1 Receptor Antagonist']"
CHEMBL3353541,C[C@]1(C(=O)N(CCCC(=O)O)Cc2cccc(Cl)c2)CCN1C(=O)c1csc2ccccc12,['FFA2 Antagonist']
CHEMBL3707204,CC[N+](C)(CC)CCOC(c1ccccc1)c1ccccc1.[I-],['Anticholinergic']
CHEMBL3734774,O=C(c1ccccn1)[C@]12Cc3cnn(-c4ccc(F)cc4)c3C=C1CCN(S(=O)(=O)c1ccc(C(F)(F)F)cc1)C2,"['Glucocorticoid Receptor Antagonist', 'GR Antagonist']"
CHEMBL3911164,Cc1cccc2c1NC(=O)[C@@H](NC(=O)[C@H](CCC(F)(F)F)[C@H](CCC(F)(F)F)C(N)=O)N=C2c1cccc(F)c1,['Notch Inhibitor']
CHEMBL3945199,CC(C)(O)c1cn(-c2ccc(-c3cc(F)c(CO)c(S(C)(=O)=O)c3)cc2F)c(C(C)(C)c2c(Cl)cccc2Cl)n1,['LXRalpha Agonist']
CHEMBL398891,CCOc1ccc(F)c(CCNC(=S)Nc2ccc(Br)cn2)c1Cl,"['Anti-HIV-1', 'HIV-1 PR/RT Inhibitor']"
CHEMBL4297353,CCCS(=O)(=O)N1CCN(Cc2ccc(NC(=O)c3ccc(-c4cc(NC(=O)C5CC5)ccc4OC(F)(F)F)cc3)cc2)CC1,[]
CHEMBL4297497,NCc1ccc2c(c1)nc(CN1C(=O)C3(CC3)c3ccc(F)cc31)n2CCCC(F)(F)F,"['Antiviral', 'RSV Fusion Protein Inhibitor']"
CHEMBL444172,O[C@@H](COc1cccc2ncccc12)CN1CCN([C@@H]2c3ccccc3[C@@H]3[C@H](c4ccccc42)C3(F)F)CC1,"['P-glycoprotein Inhibitor', 'MDR-Reversal', 'CYP3A4 Inhibitor', 'P-gp Modulator', 'Multidrug Resistance Reversal', 'ABCB1 Inhibitor', 'MDR-Reversal Agent', 'MRP1 Modulator', 'Pgp-ATPase Stimulator']"
CHEMBL4594280,O=C(O)CC[C@H](NC(=O)N[C@@H](CCCCNC(=O)[C@H](Cc1ccc2ccccc2c1)NC(=O)[C@H]1CC[C@H](CNC(=O)CN2CCN(CC(=O)O)CCN(CC(=O)O)CCN(CC(=O)O)CC2)CC1)C(=O)O)C(=O)O,[]
CHEMBL515564,CCCCCCCCCCCCCCCCOCCCOP(=O)(O)CO[C@H](C)Cn1cnc2c(N)ncnc21,['Antiviral']
CHEMBL519504,CO[C@@H](Cc1ccc(OCCc2nc(-c3ccccc3)oc2C)c2ccsc12)C(=O)O,"['PPAR gamma Agonist', 'PPAR Alpha/Gamma Agonist', 'Type II Diabetes']"
CHEMBL1087,Cc1cccc(C)c1NC(=O)C1CCCCN1C,"['Anticonvulsive', 'Antiarrhythmic', 'Local Anesthetic', 'TASK Channel Modulator', 'Local Anaesthetic', 'Na(v)1.4 Channel Blocker']"
CHEMBL1200581,CC(=O)Nc1c(I)c(NC(C)=O)c(I)c(C(=O)[O-])c1I.[Na+],[]
CHEMBL1200648,C=CC[N+]1([C@H]2C[C@H]3[C@@H]4CC[C@H]5C[C@H](O)[C@@H](N6CCOCC6)C[C@]5(C)[C@H]4CC[C@]3(C)[C@H]2OC(C)=O)CCCC1.[Br-],[]
CHEMBL1200734,CC(C)CN(C[C@@H](OP(=O)([O-])[O-])[C@H](Cc1ccccc1)NC(=O)O[C@H]1CCOC1)S(=O)(=O)c1ccc(N)cc1.[Ca+2],['HIV Protease Inhibitor']
CHEMBL1201180,O=C(O)Cc1ccccc1Nc1c(Cl)cccc1Cl.OCCN1CCCC1,['Anti-Inflammatory']
CHEMBL1359,C[C@@H](O)[C@H]1C(=O)N2C(C(=O)O)=C(S[C@@H]3CN[C@H](C(=O)Nc4cccc(C(=O)O)c4)C3)[C@H](C)[C@H]12,['Antibiotic']
CHEMBL1618,Cn1nnnc1SCC1=C(C(=O)[O-])N2C(=O)[C@@H](NC(=O)[C@H](OC=O)c3ccccc3)[C@H]2SC1.[Na+],['Antibiotic']
CHEMBL1905872,CCCCC(CC)COC(=O)CC(C(=O)OCC(CC)CCCC)S(=O)(=O)[O-].[Na+],[]
CHEMBL1933350,CCC[C@H](c1ccc(C(=O)NCCC(=O)O)cc1)[C@H](c1ccc(Cl)cc1)c1c[nH]c2c(F)cc(C)cc12,['Glucagon Antagonist']
CHEMBL1947204,C=CC(=O)Nc1ccc2ncnc(Nc3ccc(OCc4cccc(F)c4)c(Cl)c3)c2c1,"['EGFR Kinase Inhibitor', 'HER1/HER2 Inhibitor', 'Mitochondrial']"
CHEMBL2103736,CC(C(=O)[O-])c1cccc(Oc2ccccc2)c1.CC(C(=O)[O-])c1cccc(Oc2ccccc2)c1.O.O.[Ca+2],"['Anti-Inflammatory', 'Analgesic', 'IL-8 Inhibitor', 'CXCR1 Inhibitor', 'GLO I Inhibitor', 'ACMSD Inhibitor']"
CHEMBL2105499,Cc1cnc(NS(=O)(=O)c2ccc(N)cc2)nc1,[]
CHEMBL2107212,CN(CC(O)CO)C(=O)c1c(I)c(NC(=O)C(CO)CO)c(I)c(C(=O)N(C)CC(O)CO)c1I,[]
CHEMBL2107375,Cl.N=C(N)c1ncn([C@@H]2O[C@H](CO)[C@@H](O)[C@H]2O)n1,[]
CHEMBL2110596,C=CCN1Cc2ccccc2-c2ccccc2C1,[]
CHEMBL2111186,C=Cc1c(C)c2cc3nc(c(CC(=O)N[C@@H](CC(=O)O)C(=O)O)c4[nH]c(cc5nc(cc1[nH]2)C(C)=C5CC)c(C)c4C(=O)O)[C@@H](CCC(=O)O)[C@@H]3C,[]
CHEMBL2152999,Cc1c(C)c2c(c(C)c1OCC(=O)O)CC[C@@](C)(CCC[C@H](C)CCC[C@H](C)CCCC(C)C)O2,"['Antioxidant', 'PXR Agonist']"
CHEMBL2153191,CCCSc1nc(N2CCC[C@@H](CC(=O)O)C2)ccc1C(=O)NC1CCCCC1,['11betaHSD1 Inhibitor']
CHEMBL254193,N/N=c1/cc2c(n[nH]1)CCN(C(=O)c1ccccc1)C2,[]
CHEMBL280527,CCNc1cccnc1N1CCN(C(=O)c2cc3cc(OC)ccc3[nH]2)CC1,"['HIV-1 PR/RT Inhibitor', 'Reverse Transcriptase Inhibitor', 'HIV-1']"
CHEMBL285347,C[C@@H](O)[C@H]1C(=O)N2C(C(=O)[O-])=C(SC3Cn4cnc[n+]4C3)[C@H](C)[C@H]12,['Antibiotic']
CHEMBL291157,CCn1cc(C(=O)O)c(=O)c2ccc(-c3ccncc3)cc21,['Antibiotic']
CHEMBL3039498,CCc1nc2c(C)nc(C)cc2n1-c1ccc(CCNC(=O)NS(=O)(=O)c2ccc(C)cc2)cc1,[]
CHEMBL3137331,CNC(=O)c1ccc(Nc2ncc(C(F)(F)F)c(NCc3nccnc3N(C)S(C)(=O)=O)n2)cc1,"['Anti-Angiogenic', 'FAK Signaling Inhibitor']"
CHEMBL3545165,O=C1Nc2ccccc2C(c2ccccc2)N1C1CCN(Cc2cccc(OC(F)(F)F)c2)CC1,[]
CHEMBL3703921,OC[C@H]1O[C@@H](c2cc(Cc3ccc(C4CC4)cc3)c(Cl)c3c2CCO3)[C@H](O)[C@@H](O)[C@@H]1O,"['Anti-Diabetic', 'SGLT1/SGLT2 Inhibitor']"
CHEMBL3931971,COC(=O)N[C@@H](Cc1ccccc1)C(=O)N[C@@H](Cc1ccc(NS(=O)(=O)O)cc1)c1csc(-c2cccs2)n1,[]
CHEMBL404431,CC(C)(N)CNC(=O)C[C@H]1CC[C@]2(CC1)OO[C@]1(O2)C2CC3CC(C2)CC1C3,['Antimalarial']
CHEMBL416755,CCn1cc(C(=O)O)c(=O)c2cc3c(cc21)OCO3,"['Antibiotic', 'Quinolone Antibiotic']"
CHEMBL4297625,CCc1ccc([C@@H]2O[C@H](CO)[C@@H](O)[C@H](O)[C@H]2O)cc1Cc1ccc2c(c1)OCCO2,"['Anti-Diabetic', 'SGLT1/SGLT2 Inhibitor']"
CHEMBL4297663,Cn1c(=O)c2c(ncn2CC(=O)O)n(C)c1=O.Nc1c(Br)cc(Br)cc1CN[C@H]1CC[C@H](O)CC1,[]
CHEMBL432162,Cc1nc(C)c2c(n1)N(Cc1ccc(-c3ccccc3-c3nnn[nH]3)cc1)C(=O)CC2,"['Antihypertensive', 'Angiotensin Antagonist', 'Hypertension Treatment', 'AT1 Blocker']"
CHEMBL4594281,CN1CCN(Cc2ccc(Nc3ncc(Cl)c(Nc4ccccc4S(=O)(=O)N(C)C)n3)cc2)CC1.O=C(O)C(O)C(O)C(=O)O.O=C(O)C(O)C(O)C(=O)O,['AXL Kinase Inhibitor']
CHEMBL4594454,C[C@H]1CNCCCN1S(=O)(=O)c1cccc2cncc(F)c12.Cl.O.O,"['GSK-3beta Inhibitor', 'AKT Inhibitor', 'Protein Kinase Inhibitor', 'DYRK1A Inhibitor', 'Src Inhibitor', 'RSK1 Inhibitor', 'CK1Alpha Inhibitor', 'IOP-Lowering']"
CHEMBL4650286,Nc1nn2cc(F)cnc2c1C(=O)Nc1cncc(F)c1N1CCC(C(=O)N2CCN(C3COC3)CC2)CC1,['DDR Kinase Inhibitor']
CHEMBL46618,COC(=O)[C@H](Cc1cccc(C(=N)N)c1)[C@@H](C)NC(=O)c1ccc(-c2cc[n+]([O-])cc2)cc1,"['Factor Xa Inhibitor', 'Anticoagulant']"
CHEMBL500853,CCCCCCOC(C)c1c(C)c2cc3nc(c4c5[nH]c(cc6nc(cc1[nH]2)C(C)=C6CC)c(C)c5C(=O)C4)[C@@H](CCC(=O)O)[C@@H]3C,"['Photosensitizer', 'PDT']"
CHEMBL526,CC(C)c1cccc(C(C)C)c1O,['General Anesthetic']
CHEMBL547,CC1=C(/C=C/C(C)=C/C=C/C(C)=C\C(=O)O)C(C)(C)CCC1,"['RORGammat Inverse Agonist', 'Cancer Chemopreventive', 'Chemopreventive', 'LXRBeta Agonist', 'CYP26A1 Inhibitor', 'RBP4 Antagonist', 'Retinoid', 'Cellular Differentiation', 'FASN Inhibitor', 'VDR Antagonist', 'RXR Modulator', 'Ornithine Decarboxylase Inhibitor', 'AKR1B1 Inhibitor', 'Cellular Differentiation Inducer', 'RXR Ligand', 'Differentiation-Inducing', 'Retinoid Analog', 'RARAlpha Agonist', 'RXRAlpha Activator', 'RAR Antagonist', 'Retinoidal', 'Nuclear Receptor Agonist', 'Retinoid Receptor Agonist', 'Cancer Preventive']"
CHEMBL871,CC(O)(P(=O)(O)O)P(=O)(O)O,"['Farnesyl-Protein Transferase Inhibitor', 'Osteoporosis Treatment', 'Bone Resorption Inhibitor', 'Bone-Targeting']"
CHEMBL10316,c1ccc2c(c1)OCC(C1=NCCN1)O2,"['Antidepressant', 'Alpha 2-Adrenoceptor Antagonist', 'Alpha 1-Adrenoceptor Agonist']"
CHEMBL116583,N=C=N,"['Antiglycation', 'Neurotoxicity', 'Anion Inhibitor', 'DNA Cleaving Agent', 'Carbonic Anhydrase XV Inhibitor', 'Raf-1/MAPK/ERK Inhibitor']"
CHEMBL1201745,CC(C)(Oc1ccc(C(=O)c2ccc(Cl)cc2)cc1)C(=O)[O-].C[N+](C)(C)CCO,[]
CHEMBL1324,Cc1ccc(C(=O)c2cc(O)c(O)c([N+](=O)[O-])c2)cc1,"['COMT Inhibitor', 'Long-Acting', 'Peripheral Selective', 'Peripheral COMT Inhibitor']"
CHEMBL1451179,CCCC(O)C(CC)CO,[]
CHEMBL158,C[C@H]1[C@H](NC(=O)/C(=N\OC(C)(C)C(=O)O)c2csc(N)n2)C(=O)N1S(=O)(=O)O,['Antibiotic']
CHEMBL1615993,COc1ccc2[nH]c(-c3cccc(F)c3)cc(=O)c2c1OP(=O)(O)O,[]
CHEMBL168640,COC(=O)N[C@H](C(=O)NCCCC[C@@H](CO)N(CC(C)C)S(=O)(=O)c1ccc(N)cc1)C(c1ccccc1)c1ccccc1,['HIV Protease Inhibitor']
CHEMBL2062266,COc1ccc2c3c1O[C@H]1[C@@H](O)CC[C@H]4[C@@H](C2)N(C)CC[C@@]341.O=C(O)C(O)C(O)C(=O)O,['Analgesic']
CHEMBL2093999,C[C@]12CCC(=NOCCN)C[C@@H]1C(=O)C[C@@H]1[C@@H]2CC[C@]2(C)C(=O)CC[C@@H]12,"['Positive Inotropic', 'Na(+)/K(+)-ATPase Inhibitor']"
CHEMBL2105967,O=C(CCCCCCCC(=O)NCCO)NCCO,[]
CHEMBL233406,O=S(=O)([O-])[O-].[Na+].[Na+],"['Antibiotic', 'Antimalarial', 'Antimicrobial', 'Carbonic Anhydrase Inhibitor', 'Anti-Trypanosomal', 'CA I Inhibitor', 'H. pylori', 'Carbonic Anhydrase', 'CO2 Hydrase', 'Beta-CA Inhibitor', 'Carbonic Anhydrase IV Inhibitor', 'Anion Inhibitor', 'Carbonic Anhydrase XV Inhibitor']"
CHEMBL2435707,CCCCOc1c(OCCCC)c(=O)c1=O,[]
CHEMBL428880,O=C(O)c1cc(=O)c2c(OCC(O)COc3cccc4oc(C(=O)O)cc(=O)c34)cccc2o1,"['Antiallergy', 'Cytoprotective', 'Bronchodilator', 'Chitin Synthetase Inhibitor', 'Antianaphylactic', 'Smooth Muscle Relaxant', 'GPR35 Agonist', 'Mast Cell Stabiliser', 'H2S Donor', 'TTR Amyloidogenesis Inhibitor', 'Histamine-Release Inhibitor', 'Anti-Allergic', 'Mast Cell Inhibitor', 'Passive Cutaneous Anaphylaxis Inhibitor', 'Hyaluronidase Inhibitor', 'Antibronchospastic', 'Cholestatic DILI', 'Histamine Inhibitor']"
CHEMBL4297384,CCn1ncc2c(NC3CCOCC3)c(-c3nnc(Cc4sc(C)nc4C)o3)cnc21,[]
CHEMBL4297453,COc1c(C)cc2c(c1O)[C@@H]1[C@@H]3Cc4c(OC(C)=O)c(C)c5c(c4[C@H](CNC(=O)/C=C/c4cccc(C(F)(F)F)c4)N3[C@@H](O)[C@H](C2)N1C)OCO5,[]
CHEMBL4298160,Cc1ccc(S(=O)(=O)O)cc1.Cn1cc(Nc2nccc(N3C[C@H]4CC[C@@H](C3)N4C(=O)[C@@H]3CC3(F)F)n2)cn1,"['JAK1/JAK2 Inhibitor', 'TYK2 Inhibitor', 'Autoimmune Diseases']"
CHEMBL4533605,O=C(NNC(=O)[C@@H]1CC[C@@H]2CN1C(=O)N2OS(=O)(=O)O)[C@@H]1CCCNC1,['Beta-Lactamase Inhibitor']
CHEMBL5083772,Cn1cc(Nc2nccc(-c3ccc4c(c3)CN(C3COC3)CC[C@H]4NC(=O)c3cn(C(C)(C)C)nn3)n2)cn1,"['BTK Inhibitor', 'MS Treatment']"
CHEMBL5095182,Cl.O=C(Nc1ncc(SCCN2CCCC2)s1)[C@]1(c2ccc(S(=O)(=O)C3CC3)cc2)C[C@H]1C1CCCCC1,['Glucokinase Activator']
CHEMBL5095230,NCCCC[C@H](NC(=O)C1CCCC1)C(=O)COc1c(F)ccc(F)c1F,[]
CHEMBL513301,COc1cc2c(N)nc(N3CCN(C(=O)OCC(C)(C)O)CC3)nc2c(OC)c1OC,[]
CHEMBL5314588,CCCCCCCCC(F)(F)C(F)(F)C(F)(F)C(F)(F)C(F)(F)C(F)(F)F,[]
CHEMBL660,NC12CC3CC(CC(C3)C1)C2,[]
CHEMBL100014,CCCC(=O)OCOC(=O)C(C)(C)C,['TRPA1 Agonist']
CHEMBL10188,CC[C@H](NC(=O)c1c(O)c(-c2ccccc2)nc2ccccc12)c1ccccc1,['NK1/NK3 Antagonist']
CHEMBL1051,CC(C)OC(=O)CCC/C=C\C[C@@H]1[C@@H](CC[C@@H](O)CCc2ccccc2)[C@H](O)C[C@@H]1O,"['Antiglaucoma', 'Intraocular Pressure Reducer']"
CHEMBL1088750,CC(C)Cn1ncc2cc(Oc3ccc(F)cc3F)c(C(=O)NCCN(C)C)cc21,[]
CHEMBL1200326,COC(=O)C1=C(C)NC(C)=C(C(=O)OCCN(C)Cc2ccccc2)C1c1cccc([N+](=O)[O-])c1.Cl,"['P-gp Modulator', 'Ca2+ Antagonist', 'Coronary Vasodilator', 'Indoleamine 2,3-Dioxygenase Inhibitor', 'CYP3A4 Inducer', 'QT Prolongation', 'L-type Channel Inhibitor', 'CaL Channel Inhibitor', 'Alpha-Adrenolytic']"
CHEMBL1200383,CN1[C@@H]2CC[C@H]1C[C@@H](OC(c1ccccc1)c1ccccc1)C2.CS(=O)(=O)O,['Cholinergic Receptor Antagonist']
CHEMBL1200493,CN(C/C=C/c1ccccc1)Cc1cccc2ccccc12.Cl,"['Antifungal', 'MRSA', 'Antivirulence', 'Diapophytoene Desaturase Inhibitor']"
CHEMBL1201044,Cc1ccccc1N1CCN(CCc2nnc3n2CCCC3)CC1.Cl,[]
CHEMBL1214827,CC(C)c1cc(C(=O)N2Cc3ccc(CN4CCN(C)CC4)cc3C2)c(O)cc1O,"['Anticancer', 'Antitumor', 'Hsp-90 Inhibitor']"
CHEMBL1332032,CC(=O)Oc1cc(C(F)(F)F)ccc1C(=O)O,[]
CHEMBL1521495,O=C1CN=C(c2ccccc2)c2c(sc3c2CCCC3)N1,[]
CHEMBL1706,Cl.c1ccc2c(CC3=NCCN3)cccc2c1,"['Antidepressant', 'Antihypertensive', 'Alpha 1-Adrenoceptor Agonist']"
CHEMBL1723241,CC(=O)[N-]S(=O)(=O)c1ccc(N)cc1.O.[Na+],['Dihydropteroate Synthase Inhibitor']
CHEMBL1788385,Cc1cc(Br)c(O)c2ncccc12,['COMT Inhibitor']
CHEMBL1905073,Nc1ccc(S(=O)(=O)Nc2cnc3c(Cl)cccc3n2)cc1,[]
CHEMBL2037511,CC[C@H](C)[C@@H]1C(=O)N[C@H](C2Cc3ccccc3C2)C(=O)N1[C@@H](C(=O)N1CCOCC1)c1ccc(C)nc1C,['Oxytocin Receptor Antagonist']
CHEMBL2106622,N[C@@H](Cc1cc([131I])c(Oc2ccc(O)c([131I])c2)c([131I])c1)C(=O)O,"['Thyromimetic', 'Thyroid Hormone Receptor Ligand', 'TRBeta Agonist']"
CHEMBL2107553,O=C1NOCC1/N=C/c1ccc(/C=N/C2CONC2=O)cc1,[]
CHEMBL2110580,COc1cccc2c1C(=O)c1c(O)c3c(c(O)c1C2=O)C[C@@](O)(C(=O)CO)C[C@@H]3O[C@H]1C[C@H](N)[C@H](OCc2ccccc2)[C@H](C)O1,"['Cytotoxic', 'Antitumor']"
CHEMBL2110816,CC(CC1c2ccccc2CCc2ccccc21)CN(C)C,[]
CHEMBL2137530,c1ccc2c(CCNc3ccc(Nc4ccncc4)cc3)c[nH]c2c1,[]
CHEMBL218490,CCN[C@H]1C[C@H](C)S(=O)(=O)c2sc(S(N)(=O)=O)cc21,"['Anticancer', 'Antibiotic', 'Antitumor', 'Antifungal', 'Anti-mycobacterial', 'Carbonic Anhydrase Inhibitor', 'CA IX Inhibitor', ""Chagas' Disease"", 'Beta-Adrenoceptor Blocker', 'CA I Inhibitor', 'hCA IX/XII Inhibitor', 'NO-Donor', 'Antiglaucoma', 'hCA XII Inhibitor', 'CA XII Inhibitor', 'Carbonic Anhydrase II Inhibitor', 'Glaucoma', 'Glaucoma Treatment', 'Ocular Hypotensive', 'hCA Inhibitor', 'Malaria', 'hCA II Inhibitor', 'CA II Inhibitor', 'Intraocular Pressure-Lowering', 'Topical Antiglaucoma', 'Carbonic Anhydrase XII Inhibitor', 'IOP-Lowering', 'Glutathione Reductase Inhibitor', 'Anti-Dandruff']"
CHEMBL2338675,Nc1nc(=O)c2c([nH]1)N[C@@H]1O[C@@H]3COP(=O)(O)O[C@@H]3C(O)(O)[C@@H]1N2,[]
CHEMBL259209,CCN(CC)C(=O)C1(c2ccccc2)CC1CN,"['NMDA Antagonist', 'Norepinephrine Transporter Inhibitor', 'Monoamine Transporter Inhibitor', 'Norepinephrine-Serotonin Reuptake Inhibitor', 'NSRI']"
CHEMBL271475,O=c1[nH]c(=O)n([C@@H]2O[C@H](CO)[C@@H](O)[C@@H]2F)cc1I,"['Antiviral', 'Anti-HBV', 'Antiherpes']"
CHEMBL301742,NC[C@H](CC(=O)O)c1ccc(Cl)cc1,['GABAB Agonist']
CHEMBL3236549,CC(C)c1cc(N2CC[C@@H](N)C2)nc(N)n1,"['Histamine H4 R Antagonist', 'Atopic Dermatitis']"
CHEMBL3707257,O=[N+]([O-])OCCN(CCO[N+](=O)[O-])CCN(CCO[N+](=O)[O-])CCO[N+](=O)[O-],"['Vasodilator', 'NO-Donor', 'NO-donor']"
CHEMBL4298155,CCOc1c([C@H](C)n2nc(C)c3c(N)ncnc32)cc(Cl)c(F)c1[C@@H]1CNC(=O)C1.Cl,[]
CHEMBL4300766,C[C@H](O)CCCCn1c(=O)c2c(ncn2C)n(C)c1=O,[]
CHEMBL450,CCC1(CC)C(=O)NC(=O)N(C)C1=O,"['Anticonvulsive', 'Neurotoxicity']"
CHEMBL4585668,CS(=O)(=O)c1ccc(Oc2cc(F)cc(C#N)c2)c2c1[C@H](O)[C@H](F)[C@@H]2F,"['HIF-2 Inhibitor', 'ccRCC Treatment']"
CHEMBL464,CCOC(=O)/C=C(C)/C=C/C=C(C)/C=C/c1c(C)cc(OC)c(C)c1C,[]
CHEMBL5314452,CCCn1cc(OCC(F)(F)F)c(C(=O)Nc2ccc(Oc3ccnc4cc(OC)c(OC)cc34)cn2)n1,['cMET Inhibitor']
CHEMBL5314497,CCn1ncc2c1-c1cnc(N)c(c1)O[C@H](C)c1cc(F)ccc1-c1nn(C)nc1C2,"['ALK Inhibitor', 'ROS1 Kinase Inhibitor']"
CHEMBL582857,COc1ccc(S(=O)(=O)N2C(=O)[C@@](c3ccccc3OC)(N3C[C@H](O)C[C@H]3C(=O)N(C)C)c3cc(Cl)ccc32)c(OC)c1,"['Anti-Depressant', 'V1b Receptor Antagonist']"
CHEMBL702,CCN1CCN(C(=O)N[C@@H](C(=O)N[C@@H]2C(=O)N3[C@@H]2SC(C)(C)[C@@H]3C(=O)O)c2ccccc2)C(=O)C1=O,"['Antibiotic', 'Antimicrobial', 'Efflux Pump Inhibitor', 'Antibiotic Adjuvant', 'Antibiotic Potentiator', 'Metallo-Beta-Lactamase Inhibitor', 'MBL Inhibitor', 'FabI-Inhibitor', 'Beta-lactamase Inhibitor', 'Nephrotoxic', 'Organic Anion Transport Inhibitor', 'Antibiotic Resistance', 'Antibiotic Sensitizer', 'Beta-Lactamase', 'Carbapenemase Inhibitor']"
CHEMBL71752,CCOC(=O)C1=C[C@]2(CC)CCCN3CCc4c(n1c1ccccc41)[C@@H]32,"['Type 2 Diabetes', 'Vasorelaxant', 'PDE Inhibitor', 'PDE1A Inhibitor', 'Pancreatic Beta-cells Protective']"
CHEMBL752,Nc1ncnc2c1ncn2[C@@H]1O[C@H](COP(=O)(O)O)[C@@H](O)[C@H]1O,"['Antiplatelet Aggregation Inhibitor', 'FBPase Inhibitor', 'Fructose-1,6-bisphosphatase Inhibitor', 'Gluconeogenesis Inhibitor', 'A1AR Agonist', 'Adenylate Kinase Inhibitor', 'Inhibitor', 'PI 4-Kinase Inhibitor', 'NTPDase2 Inhibitor', 'Nucleoside Hydrolase', 'ADP-Ribosyl Hydrolase Inhibitor']"
CHEMBL981,CC(C)(Oc1ccc(C(=O)c2ccc(Cl)cc2)cc1)C(=O)O,"['Hypoglycemic', 'Hypolipidemic', 'PPAR Alpha/Gamma Agonist', 'PPAR Agonist', 'Anti-Hyperlipidemic', 'HDLc Raising']"
CHEMBL1200937,CCN(CC)CCS(=O)(=O)[C@@H]1CCN2C(=O)c3coc(n3)CC(=O)C[C@H](O)/C=C(C)/C=C/CNC(=O)/C=C/[C@@H](C)[C@@H](C(C)C)OC(=O)[C@@H]12,[]
CHEMBL1201728,CN(C)CC(c1ccc(O)cc1)C1(O)CCCCC1.O=C(O)CCC(=O)O,['Analgesic']
CHEMBL1296,CN(C)CCn1nnnc1SCC1=C(C(=O)O)N2C(=O)[C@@H](NC(=O)Cc3csc(N)n3)[C@H]2SC1,['Antibiotic']
CHEMBL1517,CN(C)[C@@H]1C(O)=C(C(N)=O)C(=O)[C@@]2(O)C(O)=C3C(=O)c4c(O)cccc4[C@@](C)(O)[C@H]3[C@H](O)[C@@H]12,"['Antibiotic', 'Efflux Pump Inhibitor', 'FtsZ-Targeting', 'Dicer Inhibitor']"
CHEMBL152,Nc1ccn(C[C@@H](CO)OCP(=O)(O)O)c(=O)n1,['Antiviral']
CHEMBL15770,CC1=C(CC(=O)O)c2cc(F)ccc2/C1=C\c1ccc([S+](C)[O-])cc1,"['AKT Inhibitor', 'RXR Modulator']"
CHEMBL1688243,CCO[C@@H]1Cc2cc(C(F)(F)F)ccc2[C@H]1N1CCN(C2(C)CCN(C(=O)c3c(C)ncnc3C)CC2)C[C@@H]1C,['CCR5 Receptor Antagonist']
CHEMBL208375,C[N+](C)(C)CCOP(=O)([O-])OCCCCCCCCCCCCCCCCCCc1ccc(I)cc1,"['Anti-Leishmanial', 'Antiprotozoan']"
CHEMBL2096650,O.O.O.O.O.O=S([O-])([O-])=S.[Na+].[Na+],"['Antibiotic', 'Antimalarial', 'Carbonic Anhydrase Inhibitor', 'Anti-Trypanosomal', 'CA IX Inhibitor', 'CA I Inhibitor', 'H. pylori', 'Carbonic Anhydrase', 'CO2 Hydrase', 'Beta-CA Inhibitor', 'Carbonic Anhydrase IV Inhibitor', 'Anion Inhibitor', 'Carbonic Anhydrase XV Inhibitor']"
CHEMBL2103751,C[C@]12C=CC(=O)C=C1CC[C@@H]1[C@@H]2[C@@H](O)C[C@@]2(C)[C@H]1CC[C@]2(O)C(=O)COC(=O)CCCc1ccc(N(CCCl)CCCl)cc1,[]
CHEMBL2105631,CC[C@H](C)OC(=O)Cc1oc2ccccc2c1C(=O)c1cc(I)c(OCCN(CC)CC)c(I)c1,[]
CHEMBL2107771,C[C@H](NCc1ccc(OCc2ccccc2F)cc1)C(N)=O,['Anticonvulsive']
CHEMBL2177913,NC1=N[C@@](c2cccc(-c3cncnc3)c2)(c2ccnc(C(F)F)c2)c2cccc(F)c21,"['BACE-1 Inhibitor', ""Alzheimer's""]"
CHEMBL237500,CC#CCn1c(N2CCC[C@@H](N)C2)nc2c1c(=O)n(Cc1nc(C)c3ccccc3n1)c(=O)n2C,['DPPIV Inhibitor']
CHEMBL2393130,COc1cc(OC)c2c(=O)[nH]c(-c3cc(C)c(OCCO)c(C)c3)nc2c1,"['Apoptosis Inducer', 'Hypolipidemic', 'Autophagy Inducer', 'BRD4-HDAC Inhibitor', 'CK2 Inhibitor', 'TNBC Therapy']"
CHEMBL290194,C=CCN1CCCC1CNC(=O)c1cc2nn[nH]c2cc1OC,"['Antiemetic', 'Alpha3Beta2 nAChR Positive Allosteric Modulator', 'Gastroprokinetic']"
CHEMBL3301600,C=CC(=O)Nc1cccc(Nc2nc(Nc3ccc(OCCOC)cc3)ncc2F)c1.O=S(=O)(O)c1ccccc1,['BTK Inhibitor']
CHEMBL334491,CC(C)(C)N1CCC(c2ccccc2)(c2ccccc2)CC1,['Nociceptin Receptor Ligand']
CHEMBL33986,Oc1ccc2c(c1)[C@@]13CCCC[C@@]1(O)[C@@H](C2)N(CC1CCC1)CC3,"['Analgesic', 'Opioid Receptor Ligand', 'TLR4 Antagonist']"
CHEMBL3639788,O=C(Cc1cccc(OC(F)(F)F)c1)Nc1ccc(CCCCc2nnc(NC(=O)Cc3ccccn3)s2)nn1,"['GLS-1 Inhibitor', 'Glutaminase Inhibitor', 'GLS Inhibitor']"
CHEMBL3989826,COc1ccc2c3c1O[C@H]1C(=O)CC[C@@]4(O)[C@@H](C2)N(C)CC[C@]314.COc1ccc2c3c1O[C@H]1C(=O)CC[C@@]4(O)[C@@H](C2)N(C)CC[C@]314.O=C(O)c1ccc(C(=O)O)cc1,"['Analgesic', 'Opioid Receptor Ligand']"
CHEMBL3989856,O.O.O.O.O.O.O.O.O.O.O=S(=O)([O-])[O-].[Na+].[Na+],"['Antimalarial', 'Carbonic Anhydrase Inhibitor', 'Anti-Trypanosomal', 'Carbonic Anhydrase', 'CO2 Hydrase', 'Beta-CA Inhibitor', 'Carbonic Anhydrase IV Inhibitor', 'Anion Inhibitor', 'Carbonic Anhydrase XV Inhibitor']"
CHEMBL4298149,O=C(O)CC(O)(CC(=O)O)C(=O)O.[O-][n+]1cccc(/C(Cl)=N/OC[C@H](O)CN2CCCCC2)c1,[]
CHEMBL4650316,C[C@@H]1Cc2c([nH]c3ccccc23)[C@@H](c2c(F)cc(NC3CN(CCCF)C3)cc2F)N1CC(F)(F)CO,"['Breast Cancer', 'SERD', 'Estrogen Antagonist', 'Estrogen Receptor Degrader']"
CHEMBL550936,CC(C)C(=O)OC[C@@]1(N=[N+]=[N-])O[C@@H](n2ccc(N)nc2=O)[C@H](OC(=O)C(C)C)[C@@H]1OC(=O)C(C)C,[]
CHEMBL925,N[C@@H](Cc1ccc(O)cc1)C(=O)O,"['LAT1 Inhibitor', 'Amino Acid Transporter']"
CHEMBL1096979,NC(CO)C(=O)NNCc1ccc(O)c(O)c1O,[]
CHEMBL1200692,CCCc1nc(C(C)(C)O)c(C(=O)OCc2oc(=O)oc2C)n1Cc1ccc(-c2ccccc2-c2nnn[nH]2)cc1,['Angiotensin Receptor Antagonist']
CHEMBL1200851,C[N+]1(C)[C@@H]2CC[C@H]1C[C@@H](OC(=O)C(O)c1ccccc1)C2.[Br-],"['Muscarinic Receptor Antagonist', 'Bronchodilator', 'M3 Receptor Antagonist', 'OCT1 Substrate', 'Organic Cation Transporter Substrate', 'MABA']"
CHEMBL1201256,COc1cc(C(=O)NCc2ccc(OCCN(C)C)cc2)cc(OC)c1OC,[]
CHEMBL1213420,CN1c2c(oc(=O)n(-c3ccccn3)c2=O)-c2ccccc2S1(=O)=O,[]
CHEMBL136497,Nc1nc(N)nc(-c2cc(Cl)ccc2Cl)n1,['Antiulcerous']
CHEMBL1434,CN(C)c1ccc(O)c2c1C[C@H]1C[C@H]3[C@H](N(C)C)C(O)=C(C(N)=O)C(=O)[C@@]3(O)C(O)=C1C2=O,"['Antibiotic', 'Efflux Pump Inhibitor', 'Bactericidal', 'Amyloid Fibril Formation Inhibitor', 'RNA Ligand', 'Anti-Amyloidogenic']"
CHEMBL154111,O=C(Oc1ccccc1C(=O)O)c1ccccc1O,[]
CHEMBL161381,Nc1nc(=O)n(C2CSC(CO)O2)cc1F,"['Anti-HIV-1', 'Reverse Transcriptase Inhibitor']"
CHEMBL1652606,Cc1oc(=O)oc1COC(=O)N1CC[C@@H](N2CC/C(=C\C3=C(C(=O)O)N4C(=O)[C@@H](NC(=O)/C(=N/O)c5nsc(N)n5)[C@H]4SC3)C2=O)C1,['Antibiotic']
CHEMBL1763,NS(=O)(=O)c1cc2c(cc1C(F)(F)F)NCNS2(=O)=O,"['Anticonvulsive', 'Carbonic Anhydrase Inhibitor', 'AMPA Receptor Positive Modulator', 'Saluretic']"
CHEMBL207538,CC(=O)[C@H]1CC[C@H]2[C@@H]3CC[C@H]4C[C@H](O)CC[C@]4(C)[C@H]3CC[C@]12C,"['Anticonvulsive', 'Anxiolytic', 'GABA A Modulator', 'GABA-A Receptor Ligand', 'GABA A Receptor Agonist', 'Anesthetic', 'VGLUT Inhibitor', 'GABAergic', 'GABA(A) Receptor Potentiator', '11Beta-hydroxylase Inhibitor', 'GABA(A) Receptor Inhibitor', 'Neuroactive Steroid', 'GABA(A) Positive Modulator']"
CHEMBL2104415,CO/N=C1\C[C@]2(C[C@@H]3C[C@@H](C/C=C(\C)C[C@@H](C)/C=C/C=C4\CO[C@@H]5[C@H](O)C(C)=C[C@@H](C(=O)O3)[C@]45O)O2)O[C@H](/C(C)=C/C(C)C)[C@H]1C,[]
CHEMBL2104900,O=C(OCCOCCN1CCCCC1)N1c2ccccc2Sc2cccnc21,['Butylcholinesterase Inhibitor']
CHEMBL2218893,CN(C)C(=O)COc1ccc2c(c1)C[C@@H](NC[C@H](O)c1ccc(O)c(CCO)c1)CC2.CN(C)C(=O)COc1ccc2c(c1)C[C@@H](NC[C@H](O)c1ccc(O)c(CCO)c1)CC2.O=S(=O)(O)O,['Beta(3)-Adrenergic Agonist']
CHEMBL2368861,CO[C@@]12CC[C@@]3(C[C@@H]1[C@](C)(O)C(C)(C)C)[C@H]1Cc4ccc(O)c5c4[C@@]3(CCN1CC1CC1)[C@H]2O5.Cl,[]
CHEMBL307697,O=[N+]([O-])c1ccc(NN=C(c2ccc(O)cc2)c2ccc(O)cc2)c([N+](=O)[O-])c1,[]
CHEMBL3542265,CC(C)OC(=O)N[C@H]1Cc2c(n(Cc3ccccn3)c3ccc(C#N)cc23)C1,[]
CHEMBL376897,C[N+]1(C)[C@@H]2C[C@@H](OC(=O)[C@H](CO)c3ccccc3)C[C@H]1[C@@H]1O[C@@H]12,"['Muscarinic Receptor Antagonist', 'Bronchodilator', 'M1 Muscarinic Receptor Ligand', 'Antimuscarinic', 'M3 Receptor Antagonist', 'Anticholinergic', 'Spasmolytic', 'Muscarinic M3 Receptor Antagonist', 'OCT1 Substrate', 'Cholinergic Receptor Antagonist', 'Organic Cation Transporter Substrate', 'Memory Impairment', 'Muscarinic Receptor Modulator']"
CHEMBL3931782,[Na+].[O-]c1c(-n2ccnn2)cnn1-c1cc(N2CCOCC2)ncn1,[]
CHEMBL4298141,CC(=O)Oc1ccccc1C(=O)OC1=CC[C@H]2[C@H]3Cc4ccc(OC(=O)c5ccccc5OC(C)=O)c5c4[C@@]2(CCN3C)[C@H]1O5,[]
CHEMBL460026,CC/C=C\C/C=C\C/C=C\C/C=C\C/C=C\CCCC(=O)O,"['Antiallergy', 'OXE Receptor Antagonist']"
CHEMBL497318,CCCCCc1cc(O)c(C/C=C(\C)CCC=C(C)C)c(O)c1,[]
CHEMBL502109,CCCCCCCCCCCCC[N+](C)(C)Cc1ccccc1.[Cl-],"['Antibiotic', 'Antimicrobial']"
CHEMBL504652,c1cncc(N2CCC3(CCCN3)C2)c1,['Neuronal Nicotinic Receptor Ligand']
CHEMBL50588,CC[C@H]1CN2CCc3cc(OC)c(OC)cc3[C@@H]2C[C@@H]1C[C@H]1NCCc2cc(OC)c(OC)cc21,"['Cytotoxic', 'Antimalarial', 'Anti-Tuberculosis', 'Antimicrobial', 'Anti-mycobacterial', 'Anti-Leishmanial', 'Antiplasmodial', 'Anti-Trypanosomal', 'Antiprotozoan', 'Antineoplastic', 'HIF-1Alpha Inhibitor', 'hERG Inhibitor', 'Chemosensitizer', 'Cancer Cell Growth Inhibitor', 'CYP450 Inhibitor', 'Hemozoin Formation Inhibitor', 'Zika Inhibitor', 'Prostatic Cancer Treatment', 'Ebola Virus Inhibitor', 'Beta-hematin Formation Inhibitor', 'Antidiarrheal', 'Beta-haematin Inhibitor', 'PfCRT Inhibitor', 'VGCC Blocker']"
CHEMBL5095506,Cc1cc(-c2ncnn2C)c2cccc(OCc3c(Cl)cc(F)cc3[C@H](C)NC(=O)COC(F)F)c2n1,[]
CHEMBL530,CC1(C)S[C@@H]2[C@H](/N=C/N3CCCCCC3)C(=O)N2[C@H]1C(=O)O,['Antibiotic']
CHEMBL5314373,C/C=C/C1=C(C(=O)O)N2C(=O)[C@@H](NC(=O)[C@H](N)c3ccc(O)cc3)[C@H]2SC1.O,['Antibiotic']
CHEMBL598172,COc1ccc(NC(=O)Nc2ccc(F)cc2F)cc1-c1c(Br)cnn1C,"['5-HT2A Receptor Inverse Agonist', 'Insomnia Treatment']"
CHEMBL869,NC(=O)N/N=C/c1ccc([N+](=O)[O-])o1,"['Trypanocidal', 'Anti-T.cruzi', 'Antichagasic', 'Mitochondrial Dysfunction', 'MitoNEET Ligand', 'Carcinogenic', 'Dopamine Agent']"
CHEMBL95,Nc1c2c(nc3ccccc13)CCCC2,"['Acetylcholinesterase Inhibitor', ""Alzheimer's Disease"", ""Alzheimer's"", 'AChE Inhibitor', 'Butylcholinesterase Inhibitor', 'ChEs Inhibitor', 'MTDL', 'AChE-Induced A beta Aggregation Inhibitor']"
CHEMBL1079,Clc1ccc2nsnc2c1NC1=NCCN1,[]
CHEMBL113178,C[Se]CC[C@H](N)C(=O)O,[]
CHEMBL1182714,CNCCCOc1cc(F)c(-c2c(Cl)nc3ncnn3c2N[C@@H](C)C(F)(F)F)c(F)c1,"['Anticancer', 'Tubulin Inhibitor', 'Microtubule Stabilizer']"
CHEMBL1200436,C[C@]12COC(=O)C[C@@H]1CC[C@@H]1[C@@H]2CC[C@@]2(C)[C@H]1CC[C@]2(C)O,[]
CHEMBL1201134,CCCCC(F)(F)[C@@]1(O)CC[C@H]2[C@@H](CC(=O)[C@@H]2CCCCCCC(=O)O)O1,[]
CHEMBL1206232,COc1ccc(/C=C\c2cc(OC)c(OC)c(OC)c2)cc1OP(=O)(O)O,"['Anticancer', 'Cytotoxic', 'Antitumor', 'Antiproliferative', 'Cytostatic', 'Anti-Cancer', 'Tubulin Polymerization Inhibitor', 'Tubulin Inhibitor', 'Anti-Angiogenic', 'Apoptosis', 'Antimitotic', 'Antineoplastic', 'Microtubule Inhibitor', 'Cancer Cell Growth Inhibitor', 'Tubulin-binding', 'Vascular-Disrupting Agent', 'Vascular-Disrupting', 'Tubulin Assembly Inhibitor', 'Anti-Vascular', 'Vasculature Damaging']"
CHEMBL1231529,Cc1c(N)nc([C@H](CC(N)=O)NC[C@H](N)C(N)=O)nc1C(=O)N[C@H](C(=O)N[C@H](C)[C@@H](O)[C@H](C)C(=O)N[C@H](C(=O)NCCc1nc(-c2nc(C(=O)NCCCNCCCCNCCCN)cs2)cs1)[C@@H](C)O)[C@@H](O[C@@H]1O[C@@H](CO)[C@@H](O)[C@H](O)[C@@H]1O[C@H]1O[C@H](CO)[C@@H](O)[C@H](OC(N)=O)[C@@H]1O)c1cnc[nH]1,"['Antitumor', 'DNA Binding', 'DNA Cleavage']"
CHEMBL125,CCCCCCCCCCCCCCCCOP(=O)([O-])OCC[N+](C)(C)C,"['Anticancer', 'Cytotoxic', 'Antibiotic', 'Antitumor', 'Anti-Tuberculosis', 'Antifungal', 'Apoptosis Inducer', 'Antimicrobial', 'Cytostatic', 'Anti-Leishmanial', 'Antiplasmodial', 'Anti-Trypanosomal', 'Antiparasitic', 'Trypanocidal', 'Antiprotozoan', 'Antineoplastic', 'AKT Inhibitor', 'Biofilm Inhibitor', 'Trypanothione Reductase Inhibitor', 'CYP51 Inhibitor', 'Leishmanicidal', 'Immunomodulatory', 'ATX Inhibitor', 'Trypanosoma cruzi Inhibitor', 'Antitrypanosomatid', 'Antikinetoplastid', 'Leishmaniasis', 'Anti-Folate']"
CHEMBL1375743,Cl.O.O=C1Cc2cc(CCN3CCN(c4nsc5ccccc45)CC3)c(Cl)cc2N1,"['Antipsychotic', 'Atypical Antipsychotic']"
CHEMBL1521,CCN(C(C)=O)c1cccc(-c2ccnc3c(C#N)cnn23)c1,[]
CHEMBL1589896,Oc1ccc(C(O)CNCCCCCCNCC(O)c2ccc(O)c(O)c2)cc1O,['Beta(3)-Adrenergic Agonist']
CHEMBL1614701,Cn1cnc2c(F)c(Nc3ccc(Br)cc3Cl)c(C(=O)NOCCO)cc21,['MEK1 Inhibitor']
CHEMBL17350,C[C@@H]([C@@H](O)c1ccc(O)cc1)N1CCC(O)(c2ccccc2)CC1,"['NMDA Antagonist', 'Neuroprotectant', 'NR2B Selective', 'NR2B-Selective NMDA Antagonist', 'GluN2B Antagonist', 'Multi-Target-Directed']"
CHEMBL1951095,CN(C)[C@@H]1C(O)=C(C(N)=O)C(=O)[C@@]2(O)C(O)=C3C(=O)c4c(O)c(NC(=O)CN5CCCC5)cc(F)c4C[C@H]3C[C@@H]12,['Antibiotic']
CHEMBL20684,COc1ccc(S(=O)(=O)Nc2cccnc2Nc2ccc(O)cc2)cc1,[]
CHEMBL2106388,[Ca+2].[OH-].[OH-],"['Antimalarial', 'Antimicrobial', 'Neuroprotective', 'Vasodilator', 'Cytoprotective', 'Vasorelaxant', 'Cardioprotective', 'Cardiovascular', 'Type 2 Diabetes Treatment', 'H2S Donor', 'Carbonic Anhydrase', 'Amnesia-Reversal', 'NMDAR Antagonist', 'Osteoblast Stimulator', 'Hydrogen Sulfide Donor', 'Mood Disorder', 'CO2 Hydrase', 'Beta-CA Inhibitor', 'Carbonic Anhydrase IV Inhibitor', 'IFN-Gamma Inhibitor', 'Cu Chelator', 'Anion Inhibitor', 'H2S-Releasing', 'DNA Cleaving Agent', 'Carbonic Anhydrase XV Inhibitor', 'Tau Protein Inhibitor', 'TASK Channel Modulator', 'HD', 'Glycogen Synthase Activator', 'Neuronal Choline Transporter Ligand']"
CHEMBL2106561,CCOC(=O)NNc1ccc(N(CC)CC(C)O)nn1,[]
CHEMBL2107112,CC(C)(C)C(=O)SCC(=O)[C@@]1(O)CC[C@H]2[C@@H]3CCC4=CC(=O)CC[C@]4(C)[C@H]3[C@@H](O)C[C@@]21C,['FPTase Inhibitor']
CHEMBL2107773,Cc1cc(OCC(=O)O)c(C)cc1CCN[C@@H](C)[C@H](O)c1ccc(O)cc1,['Beta(3)-Adrenergic Agonist']
CHEMBL2110954,CC1(C)CC(C)(C)CC(C)(N)C1,[]
CHEMBL3219616,CC[C@]1(c2cccc(NS(C)(=O)=O)c2)[C@@H]2CN(CC3(O)Cc4ccccc4C3)C[C@@H]21,[]
CHEMBL3545241,Cc1cc(Nc2nc(C(O)c3ccc(F)cc3)nc3ccccc23)n[nH]1,"['Aurora A/B Kinase Inhibitor', 'TRIM37-Amplified Breast Cancer']"
CHEMBL3586573,CCN1C(=O)CNc2ncc(-c3ccc(-c4nc[nH]n4)nc3C)nc21,['mTOR Kinase Inhibitor']
CHEMBL3707212,CC(=O)[C@@]1(O)CC[C@H]2[C@@H]3CCC4=CC(=O)CC[C@@H]4[C@H]3CC[C@@]21C,"['Progesterone Receptor Agonist', 'Progesterone Receptor Ligand', 'Osteoblast Stimulator', 'Pgp-ATPase Stimulator']"
CHEMBL3707310,Cc1cc(C2=NO[C@@](c3cc(Cl)c(Cl)c(Cl)c3)(C(F)(F)F)C2)sc1C(=O)NCC(=O)NCC(F)(F)F,['Metabolic Disorder Treatment']
CHEMBL3833314,O.O.O.O.O.O.[Al+3].[Cl-].[Cl-].[Cl-],"['Antimalarial', 'Carbonic Anhydrase Inhibitor', 'Type 2 Diabetes Treatment', 'Carbonic Anhydrase', 'CO2 Hydrase', 'Beta-CA Inhibitor', 'Carbonic Anhydrase IV Inhibitor', 'Anion Inhibitor', 'Carbonic Anhydrase XV Inhibitor', 'HD']"
CHEMBL415247,CC(C)[C@@H](CN1CC[C@@](C)(c2cccc(O)c2)[C@@H](C)C1)NC(=O)[C@H]1Cc2ccc(O)cc2CN1,"['Kappa Opioid Agonist', 'KOR Antagonist']"
CHEMBL4208229,O=C(Nc1ccc(OC(F)(F)Cl)cc1)c1cnc(N2CC[C@@H](O)C2)c(-c2cc[nH]n2)c1,"['Tyrosine Protein Kinase Inhibitor', 'Bcr-Abl Inhibitor', 'CML Treatment', 'Allosteric Inhibitor', 'CML', 'BCR-ABL Degrader']"
CHEMBL4297608,C=C1/C(=C\C=C2/CCC[C@]3(C)[C@@H]([C@H](C)CCCC(C)(C)O)CC[C@@H]23)C[C@@H](O)[C@@H](OCCCO)[C@@H]1O,"['Vitamin D Analogue', 'VDR Agonist', 'Cellular Differentiation', 'Cellular Differentiation Inducer']"
CHEMBL454,C=CCC1(CC(C)C)C(=O)NC(=O)NC1=O,[]
CHEMBL4594252,O=[Al]O[Al]=O,"['Antimalarial', 'Carbonic Anhydrase Inhibitor', 'Anti-Trypanosomal', 'CA I Inhibitor', 'H. pylori', 'Carbonic Anhydrase', 'CO2 Hydrase', 'Beta-CA Inhibitor', 'Neurotoxicity', 'Carbonic Anhydrase IV Inhibitor', 'Anion Inhibitor', 'Carbonic Anhydrase XV Inhibitor', 'HD']"
CHEMBL4594305,CC(=O)N1CCC2(CC1)c1cc(C#C[C@H]3O[C@H](CO)[C@@H](O)[C@H](O)[C@@H]3O)ccc1-c1ccc(C#C[C@H]3O[C@H](CO)[C@@H](O)[C@H](O)[C@@H]3O)cc12,[]
CHEMBL529437,COC(=O)[C@H]1[C@@H](OC(=O)c2ccccc2)C[C@@H]2CC[C@H]1N2C.Cl,"['Antidepressant', 'PDE4 Inhibitor', 'Dopamine Transporter Inhibitor', 'Serotonin Transporter Inhibitor', 'Dopamine Transporter Ligand', 'Serotonin Re-uptake Inhibitor', 'Norepinephrin Reuptake Inhibitor', 'Dopamine-Uptake Inhibitor', 'Serotonin Transporter Ligand', 'Norepinephrine Transporter Inhibitor', 'DAT Inhibitor', 'Dopamine Reuptake Inhibitor', 'Monoamine Transporter Inhibitor', 'Monoamine Reuptake Inhibitor', 'Sigma1 Receptor Antagonist', 'Cocaine Analog', 'CNS Stimulant', 'Monoamine Transporter Ligand', 'Stimulant', 'Cocaine Addiction', 'Cocaine Antagonist', 'Cocaine Abuse Treatment', 'DAT Ligand', 'Psychostimulant Abuse', 'Cocaine Abuse', 'Monoamine Transporter Binder', 'CNS Drug Partitioning', 'Locomotor Stimulant']"
CHEMBL569,CCN(CC)CCOC(=O)c1ccc(N)cc1,['Intravenous Anesthetic']
CHEMBL591118,COc1cc2c(cc1OC)[C@@H]1C[C@H](N)[C@@H](N3C[C@@H](CF)CC3=O)CN1CC2,"['DPPIV Inhibitor', 'Type 2 Diabetes']"
CHEMBL700,Nc1ccc(S(=O)(=O)Nc2ccccn2)cc1,[]
CHEMBL1200523,Cc1nnc(SCC2=C(C(=O)[O-])N3C(=O)[C@@H](NC(=O)Cn4cnnn4)[C@H]3SC2)s1.[Na+],['Antibiotic']
CHEMBL1200904,C#CCN(C)[C@H](C)Cc1ccccc1.Cl,"['MAO-B Inhibitor', 'MAO A Inhibitor']"
CHEMBL1201336,O=C1NC(c2ccccc2)(c2ccccc2)C(=O)N1COP(=O)(O)O,[]
CHEMBL1205402,COc1cc(/C=C\c2ccc(OC)c(OP(=O)(O)O)c2OP(=O)(O)O)cc(OC)c1OC,['Tubulin Inhibitor']
CHEMBL1411979,CN(C)CCN(Cc1cccs1)c1ccccn1,[]
CHEMBL1667969,O=c1[nH]ccc2cc(OC3CCNCC3)ccc12,['ROCK II Inhibitor']
CHEMBL17289,N#CN=C(NCCCCCCOc1ccc(Cl)cc1)Nc1ccncc1,['NAMPT Inhibitor']
CHEMBL182066,O=C(Nc1ccc2nc(O)oc2c1)C(=O)N1CCC(Cc2ccc(F)cc2)CC1,"['Analgesic', 'NMDA Antagonist', 'NR2B Selective', 'NR2B-Selective NMDA Antagonist']"
CHEMBL2104824,c1cc2c(c(NC3=NCCN3)c1)CCC2,"['Antidepressant', 'Alpha 2-Adrenoceptor Antagonist', 'Alpha 1-Adrenoceptor Agonist']"
CHEMBL2105720,O=C(O)CSc1nnc(Br)n1-c1ccc(C2CC2)c2ccccc12,"['Hypouricemic', 'URAT1 Inhibitor', 'GLUT9 Inhibitor', 'Urate Transporter Inhibitor', 'RPA Inhibitor']"
CHEMBL2178573,Cc1cnc(C(=O)c2ncnc3[nH]ccc23)c(NS(=O)(=O)c2ccc(Cl)c(C(F)(F)F)c2)c1,['B-Raf(V600E) Inhibitor']
CHEMBL276832,NNc1nncc2ccccc12,[]
CHEMBL287631,NC(=O)CCC/N=C(\c1ccc(Cl)cc1)c1cc(F)ccc1O,[]
CHEMBL3039508,CC(C)(NC(=O)C1=C(O)[C@@H]2Oc3c(O)ccc4c3[C@@]23CCN(CC2CC2)[C@H](C4)[C@]3(O)C1)c1nc(-c2ccccc2)no1.Cc1ccc(S(=O)(=O)O)cc1,['Opioid Antagonist']
CHEMBL3545363,CC(C)(C)[C@@H]1NC(=O)O[C@@H]2CCC[C@H]2OC/C=C/C(F)(F)c2nc3ccccc3nc2O[C@@H]2C[C@@H](C(=O)N[C@]3(C(=O)NS(=O)(=O)C4(C)CC4)C[C@H]3C(F)F)N(C2)C1=O,['HCV NS3 Protease Inhibitor']
CHEMBL4297211,CC(C)(O/N=C(\C(=O)N[C@@H]1C(=O)N2C(C(=O)O)=C(C[N+]3(CCNC(=O)c4ccc(O)c(O)c4Cl)CCCC3)CS[C@H]12)c1csc(N)n1)C(=O)O.CC(C)(O/N=C(\C(=O)N[C@@H]1C(=O)N2C(C(=O)O)=C(C[N+]3(CCNC(=O)c4ccc(O)c(O)c4Cl)CCCC3)CS[C@H]12)c1csc(N)n1)C(=O)O.CC(C)(O/N=C(\C(=O)N[C@@H]1C(=O)N2C(C(=O)O)=C(C[N+]3(CCNC(=O)c4ccc(O)c(O)c4Cl)CCCC3)CS[C@H]12)c1csc(N)n1)C(=O)O.Cc1ccc(S(=O)(=O)O)cc1.Cc1ccc(S(=O)(=O)O)cc1.Cc1ccc(S(=O)(=O)O)cc1.Cc1ccc(S(=O)(=O)[O-])cc1.O.O=S(=O)([O-])[O-],[]
CHEMBL4297425,CCCCCCCCCCCCOC(=O)CCCc1nc2cc(N(CCCl)CCCl)ccc2n1C,['Antitumor']
CHEMBL4297594,CC(C)OCCn1c(=S)[nH]c(=O)c2[nH]ccc21,"['Myeloperoxidase Inhibitor', 'MPO Inhibitor']"
CHEMBL4297639,CC(C)CC(=O)Nc1cncc(-c2ccc3[nH]nc(-c4nc5cncc(-c6cccc(F)c6)c5[nH]4)c3c2)c1,[]
CHEMBL4298148,NC(=O)[C@H]1CCN(c2ncnc(N)c2F)C[C@@H]1N1CCC[C@@H](Nc2cc(Cl)cc(C(F)(F)F)c2)C1=O.O=C(O)CCC(=O)O,[]
CHEMBL449782,COc1ccc2cc1Oc1ccc(cc1)C[C@H]1c3c(cc4c(c3Oc3cc5c(cc3OC)CCN(C)[C@@H]5C2)OCO4)CCN1C,['Anti-Cancer']
CHEMBL4594286,Cl.O=C(Cc1cccc(OC(F)(F)F)c1)Nc1ccc(CCCCc2nnc(NC(=O)Cc3ccccn3)s2)nn1,"['GLS-1 Inhibitor', 'Glutaminase Inhibitor', 'GLS Inhibitor']"
CHEMBL4594352,CC[C@@]1(OC(=O)C(C)ON=C2c3cc([N+](=O)[O-])cc([N+](=O)[O-])c3-c3c2cc([N+](=O)[O-])cc3[N+](=O)[O-])C(=O)OCc2c1cc1n(c2=O)Cc2cc3c(CN(C)C)c(O)ccc3nc2-1,[]
CHEMBL4650324,O=C(NCc1cnc(C(F)(F)F)s1)c1ccc2c(c1)NC(=O)c1ccccc1S2(=O)=O,['D2 DAR Antagonist']
CHEMBL5314586,COc1ccc(CN2C[C@@]3(CCNC(=O)C3)C2=O)cc1,[]
CHEMBL584,Cc1c(O)cccc1C(=O)N[C@@H](CSc1ccccc1)[C@H](O)CN1C[C@H]2CCCC[C@H]2C[C@H]1C(=O)NC(C)(C)C,"['Antiviral', 'Anti-HIV-1', 'HIV Protease Inhibitor', 'HIV Inhibitor', 'P-glycoprotein Inhibitor', 'Protease Inhibitor', 'Antiretroviral', 'Angiotensin Converting Enzyme Inhibitor', 'P-glycoprotein Substrate', 'COVID-19', 'Anti-Dengue', 'Main Protease Inhibitor', 'CYP3A4 Inducer', 'Pgp Substrate', 'HTLV-1 PR Inhibitor', 'OATP Inhibitor', 'Anti-AIDS', 'CYP3A Substrate', 'Dopamine Agent']"
CHEMBL594,CCOCCn1c(N2CCCN(C)CC2)nc2ccccc21,['H1 Antihistaminic']
CHEMBL6622,O=[N+]([O-])O[C@H]1CO[C@H]2[C@@H]1OC[C@H]2O[N+](=O)[O-],"['Antioxidant', 'Vasodilator', 'NO Donor', 'NO-Donor']"
CHEMBL67279,CC(C)[C@H](N)C(=O)N1CCC[C@H]1B(O)O,['DPPIV Inhibitor']
CHEMBL79261,O=C1c2ccccc2S(=O)(=O)N1CCCCN1CCN(c2cc(Cl)cc3c2OCCO3)CC1,[]
CHEMBL836,CCOc1ccccc1OCCN[C@H](C)Cc1ccc(OC)c(S(N)(=O)=O)c1,"['Alpha1-Adrenoceptor Antagonist', 'hERG Inhibitor', 'BPH/LUTS Treatment']"
CHEMBL11662,O=C(O)/C=C/c1ccc(Cn2ccnc2)cc1,"['Anti-Platelet', 'Thromboxane Synthase Inhibitor']"
CHEMBL1395,C[C@]12CCC(=O)C=C1CC[C@@H]1[C@@H]2CC[C@@]2(C)[C@H]1CC[C@]2(C)O,"['Androgen Receptor Modulator', 'SARM', 'Selective Androgen Receptor Modulator', 'Anabolic', 'Androgenic']"
CHEMBL1697856,CCOc1ccc(NC(=O)CC(C)O)cc1,[]
CHEMBL197194,COc1cccc(-c2ccc(NC(=O)C3=C(C(=O)O)CCC3)c(F)c2)c1,['DHODH Inhibitor']
CHEMBL2063090,C=C[C@@H]1C[C@]1(NC(=O)[C@@H]1C[C@@H]2CN1C(=O)[C@H](C(C)(C)C)NC(=O)O[C@@H]1C[C@H]1CCCCCc1nc3ccc(OC)cc3nc1O2)C(=O)NS(=O)(=O)C1CC1,['HCV NS3 Protease Inhibitor']
CHEMBL2074765,CCCCCCCCC/C=C/C=C/C(=O)NCC(=O)N[C@@H]1C(O)[C@H](O)C(Nc2ncnc3[nH]cnc23)OC1[C@H](O)CO,[]
CHEMBL2103854,CN(C)c1cc(CNCC(C)(C)C)c(O)c2c1C[C@H]1C[C@H]3[C@H](N(C)C)C(O)=C(C(N)=O)C(=O)[C@@]3(O)C(O)=C1C2=O.Cc1ccc(S(=O)(=O)O)cc1,['Antibiotic']
CHEMBL2105637,Nc1nc(-n2cc(C(=O)O)c(=O)c3cc(F)c(N4CC(O)C4)c(Cl)c32)c(F)cc1F,['Antibiotic']
CHEMBL2107175,N#Cc1c(N(CC(=O)O)CC(=O)O)sc(C(=O)O)c1CC(=O)O,[]
CHEMBL2111016,CC[N+](C)(CC)CCSC1=Nc2ccccc2N=C(c2ccc(Sc3ccccc3)cc2)C1,[]
CHEMBL221186,CN(C)CCNC(=O)COc1c2cccc1Cc1cccc(c1OCC(=O)NCCN(C)C)Cc1cccc(c1OCC(=O)NCCN(C)C)Cc1cccc(c1OCC(=O)NCCN(C)C)C2,[]
CHEMBL2219422,Cn1ncc(Cl)c1-c1cc(C(=O)N[C@H](CN)Cc2cccc(F)c2)sc1Cl,"['Antitumor', 'AKT Inhibitor']"
CHEMBL2431768,CN[C@@H](C)C(=O)N[C@H](C(=O)N1CCC[C@H]1c1nc(C(=O)c2ccc(F)cc2)cs1)C1CCCCC1,"['Apoptosis Inducer', 'Apoptosis', 'IAP Antagonist', 'NF-KappaB Activator', 'AR Ligand']"
CHEMBL3137318,Cc1ccc(S(=O)(=O)O)cc1.Cn1ncnc1[C@H]1c2n[nH]c(=O)c3cc(F)cc(c23)N[C@@H]1c1ccc(F)cc1,"['Anticancer', 'PARP1/2 Inhibitor']"
CHEMBL32800,CC(Cc1ccc(O)cc1)NCC(O)c1cc(O)cc(O)c1,"['Beta(3)-Adrenergic Agonist', 'Vasorelaxant', 'Smooth Muscle Relaxant', 'OCT1 Substrate']"
CHEMBL3545043,CC(C)Oc1ccc(S(=O)(=O)N2CCN(c3ccc(-c4ncco4)c(OCC(=O)O)c3)CC2)cc1,[]
CHEMBL397420,CC(=O)CC(c1ccc([N+](=O)[O-])cc1)c1c(O)c2ccccc2oc1=O,['Anticoagulant']
CHEMBL3989569,CCCCCN(C)CCC(O)(P(=O)([O-])O)P(=O)(O)O.O.[Na+],['Farnesyl-Protein Transferase Inhibitor']
CHEMBL42336,CSCC[C@H](N)C(=O)O,"['PKM2 Inhibitor', 'GGT1 Inhibitor', 'Antihepatotoxic', 'Methionine Adenosyltransferase Inhibitor']"
CHEMBL4303729,O=C(c1c(F)ccc(NS(=O)(=O)N2CC[C@@H](F)C2)c1F)c1c[nH]c2ncc(-c3cnc(C4CC4)nc3)cc12,['MKK4 Inhibitor']
CHEMBL4567446,COc1cc(C(=O)N2CCC3(CC2)CC(=O)c2c(cnn2C(C)C)C3)cc(-c2ccc(C(=O)O)cc2)n1,"['Liver-Targeting', 'ACC Inhibitor']"
CHEMBL4649378,CC[C@H]1OC(=O)C[C@@H](O)[C@H](C)[C@@H](O[C@@H]2O[C@H](C)[C@@H](O[C@H]3C[C@@](C)(O)[C@@H](OCc4ccc(F)cc4)[C@H](C)O3)[C@H](N(C)C)[C@H]2O)[C@@H](CC=O)C[C@@H](C)C(=O)/C=C/C(C)=C/[C@@H]1CO[C@@H]1O[C@H](C)[C@@H](O)[C@@H](OC)[C@H]1OC,['Antibiotic']
CHEMBL4650320,CC(C)C(=O)OC[C@H]1O[C@@H](n2cc/c(=N\O)[nH]c2=O)[C@H](O)[C@@H]1O,[]
CHEMBL508360,CO[C@@H]1C/C(C)=C\[C@H]2CC[C@@H]([C@@H](C)C[C@@H](C)C(=O)[C@H](OC)[C@H](O)/C(C)=C/[C@@H](C)C(=O)C[C@@H]([C@H](C)C[C@@H]3CC[C@@H](O)[C@H](OC)C3)OC(=O)[C@@H]3CCCCN3C(=O)C(=O)[C@]3(O)O[C@@H](CC[C@H]3C)C1)N(c1ccccc1)O2,[]
CHEMBL609583,O=C(NO)c1cnc(N2CCN(S(=O)(=O)c3ccc4ccccc4c3)CC2)nc1,"['Anticancer', 'HDACs Inhibitor', 'Histone Deacetylase Inhibitor']"
CHEMBL103,CC(=O)[C@H]1CC[C@H]2[C@@H]3CCC4=CC(=O)CC[C@]4(C)[C@H]3CC[C@]12C,"['Butylcholinesterase Inhibitor', 'ChEs Inhibitor', 'Progesterone Receptor Agonist', 'Selective Androgen Receptor Modulator', 'Progesterone Receptor Ligand', '17 alpha-hydroxylase/C17,20-lyase Inhibitor', 'AKT/mTOR Inhibitor', 'Progesterone Receptor Modulator', 'FXR Modulator']"
CHEMBL1183349,CNCC(=O)OCc1cccnc1N(C)C(=O)OC(C)[n+]1cnn(C[C@](O)(c2cc(F)ccc2F)[C@@H](C)c2nc(-c3ccc(C#N)cc3)cs2)c1,['Antifungal']
CHEMBL1189432,CN(C)CC/C=C1/c2ccccc2COc2ccc(CC(=O)O)cc21,[]
CHEMBL146624,CCc1ccc(C(=O)COc2ccc(CC3SC(=O)NC3=O)cc2)nc1,"['Hypolipidemic', 'PPAR Gamma Modulator', 'Insulin-Sensitizing', 'Euglycemic Agent']"
CHEMBL146972,NCCOP(=O)(O)O,[]
CHEMBL1607480,CN(C)[C@@H]1C(O)=C(C(N)=O)C(=O)[C@@]2(O)C(O)=C3C(=O)c4c(O)cccc4[C@@](C)(O)[C@H]3[C@H](O)[C@@H]12.Cl,"['Antibiotic', 'Efflux Pump Inhibitor', 'Bactericidal', 'FtsZ-Targeting', 'Dicer Inhibitor', 'Antibiotic Resistance', 'Multidrug Efflux Pump']"
CHEMBL1697762,O=C(OCC(COC(=O)c1cccnc1)(COC(=O)c1cccnc1)COC(=O)c1cccnc1)c1cccnc1,[]
CHEMBL18116,Cc1cccc(N2CC(CO)OC2=O)c1,[]
CHEMBL186,CO/N=C(\C(=O)N[C@@H]1C(=O)N2C(C(=O)[O-])=C(C[N+]3(C)CCCC3)CS[C@H]12)c1csc(N)n1,"['Antibiotic', 'PBP2 Inhibitor']"
CHEMBL2105717,COc1cc2nccc(Oc3ccc(NC(=O)C4(C(=O)Nc5ccc(F)cc5)CC4)cc3)c2cc1OC,"['Anticancer', 'VEGFR2 Inhibitor', 'cMET Inhibitor', 'Multi-target Kinase Inhibitor']"
CHEMBL2110732,COc1cc2ncnc(Nc3ccc(F)c(Cl)c3)c2cc1NC(=O)/C=C/CN1CCCCC1,['EGFR Kinase Inhibitor']
CHEMBL2110788,CC[N+]1(CC)CCC(OC(=O)C(O)(c2ccccc2)c2ccccc2)C1,"['Muscarinic Receptor Antagonist', 'Bronchodilator', 'Anticholinergic', 'Muscarinic M3 Receptor Antagonist']"
CHEMBL2219418,C=CCN1CC[C@]23c4c5ccc(O)c4O[C@H]2[C@@H](OCCOCCOCCOCCOCCOCCOCCOC)CC[C@@]3(O)[C@H]1C5,['Opioid Analgesic']
CHEMBL296419,COc1ccc(CCN2CCC(Nc3nc4ccccc4n3Cc3ccc(F)cc3)CC2)cc1,"['Antihistaminic', 'PRC2 Inhibitor']"
CHEMBL304087,COc1cc(NC(=O)Nc2cccc(CNC(=O)O[C@H]3CCOC3)c2)ccc1-c1cnco1,"['ROCK II Inhibitor', 'IMPDH Inhibitor']"
CHEMBL305906,CCCCCCCCCCCCCCCC[n+]1ccccc1,"['Antifungal', 'Neuronal Nicotinic Receptor Ligand', 'Alpha4Beta2-nAChR Agonist', 'Dopamine Antagonist', 'Nicotinic Acetylcholine Receptor Antagonist', 'Haemolytic Activity', 'Neuronal Choline Transporter Ligand']"
CHEMBL3087515,COC(=O)N1CC[C@@H]2[C@H]1CCC[C@@]2(O)C#Cc1cccc(C)c1,['mGluR5 Positive Allosteric Modulator']
CHEMBL3143549,Nc1nc(O)c2ncn([C@@H]3O[C@H](CO)[C@@H](O)[C@@H]3F)c2n1,[]
CHEMBL314854,CCCCCCCCc1ccc(CCC(N)(CO)CO)cc1,"['S1P1 Agonist', 'Immunosuppressant']"
CHEMBL35306,C[C@@H]([C@H](N)C(=O)N[C@H](C(=O)O)[C@H]1O[C@@H](n2ccc(=O)[nH]c2=O)[C@H](O)[C@@H]1O)[C@H](O)c1ccc(O)cn1,"['Chitin Synthetase Inhibitor', 'Anticandidal', 'Cell Wall Biosynthesis', 'Translocase I Inhibitor']"
CHEMBL3597971,Cc1cc(C)nc(N2CC3CN(C(=O)c4c(F)cccc4-n4nccn4)CC3C2)n1,"['Orexin-1 Receptor Antagonist', 'Insomnia Treatment', 'Insomnia', 'DORA']"
CHEMBL4298146,O=C(O)/C=C/C(=O)O.O=C(O)/C=C/C(=O)O.O=C(O)/C=C/C(=O)O.O=C1CCc2c(Oc3ccc4c(c3)[C@@H]3[C@H](O4)[C@H]3c3nc4cc(C(F)(F)F)ccc4[nH]3)ccnc2N1.O=C1CCc2c(Oc3ccc4c(c3)[C@@H]3[C@H](O4)[C@H]3c3nc4cc(C(F)(F)F)ccc4[nH]3)ccnc2N1,[]
CHEMBL446143,NCCC[C@H](N)C(=O)O,"['Riboswitch Ligand', 'AGE Inhibitor', 'DDAH-1 Inhibitor']"
CHEMBL4594287,COc1cc2c(cc1OC)-c1c/c(=N\c3c(C)cc(C)cc3C)n(CCNC(N)=O)c(=O)n1CC2,[]
CHEMBL469,O=C(c1ccccc1)c1ccc2n1CCC2C(=O)O,"['Anti-Inflammatory', 'Analgesic']"
CHEMBL486226,Cn1c(N2CCCCS2(=O)=O)nc(C(=O)NCc2ccc(F)cc2)c(O)c1=O,['HIV Integrase Inhibitor']
CHEMBL505,CN(C)CCC(c1ccc(Cl)cc1)c1ccccn1,"['H1 Receptor Antagonist', 'PfCRT Inhibitor', 'CNS Drug Partitioning']"
CHEMBL5314363,CN1CCc2cccc3c2[C@H]1Cc1ccc(O)c(O)c1-3.Cl.Cl.O,"['5-HT 1A Receptor Agonist', 'D2 Dopamine Receptor Ligand', 'Dopamine D2 Receptor Antagonist', 'Dopamine Receptor Agonist', 'D2 Receptor Partial Agonist', 'Anti-Parkinson', 'Dopamine Antagonist', 'Dopamine D2 Agonist', 'D2 Agonist', 'D1 Dopamine Receptor Agonist', 'EED Inhibitor', 'Adrenergic Agonist', 'Epigenetic Cancer Therapy']"
CHEMBL5314596,CCN(CC)CCOC(=O)c1ccccc1OC(C)=O.Cl,[]
CHEMBL583,Cc1c(F)c(N2CCNC(C)C2)cc2c1c(=O)c(C(=O)O)cn2C1CC1,['Antibiotic']
CHEMBL593,CC(C)Nc1cccnc1N1CCN(C(=O)c2cc3cc(NS(C)(=O)=O)ccc3[nH]2)CC1,"['Anti-HIV-1', 'HIV-1 PR/RT Inhibitor', 'NNRTI', 'Reverse Transcriptase Inhibitor', 'HIV-1', 'Non-nucleoside Reverse Transcriptase Inhibitor']"
CHEMBL62382,C[Se]C[C@H](N)C(=O)O,[]
CHEMBL63857,O=C1OC(c2ccc(O)cc2)(c2ccc(O)cc2)c2ccccc21,"['Thymidylate Synthetase Inhibitor', 'Selective']"
CHEMBL761,c1ccc2c(CC3=NCCN3)cccc2c1,['Alpha 1-Adrenoceptor Agonist']
CHEMBL878,Cc1ccccc1N1C(=O)c2cc(S(N)(=O)=O)c(Cl)cc2NC1C,['Carbonic Anhydrase Inhibitor']
CHEMBL969,O=C1CN=C(c2ccccc2)c2cc(Cl)ccc2N1CC1CC1,[]
CHEMBL1086997,CCCCN1C[C@H](O)[C@@H](O)[C@@H](O)[C@H]1CO,"['Dengue Inhibitor', 'Pharmacologic Chaperone', 'Anti-Viral', 'Beta-Glucocerebrosidase Inhibitor', 'Glucosylceramide Synthase/ Glucosylceramidase Inhibitor', 'GCase Inhibitor', 'Lysosomal Storage Disorder', 'Type-2 Diabetes Therapeutic', 'Beta-Mannosidase Inhibitor', 'Postprandial Hyperglycemia', 'Pompe Disease', 'GAA Ligand']"
CHEMBL11608,NCCc1ccc(O)cc1,[]
CHEMBL1201777,CC[C@@H](c1cccc(O)c1)[C@@H](C)CN(C)C.Cl,[]
CHEMBL1207907,CC(C)(CS(=O)(=O)O)N(Cl)Cl,['Topical Antimicrobial']
CHEMBL1258517,O=C(Nc1ccncc1)Nc1ccc(-c2nc(N3CCOCC3)nc(N3C4CCC3COC4)n2)cc1,"['PI3 Kinase Inhibitor', 'mTORC1 Inhibitor']"
CHEMBL1607273,Cl.Cl.O=C(O)COCCN1CCN(C(c2ccccc2)c2ccc(Cl)cc2)CC1,"['GABA Uptake Inhibitor', 'H1 Receptor Antagonist', 'hERG Channel Inhibitor', 'Histamine Receptor Antagonist', 'H4 Receptor Antagonist', 'IKr Channel Blocker', 'Antihistamine', 'HERG Inhibitor', 'CNS Drug Partitioning', 'Histamine H1-Receptor Agonist']"
CHEMBL16293,c1ccc2ccccc2c1,"['CYP1A Inhibitor', 'CYP2A6 Inhibitor']"
CHEMBL2103856,CCOc1cc2c(c(F)c1OCC)C(=N)N(CC(=O)c1cc(N3CCOCC3)c(OC)c(C(C)(C)C)c1)C2,[]
CHEMBL2104273,CCN1[C@@H]2CC[C@H]1C[C@@H](OC(c1ccccc1)c1ccccc1)C2,"['Dopamine Transporter Ligand', 'Cholinergic Receptor Antagonist']"
CHEMBL2104612,O[C@H]([C@H](O)[C@@H](O)CBr)[C@H](O)CBr,[]
CHEMBL2105764,CC1=C2C[C@H]3[C@@H](CC[C@@H]4C[C@H](NS(C)(=O)=O)CC[C@@]43C)[C@@H]2CC[C@@]2(C1)O[C@@H]1C[C@H](C)CN[C@H]1[C@H]2C.Cl,[]
CHEMBL231616,NC(=S)N/N=C/c1ncccc1N,['MDR1-Selective']
CHEMBL2403318,Cn1c(C2(NC(=O)c3ccc4c(C5CCCC5)c(-c5ncc(Br)cn5)n(C)c4c3)CCC2)nc2ccc(/C=C/C(=O)O)cc21,['HCV NS5b Polymerase Inhibitor']
CHEMBL30044,N=C(N)c1ccc(OCCCOc2ccc(C(=N)N)cc2Br)c(Br)c1,['Acrosin Inhibitor']
CHEMBL361506,N=C(N)c1ccc(OCCCCCOc2ccc(C(=N)N)cc2)cc1.O=S(=O)(O)CCO.O=S(=O)(O)CCO,"['Antimalarial', 'Anti-Trypanosomal', 'Antiprotozoan', 'Antikinetoplastid', 'PRMT Inhibitor', 'p53-Inhibitor']"
CHEMBL3707374,CCCCCCCOc1ccc(CCC(N)(CO)CO)cc1C(F)(F)F.Cl,['S1P1 Agonist']
CHEMBL376359,Cn1c(=O)cc(N2CCC[C@@H](N)C2)n(Cc2ccccc2C#N)c1=O,"['Anti-Diabetic', 'DPPIV Inhibitor', 'Type 2 Diabetes', 'Diabetes', 'T2DM Treatment']"
CHEMBL39,NCCc1c[nH]c2ccc(O)cc12,"['Antidepressant', '5-HT 1A Receptor Agonist', '5-HT2A Receptor Antagonist', '5-HT(1A) Receptor Ligand', '5-HT(1A) Receptor Antagonist', '5-HT2A/2C Agonist', '5-HT2A Receptor Ligand', '5-HT6 Receptor Ligand', '5-HT7 Receptor Ligand', '5-HT(7) Receptor Antagonist', '5-HT Ligand', '5-HT Agonist', '5-HT(1B/1D) Agonist', '5-HT4 Receptor Agonist', 'Serotonin Receptor Ligand', 'Myeloperoxidase Inhibitor', 'Procognitive', 'Ocular Hypotensive', '5-HT6 Agonist', 'Adenylyl Cyclase Inhibitor', '5-HT(4)R Ligand', '5-HT3 Receptor Agonist', 'Carbonic Anhydrase Activator', 'Serotoninergic Agonist', 'Spermicidal', 'Schizophrenia Treatment', 'Organic Cation Transporter', 'Neurogenic', 'Neuropeptide Y5 Receptor Ligand', 'h5-HT1D Receptor Ligand', 'Neurotoxin', '5-HT1A Affinity', 'Serotonin Receptor', 'Gastrokinetic', 'Anti-Migraine']"
CHEMBL3989564,NC[C@H]1O[C@H](O[C@H]2[C@H](O)[C@@H](O[C@H]3O[C@H](CO)[C@@H](O)[C@H](N)[C@H]3O)[C@H](N)C[C@@H]2N)[C@H](N)C[C@@H]1O.NC[C@H]1O[C@H](O[C@H]2[C@H](O)[C@@H](O[C@H]3O[C@H](CO)[C@@H](O)[C@H](N)[C@H]3O)[C@H](N)C[C@@H]2N)[C@H](N)C[C@@H]1O.O=S(=O)(O)O.O=S(=O)(O)O.O=S(=O)(O)O.O=S(=O)(O)O.O=S(=O)(O)O,"['Aminoglycoside', 'Nonsense Mutation Suppressor']"
CHEMBL4112929,C[C@@H]1CCC[C@H](n2cnc(-c3cc(Cl)ccc3-n3cc(Cl)nn3)cc2=O)c2cc(ccn2)-c2c(cnn2C(F)F)NC1=O,['Factor XIa Inhibitor']
CHEMBL4297219,C[C@@H]1CN(C(=O)c2ccc(NC(=O)c3cc(O[C@H](C)c4c(Cl)ccc(F)c4Cl)c(N)nn3)cc2)C[C@H](C)N1.Cl.Cl,[]
CHEMBL4297278,CC[C@H](O)[C@@H](C)[C@H]1O[C@@H]1C[C@@](C)(O)/C=C/C=C(\C)[C@H]1OC(=O)C[C@H](O)CC[C@@](C)(O)[C@@H](OC(=O)N2CCN(C3CCCCCC3)CC2)/C=C/[C@@H]1C,[]
CHEMBL4297472,CN(C[C@H](O)[C@@H](O)[C@H](O)[C@H](O)CO)C(=S)[S-].[Na+],[]
CHEMBL4297483,CN(CCCn1nnc2cc(CNC[C@H](O)c3ccc(O)c4[nH]c(=O)ccc34)ccc21)[C@H]1CC[C@H](OC(=O)C(O)(c2cccs2)c2cccs2)CC1,"['Beta(3)-Adrenergic Agonist', 'Bronchodilator', 'COPD', 'MABA']"
CHEMBL439,Nc1ccc(S(=O)(=O)Nc2ncccn2)cc1,[]
CHEMBL4650217,COc1cc(C(=O)N2CCC3(CC2)CC(=O)c2c(cnn2C(C)C)C3)cc(-c2ccc(C(=O)O)cc2)n1.NC(CO)(CO)CO,"['Liver-Targeting', 'ACC Inhibitor']"
CHEMBL474579,CO[C@@]1(NC(=O)C2SC(=C(C(N)=O)C(=O)O)S2)C(=O)N2C(C(=O)O)=C(CSc3nnnn3C)CS[C@@H]21,['Antibiotic']
CHEMBL4756595,COc1cc(F)ccc1-c1cc(Nc2cc(CS(C)(=N)=O)ccn2)ncc1F,"['Cancer Therapy', 'CDK9 Inhibitor', 'Myeloma']"
CHEMBL5090754,CC1(C)CC[C@H](Nc2ncc(C(F)(F)F)c(-c3c[nH]c4c(P(C)(C)=O)c(C#N)ccc34)n2)CN1,['CDK7 Inhibitor']
CHEMBL5095087,Cc1cccc(Oc2cc(Oc3cccc(C)n3)cc(Oc3cccc(C)n3)c2)n1,['PfMIF Inhibitor']
CHEMBL5314421,CCOc1cc(CN2CCOCC2)cc2[nH]c(=O)c3c(c12)NCCC3.Cl.Cl.O.O,[]
CHEMBL720,OCc1ccccc1,[]
CHEMBL1004,CN(C)CCOC(C)(c1ccccc1)c1ccccn1,[]
CHEMBL1118,CN(C)CC(c1ccc(O)cc1)C1(O)CCCCC1,"['Antidepressant', 'SNRI']"
CHEMBL1183040,Cc1c(CCO)sc[n+]1CCCCCCCCCCCC[n+]1csc(CCO)c1C,['Antimalarial']
CHEMBL12,CN1C(=O)CN=C(c2ccccc2)c2cc(Cl)ccc21,[]
CHEMBL1200908,CCC(=O)O[C@]1(C(=O)CCl)[C@@H](C)C[C@H]2[C@@H]3C[C@H](F)C4=CC(=O)C=C[C@]4(C)[C@@]3(F)[C@@H](O)C[C@@]21C,"['Anti-Inflammatory', 'Topical Antiinflammatory', 'Vasoconstrictor']"
CHEMBL1201001,CN(CCCl)CCCl.Cl,[]
CHEMBL1201237,CC(C)(C)NC[C@H](O)COc1cccc2c1CCCC2=O,"['Beta-Adrenoceptor Blocker', 'Beta-Adrenergic Receptor Ligand']"
CHEMBL1315867,CC(C)(C)NCC(O)c1cc(O)cc(O)c1.CC(C)(C)NCC(O)c1cc(O)cc(O)c1.O=S(=O)(O)O,"['Beta(3)-Adrenergic Agonist', 'Bronchodilator']"
CHEMBL175,CC(C)Cc1ccc([C@H](C)C(=O)O)cc1,"['Anti-Inflammatory', 'Analgesic', 'COX2 Inhibitor', 'Lipoxygenase Inhibitor', 'CXCR1 Inhibitor']"
CHEMBL1779710,CC(C)(C)OC[C@@H]1C(=O)NCCN1C(=O)C[C@H](N)Cc1cc(F)c(F)cc1F,"['DPPIV Inhibitor', 'Type 2 Diabetes']"
CHEMBL1800955,COC(=O)N1CCN(Cc2cccc(NC(=O)Nc3ccc(C)nc3)c2F)CC1,[]
CHEMBL1908361,Nc1nc(=O)c2c([nH]1)NC[C@H](CNc1ccc(C(=O)N[C@@H](CCC(=O)[O-])C(=O)[O-])cc1)N2C=O.[Ca+2],['Antitumor']
CHEMBL2105902,COc1ccc([N-]S(=O)(=O)c2c(F)c(F)c(F)c(F)c2F)cc1F.[Na+],[]
CHEMBL2105910,CC(COc1ccccc1Cc1ccccc1)N1CCCCC1,[]
CHEMBL2107354,CCCCCCCCCCCCCCCC(=O)OC[C@H](COP(=O)([O-])OCCNC(=O)[C@H](C)NC(=O)CC[C@@H](NC(=O)[C@H](C)NC(=O)[C@@H](C)O[C@H]1[C@H](O)[C@@H](CO)OC(O)[C@@H]1NC(C)=O)C(N)=O)OC(=O)CCCCCCCCCCCCCCC.O.[Na+],[]
CHEMBL267345,C[C@@H]1[C@H](O)[C@@H](C)/C=C/C=C/C=C/C=C/C=C/C=C/C=C/[C@H](O[C@@H]2O[C@H](C)[C@@H](O)[C@H](N)[C@@H]2O)C[C@@H]2O[C@](O)(C[C@@H](O)C[C@@H](O)[C@H](O)CC[C@@H](O)C[C@@H](O)CC(=O)O[C@H]1C)C[C@H](O)[C@H]2C(=O)O,"['Antibiotic', 'Antifungal', 'FabB Inhibitor']"
CHEMBL276711,Cc1cc(C)c(/C=C2\C(=O)Nc3ccccc32)[nH]1,"['Tyrosine Protein Kinase Inhibitor', 'PDGFRAlpha Inhibitor', 'VEGF-R Inhibitor', 'RET Inhibitor', 'IL-2 Inhibitor', 'NSCLC Therapy']"
CHEMBL35033,CCOCn1c(Cc2ccccc2)c(C(C)C)c(=O)[nH]c1=O,"['Anti-HIV-1', 'HIV-1 PR/RT Inhibitor']"
CHEMBL3716365,O=c1nc(OC[C@@H]2COCCO2)cc2n1CCc1cc(C#CC3CC3)ccc1-2,"['GPR84 Antagonist', 'Ulcerative Colitis', 'GPR84 Inhibitor']"
CHEMBL4091801,CCN1[C@@H](C(=O)NC23CCC(C(=O)O)(CC2)CC3)[C@H](c2cccc(Cl)c2F)[C@]2(C(=O)Nc3cc(Cl)ccc32)C12CCCCC2,['MDM2 Inhibitor']
CHEMBL4297282,CN[C@@H](C)C(=O)N[C@H](C(=O)N1CCC[C@H]1C(=O)Nc1sc(-c2ncco2)nc1-c1ccccc1)C1CCCCC1,"['IAP Antagonist', 'NF-KappaB Activator']"
CHEMBL4297538,CO[C@@H]1COCC[C@@H]1N[C@@H]1CC[C@@](CN2CCc3ncc(C(F)(F)F)cc3C2)(C(C)C)C1,['CCR2 Antagonist']
CHEMBL4594402,CO[C@]12CC[C@@]3(C[C@@H]1[C@](C)(O)C(C)(C)C)[C@H]1Cc4ccc(OCCOc5ccc6c7c5O[C@H]5[C@@]8(OC)CC[C@@]9(C[C@@H]8[C@](C)(O)C(C)(C)C)[C@@H](C6)N(CC6CC6)CC[C@]759)c5c4[C@@]3(CCN1CC1CC1)[C@H]2O5,[]
CHEMBL4863829,CC(C)C(=O)OC[C@H]1O[C@@](C#N)(c2ccc3c(N)ncnn23)[C@H](O)[C@@H]1O,"['Prodrug', 'RSV Inhibitor', 'Oral Bioavailability', 'Anti-SARS-CoV-2']"
CHEMBL5093566,CCC(=O)N[C@H]1Cc2cccc(C(=O)O)c2OB1O,"['Beta-Lactamase Inhibitor', 'Beta-lactamase Inhibitor']"
CHEMBL5095233,O=[P@]1(S)OC[C@H]2O[C@@H]3[C@H](F)[C@@H]2O[P@](=O)(S)OC[C@H]2O[C@H]([C@H](F)[C@@H]2O1)n1cnc2c(ncnc21)NC/C=C/CNc1ncnc2c1ncn23,[]
CHEMBL529888,Cc1ccc(S(=O)(=O)NC(=O)N[C@H]2[C@H]3CC[C@@](C)([C@H]2O)C3(C)C)cc1,[]
CHEMBL5314397,Cc1ccc(C(=O)NC2CC2)cc1-n1ncc(C(=O)c2cccc(C#N)c2)c1N,['p38 MAP Kinase Inhibitor']
CHEMBL561371,CCCCCCCC/C(=C\CCCCCCCC(=O)O)[N+](=O)[O-],"['FBPase Inhibitor', 'TRPA1 Activator']"
CHEMBL566757,O=C(/C=C/c1cccnc1)NCCCCC1CCN(C(=O)c2ccccc2)CC1,['NAMPT Inhibitor']
CHEMBL589,CCCN(CCC)CCc1cccc2c1CC(=O)N2,"['Dopamine Receptor Agonist', 'Anti-Parkinson', 'D2/D3 Receptor Ligand', 'Beta-Arrestin Biased', 'Alpha-Synuclein Aggregation Inhibitor']"
CHEMBL607,CCOC(=O)C1(c2ccccc2)CCN(C)CC1,['Analgesic']
CHEMBL887,C#CCN[C@@H]1CCc2ccccc21,"['Antioxidant', 'Neuroprotective', 'Acetylcholinesterase Inhibitor', ""Alzheimer's Disease"", 'Amyloid-Beta Aggregation Inhibitor', 'AChE Inhibitor', 'MAO-B Inhibitor', 'MAO A Inhibitor', 'Antialzheimer', 'Metal Chelator', ""Alzheimer's Treatment"", 'Monoamine Oxidase-B Inhibitor', 'Anti-Parkinson', 'ChEs Inhibitor', 'Multi-Functional', 'PD Treatment', 'MAO B Inhibitor', 'Biometal Chelator', 'Anti-Beta Amyloid', 'Multitarget-Directed Ligand', 'Glioprotective']"
CHEMBL1059,CC(C)C[C@H](CN)CC(=O)O,"['Analgesic', 'Anticonvulsive', 'Pain', 'Voltage-Gated Calcium Channel Ligand', 'Sigma1 Receptor Antagonist', 'Alpha(2)delta Ligand', 'Pain Modulator', 'ANO1 Inhibitor', 'Ca2+ Channel Inhibitor', 'Neurogenic Pain']"
CHEMBL1095,CCN1C(=O)NC(c2ccccc2)C1=O,['Anticonvulsive']
CHEMBL1200365,Nc1ccc(C(=O)NCC(=O)[O-])cc1.[Na+],[]
CHEMBL1201335,C[N+]1(C)CCC(OC(=O)C(O)(c2ccccc2)C2CCCC2)C1,"['Muscarinic Receptor Antagonist', 'Bronchodilator', 'Anticholinergic', 'Muscarinic M3 Receptor Antagonist']"
CHEMBL1213165,C[C@@H]1CCO[C@H]2Cn3cc(C(=O)NCc4ccc(F)cc4F)c(=O)c([O-])c3C(=O)N12.[Na+],"['HIV Integrase Inhibitor', 'Antiretroviral', 'RNase H Inhibitor', 'Integrase Inhibitor', 'Hydrogen Sulfide Donor']"
CHEMBL146032,CC(=O)c1ccc([C@H]2C[C@@]3(C)[C@@H](CC[C@@]3(O)C(F)(F)C(F)(F)F)[C@@H]3CCC4=CC(=O)CCC4=C32)cc1,"['Progesterone Antagonist', 'GR Antagonist']"
CHEMBL1588,Cc1ncc(C[n+]2csc(CCO)c2C)c(N)n1.[Cl-],"['Cancer', 'Transketolase Inhibitor']"
CHEMBL1834657,CCN1CCN(c2ccc(Nc3cc(N(C)C(=O)Nc4c(Cl)c(OC)cc(OC)c4Cl)ncn3)cc2)CC1.O=P(O)(O)O,"['FGFR1 Inhibitor', 'FGFR4 Inhibitor', 'SMO Inhibitor']"
CHEMBL2107308,COc1cc(O)c(C(=O)Nc2nc(C(=O)NCCN(C(C)C)C(C)C)cs2)cc1OC.Cl.O.O.O,[]
CHEMBL261244,CCNC(=O)Nc1ncnc2c1ncn2[C@@H]1O[C@H](COP(=O)([O-])[O-])[C@H]2O[C@H](/C=C/c3ccccc3)O[C@H]21.[Na+].[Na+],"['Antiplatelet Aggregation Inhibitor', 'P2Y Receptor Antagonist']"
CHEMBL267744,O=C(O)COc1ccc(C(=O)c2cccs2)c(Cl)c1Cl,['Diuretic']
CHEMBL267777,Cc1nc2sccn2c(=O)c1CCN1CCC(=C(c2ccc(F)cc2)c2ccc(F)cc2)CC1,[]
CHEMBL3137310,COc1ccc2c3c1O[C@H]1C(OC(=O)c4ccccc4)=CC[C@@H]4[C@@H](C2)N(C)CC[C@@]341.Cl,['Analgesic']
CHEMBL3644672,COc1c(OC[C@H](O)CN2CCOCC2)ccc2c1N=C(NC(=O)c1cccnc1C)N1CCN=C21,[]
CHEMBL3989563,CN1CCC[C@H]1c1cccnc1.O.O.O=C(O)C(O)C(O)C(=O)O.O=C(O)C(O)C(O)C(=O)O,[]
CHEMBL3989869,CC(C)Oc1ccc(-c2nn([C@@H](C)c3oc4ccc(F)cc4c(=O)c3-c3cccc(F)c3)c3ncnc(N)c23)cc1F.Cc1ccc(S(=O)(=O)O)cc1,['PI3KDelta-Gamma Inhibitor']
CHEMBL421,O=C(O)c1cc(/N=N/c2ccc(S(=O)(=O)Nc3ccccn3)cc2)ccc1O,['SHP2 Inhibitor']
CHEMBL4250860,CC(=O)c1nn(CC(=O)N2C[C@H](F)C[C@H]2C(=O)Nc2cccc(Br)n2)c2ccc(-c3cnc(C)nc3)cc12,['Complement Factor D Inhibitor']
CHEMBL4297448,c1ccc(-c2cc(-c3ccncc3)c(N3CCN(c4ncccn4)CC3)nn2)cc1,['Neuroinflammation']
CHEMBL4297506,FC(F)(F)c1ccc(COC(Cn2ccnc2)c2ccc(Cl)cc2Cl)cc1,[]
CHEMBL4298169,O=C(O)c1cc(F)c2nc(N3[C@@H]4CC[C@H]3C[C@@H](OCc3c(-c5ccccc5OC(F)(F)F)noc3C3CC3)C4)sc2c1,"['FXR Partial Agonist', 'NASH Treatment', 'NASH', 'Cholestatic Liver Diseases']"
CHEMBL4741924,CNC(=O)c1cn(C[C@H](F)CCc2ccc(NC(=O)Cc3cc(OC4CC(F)(F)C4)cc(C)n3)nn2)nn1,['GLS-1 Inhibitor']
CHEMBL575060,N[C@@H](CCC(=O)O)C(=O)O,"['mGlu2 Antagonist', 'mGluR Agonist', 'Glutamate Racemase Inhibitor', 'EAAT2 Inhibitor', 'Glutamine Synthetase Inhibitor', 'GluK1 Antagonist', 'Convulsant', 'Epilepsy', 'mGlu4R Agonist', 'mGlu1 Ligand', 'GluR5 Agonist', 'Chemokine Inhibitor', 'Excitatory Amino Acid Transporter Inhibitor', 'Inhibitor', 'Kainate Receptor Agonist', 'Ionotropic Glutamate Receptor Ligand', 'GluR6-Antagonist', 'Kainate Receptor Inhibitor']"
CHEMBL107367,Cc1oc(-c2ccccc2)nc1CCOc1ccc(C[C@H](Nc2ccccc2C(=O)c2ccccc2)C(=O)O)cc1,"['Anti-Diabetic', 'PPAR gamma Agonist', 'PPAR Alpha/Gamma Agonist', 'PPARgamma Inverse Agonist']"
CHEMBL112,CC(=O)Nc1ccc(O)cc1,[]
CHEMBL1162175,CCNC(=O)Nc1ncnc2c1ncn2[C@@H]1O[C@H](COP(=O)(O)O)[C@H]2O[C@H](/C=C/c3ccccc3)O[C@H]21,"['Antiplatelet Aggregation Inhibitor', 'P2Y Receptor Antagonist']"
CHEMBL1200381,Cl.N=C(N)NCCC[C@H](N)C(=O)O,"['nNOS Inhibitor', 'Neuronal NO Synthase Inhibitor', 'Nitric Oxide Synthase Inhibitor', 'Riboswitch Ligand', 'AGE Inhibitor', 'DDAH-1 Inhibitor', 'NGF Inducer']"
CHEMBL1200724,CN[C@@H](C)[C@@H](O)c1ccccc1.Cl,[]
CHEMBL1233,CCCC(C)(COC(N)=O)COC(=O)NC(C)C,['Anticonvulsive']
CHEMBL1410743,CC1OC(C)OC(C)O1,[]
CHEMBL1449,CC1(C)S[C@@H]2[C@H](NC(=O)[C@H](C(=O)O)c3ccsc3)C(=O)N2[C@H]1C(=O)O,['Antibiotic']
CHEMBL1614710,O=C(Nc1ccc(OC(F)(F)F)cc1)c1sccc1NCc1ccnc2ccccc12,"['VEGFR2 Inhibitor', 'KDR Inhibitor', 'c-Kit Inhibitor']"
CHEMBL164660,O=c1ccc2cc3ccoc3cc2o1,"['Melanogenesis Stimulator', 'DNA-Docking Scoring Function']"
CHEMBL1660,CO[C@H]1/C=C/O[C@@]2(C)Oc3c(C)c(O)c4c(O)c(c(/C=N/N5CCN(C6CCCC6)CC5)c(O)c4c3C2=O)NC(=O)/C(C)=C\C=C\[C@H](C)[C@H](O)[C@@H](C)[C@@H](O)[C@@H](C)[C@H](OC(C)=O)[C@@H]1C,"['Antibiotic', 'Anti-Tuberculosis']"
CHEMBL1788402,O=S(=O)(O)c1cc(I)c(O)c2ncccc12,['COMT Inhibitor']
CHEMBL1899801,FC(F)(F)C(F)(F)C(F)(F)C(F)(F)C(F)(F)F,['Convulsant']
CHEMBL1922673,CCOc1ccc(-c2ccc(Cn3c(CC(C)(C)C(=O)[O-])c(SC(C)(C)C)c4cc(OCc5ccc(C)cn5)ccc43)cc2)cn1.[Na+],"['FLAP Inhibitor', 'Leukotriene Biosynthesis Inhibitor']"
CHEMBL1946186,CN1[C@@H]2CC[C@H]1C[C@@H](OC1c3ccccc3CCc3ccccc31)C2,"['Chemokine Receptor Inhibitor', 'Acetylcholine Binding Protein Ligand']"
CHEMBL1951575,CC(C)(C)NC(=O)c1ccc(Oc2cc(F)c(CC(=O)O)cc2Cl)c(NS(=O)(=O)c2ccc(C3CC3)cc2Cl)c1,"['CRTH2 Antagonist', 'DP Antagonist']"
CHEMBL2068724,CC(=O)NCCCS(=O)(=O)[O-].CC(=O)NCCCS(=O)(=O)[O-].[Ca+2],[]
CHEMBL2110805,CC[N+](C)(C)C(C)CC(c1ccccc1)c1ccccc1,[]
CHEMBL30,CN/C(=N\CCSCc1nc[nH]c1C)NC#N,"['Gastric Acid Inhibitor', 'Histamine H2-Receptor Antagonist']"
CHEMBL3039113,CCNC(=O)CC[C@H](N)C(=O)O,[]
CHEMBL3260567,Cc1cccc(-c2[nH]c(CNc3ccccc3F)nc2-c2ccc3ncnn3c2)n1,"['Anti-Fibrotic', 'ALK5 Inhibitor', 'TGF-Beta Receptor Inhibitor', 'Cancer Immunotherapeutic']"
CHEMBL3544906,C[C@@H](Cc1ccccc1)N(C)Cc1ccccc1.Cl,[]
CHEMBL3707339,Cc1ncc(COP(=O)(O)O)c(C=O)c1O.NC(=O)CC[C@H](N)C(=O)O,[]
CHEMBL3818247,CN1C(=O)COc2c1cnc1ccc(Sc3nnc4c(F)cc(-c5cnn(C)c5)cn34)cc21,['cMET Inhibitor']
CHEMBL3894860,CN1CCN(c2ccc(Nc3ncc4cc5n(c4n3)C3(CCCCC3)CNC5=O)nc2)CC1,['Cyclin-Dependent Kinase Inhibitor']
CHEMBL3989551,CCC[C@@H]1C[C@@H](C(=O)N[C@@H]([C@H]2O[C@H](SC)[C@H](O)[C@@H](O)[C@H]2O)[C@@H](C)O)N(C)C1.Cl.O,"['Antibiotic', 'Peptide Deformylase Inhibitor', 'RNA Ligand', 'FtsZ-Targeting', 'Antibiotic Resistance']"
CHEMBL3989676,CCCCC1C(=O)N(c2ccccc2)N(c2ccc(O)cc2)C1=O.O,"['OAT1 Inhibitor', 'Prostaglandin Synthase Inhibitor', 'Epigenetic Cancer Therapy']"
CHEMBL4297530,CCO[C@@H](Cc1ccc(OCCn2c(C)ccc2-c2ccc(SC)cc2)cc1)C(=O)O,"['PPAR gamma Agonist', 'PPAR Alpha/Gamma Agonist']"
CHEMBL507361,O=C(NOC[C@H](O)CO)c1ccc(F)c(F)c1Nc1ccc(I)cc1F,"['Anticancer', 'GSK-3beta Inhibitor', 'AKT Inhibitor', 'DYRK1A Inhibitor', 'MEK1 Inhibitor', 'Src Inhibitor', 'RSK1 Inhibitor', 'ERK Inhibitor', 'CK1Alpha Inhibitor', 'PIM Inhibitor', 'CRBN-Recruiting', 'MEK1/2 Degrader', 'VHL-Recruiting']"
CHEMBL5095176,[2H]C([2H])([2H])c1ccc(=O)n(-c2ccccc2)c1,['m A Demethylase Inhibitor']
CHEMBL5315046,O=C(O)C[C@@H](c1ccc(OC(F)F)nc1)N1CCN(CCCc2ccc3c(n2)NCCC3)C1=O,['Alpha(v)beta3 Integrin Antagonist']
CHEMBL5316166,OB1OB(O)O[B-]2(O1)OB(O)OB(O)O2,"['Carbonic Anhydrase Inhibitor', 'Anti-Trypanosomal', 'CA I Inhibitor', 'Carbonic Anhydrase', 'CO2 Hydrase', 'Beta-CA Inhibitor']"
CHEMBL535396,CC(N)C12CC3CC(CC(C3)C1)C2.Cl,"['Influenza Inhibitor', 'Anti-Parkinson']"
CHEMBL562,COC1=CC(=O)C[C@@H](C)[C@]12Oc1c(Cl)c(OC)cc(OC)c1C2=O,"['Antifungal', 'Centrosome Clustering Inhibitor']"
CHEMBL1200862,C[C@](N)(Cc1ccc(O)cc1)C(=O)O,[]
CHEMBL153984,CC(=O)c1cc2cccc(OCC(O)CNC(C)C)c2o1,['Beta-Adrenoceptor Blocker']
CHEMBL175691,Cc1cc(/C=C/C#N)cc(C)c1Nc1ccnc(Nc2ccc(C#N)cc2)n1,"['HIV NNRTI', 'Reverse Transcriptase Inhibitor', 'Non-nucleoside Reverse Transcriptase Inhibitor']"
CHEMBL1773683,CCS(=O)(=O)c1ccc2oc(-c3ccc4ccccc4c3)nc2c1,"['Utrophin Modulator', 'Utrophin Upregulator', 'Duchenne Muscular Dystrophy Treatment', 'DMD Therapy']"
CHEMBL1788400,O=C(C(Cl)Cl)N(CCO)Cc1ccc(Oc2ccc([N+](=O)[O-])cc2)cc1,['Antiamebic']
CHEMBL1908376,C=C1/C(=C\C=C2/CCC[C@]3(C)[C@@H]([C@H](C)/C=C/C=C/C(O)(CC)CC)CC[C@@H]23)C[C@@H](O)C[C@@H]1O,[]
CHEMBL19299,CC(C(=O)O)c1ccc(CC2CCCC2=O)cc1,"['Anti-Inflammatory', 'Analgesic', 'COX2 Inhibitor', 'NSAID']"
CHEMBL2018096,OC[C@H]1O[C@@H](c2ccc(F)c(Cc3cc4ccccc4s3)c2)[C@H](O)[C@@H](O)[C@@H]1O,"['Anti-Diabetic', 'SGLT1/SGLT2 Inhibitor']"
CHEMBL2105338,CCCCCCn1c(=O)c2c(ncn2C)n(C)c1=O,"['Adenosine Receptor Antagonist', 'Bronchodilator']"
CHEMBL2178570,CC(=O)Nc1ccc(O)cc1OC[C@@](C)(O)CNC1CCN(Cc2ccc(Cl)cc2)CC1,[]
CHEMBL2218896,CCCCCCC(C)(C)c1cc(O)c2c(c1)OC(C)(C)C1CCC(=O)CC21,['Adenylyl Cyclase Inhibitor']
CHEMBL2364632,CON(C)Cc1ccc(O)c2c1C[C@H]1C[C@H]3[C@H](N(C)C)C(O)=C(C(N)=O)C(=O)[C@@]3(O)C(O)=C1C2=O,['Antibiotic']
CHEMBL253363,CC(=O)[C@H]1CC[C@H]2[C@@H]3CC=C4C[C@@H](O)CC[C@]4(C)[C@H]3CC[C@]12C,"['GABA A Modulator', 'GABA-A Receptor Ligand', '17 alpha-hydroxylase/C17,20-lyase Inhibitor', '11Beta-hydroxylase Inhibitor', 'GABA(A) Receptor Inhibitor', 'GABA(A) Positive Modulator']"
CHEMBL328875,NCc1ccc(C(=O)O)cc1,[]
CHEMBL3707260,Nc1nc(O)c2c(n1)NCC(CNc1ccc(C(=O)N[C@@H](CCC(=O)[O-])C(=O)[O-])cc1)N2C=O.[Na+].[Na+],[]
CHEMBL3936761,C=CC(=O)N1CCC([C@@H]2CCNc3c(C(N)=O)c(-c4ccc(Oc5ccccc5)cc4)nn32)CC1,"['BTK Inhibitor', ""Bruton's Tyrosine Kinase Inhibitor""]"
CHEMBL3989402,CCC(CC)[C@H](NC(C)=O)[C@@H]1[C@H](O)[C@@H](C(=O)O)C[C@H]1NC(=N)N.O.O.O,['Neuraminidase Inhibitor']
CHEMBL3989945,CCCCCOc1ccc(-c2ccc(-c3ccc(C(=O)N[C@H]4C[C@@H](O)[C@@H](OCC[N+](C)(C)C)NC(=O)[C@@H]5[C@@H](O)[C@@H](C)CN5C(=O)[C@H]([C@@H](C)O)NC(=O)[C@H]([C@H](O)[C@@H](O)c5ccc(O)cc5)NC(=O)[C@@H]5C[C@@H](O)CN5C(=O)[C@H]([C@@H](C)O)NC4=O)cc3)cc2)cc1,"['Antifungal', 'Beta-1,3-Glucan Synthase Inhibitor', 'Glucan Synthase Inhibitor', 'Cell Wall Biosynthesis']"
CHEMBL409,CC(O)(CS(=O)(=O)c1ccc(F)cc1)C(=O)Nc1ccc(C#N)c(C(F)(F)F)c1,"['Androgen Receptor Antagonist', 'Anti-Prostate Cancer', 'Anti-Androgen', 'Androgen Receptor Modulator', 'AR Antagonist', 'Androgen Receptor Ligand', 'Selective Androgen Receptor Modulator', 'Prostatic Cancer Treatment', 'Anti-Androgenic', 'AR Ligand', 'Selective Androgen Receptor Degrader', 'AR Agonist', 'Prostate Cancer Imaging']"
CHEMBL4571518,O=c1[nH]c(NCc2ccc(Cl)c(Cl)c2)nc2ncn(CCN3CCOCC3)c12,['DNA Polymerase Inhibitor']
CHEMBL480,Cc1c(OCC(F)(F)F)ccnc1C[S+]([O-])c1nc2ccccc2[nH]1,"['FASN Inhibitor', 'Gastric Secretion Inhibitor']"
CHEMBL5095077,Cc1nc2c(c(C)c(C)n2Cc2cnn(C)c2)c(-c2ccc(Cl)cc2)c1[C@H](OC(C)(C)C)C(=O)O,['HIV Integrase Inhibitor']
CHEMBL639,CN1CCCC(n2nc(Cc3ccc(Cl)cc3)c3ccccc3c2=O)CC1,"['H3 Receptor Antagonist', 'H1 Receptor Antagonist', 'Histamine Receptor Antagonist', 'Antihistamine', 'Antispermatogenic', 'QT Prolongation', 'HBV Entry Inhibitor', 'L-type Channel Inhibitor', 'CaL Channel Inhibitor']"
CHEMBL67776,CCc1cccc2c1c(O)c(C(=O)N(CC)c1ccccc1)c(=O)n2C,['Autoimmune Disorder Treatment']
CHEMBL717,CC(=O)O[C@]1(C(C)=O)CC[C@H]2[C@@H]3C[C@H](C)C4=CC(=O)CC[C@]4(C)[C@H]3CC[C@@]21C,"['Progesterone Receptor Agonist', 'Progesterone Receptor Modulator']"
CHEMBL1186579,C[N+]1(CC2CC2)CC[C@]23c4c5ccc(O)c4O[C@H]2C(=O)CC[C@@]3(O)[C@H]1C5,"['MOR Antagonist', 'OCT1 Substrate', 'TLR4 Antagonist']"
CHEMBL118865,CN(C(=O)Cc1ccc(Cl)c(Cl)c1)C1CCC2(CCCO2)CC1N1CCCC1,"['Analgesic', 'Kappa Opioid Agonist']"
CHEMBL1231124,Cc1cc(Nc2nc(N[C@@H](C)c3ncc(F)cn3)ncc2Cl)[nH]n1,['JAK1/JAK2 Inhibitor']
CHEMBL1235452,S1SSSSSSS1,"['FBPase Inhibitor', 'CO2 Hydrase', 'T2D Therapy']"
CHEMBL142438,N#N,"['Antibiotic', 'Antimalarial', 'Carbonic Anhydrase Inhibitor', 'Anti-Trypanosomal', 'CA I Inhibitor', 'H. pylori', 'Carbonic Anhydrase', 'CO2 Hydrase', 'Beta-CA Inhibitor', 'Neurotoxicity', 'Carbonic Anhydrase IV Inhibitor', 'Anion Inhibitor', 'Carbonic Anhydrase XV Inhibitor', 'HD']"
CHEMBL1442934,CCCCCCCCCCCCCCC[C@H](O)[C@@H](N)CO,"['Cytotoxic', 'Anti-Biofilm', 'Antifouling', 'SK1 Inhibitor', 'CK1Epsilon Inhibitor']"
CHEMBL1488165,O=C1CC[C@@H](C(=O)N2CSC[C@H]2C(=O)O)N1,[]
CHEMBL1566956,COc1cc(C(=O)NC2CCCNC2)cc(OC)c1OC,[]
CHEMBL1753,CCC[C@@H]1C[C@@H](C(=O)N[C@@H]([C@H]2O[C@H](SC)[C@H](O)[C@@H](O)[C@H]2O)[C@H](C)Cl)N(C)C1,"['Antibiotic', 'Bactericidal', 'FabI-Inhibitor', 'DNA Replication Inhibitor', 'Broad-spectrum Antibiotic', 'RNA Ligand', 'FtsZ-Targeting', 'Ribosome Binding', 'Antibiotic Resistance', 'miRNA Inhibitor']"
CHEMBL2103831,COc1ccc2cc([C@H](C)C(=O)OCCCCO[N+](=O)[O-])ccc2c1,"['Anti-Inflammatory', 'COX2 Inhibitor', 'Nitric Oxide Donor']"
CHEMBL2103882,O=C1NC(=O)[C@@H](c2cn3c4c(cccc24)CCC3)[C@@H]1c1c[nH]c2ccccc12,[]
CHEMBL2107339,CN1CCN2c3ncccc3Cc3ccccc3[C@H]2C1.O=C(O)/C=C\C(=O)O,[]
CHEMBL2107777,CCOc1ccc2c(c1)[C@]1(CC[C@H](CCN3CCOCC3)CC1)C(=O)N2S(=O)(=O)c1ccc(C(=O)NC(C)(C)C)cc1OC,[]
CHEMBL252556,COC1=C(OC)C(=O)C(CCCCCCCCCCO)=C(C)C1=O,"['5-Lipoxygenase Inhibitor', 'Cytoprotective', 'PAI-1 Inhibitor', 'Phytotoxic', 'Mitochondrial Function Enhancer', 'Mitochondrial Dysfunction Treatment']"
CHEMBL270271,CCC1COC(Cn2cncn2)(c2ccc(Cl)cc2Cl)O1,['Antifungal']
CHEMBL274654,Cc1[nH]c(/C=C2\C(=O)Nc3ccccc32)c(C)c1CCC(=O)O,"['VEGFR2 Inhibitor', 'Tyrosine Protein Kinase Inhibitor', 'PDGFRAlpha Inhibitor', 'VEGF-R Inhibitor', 'RTK Inhibitor', 'PDGF-R Inhibitor', 'FGF Receptor Inhibitor']"
CHEMBL3187683,CCCCCC[C@@H](CCC)C(=O)O,"['Anti-Inflammatory', 'Metabolic Disease Treatment', 'PPARGamma Antagonist']"
CHEMBL3427435,O=C(O)CC[C@H](NP(=O)(O)OCCC[C@H](NC(=O)CC[C@H](NC(=O)CCCCCNC(=O)c1ccc(F)cc1)C(=O)O)C(=O)O)C(=O)O,['PSMA Inhibitor']
CHEMBL3813873,FC(F)(F)c1ccc(CNc2ccc(Cc3c[nH]c4ncc(Cl)cc34)cn2)cn1,[]
CHEMBL3989794,CCOC(=O)[C@H](CCCc1ccccc1)C1(C(=O)N[C@H]2CCc3ccccc3N(CC(=O)O)C2=O)CCCC1,[]
CHEMBL404849,CCCCCCCCNC(C)C(O)c1ccc(SC(C)C)cc1,[]
CHEMBL406393,C[C@H](CCC(=O)O)[C@H]1CC[C@H]2[C@@H]3CC[C@@H]4C[C@H](O)CC[C@]4(C)[C@H]3C[C@H](O)[C@]12C,"['Antiproliferative', 'Pro-Apoptotic', 'FXR Partial Agonist', 'TGR5 Agonist', 'PPARAlpha/Delta Agonist', 'Migration Inhibitor', 'Spore Germination Inhibitor', 'Insulinotropic', 'VDR Antagonist', 'Mitotic Arrest', 'NASH', 'FXR Ligand', 'PXR Activator', 'Bile Acid Transporter']"
CHEMBL4297297,CCCCCCCOC(=O)NC1=NC(=O)N([C@H]2C[C@H](O)[C@@H](CO)O2)CN1,[]
CHEMBL4297669,CCCCCCCCCCCCCCCCCC(=O)OC[C@H](COP(=O)(O)OC[C@H](N)C(=O)O)OC(=O)CCCCCCCCCCCCCCCCC,"['GPR34 Agonist', 'LysoPS Agonist', 'GPR174 Agonist']"
CHEMBL4594301,COC(=O)CC[C@@H]1N=C(c2ccccn2)c2cc(Br)ccc2-n2c(C)cnc21.O=S(=O)(O)c1ccccc1,[]
CHEMBL479527,CCOC(=O)N1c2ccc(C(F)(F)F)cc2[C@@H](N(Cc2cc(C(F)(F)F)cc(C(F)(F)F)c2)C(=O)OC)C[C@H]1CC,"['CETP Inhibitor', 'HDL Increase', 'LDL Reduction', 'CHD Risk']"
CHEMBL486696,CCCCCCCCCCCC[N+](C)(C)CCOc1ccccc1.[Br-],['Antibiotic']
CHEMBL497,Oc1c(I)cc(Cl)c2cccnc12,"['Antibiotic', 'Biofilm Eradicator', 'Nurr1 Activator']"
CHEMBL5314966,OCCOCCOCCOCCOc1ccc(-c2nc3ccccc3s2)cc1,[]
CHEMBL575,COc1cccc(OC)c1C(=O)N[C@@H]1C(=O)N2[C@@H]1SC(C)(C)[C@@H]2C(=O)O,['Antibiotic']
CHEMBL1255800,CCc1c(Cl)c(O)c(Cl)c(O)c1C(=O)O[C@H]1[C@H](O)[C@H](OC)[C@H](OC/C2=C\C=C\C[C@H](O)/C(C)=C/[C@H](CC)[C@@H](O[C@@H]3OC(C)(C)[C@@H](OC(=O)C(C)C)[C@H](O)[C@@H]3O)/C(C)=C/C(C)=C/C[C@@H]([C@@H](C)O)OC2=O)O[C@@H]1C,"['Antibiotic', 'CDI Treatment', 'C. difficile']"
CHEMBL146095,O=C(OCC(O)CO)c1ccccc1Nc1ccnc2cc(Cl)ccc12,['Antimalarial']
CHEMBL1643880,O=C(N[C@H]1CN2CCC1CC2)c1c[nH]c2ccsc2c1=O,['5-HT3 Receptor Antagonist']
CHEMBL1780010,COc1cc2c(cc1OCCC[18F])CCN1C[C@@H](CC(C)C)[C@H](O)C[C@H]21,"['VMAT-2 Inhibitor', 'VMAT2 Ligand']"
CHEMBL2103799,CC[C@H](C)CC(F)(F)[C@@]1(O)CC[C@H]2[C@@H](CC(=O)[C@@H]2CCCCCCC(=O)O)O1,[]
CHEMBL2103847,CC(C)C[C@@H](C(=O)N[C@H](C(=O)OC1CCCC1)c1ccccc1)[C@H](O)C(=O)NO,['APN Inhibitor']
CHEMBL2103858,COc1cc(N)c(Cl)cc1C(=O)N[C@@H]1CCN(CCCCCC(=O)O[C@H]2CN3CCC2CC3)C[C@@H]1OC,['5-HT4 Receptor Agonist']
CHEMBL2111135,CC(CN1c2ccccc2Sc2ccccc21)[N+](C)(C)C,['Trypanothione Reductase Inhibitor']
CHEMBL2111152,CC(Cc1ccccc1)NCCn1cnc2c1c(=O)n(C)c(=O)n2C,[]
CHEMBL22108,CC(C1=C(CCN(C)C)Cc2ccccc21)c1ccccn1,"['Muscarinic Receptor Antagonist', 'Histamine H1 Receptor Antagonist']"
CHEMBL2220079,CC1=C2CC[C@@](C)(O)[C@@H]2[C@H]2OC(=O)[C@@H](CN(C)C)[C@@H]2CC1,['Anti-CSC']
CHEMBL238071,CC[C@]1(O)C[C@@H]2CN(CCc3c([nH]c4ccccc34)[C@@](C(=O)OC)(c3cc4c(cc3OC)N(C)[C@H]3[C@@](O)(C(N)=O)[C@H](O)[C@]5(CC)C=CCN6CC[C@]43[C@@H]65)C2)C1,"['Cytotoxic', 'Antitumor']"
CHEMBL24,CC(C)NCC(O)COc1ccc(CC(N)=O)cc1,"['Beta-Adrenoceptor Blocker', 'Beta-Adrenoceptor Antagonist']"
CHEMBL3115681,CN1CCN(c2ccc(Nc3ncc4cc(C#N)c(=O)n(C5CCCC5)c4n3)cc2)CC1,"['Cytostatic', 'CDK4/D Inhibitor', 'Multi-target Kinase Inhibitor', 'ARK5 Inhibitor']"
CHEMBL3186011,COCC1(CO)C(=O)C2CCN1CC2,['Cholinergic Agonist']
CHEMBL3334759,C[C@@H]1O[C@H]2CC(=O)O[C@H]2C2=C1C(=O)c1c(O)c3c(c(O)c1C2=O)[C@H]1C[C@@H](O[C@H]2CC[C@H](O)[C@H](C)O2)[C@@]3(O)[C@@H](C)O1,[]
CHEMBL3707348,CC#CC(=O)N1CCC[C@H]1c1nc(-c2ccc(C(=O)Nc3ccccn3)cc2)c2c(N)nccn12,['BTK Inhibitor']
CHEMBL3833404,CC(=O)Oc1ccccc1C(=O)O.CC(=O)Oc1ccccc1C(=O)O.NC(N)=O,[]
CHEMBL4129286,CC(C)OC(=O)[C@H](C)N[P@](=O)(OC[C@@]1(F)O[C@@H](n2ccc(=O)[nH]c2=O)[C@](C)(O)[C@@H]1O)Oc1ccccc1,"['HCV NS5b Polymerase Inhibitor', 'Anti-HCV', 'DDX3X Inhibitor']"
CHEMBL4297214,OC(CNc1nc(-c2cc(-c3ccon3)n(Cc3ccccc3F)n2)ncc1F)(C(F)(F)F)C(F)(F)F,['sGC Stimulator']
CHEMBL4303241,COc1cc(S(C)(=O)=O)ccc1Nc1nc2ccc(-c3ccc(NC(=O)[C@H](C)c4ccc(F)cc4)cc3)cn2n1,"['Cancer Treatment', 'MPS1 Inhibitor', 'Mps1 Inhibitor', 'Spindle Assembly Checkpoint Inhibitor']"
CHEMBL445,CNCCC=C1c2ccccc2CCc2ccccc21,"['Analgesic', 'Antidepressant', 'GABA Uptake Inhibitor', 'Norepinephrine Transporter Inhibitor', 'H1 Receptor Antagonist', 'Serotonin Receptor Ligand', 'CNS Stimulant', 'Sedative', 'Organic Cation Transporter', 'Psychotropic', 'Histamine H(1) Receptor Ligand', 'Norepinephrine Uptake Inhibitor', 'CYP2J2 Inhibitor', 'GIRK Channel Inhibitor', 'UGT Inhibitor', 'Blood-Brain Barrier Permeability', 'CNS Drug Partitioning', 'H1 Receptor Ligand']"
CHEMBL449158,CCC/C=C/C=C/C(=O)O[C@H]1/C(=C/C(=O)OC)C[C@H]2C[C@H]([C@@H](C)O)OC(=O)C[C@H](O)C[C@@H]3C[C@H](OC(C)=O)C(C)(C)[C@](O)(C[C@@H]4C/C(=C/C(=O)OC)C[C@H](/C=C/C(C)(C)[C@]1(O)O2)O4)O3,['Cytotoxic']
CHEMBL4650348,NC(=O)N(C(=O)c1ccccc1)c1ccccc1,[]
CHEMBL4802249,CC(C)(C#Cc1ccc(-c2ccc(Cl)c3c([N-]S(C)(=O)=O)nn(CC(F)(F)F)c23)c([C@H](Cc2cc(F)cc(F)c2)NC(=O)Cn2nc(C(F)(F)F)c3c2C(F)(F)[C@@H]2C[C@H]32)n1)S(C)(=O)=O.[Na+],['HIV-1 Capsid Inhibitor']
CHEMBL501259,CCCCCC/C=C\CCCCCCCCCC(=O)N[C@H]1[C@H](OC[C@H]2O[C@H](OP(=O)(O)O)[C@H](NC(=O)CC(=O)CCCCCCCCCCC)[C@@H](OCCCCCCCCCC)[C@@H]2O)O[C@H](COC)[C@@H](OP(=O)(O)O)[C@@H]1OCC[C@@H](CCCCCCC)OC,[]
CHEMBL5095035,CNC(=O)c1cc(F)c(-c2nc3cc(C)ccn3c2C[C@H]2CN(C(=O)OC)CCO2)c(F)c1,[]
CHEMBL5095171,Cc1cnc(-c2ccc(C(F)(F)F)cc2)n1Cc1ccccc1OCCC[C@@H](C)CC(=O)O,['Mitochondrial Function Enhancer']
CHEMBL5095179,CC(C)(C)NC1CCN(c2cc(NCc3ccc(Cl)cc3)nc3ccccc23)CC1,[]
CHEMBL5314908,NC(CO)(CO)CO.O=C(COc1ccc(Cl)c(F)c1)NC12CCC(NC(=O)COc3ccc(Cl)c(F)c3)(CC1)[C@@H](OCOP(=O)([O-])O)C2.[Na+],[]
CHEMBL5314933,Cn1cncc1-c1c(F)cncc1NC(=O)c1c(N)nn2cc(F)cnc12,['IL-13 Signaling']
CHEMBL893,Cc1onc(-c2c(Cl)cccc2Cl)c1C(=O)N[C@@H]1C(=O)N2[C@@H]1SC(C)(C)[C@@H]2C(=O)O,['Antibiotic']
CHEMBL898,O=C(O)c1cc(-c2ccc(F)cc2F)ccc1O,"['Anti-Inflammatory', 'Analgesic', 'Transthyretin Inhibitor', 'Amyloidogenesis Inhibitor', 'GLP-1 Analog', 'HCC Inhibitor', 'TTR Inhibitor', 'GO Inhibitor', 'PH1 Treatment', 'Oxalate Production Inhibitor', 'ACMSD Inhibitor']"
CHEMBL946,CN1CCC(=C2c3ccccc3CCc3cccnc32)CC1,"['Antiallergy', 'H1 Receptor Antagonist', 'Histamine Receptor Antagonist', 'Antihistamine']"
CHEMBL102358,O=C(/C=C/c1ccccc1)NCCO,[]
CHEMBL1084617,COc1cccc(C(=O)Nc2ccc(OCCN3CCOCC3)c(-c3ccnn3C)c2)c1,"['Anti-Platelet', '5-HT2A Receptor Inverse Agonist']"
CHEMBL1200781,Br.CN(C)CCCC1(c2ccc(F)cc2)OCc2cc(C#N)ccc21,"['Antidepressant', 'Serotonin Transporter Inhibitor', '5-HT(7) Receptor Antagonist', 'SERT Inhibitor', '5-HT Agonist', 'PDE7 Inhibitor', 'Serotonin Transporter Ligand', 'Norepinephrine Transporter Inhibitor', 'SSRI', 'Selective Serotonin Reuptake Inhibitor', 'ChEs Inhibitor', 'Procognitive', 'SERT Ligand', 'hERG Channel Inhibitor', 'hERG Channel Modulator', 'Norepinephrine Uptake Inhibitor', 'Mood Disorder', 'Glioprotective']"
CHEMBL1201061,CC(C)(C)NC[C@H](O)c1ccc(O)c(CO)c1.Cl,"['Beta(3)-Adrenergic Agonist', 'Bronchodilator']"
CHEMBL1368,O=P([O-])(O)O.[Na+],"['Antimalarial', 'Carbonic Anhydrase Inhibitor', 'CA I Inhibitor', 'Carbonic Anhydrase', 'NaPi2b Inhibitor', 'CO2 Hydrase', 'Beta-CA Inhibitor', 'Intestinal Permeability', 'Carbonic Anhydrase XV Inhibitor']"
CHEMBL13766,COc1ccccc1O,[]
CHEMBL1413,Cc1cc(C2CCCCC2)n(O)c(=O)c1,"['IDH1/R132H Inhibitor', 'Stroke Treatment', 'HSV Inhibitor']"
CHEMBL1623992,CCN1CCCC(OC(=O)C(c2ccccc2)c2ccccc2)C1,['M1 Muscarinic Receptor Ligand']
CHEMBL1697831,CN(C)C(=O)CCCOC(=O)C(C)(C)Oc1ccc(Cl)cc1,['Hypolipidemic']
CHEMBL1711,CC(C)NCC(O)c1ccc(O)c(O)c1.Cl,"['Beta(3)-Adrenergic Agonist', 'Bronchodilator']"
CHEMBL1717,Cl.Clc1ccccc1CN1CCc2sccc2C1,"['Antiplatelet Aggregation Inhibitor', 'TarO Inhibitor', 'Cholestatic DILI', 'LTCC Blocker', 'P2Y Inhibitor', 'Anti-Ischemic Stroke', 'HsClpP Agonist', 'S2 Serotonergic Receptor Antagonist']"
CHEMBL180101,CCOc1ccccc1O[C@@H](c1ccccc1)[C@@H]1CNCCO1,"['Serotonin Re-uptake Inhibitor', 'Norepinephrin Reuptake Inhibitor', 'Noradrenaline Reuptake Inhibitor', 'Norepinephrine Transporter Ligand', 'Norepinephrine-Serotonin Reuptake Inhibitor', 'NSRI', 'sNRI']"
CHEMBL1983268,CN1CCN(c2ccc(C(=O)Nc3n[nH]c4ccc(Cc5cc(F)cc(F)c5)cc34)c(NC3CCOCC3)c2)CC1,"['ALK Inhibitor', 'ROS1 Kinase Inhibitor', 'Pan-TRK Inhibitor']"
CHEMBL2041933,NC(=O)Nc1cc(-c2cccc(F)c2)sc1C(=O)N[C@H]1CCCNC1,"['Chk1 Inhibitor', 'Checkpoint Kinase Inhibitor']"
CHEMBL206253,Cc1ccccc1-c1cc(N2CCN(C)CC2)ncc1N(C)C(=O)C(C)(C)c1cc(C(F)(F)F)cc(C(F)(F)F)c1,"['NK1/NK3 Antagonist', 'Neurokinin Receptor Antagonist']"
CHEMBL2103795,CCOc1nc2cccc(C(=O)OCc3oc(=O)oc3C)c2n1Cc1ccc(-c2ccccc2-c2noc(=O)[n-]2)cc1.[K+],[]
CHEMBL2146108,O=C(CCn1cnc2c(=O)[nH]cnc21)Nc1ccc(C(=O)[O-])cc1.[K+],[]
CHEMBL3137335,CC(/C=C/C=C(\C)C(=O)[O-])=C\C=C\C=C(C)\C=C\C=C(/C)C(=O)[O-].[Na+].[Na+],[]
CHEMBL3319236,COc1ccc(S(=O)(=O)N[C@@H](CNc2nc(C)nc(N3CCC(c4ccc5c(n4)NCCC5)CC3)c2C)C(=O)O)cc1,['Alpha Beta Integrin Inhibitor']
CHEMBL3414621,CCN(c1cc(-c2ccc(CN3CCOCC3)cc2)cc(C(=O)NCc2c(C)cc(C)[nH]c2=O)c1C)C1CCOCC1,"['Anticancer', 'Histone Methyltransferase Inhibitor', 'EZH2 Inhibitor']"
CHEMBL3545057,CC(=O)O[C@H]1C[C@H](O[C@H]2[C@@H](O)C[C@H](O[C@H]3[C@@H](O)C[C@H](O[C@H]4CC[C@@]5(C)[C@H](CC[C@@H]6[C@@H]5CC[C@]5(C)[C@@H](C7=CC(=O)OC7)CC[C@]65O)C4)O[C@@H]3C)O[C@@H]2C)O[C@H](C)[C@H]1O,['Na(+)/K(+)-ATPase Inhibitor']
CHEMBL3545068,COc1c(OCCCN2CCOCC2)ccc2c1N=C(NC(=O)c1cnc(N)nc1)N1CCN=C21.Cl.Cl,[]
CHEMBL3545367,Cc1ncc(OC[C@@]2(c3cccc(F)c3)C[C@H]2C(=O)Nc2ccc(F)cn2)c(C)n1,"['Orexin-1 Receptor Antagonist', 'PET Tracer', 'Orexin 2 Receptor Ligand']"
CHEMBL3707286,COc1ccc(-c2cc(=O)c3c(OCCO)cc(O[C@@H]4O[C@H](CO[C@@H]5O[C@@H](C)[C@H](O)[C@@H](O)[C@H]5O)[C@@H](O)[C@H](O)[C@H]4O)cc3o2)cc1O,[]
CHEMBL4297544,C=C(C#N)C(=O)OC(C)CCCCCC,[]
CHEMBL4297584,CC[C@H](Nc1ncnc2[nH]cnc12)c1oc2ccccc2c(=O)c1-c1cccc(F)c1,"['Immunomodulator', 'PI3KDelta-Gamma Inhibitor']"
CHEMBL4297611,CC(C)(NC(=O)O[C@@H]1CN2CCC1CC2)c1csc(-c2ccc(F)cc2)n1,['NTMT1/2 Inhibitor']
CHEMBL4297638,Cn1cc(-c2ccc(S(=O)(=O)[C@@H]3C[C@@H](C(=O)NC4(C#N)CC4)N(C(=O)C4(C(F)(F)F)CC4)C3)c(C(F)(F)F)c2)cn1,[]
CHEMBL4298164,COCCNCc1ccc(-c2cc3nccc(Oc4ccc(NC(=O)C5(C(=O)Nc6ccc(F)cc6)CC5)cc4F)c3s2)nc1.O=C(O)CC(O)C(=O)O,"['VEGFR2 Inhibitor', 'cMET Inhibitor']"
CHEMBL531048,O=C1C(=O)c2ncccc2-c2cccnc21,[]
CHEMBL5314447,C[C@H](Nc1ccc2c(c1)OCCn1cc(N3C(=O)SC[C@H]3C(F)F)nc1-2)C(N)=O,['PI3K-Alpha Inhibitor']
CHEMBL5314602,Cc1cc(O)c2c(=O)c3c(O)cc([O-])c4c5c(O)cc(O)c6c(=O)c7c(O)cc(C)c8c1c2c(c34)c(c78)c65.[Na+],[]
CHEMBL5314948,Cc1ccc(Oc2ncc(N3C(=O)NC(C)(C)C3=O)cn2)c2c1OCC21CC1,[]
CHEMBL820,CS(=O)(=O)OCCCCOS(C)(=O)=O,[]
CHEMBL866,COc1c(C)c2c(c(O)c1C/C=C(\C)CCC(=O)O)C(=O)OC2,"['IMPDH Inhibitor', 'Inosine Monophosphate Dehydrogenase Inhibitor']"
CHEMBL1173055,CNCc1ccc(-c2[nH]c3cc(F)cc4c3c2CCNC4=O)cc1,"['Anticancer', 'PARP1/2 Inhibitor']"
CHEMBL1201248,COc1ccc(C[C@@H]2c3cc(OC)c(OC)cc3CC[N@+]2(C)CCC(=O)OCCCCCOC(=O)CC[N@@+]2(C)CCc3cc(OC)c(OC)cc3[C@H]2Cc2ccc(OC)c(OC)c2)cc1OC,['Neuromuscular Blocker']
CHEMBL1201772,CC(=O)Oc1cc2c(s1)CCN(C(C(=O)C1CC1)c1ccccc1F)C2,"['Anti-Platelet', 'P2Y Inhibitor']"
CHEMBL1234354,COc1ccc(-c2cc3c(C)nc(N)nc3n([C@H]3CC[C@H](OCCO)CC3)c2=O)cn1,['PI3 Kinase Inhibitor']
CHEMBL1408759,Cc1ccc(C(C)C)cc2c(C)ccc1-2,[]
CHEMBL1423,O=c1[nH]c2ccccc2n1C1CCN(CCCC(c2ccc(F)cc2)c2ccc(F)cc2)CC1,[]
CHEMBL1515,Cn1ccnc1S,[]
CHEMBL1622,Nc1nc(=O)c2nc(CNc3ccc(C(=O)N[C@@H](CCC(=O)O)C(=O)O)cc3)cnc2[nH]1,"['Dihydrofolate Inhibitor', 'Thymidylate Synthetase Inhibitor']"
CHEMBL1683544,C=C1C[C@@H]2CC[C@@]34C[C@H]5O[C@H]6[C@@H](O3)[C@H]3O[C@H](CC[C@@H]3O[C@H]6[C@H]5O4)CC(=O)C[C@@H]3[C@@H](OC)[C@@H](C[C@H](O)CN)O[C@H]3C[C@H]3O[C@@H](CC[C@@H]1O2)C[C@@H](C)C3=C.CS(=O)(=O)O,[]
CHEMBL1729,COc1cc(N)c(Cl)cc1C(=O)NC1CCN(CCCOc2ccc(F)cc2)CC1OC,"['HIV NNRTI', '5-HT4 Receptor Agonist', 'hERG K+ Channel Blocker', ""Alzheimer's Disease Therapeutic"", 'Antiemetic', 'URAT1 Inhibitor', 'Gastrointestinal Prokinetic', 'Intravenous Anesthetic', 'GyrB/ParE Inhibitor', 'GLUT9 Inhibitor', 'AD', 'Gastrointestinal Motility', 'CYP2J2 Inhibitor', 'HERG Inhibitor', 'QT Prolongation', 'Gastrokinetic', 'Prokinetic', 'Amyloid Cascade Modulator', 'GI Motility']"
CHEMBL1789941,N#CC[C@H](C1CCCC1)n1cc(-c2ncnc3[nH]ccc23)cn1,"['Anti-Inflammatory', 'NF-kappa B Inhibitor', 'Kinase Inhibitor', 'JAK1/JAK2 Inhibitor', 'Immunomodulator', 'STAT3 Inhibitor', 'TYK2 Inhibitor', 'Autoimmune', 'TAK1-Inhibitor', 'Covalent', 'Inflammatory Diseases', 'JAK/HDAC Inhibitor']"
CHEMBL1823817,COC[C@H](O)Cn1c(=O)cnn(-c2ccc(Cl)c(C(=O)NCC3(O)CCCCCC3)c2)c1=O,[]
CHEMBL1908324,C=N[C@@H](C(=O)N[C@@H]1C(=O)N2[C@@H]1SC(C)(C)[C@@H]2C(=O)O)c1ccccc1,['Antibiotic']
CHEMBL1972860,CN(NC(=O)CC(=O)NN(C)C(=S)c1ccccc1)C(=S)c1ccccc1,['Oxidative Stress']
CHEMBL2104981,COCCN1CCC(N(Cc2ccc(-c3ccc(C(F)(F)F)cc3)cc2)C(=O)Cn2c(SCc3cccc(F)c3F)cc(=O)c3ccccc32)CC1,[]
CHEMBL2105075,O=C(OCC(O)CO)c1ccccc1Nc1ccnc2c(C(F)(F)F)cccc12,[]
CHEMBL2105686,CCCCOCCOc1ccc(-c2ccc3c(c2)/C=C(/C(=O)Nc2ccc([S@@+]([O-])Cc4cncn4CCC)cc2)CCCN3CC(C)C)cc1.CS(=O)(=O)O,"['Anti-HIV-1', 'CCR5 Receptor Antagonist']"
CHEMBL2107333,COC(=O)/C=C/C(=O)OC,['Cysteine-Targeting']
CHEMBL2110585,CCOC(=O)[C@@H](N)CCC(=O)N[C@@H](CSCc1ccccc1)C(=O)N[C@@H](C(=O)OCC)c1ccccc1,[]
CHEMBL2110900,CN(C)[C@@H](CCOc1cccc2ccccc12)c1ccccc1,['Serotonin Re-uptake Inhibitor']
CHEMBL2304041,C=CC[C@H]1C(=O)C(C)(C)[C@@H](O)CC(=O)O[C@H](c2ccc3sc(C)nc3c2)C[C@@H]2O[C@]2(C)CCC[C@H](C)[C@@H]1O,[]
CHEMBL2364629,N[C@@H]1c2cccnc2[C@H](OC(=O)N2CCC(n3c(=O)[nH]c4ncccc43)CC2)CC[C@H]1c1cccc(F)c1F.N[C@@H]1c2cccnc2[C@H](OC(=O)N2CCC(n3c(=O)[nH]c4ncccc43)CC2)CC[C@H]1c1cccc(F)c1F.O.O.O.O=S(=O)(O)O,[]
CHEMBL2402737,COc1cc(C(=O)O)ccc1NC(=O)[C@@H]1N[C@@H](CC(C)(C)C)[C@](C#N)(c2ccc(Cl)cc2F)[C@H]1c1cccc(Cl)c1F,"['Antitumor', 'MDM2/4 Inhibitor']"
CHEMBL265502,Cc1ccc(C(=O)Nc2ccc(S(=O)(=O)O)c3cc(S(=O)(=O)O)cc(S(=O)(=O)O)c23)cc1NC(=O)c1cccc(NC(=O)Nc2cccc(C(=O)Nc3cc(C(=O)Nc4ccc(S(=O)(=O)O)c5cc(S(=O)(=O)O)cc(S(=O)(=O)O)c45)ccc3C)c2)c1,"['Norovirus Inhibitor', 'NTPDase2 Inhibitor', 'NPP3 Inhibitor', 'Sirt5 Inhibitor', 'SIRT6 Modulator', 'Virulence Blocker']"
CHEMBL3039513,CC[C@@](C)(Nc1ccnc(-c2c[nH]c3ncccc23)n1)C(=O)NCC(F)(F)F,[]
CHEMBL3093499,COc1cccc2c1C(=O)c1c(O)c3c(c(O)c1C2=O)C[C@@](O)(C(=O)CO)C[C@@H]3O[C@H]1C[C@H](NC(=O)[C@H](CC(C)C)NC(=O)[C@H](CO)NC(=O)[C@H](CCC(N)=O)NC(=O)[C@@H](NC(=O)[C@H](CO)NC(=O)[C@H](C)NC(=O)[C@@H]2C[C@@H](O)CN2C(=O)CCCC(=O)O)C2CCCCC2)[C@H](O)[C@H](C)O1,['Prostate Cancer Inhibitor']
CHEMBL3544913,NC(=O)[C@@H]1CC[C@H](c2ccc(OCc3ccccc3F)cc2)N1,"['Sodium Channel Blocker', 'Pain']"
CHEMBL3545154,C=CC(=O)N1CCC(Oc2cc3c(Nc4ccc(Cl)c(Cl)c4F)ncnc3cc2OC)CC1,['EGFR Kinase Inhibitor']
CHEMBL3639728,COc1ncc(F)cc1CNc1ccc(Cc2c[nH]c3ncc(C)cc23)c(F)n1,[]
CHEMBL3673096,CC(C)(O)CCOc1cc(-c2cnn(C(C)(C)C(N)=O)c2)c2c(c1)[C@@](O)(C(F)(F)F)c1ccccc1-2,[]
CHEMBL3694493,Cn1c(Nc2c(Cl)ccc(CNC(=O)C(C)(C)C)c2Cl)nc2cc(C(=O)N[C@H]3CC[C@H](C(F)(F)F)CC3)c(OCC(F)F)cc21,['mPGES-1 Inhibitor']
CHEMBL3989510,CC(C)=CCN1CCC2(C)c3cc(O)ccc3CC1C2C.Cl,"['Analgesic', 'Antidepressant', 'NMDA Antagonist', 'Antinociceptive', 'Sigma 1 Ligand', 'Alpha 1-Adrenoceptor Agonist', 'Sigma-1 Agonist', 'Fluorescent', 'Sigma Ligand', 'Prostate Cancer Inhibitor', 'Sigma1R Ligand', 'Sigma1 Receptor Antagonist', 'GluN2B Antagonist', 'Antiallodynic', 'PCP Receptor Ligand', 'Hydrogen Sulfide Donor', 'GluN2B Ligand', 'Cell Uptake', 'Sigma(2) Ligand', 'Sigma-2 Agonist', 'Opioid Agonist-Antagonist']"
CHEMBL3989756,O.O=[Mg].O=[Mg].O=[Mg].O=[Si]=O.O=[Si]=O.O=[Si]=O.O=[Si]=O,"['Carbonic Anhydrase Inhibitor', 'Carbonic Anhydrase', 'CO2 Hydrase', 'Beta-CA Inhibitor', 'Anion Inhibitor', 'Carbonic Anhydrase XV Inhibitor']"
CHEMBL4112930,C[C@]12CCCN1CC1=NNC(=O)c3cc(F)cc4[nH]c2c1c34,[]
CHEMBL444814,NC(=O)NCCC[C@H](N)C(=O)O,"['AGE Inhibitor', 'DDAH-1 Inhibitor']"
CHEMBL4802252,Nc1c([18F])ccc2cnc(-n3ccc4ccncc43)cc12,[]
CHEMBL484,Nc1ncnc2c1ncn2CCOCP(=O)(O)O,['Antiviral']
CHEMBL521,CC(C)Cc1ccc(C(C)C(=O)O)cc1,"['Anti-Inflammatory', 'Analgesic', 'COX2 Inhibitor', 'IL-8 Inhibitor', 'CXCR1 Inhibitor']"
CHEMBL5314574,Cc1cc(-c2nc(C(=O)Nc3cc4oc(N5CCOCC5)nc4nc3N3CC[C@@H](O)C3)co2)ccn1.Cc1ccc(S(=O)(=O)O)cc1,"['IRAK-4 Inhibitor', 'Hematologic Malignancies']"
CHEMBL54661,OCCN1CCN(CC/C=C2/c3ccccc3Sc3ccc(C(F)(F)F)cc32)CC1,"['MDR-Modulator', 'TLS Inhibitor', 'Thymoleptic']"
CHEMBL576,O=C(O)CCC(=O)O,"['Histone Demethylase Inhibitor', 'HIF PHD Inhibitor', 'FTO Inhibitor', 'Anti-Herpes', 'OAT1 Inhibitor', 'Collagen Prolyl 4-Hydroxylase Inhibitor']"
CHEMBL578390,CCCCCCCCC/C(=C\C1=C(C)C(=O)C(OC)=C(OC)C1=O)C(=O)O,"['PAI-1 Inhibitor', 'APE1 Inhibitor', 'Redox Inhibitor', 'APE1/Ref-1 Inhibitor']"
CHEMBL603,COc1cc(C(=O)NS(=O)(=O)c2ccccc2C)ccc1Cc1cn(C)c2ccc(NC(=O)OC3CCCC3)cc12,"['Asthma', 'Leukotriene Antagonist', 'LTD4 Antagonist', 'West Nile Virus']"
CHEMBL684,CCN(CC)C(=O)N1CCN(C)CC1,[]
CHEMBL1079593,O=c1[nH]c2cnc(-n3cnc4ccc(F)cc43)nc2n1[C@@H]1CCOc2c(F)cccc21,"['JAK1/JAK2 Inhibitor', 'Respiratory']"
CHEMBL1100,CCC1(C)OC(=O)N(C)C1=O,"['Anticonvulsive', 'Antidementia']"
CHEMBL1200764,CC(=O)OC(C)C[N+](C)(C)C.[Cl-],"['Organic Cation Transporter', 'Serotoninomimetic', 'Carnitine Transporter', 'Choline Transport Inhibitor']"
CHEMBL124660,COc1cc2c(N3CCN(C(=O)Nc4ccc(OC(C)C)cc4)CC3)ncnc2cc1OCCCN1CCCCC1,"['Kinase Inhibitor', 'PDGFRAlpha Inhibitor']"
CHEMBL1457,COc1ccc2c3c1O[C@H]1C(=O)CC[C@H]4[C@@H](C2)N(C)CC[C@]314,"['Analgesic', 'Opioid Receptor Ligand', 'OCT1 Substrate', 'MRGPRX2 Agonist', 'Opiate']"
CHEMBL1463345,C[C@]12CCC(=O)C=C1C=C[C@@H]1[C@@H]2CC[C@@]2(C)[C@H]1CC[C@@]21CCC(=O)O1,"['Aldosterone Antagonist', 'Nephropathy', 'Organ Protection', 'Mineralocorticoid Receptor Modulator']"
CHEMBL1480,CCOC(=O)C1=C(C)NC(C)=C(C(=O)OC)C1c1cccc(Cl)c1Cl,"['Ca2+ Antagonist', 'CYP3A4 Inducer']"
CHEMBL1488,Oc1ncc(N(CCCl)CCCl)c(O)n1,[]
CHEMBL154,COc1ccc2cc([C@H](C)C(=O)O)ccc2c1,"['Anti-Inflammatory', 'Analgesic', 'COX2 Inhibitor', 'COX1⧹2 Inhibitor', 'AKR1C1 Inhibitor', 'Lipoxygenase Inhibitor', 'NSAID', 'Anti-Arthritis', 'eIF4A3 Inhibitor', 'Renal Drug Carrier']"
CHEMBL163672,CCOC(=O)COc1ccc2c(C)c(CCN(CC)CC)c(=O)oc2c1,[]
CHEMBL2103983,[K+].[OH-],"['Antibiotic', 'Antimalarial', 'Antimicrobial', 'Neuroprotective', 'Carbonic Anhydrase Inhibitor', 'Antihypertensive', 'Anti-Trypanosomal', 'Vasodilator', 'PDE10a Inhibitor', 'Cytoprotective', 'Vasorelaxant', 'Cardioprotective', 'Cardiovascular', 'CA I Inhibitor', 'Type 2 Diabetes Treatment', 'Matriptase Inhibitor', 'CD73 Inhibitor', 'Nootropic', 'H. pylori', 'Tau Phosphorylation Inhibitor', 'H2S Donor', 'Carbonic Anhydrase', 'Amnesia-Reversal', 'NMDAR Antagonist', 'Osteoblast Stimulator', 'Hydrogen Sulfide Donor', 'Mood Disorder', 'Insulin Release Stimulator', 'CO2 Hydrase', 'Beta-CA Inhibitor', 'GPR39 Agonist', 'Carbonic Anhydrase IV Inhibitor', 'IFN-Gamma Inhibitor', 'Cu Chelator', 'Anion Inhibitor', 'H2S-Releasing', 'DNA Cleaving Agent', 'Carbonic Anhydrase XV Inhibitor', 'Tau Protein Inhibitor', 'HD', 'Glycogen Synthase Activator']"
CHEMBL2106004,CC(=O)Oc1ccc(C2(c3ccc(OC(C)=O)cc3)Oc3ccccc3NC2=O)cc1,[]
CHEMBL2106613,CC(=O)OCC(=O)[C@@]1(O)CC[C@H]2[C@@H]3CCC4=CC(=O)CC[C@]4(C)C3=CC[C@@]21C,['FPTase Inhibitor']
CHEMBL2107825,CC(C)OC(=O)[C@H](C)N[P@](=O)(CO[C@H](C)Cn1cnc2c(N)ncnc21)Oc1ccccc1,[]
CHEMBL214920,CC(C)CCOc1ccc(NC(=S)Nc2ccc(OCCC(C)C)cc2)cc1,['Mycolic Acid Biosynthesis Inhibitor']
CHEMBL2364639,COc1cc2c(cc1OC)[C@H]1C[C@@H](OC(=O)[C@@H](N)C(C)C)[C@H](CC(C)C)CN1CC2,"['VMAT-2 Inhibitor', 'VMAT2 Ligand']"
CHEMBL269259,CC[C@H](C(=O)N1CCCC[C@H]1C(=O)O[C@H](CCc1ccc(OC)c(OC)c1)c1cccc(OCC(=O)NCCNC(=O)COc2cccc([C@@H](CCc3ccc(OC)c(OC)c3)OC(=O)[C@@H]3CCCCN3C(=O)[C@@H](CC)c3cc(OC)c(OC)c(OC)c3)c2)c1)c1cc(OC)c(OC)c(OC)c1,[]
CHEMBL3039504,CCS(=O)(=O)O.COC(=O)c1ccc2c(c1)NC(=O)/C2=C(\Nc1ccc(N(C)C(=O)CN2CCN(C)CC2)cc1)c1ccccc1,[]
CHEMBL333950,C=C1/C(=C\C=C2/CCC[C@]3(C)[C@@H]([C@H](C)OCCC(C)(C)O)CC[C@@H]23)C[C@@H](O)C[C@@H]1O,"['Antiproliferative', 'Vitamin D Analogue', 'Antipsoriatic', 'Vitamin D3 Agonist', 'Cellular Differentiation', 'VDR Antagonist', 'VDR Modulator', 'Cellular Differentiation Inducer', 'Anti-Proliferation', 'Vitamin D Receptor Ligand']"
CHEMBL3544947,CC(C)(C(N)=O)C1CCN(CCC2(c3ccc(Cl)c(Cl)c3)CN(C(=O)Cc3cc(C(F)(F)F)cc(C(F)(F)F)c3)CCO2)CC1,['NK1/NK3 Antagonist']
CHEMBL3920982,O=C(O)c1ccc(C2(NC(=O)C3CC4(CCN3Cc3ccc(C(F)(F)F)cc3)CC4)CC2)cc1,[]
CHEMBL3982690,Cc1noc(C)c1-c1cc(C(O)(c2ccccn2)c2ccccn2)c2nc(C3CC3)[nH]c2c1,['BET Bromodomain Antagonist']
CHEMBL3989407,CN1CCC[C@H]1CCNC(=O)c1cn2c3c(c(N4CCC(c5cnccn5)C4)c(F)cc3c1=O)Oc1cc3ccccc3cc1-2,[]
CHEMBL3989476,CC[C@@]1(OC(=O)[C@H](C)NC(=O)COCCOCC(=O)N[C@@H](C)C(=O)O[C@]2(CC)C(=O)OCc3c2cc2n(c3=O)Cc3cc4ccccc4nc3-2)C(=O)OCc2c1cc1n(c2=O)Cc2cc3ccccc3nc2-1,['Antitumor']
CHEMBL426084,NC(=O)c1ccc2c(c1O)[C@]13CCN(CC4CC4)[C@H](C2)[C@]1(O)CCC(=O)C3,"['Opioid Receptor Ligand', 'Opioid Antagonist']"
CHEMBL4297367,C#Cc1cccc(-c2cc(=O)n(C)c3ccc([C@](O)(c4ccc(Cl)cc4)c4cncn4C)cc23)c1,"['Farnesyl-Protein Transferase Inhibitor', 'FTase Inhibitor', 'Lanosterol 14alpha-Demethylase Inhibitor']"
CHEMBL4297400,CCOC(=O)C(C)(C)NP(=O)(NC(C)(C)C(=O)OCC)c1ccc(-c2nc(N)sc2C(=O)C(C)(C)C)o1,"['Fructose-1,6-bisphosphatase Inhibitor']"
CHEMBL4303669,O.O=P(O)(O)C(O)(Cn1ccnc1)P(=O)(O)O,"['Farnesyl-Protein Transferase Inhibitor', 'Bone Resorption Inhibitor', 'Geranylgeranyl Pyrophosphate Synthase Inhibitor', 'Neurodegeneration', 'Hepatocellular Carcinoma Inhibitor', 'Protein Prenylation Inhibitor', 'Isoprenoid Biosynthesis Inhibitor']"
CHEMBL43064,C(=C/c1ccccc1)\CN1CCN(C(c2ccccc2)c2ccccc2)CC1,[]
CHEMBL437765,CO[C@H]1/C=C/O[C@@]2(C)Oc3c(C)c(O)c4c(O)c(cc(O)c4c3C2=O)NC(=O)/C(C)=C\C=C\[C@H](C)[C@H](O)[C@@H](C)[C@@H](O)[C@@H](C)[C@H](OC(C)=O)[C@@H]1C,['Antibiotic']
CHEMBL4594297,C[Si](C)(C)c1cc([Si](C)(C)C)c(NC(=O)c2c[nH]c3ccccc3c2=O)cc1O,['CFTR Potentiator']
CHEMBL4650341,COC(=O)N1CCC[C@H](NS(C)(=O)=O)[C@@H]1CO[C@H]1CC[C@@H](c2ccccc2)CC1,"['Orexin 2 Receptor Agonist', 'Wake-Promoting', 'Wakefulness-Promoting']"
CHEMBL5314476,COC(=O)N1c2ccc3c(nc([C@H](O)c4cc(F)ccc4OC)n3[C@@H]3CCC[C@@H](C(=O)O)C3)c2CC[C@@H]1C,[]
CHEMBL5314543,COc1ccc2cc(O)c(N3CC(=O)NS3(=O)=O)c(F)c2c1,[]
CHEMBL561339,CCN(CC)C(=O)c1ccc(C2=CC3(CCNCC3)Oc3ccccc32)c(O)c1,['Delta Opioid Receptor Agonist']
CHEMBL671,S=P(N1CC1)(N1CC1)N1CC1,[]
CHEMBL905,CN(C)CCc1c[nH]c2ccc(Cn3cncn3)cc12,['5-HT(1B/1D) Agonist']
CHEMBL1193948,CCOC(=O)COc1ccc2c(c1)C[C@@H](NC[C@H](O)c1cccc(Cl)c1)CC2,['Beta(3)-Adrenergic Agonist']
CHEMBL1200681,CC(C)(O)c1ccccc1CC[C@@H](SCC1(CC(=O)[O-])CC1)c1cccc(/C=C/c2ccc3ccc(Cl)cc3n2)c1.[Na+],"['Asthma Treatment', 'CysLT1 Antagonist', 'GPBAR1 Agonist', 'HsClpP Agonist', 'LTD(4) Antagonist']"
CHEMBL1201290,[K],"['Antimalarial', 'Antimicrobial', 'Neuroprotective', 'Carbonic Anhydrase Inhibitor', 'Antihypertensive', 'Anti-Trypanosomal', 'Vasodilator', 'PDE10a Inhibitor', 'Cytoprotective', 'Vasorelaxant', 'Cardioprotective', 'Cardiovascular', 'CA I Inhibitor', 'Type 2 Diabetes Treatment', 'CD73 Inhibitor', 'Nootropic', 'H. pylori', 'Tau Phosphorylation Inhibitor', 'H2S Donor', 'Carbonic Anhydrase', 'Amnesia-Reversal', 'NMDAR Antagonist', 'Osteoblast Stimulator', 'Hydrogen Sulfide Donor', 'Mood Disorder', 'Insulin Release Stimulator', 'CO2 Hydrase', 'Beta-CA Inhibitor', 'Carbonic Anhydrase IV Inhibitor', 'IFN-Gamma Inhibitor', 'Cu Chelator', 'Anion Inhibitor', 'H2S-Releasing', 'DNA Cleaving Agent', 'Carbonic Anhydrase XV Inhibitor', 'Tau Protein Inhibitor', 'HD', 'Glycogen Synthase Activator']"
CHEMBL1255891,CCCC[C@H](NC(=O)[C@@H]1[C@@H]2[C@H](CN1C(=O)[C@@H](NC(=O)NC1(CS(=O)(=O)C(C)(C)C)CCCCC1)C(C)(C)C)C2(C)C)C(=O)C(=O)NC1CC1,['HCV NS3 Protease Inhibitor']
CHEMBL1287935,CC[C@H](Nc1cc(C)nc2c(-c3ccc(OC)cc3C)c(C)nn12)c1nc(C)no1,['CRF1 Antagonist']
CHEMBL1393,CC(=O)S[C@@H]1CC2=CC(=O)CC[C@]2(C)[C@H]2CC[C@@]3(C)[C@@H](CC[C@@]34CCC(=O)O4)[C@H]12,"['Hypertension', 'Mineralocorticoid Antagonist', 'Progesterone Receptor Agonist', 'Glucocorticoid Receptor Ligand', 'Blood Pressure Lowering', 'MR Antagonist', 'Androgen Receptor', 'Aldosterone Antagonist', 'CYP3A Substrate', 'Nephropathy', 'Organ Protection', 'Mineralocorticoid Receptor Modulator']"
CHEMBL1406148,CCCCCCCC(=O)OCC(COC(=O)CCCCCCC)OC(=O)CCCCCCC,"['PKC Modulator', 'Transdermal Permeation Enhancer']"
CHEMBL1455,CN(C)c1nc(N(C)C)nc(N(C)C)n1,['Mycobacterium tuberculosis Inhibitor']
CHEMBL1510,CN1CCC[C@@H]1Cc1c[nH]c2ccc(CCS(=O)(=O)c3ccccc3)cc12,"['5-HT(6) Receptor Antagonist', '5-HT(1B/1D) Agonist']"
CHEMBL1652442,Clc1ccc2c(N3CCN(CCCN4CCN(c5ccnc6cc(Cl)ccc56)CC4)CC3)ccnc2c1.O=P(O)(O)O.O=P(O)(O)O.O=P(O)(O)O.O=P(O)(O)O,['Antimalarial']
CHEMBL1697845,CC[C@]1(O)CC[C@H]2[C@@H]3CCC4=CC(=O)CC[C@@H]4[C@H]3CC[C@@]21C,"['Progesterone Receptor Agonist', 'SARM', 'Androgen Receptor Ligand', 'Selective Androgen Receptor Modulator', 'Progesterone Receptor Ligand', 'Osteoblast Stimulator', 'Pgp-ATPase Stimulator']"
CHEMBL1767407,Nc1ccn([C@H]2C[C@H](O)[C@@H](COP(=O)([O-])OP(=O)([O-])OP(=O)([O-])OP(=O)([O-])OC[C@H]3O[C@@H](n4ccc(=O)[nH]c4=O)[C@H](O)[C@@H]3O)O2)c(=O)n1.[Na+].[Na+].[Na+].[Na+],"['P2Y Receptor Antagonist', 'P2Y2 Agonist', 'Sialyltransferase Inhibitor']"
CHEMBL177,NCC[C@H](O)C(=O)N[C@@H]1C[C@H](N)[C@@H](O[C@H]2O[C@H](CN)[C@@H](O)[C@H](O)[C@H]2O)[C@H](O)[C@H]1O[C@H]1O[C@H](CO)[C@@H](O)[C@H](N)[C@H]1O,"['Antibiotic', 'Aminoglycoside', 'Nonsense Mutation Suppressor']"
CHEMBL189963,CC(=O)c1c(C)c2cnc(Nc3ccc(N4CCNCC4)cn3)nc2n(C2CCCC2)c1=O,"['Anticancer', 'Cancer', 'CDK4/6 Inhibitor', 'Cdk4/6 Inhibitor']"
CHEMBL2029988,COc1cc2ncnc(Oc3cccc(NC(=O)Nc4cc(C(C)(C)C(F)(F)F)on4)c3)c2cc1OC,"['Anticancer', 'B-Raf(V600E) Inhibitor', 'MAPK/ERK Pathway Inhibitor']"
CHEMBL2105748,COCCCN1CCC(NC(=O)c2cc(Cl)c(N)c3c2OCC3)CC1.O=C(O)CCC(=O)O,"['5-HT4R Antagonist', '5-HT4 Receptor Agonist', 'Amyloid Cascade Modulator']"
CHEMBL2111187,Cl[Ra]Cl,"['Antimalarial', 'Antimicrobial', 'Carbonic Anhydrase Inhibitor', 'Vasorelaxant', 'Cardiovascular', 'CA I Inhibitor', 'Type 2 Diabetes Treatment', 'H2S Donor', 'Carbonic Anhydrase', 'Osteoblast Stimulator', 'CO2 Hydrase', 'Beta-CA Inhibitor', 'Carbonic Anhydrase IV Inhibitor', 'IFN-Gamma Inhibitor', 'Anion Inhibitor', 'H2S-Releasing', 'DNA Cleaving Agent', 'Carbonic Anhydrase XV Inhibitor', 'HD']"
CHEMBL22150,CN1CCN(C(c2ccccc2)c2ccc(Cl)cc2)CC1,"['Anti-HCV', 'Hypolipidemic', 'Phospholipidosis Inducer', 'CNS Drug Partitioning']"
CHEMBL227529,Cn1c(=O)cc(N2CCC[C@@H](N)C2)n(Cc2ccccc2C#N)c1=O.O=C(O)c1ccccc1,"['Anti-Diabetic', 'DPPIV Inhibitor']"
CHEMBL26424,CCN(CC)CCOc1ccc(Cc2ccccc2)cc1,['LTA4H Inhibitor']
CHEMBL3098771,CC(=C/C=C/C(C)=C/C(=O)O)/C=C1\CCCc2ccccc21,['Cancer Preventive']
CHEMBL314437,CCC1(c2cccc(O)c2)CCCCN(C)C1,"['Opioid Antagonist', 'Opioid Analgesic']"
CHEMBL3301608,Cc1nc(NNC(=O)[C@H](CC2CCCC2)CN(O)C=O)c(F)c(N2CCN3CCOC[C@@H]3C2)n1,"['Antibiotic', 'Peptide Deformylase Inhibitor']"
CHEMBL3707446,C[C@@H]1O[C@@H](O[C@@H]2[C@@H](NC(=O)c3cc(=O)[nH]c(=O)[nH]3)C[C@@H](C(=O)NCCNC(=O)COCCOCC(=O)Nc3cc(S(=O)(=O)O)cc4cc(S(=O)(=O)O)cc(S(=O)(=O)O)c34)C[C@H]2O[C@@H]2O[C@H](CO)[C@H](O)[C@H](O[C@@H](CC3CCCCC3)C(=O)O)[C@H]2OC(=O)c2ccccc2)[C@@H](O)[C@H](O)[C@@H]1O,[]
CHEMBL3793226,O=c1ccc2ccc(F)c3c2n1C[C@H]3CN1CCC(NCc2cc3c(nn2)OCCO3)CC1,"['Antibiotic', 'DNA GyraseB Inhibitor', 'Topoisomerase Inhibitor']"
CHEMBL3989677,COc1ccc2c3c1O[C@H]1C(=O)CC[C@H]4[C@@H](C2)N(C)CC[C@]314.O.O.O=C(O)C(O)C(O)C(=O)O,"['Analgesic', 'Narcotic-Antagonist', 'Narcotic Agonist', 'Opiate Receptor', 'Opiate']"
CHEMBL3989873,CNC(=O)[C@H]1O[C@@H](n2cnc3c(NCc4ccc(I)cc4)ncnc32)[C@H](O)[C@@H]1O,"['Adenosine Receptor Agonist', 'A3 Receptor Agonist']"
CHEMBL404216,CCC1C(C)=NN=C(c2ccc(OC)c(OC)c2)c2cc(OC)c(OC)cc21,[]
CHEMBL428,N[C@@H]1[C@H]2CN(c3nc4c(cc3F)c(=O)c(C(=O)O)cn4-c3ccc(F)cc3F)C[C@@H]12,"['Antibiotic', 'Quinolone Antibiotic']"
CHEMBL4303309,Cc1cnc(CNC(=O)c2c(=O)c3ccc(N4CCCN(C)CC4)nc3n3c2sc2ccccc23)cn1,[]
CHEMBL444929,CC(C)[C@@H](CC[C@@H](C)[C@H]1CC[C@H]2[C@@H]3[C@H](O)C[C@H]4C[C@@H](NCCCNCCCCN)CC[C@]4(C)[C@H]3CC[C@]12C)OS(=O)(=O)O,"['Antimicrobial', 'PTP Inhibitor']"
CHEMBL481949,O=C(O)c1ccc(F)c(F)c1Nc1ccc(I)cc1Cl,['MEK1 Inhibitor']
CHEMBL48361,Cn1c(CNc2ccc(C(=N)N)cc2)nc2cc(C(=O)N(CCC(=O)O)c3ccccn3)ccc21,"['Thrombin-Inhibitor', 'Anticoagulant', 'Dual Antithrombotic']"
CHEMBL5095164,CC(C)CCN[C@@H]1CCc2cc(O)c(N3CC(=O)NS3(=O)=O)c(F)c2C1,[]
CHEMBL514800,CCOc1cc([C@@H](CS(C)(=O)=O)N2C(=O)c3cccc(NC(C)=O)c3C2=O)ccc1OC,"['PDE4 Inhibitor', 'TNF-Alpha Inhibitor', 'Phosphodiesterase 4 Inhibitor', 'Psoriasis Treatment', 'Fragile X Syndrome']"
CHEMBL5314426,O=C([O-])CC(O)(CC(=O)[O-])C(=O)[O-].O=C([O-])CC(O)(CC(=O)[O-])C(=O)[O-].[K+].[K+].[K+].[K+].[Mg+2],"['ATP Citrate Lyase Inhibitor', 'ALKBH5 Inhibitor']"
CHEMBL5314968,CC(=O)Nc1ncc(-c2cnn(C3CCNCC3)c2)cc1O[C@H](C)c1c(Cl)ccc(F)c1Cl,"['cMET Inhibitor', 'T Cell Immunity', 'PKCTheta Modulator', 'GLK Inhibitor']"
CHEMBL559180,CC(COc1ccccc1)NC(C)C(O)c1ccc(O)cc1.Cl,['Beta(3)-Adrenergic Agonist']
CHEMBL583912,Oc1cc(O)c2c(c1)O[C@H](c1ccc(O)c(O)c1)[C@H](O)C2,"['Antioxidant', 'Neuraminidase Inhibitor']"
CHEMBL689,OC[C@@H](O)[C@@H](O)[C@H](O)[C@H](O)CO,[]
CHEMBL70927,Cc1c(O)c(=O)ccn1C,"['Iron Chelating', 'Multi-Functional']"
CHEMBL849,Oc1cc(Cl)ccc1Oc1ccc(Cl)cc1Cl,"['Antibiotic', 'Antimalarial', 'Antiparasitic', 'InhA Inhibitor', 'Enoyl-ACP Reductase Inhibitor', 'GyrB Inhibitor']"
CHEMBL1168,CCOC(=O)[C@H](CCc1ccccc1)N[C@@H](C)C(=O)N1[C@H](C(=O)O)C[C@@H]2CCC[C@@H]21,"['ACE Inhibitor', 'Angiotensin Converting Enzyme Inhibitor', 'Metalloenzyme Inhibitor']"
CHEMBL1182833,COc1cc2c(cc1OC)[C@@H](Cc1cc(OC)c(OC)c(OC)c1)[N+](C)(CCCOC(=O)CC/C=C/CCC(=O)OCCC[N+]1(C)CCc3cc(OC)c(OC)cc3[C@H]1Cc1cc(OC)c(OC)c(OC)c1)CC2,['Neuromuscular Blocker']
CHEMBL1200569,Cn1c(=O)c2c(ncn2C)n(C)c1=O.O=C(O)CC(O)(CC(=O)O)C(=O)O,[]
CHEMBL1200582,Cl.NCC(=O)CCC(=O)O,"['GABA(A) Antagonist', 'GABA-T Inhibitor']"
CHEMBL1200944,CC1(C)[C@H](C(=O)[O-])N2C(=O)C[C@H]2S1(=O)=O.[Na+],"['Beta-Lactamase Inhibitor', 'Antibiotic Resistance Inhibitor']"
CHEMBL128,CNS(=O)(=O)Cc1ccc2[nH]cc(CCN(C)C)c2c1,"['5-HT(1B/1D) Agonist', '5-HT6 Agonist', 'Serotonin Receptor', 'Anti-Migraine']"
CHEMBL1355,O=C([O-])CC(O)(CC(=O)[O-])C(=O)[O-].[Na+].[Na+].[Na+],"['HIF PHD Inhibitor', 'FTO Inhibitor', 'ATP Citrate Lyase Inhibitor', 'Collagen Prolyl 4-Hydroxylase Inhibitor', 'ALKBH5 Inhibitor', 'NMDA Receptor Co-Agonist']"
CHEMBL14060,Oc1ccccc1,[]
CHEMBL14227,CCCC(=O)O,"['Prodrug', 'Nematicidal', 'Organic Anion Transporter', 'Spore Germination Inhibitor', 'TRPA1 Agonist', 'Metabolic Disease Treatment', 'Toxic', 'FFA3 Modulator']"
CHEMBL1888176,O=C(O[C@H]1C[C@H]2CC[C@@H](C1)[N+]21CCCC1)C(O)(c1ccccc1)c1ccccc1,"['Muscarinic Receptor Antagonist', 'M1 Muscarinic Receptor Ligand', 'COPD Treatment']"
CHEMBL1929396,Cc1cc2ncc(C(=O)NCC(C)(C)NCC(=O)N3CCC[C@H]3C#N)cn2n1,['DPPIV Inhibitor']
CHEMBL2009089,O=[Se](O)O,"['Antibiotic', 'Antimalarial', 'Carbonic Anhydrase Inhibitor', 'Anti-Trypanosomal', 'CA IX Inhibitor', 'CA I Inhibitor', 'H. pylori', 'Carbonic Anhydrase', 'CO2 Hydrase', 'Beta-CA Inhibitor', 'Carbonic Anhydrase IV Inhibitor', 'Anion Inhibitor', 'Carbonic Anhydrase XV Inhibitor']"
CHEMBL2105638,CNC[C@H](O)[C@@H](O)[C@H](O)[C@H](O)CO.Nc1nc(-n2cc(C(=O)O)c(=O)c3cc(F)c(N4CC(O)C4)c(Cl)c32)c(F)cc1F,['Antibiotic']
CHEMBL2106065,CCN(CC)CCCNCc1cc(Cl)c2cccnc2c1O.Cl,[]
CHEMBL2106195,Cc1cccc([C@H](C)c2c[nH]cn2)c1C.Cl,['TAAR1 Agonist']
CHEMBL2107830,OC[C@H]1O[C@@H](c2ccc(Cl)c(Cc3ccc(O[C@H]4CCOC4)cc3)c2)[C@H](O)[C@@H](O)[C@@H]1O,"['Anti-Diabetic', 'SGLT1/SGLT2 Inhibitor']"
CHEMBL230006,CC1(C)[C@@H](O)CC[C@]2(C)[C@H]3C(=O)C=C4[C@@H]5C[C@@](C)(C(=O)O)CC[C@]5(C)CC[C@@]4(C)[C@]3(C)CC[C@@H]12,"['Cytotoxic', 'Anti-Inflammatory', 'NF-kappa B Inhibitor', '11betaHSD1 Inhibitor', 'Anti-HBV', 'Hepatoprotective', 'SHP2 Inhibitor', 'LOX Inhibitor', 'Anti-HCC', 'Metabolic Disease Treatment', 'AKR1B1 Inhibitor', 'Insulin Pathway Modulator', 'Mitocan']"
CHEMBL286013,CCC(C)(C)C(=O)O,[]
CHEMBL290352,CCSCc1ccc2c(c1)c1c3c(c4c5cc(CSCC)ccc5n5c4c1n2[C@H]1C[C@](O)(C(=O)OC)[C@]5(C)O1)CNC3=O,"['Neurotrophic', 'DLK Inhibitor', 'Neurodegeneration', 'MLK1/3 Inhibitor']"
CHEMBL305660,CC(C)(C)c1ccc(C(=O)CCCN2CCC(OC(c3ccccc3)c3ccccc3)CC2)cc1,"['H1 Receptor Antagonist', 'CYP2J2 Inhibitor']"
CHEMBL328560,NS(=O)(=O)c1ccc(N2CCCCS2(=O)=O)cc1,"['Anticonvulsive', 'Carbonic Anhydrase Inhibitor', 'Carbonic Anhydrase VII Inhibitor']"
CHEMBL351706,N#Cc1ccc2c(c1)CN(S(=O)(=O)c1cccs1)[C@H](Cc1ccccc1)CN2Cc1c[nH]cn1,"['Farnesyl-Protein Transferase Inhibitor', 'Prenyl-transferase Inhibitor', 'Protein Prenylation Inhibitor']"
CHEMBL4068611,Cn1cc(S(=O)(=O)N2CCC3=Cc4c(cnn4-c4ccc(F)cc4)C[C@]3(C(=O)c3cc(C(F)(F)F)ccn3)C2)cn1,"['Glucocorticoid Receptor Antagonist', 'GR Antagonist']"
CHEMBL4438249,C[C@H](Nc1ncnc(N)c1C#N)c1cc2ncc(Cl)n2nc1-c1ccccc1,['PI3KDelta-Gamma Inhibitor']
CHEMBL4558527,Cc1nc(Nc2cccc(N3CCCC3=O)n2)sc1-c1cc2c(c(S(C)(=O)=O)c1)C(=O)N([C@@H](C)C1CC1)C2,"['PI3KDelta-Gamma Inhibitor', 'Asthma']"
CHEMBL463763,CC(C)[C@]12O[C@H]1[C@@H]1O[C@]13[C@]1(O[C@H]1C[C@H]1C4=C(CC[C@@]13C)C(=O)OC4)[C@@H]2O,"['Anticancer', 'Antialzheimer', 'Antineuroinflammatory', 'dCTP Pyrophosphatase Inhibitor', 'SUMOylation Inhibitor', 'HSF1 Inhibitor', 'Antihepatocellular Carcinoma']"
CHEMBL4802138,O[C@H]1CCCN[C@@H]1CCCn1cnc2c(Cl)c(Cl)ccc21,[]
CHEMBL4861471,CN1C(=O)[C@@H](NC(=O)c2nc(Cc3ccccc3)n[nH]2)COc2cccnc21,"['Anti-Inflammatory', 'Necroptosis Inhibitor', 'RIP1 Inhibitor', 'RIPK1 Inhibitor']"
CHEMBL5095080,O=C1CCc2c(OC[C@]3(O)CCN(c4c(F)cc(Cl)cc4F)C[C@H]3O)ccc(F)c2N1,[]
CHEMBL5314423,CNc1cc(Nc2cccn(-c3ccccn3)c2=O)nc2c(C(=O)N[C@@H]3CC[C@H]3OC)cnn12,['TYK2 Inhibitor']
CHEMBL5314600,CC#CC(=O)N1CC[C@@H](n2c(=O)n(-c3ccc(Oc4ccccc4)cc3)c3c(N)ncnc32)C1.Cl,"['BTK Inhibitor', 'Btk Inhibitor', 'Anti-Arthritis']"
CHEMBL5314911,CC(C)NC(=O)c1ccc2c(c1)[C@]1(CCO2)C[C@H]1C(=O)Nc1cc(C#N)ccc1CCCC(=O)O,[]
CHEMBL538867,CC1=C2C[C@H]3[C@@H](CC[C@@H]4C[C@H](NS(C)(=O)=O)CC[C@@]43C)[C@@H]2CC[C@@]2(C1)O[C@@H]1C[C@H](C)CN[C@H]1[C@H]2C,[]
CHEMBL564085,CO[C@H]1C[C@H](O[C@H]2[C@H](C)[C@@H](O[C@@H]3O[C@H](C)C[C@H](N(C)C)[C@H]3OC(C)=O)[C@@H](C)C[C@@]3(CO3)C(=O)[C@H](C)[C@@H](OC(C)=O)[C@@H](C)[C@@H](C)OC(=O)[C@@H]2C)O[C@@H](C)[C@@H]1OC(C)=O,['Antibiotic']
CHEMBL9194,CCCCN(CCCC)C(=O)CN1C[C@H](c2ccc3c(c2)OCO3)[C@@H](C(=O)O)[C@@H]1c1ccc(OC)cc1,"['Endothelin A Receptor Antagonist', 'ETA-Receptor Antagonist', 'ETB Receptor Antagonist', 'ETA Antagonist', 'ETA Selective Endothelin Receptor Antagonist']"
CHEMBL932,OCCN(CCO)c1nc(N2CCCCC2)c2nc(N(CCO)CCO)nc(N3CCCCC3)c2n1,"['Vasodilator', 'Nucleoside Transporter Inhibitor', 'ENT1 Inhibitor']"
CHEMBL1170047,NC(=O)c1ccc(I)c([N+](=O)[O-])c1,[]
CHEMBL1201187,Cc1nnc(C(C)C)n1[C@@H]1C[C@H]2CC[C@@H](C1)N2CC[C@H](NC(=O)C1CCC(F)(F)CC1)c1ccccc1,"['CCR5 Receptor Antagonist', 'HIV-1 Entry Inhibitor', 'HIV', 'EV-A71 Entry Inhibitor', 'HIV-1 Treatment']"
CHEMBL1237072,CC[C@H]1OC(=O)[C@H](C)[C@@H](O[C@H]2C[C@@](C)(OC)[C@@H](O)[C@H](C)O2)[C@H](C)[C@@H](O[C@@H]2O[C@H](C)C[C@H](N(C)C)[C@H]2O)[C@](C)(O)C[C@@H](C)[C@@H]2N[C@@H](COCCOC)O[C@H]([C@H]2C)[C@]1(C)O,[]
CHEMBL12543,CN1CCCC1=O,[]
CHEMBL1621597,CC(C)[N+]1(C)[C@@H]2CC[C@H]1C[C@@H](OC(=O)C(CO)c1ccccc1)C2,"['Muscarinic Receptor Antagonist', 'Bronchodilator', 'M1 Muscarinic Receptor Ligand', 'M3 Receptor Antagonist', 'COPD Treatment', 'Anticholinergic', 'Spasmolytic', 'OCT1 Substrate', 'Cholinergic Receptor Antagonist', 'Organic Cation Transporter Substrate', 'MABA']"
CHEMBL1644,CC1=C(C(=O)O)N2C(=O)[C@@H](NC(=O)[C@H](N)c3ccc(O)cc3)[C@H]2SC1,"['Antibiotic', 'Mycobacterium tuberculosis']"
CHEMBL1951865,Oc1ccc(-c2cc(OC3CCCC3)c3ccccc3n2)cc1O,[]
CHEMBL2000716,NC(=O)CN1C=CCC(C(N)=O)=C1,[]
CHEMBL2104356,CC1=CC(=O)N2CC(=O)N(C)c3ccc(Cl)cc3C2(c2ccccc2)O1,[]
CHEMBL2105187,CN1[C@@H]2CCC(C)(C)[C@H]1C[C@H](OC(=O)C(O)(c1cccs1)c1cccs1)C2,[]
CHEMBL249856,CSc1ccc(C(=O)c2[nH]c(=O)[nH]c2C)cc1,"['Cardiotonic', 'Positive Inotropic']"
CHEMBL25856,Oc1cc2c(cc1O)[C@H]1c3ccccc3CN[C@@H]1CC2,"['Parkinson Disease', 'D2 Dopamine Receptor Ligand', 'Dopamine D2 Receptor Antagonist', 'Dopamine Receptor Agonist', 'D2 Receptor Partial Agonist', 'D2 Agonist', 'D1 Dopamine Receptor Agonist', 'Dopamine D1 Agonist']"
CHEMBL266349,N=C(N)c1ccc(CNC(=O)[C@@H]2CCN2C(=O)[C@H](NCC(=O)O)C2CCCCC2)cc1,['Thrombin-Inhibitor']
CHEMBL278703,Oc1ccc([C@@H]2Oc3ccc(O)cc3[C@@H]3CCC[C@@H]32)cc1,['Estrogen Receptor Ligand']
CHEMBL289228,Cn1cncc1[C@@](N)(c1ccc(Cl)cc1)c1ccc2c(c1)c(-c1cccc(Cl)c1)cc(=O)n2C,"['Antiparasitic', 'Farnesyl-Protein Transferase Inhibitor', 'KRAS G12D Inhibitor', 'FTase Inhibitor', 'Prenyl-transferase Inhibitor', 'Protein Prenylation Inhibitor', 'Lanosterol 14alpha-Demethylase Inhibitor']"
CHEMBL3301604,O=C(O)COC[C@H]1CC[C@H](COC(=O)N(c2ccccc2)c2ccc(Cl)cc2)CC1,"['PAH Treatment', 'Prostacyclin Receptor Agonist']"
CHEMBL336296,O=c1ccn([C@@H]2O[C@H](COP(=O)(O)OP(=O)(O)OP(=O)(O)O)[C@@H](O)[C@H]2O)c(=O)[nH]1,"['P2Y2 Agonist', 'NPP1 Inhibitor', 'Antituberculostic']"
CHEMBL343633,CC(C)NC[C@H](O)COc1ccc(CC(N)=O)cc1,"['Beta-Adrenoceptor Blocker', 'Beta-Adrenoceptor Antagonist']"
CHEMBL3661115,CCc1cc(C(N)=O)ccc1-n1nc(C(C)C)c2c(-n3cnc(-c4cnn(C)c4)c3)ccnc21,['Hsp-90 Inhibitor']
CHEMBL38943,Cc1cc(SCc2sc(-c3ccc(C(F)(F)F)cc3)nc2C)ccc1OCC(=O)O,"['PPAR Agonist', 'PPARdelta Antagonist', 'PPARAlpha/Delta Agonist', 'Dual Agonist', 'PPAR Modulator']"
CHEMBL3989517,COC(=O)[C@H]1[C@@H](c2ccc([123I])cc2)C[C@@H]2CC[C@H]1N2CCCF,['Dopamine Transporter Ligand']
CHEMBL3989595,CCN(CC)CCn1c2c(c3ccc(OC)cc31)CCN1C[C@H]3C[C@@H](OC(=O)c4cc(OC)c(OC)c(OC)c4)[C@H](OC)[C@@H](C(=O)OC)[C@H]3C[C@H]21,['Cytotoxic']
CHEMBL4116378,NC[C@H]1OB(O)c2c(OCCO)ccc(Cl)c21,"['Anti-Tuberculosis', 'Leucyl tRNA Synthetase Inhibitor']"
CHEMBL4173974,C[C@@H]1CN(CC(=O)N2CC(C)(C)c3nc(CO)c(Cc4ccc(F)cc4)cc32)[C@@H](CN2CCOC[C@H]2C)CN1,['IAP Antagonist']
CHEMBL4297063,CC(O)C(=O)O.CN1CCN(c2ccc3nc(-c4c(N)c5c(F)cccc5[nH]c4=O)[nH]c3c2)CC1.O,['VEGFR2 Inhibitor']
CHEMBL4297283,CCCCN1C[C@H](OC(=O)CCC)[C@@H](OC(=O)CCC)[C@H](OC(=O)CCC)[C@H]1COC(=O)CCC,[]
CHEMBL4297327,COCCCN1CCC(c2nnc(-c3nn(C(C)C)c4ccccc34)o2)CC1,[]
CHEMBL4297356,CCCCOc1nc(N)c2[nH]c(=O)n(CCCN(CCCN3CCOCC3)Cc3cccc(CC(=O)OC)c3)c2n1,['TLR7/8 Agonist']
CHEMBL4297366,CN(C)CCCNC(=O)/C(=C/CCCCC(=O)NO)COc1cccc2ccccc12,"['HDACs Inhibitor', 'Histone Deacetylase Inhibitor']"
CHEMBL4297430,CN(C)C(=O)N1C[C@@H]2C[C@@](C)(NCC(=O)N3C[C@@H](F)C[C@H]3C#N)C[C@@H]2C1.Cc1ccc(S(=O)(=O)O)cc1,['DPPIV Inhibitor']
CHEMBL442,CN1C[C@H](C(=O)N[C@]2(C)O[C@@]3(O)[C@@H]4CCCN4C(=O)[C@H](Cc4ccccc4)N3C2=O)C=C2c3cccc4[nH]cc(c34)C[C@H]21,"['5-HT 1A Receptor Agonist', '5-HT(1A) Receptor Ligand', 'D2 Dopamine Receptor Ligand', '5-HT2A Receptor Ligand', '5-HT6 Receptor Ligand', '5-HT6 Agonist', 'Adenylyl Cyclase Inhibitor', 'Drug Design', 'Biased Ligand', 'Psychotropic', 'h5-HT1D Receptor Ligand', 'Serotonin Receptor', 'Anti-Migraine', 'D5 Receptor Ligand', 'H1 Receptor Ligand']"
CHEMBL4594412,CN1C(=O)C(C)(C)Oc2c(-c3cn(C)c(=O)c4[nH]ccc34)cc(S(C)(=O)=O)cc21,"['BET Inhibitor', 'BET Bromodomain Antagonist']"
CHEMBL46399,CC1C2Cc3ccc(O)cc3C1(C)CCN2CCc1ccccc1,"['Mu Opioid Receptor Agonist', 'Sigma-1 Agonist', 'Narcotic Analgesic', 'PCP Receptor Ligand', 'Sigma-2 Agonist']"
CHEMBL4650281,C=CC(=O)N[C@H]1C=C(C)c2c(-c3cnc4ccccc4c3)c3c(N)ncnc3n2C1,[]
CHEMBL4650318,COc1nc(C(=O)NC[C@](C)(O)C(F)(F)F)c(N)cc1C(F)(F)F,"['COPD', 'CFTR Potentiator', 'Cystic Fibrosis']"
CHEMBL5095229,Cc1[nH]nc(C(=O)Nc2cnc3[nH]c(-c4ccccc4)cc3c2)c1C,[]
CHEMBL5314475,CCCN1CC(Oc2ccc([C@@H]3c4[nH]c5ccccc5c4C[C@@H](C)N3CC(C)(C)F)cc2)C1,"['SERD', 'Estrogen Receptor Degrader', 'ER+ Breast Cancer']"
CHEMBL5314589,CC(C)C(=O)N1CCC[C@@]12CN([C@H](C(N)=O)[C@@H](C)O)C2=O,[]
CHEMBL57997,Nc1sc2c(c1C(=O)c1ccc(Cl)cc1)CCCC2,['A1 Adenosine Receptor Allosteric Enhancer']
CHEMBL603469,C[C@]12O[C@H](C[C@]1(O)CO)n1c3ccccc3c3c4c(c5c6ccccc6n2c5c31)CNC4=O,"['Protein Kinase Inhibitor', 'TrkA Inhibitor', 'Antipancreatic Cancer', 'PKR Inhibitor', 'PKCTheta/Delta Inhibitor', 'MLK1/3 Inhibitor']"
CHEMBL73451,c1ccc2c(c1)Sc1ccccc1N2CC1CN2CCC1CC2,[]
CHEMBL79280,COc1ccc(NS(=O)(=O)c2c(F)c(F)c(F)c(F)c2F)cc1F,[]
CHEMBL94,CNC(=O)Oc1ccc2c(c1)[C@]1(C)CCN(C)[C@@H]1N2C,"['Neuroprotective', 'Acetylcholinesterase Inhibitor', ""Alzheimer's Disease"", ""Alzheimer's"", 'Amyloid-Beta Aggregation Inhibitor', 'AChE Inhibitor', 'Cognition-Enhancer', 'Butylcholinesterase Inhibitor', 'Antialzheimer', 'BuChE Inhibitor', 'Antineuroinflammatory', 'BChE Inhibitor', 'Anticholinesterase', 'ChEs Inhibitor', 'Multi-Functional', 'Anticholinergic', 'Antiacetylcholinesterase', 'Antidementia', 'Carbamate']"
CHEMBL95889,C[N+](C)(C)CC(=O)O,"['Organic Cation Transporter', 'Gamma-Butyrobetaine Hydroxylase Inhibitor', 'BBOX Inhibitor', 'Carnitine Biosynthesis Inhibitor', 'hPAT1 Substrate', 'Carnitine Transporter']"
CHEMBL108,NC(=O)N1c2ccccc2C=Cc2ccccc21,[]
CHEMBL1200474,CN(C)[C@@H]1C(O)=C(C(N)=O)C(=O)[C@@]2(O)C(O)=C3C(=O)c4c(O)ccc(Cl)c4[C@@H](O)[C@H]3C[C@@H]12.Cl,"['Antibiotic', 'Efflux Pump Inhibitor', 'Dicer Inhibitor']"
CHEMBL1201354,CC[N+](CC)(CC)CCC(O)(c1ccccc1)C1CCCCC1,['Anticholinergic']
CHEMBL1201753,O=C(O)C[C@H](O)C[C@H](O)/C=C/c1c(C2CC2)nc2ccccc2c1-c1ccc(F)cc1,"['HMG-CoA Reductase Inhibitor', 'Cholesterol Synthesis Inhibitor']"
CHEMBL1232132,N[C@@H](Cc1cc(Br)c(O)c(Br)c1)C(=O)O,[]
CHEMBL1551724,NC(=O)c1ncn([C@@H]2O[C@H](CO)[C@@H](O)[C@H]2O)c1N,['Antitumor']
CHEMBL1651906,CN(N=O)C(=O)N[C@H]1C(O)O[C@H](CO)[C@@H](O)[C@@H]1O,[]
CHEMBL180570,O=P(O)(O)CP(=O)(O)O,['Antibiotic Resistance']
CHEMBL1938870,O=C(O)Cn1nnc(-c2cc(N3CCC(Oc4cc(F)ccc4Br)CC3)no2)n1,"['SCD-1 Inhibitor', 'Liver-Targeting', 'Liver-Selective']"
CHEMBL2001019,OCCn1cc(-c2cnc3nnn(Cc4ccc5ncccc5c4)c3n2)cn1,"['Anticancer', 'cMET Inhibitor', 'Protein Kinase Inhibitor', 'Cancer Treatment']"
CHEMBL2021423,O=S(=O)([O-])[O-].[Mg+2],"['Antibiotic', 'Antimalarial', 'Antimicrobial', 'Carbonic Anhydrase Inhibitor', 'Anti-Trypanosomal', 'CA I Inhibitor', 'H. pylori', 'Carbonic Anhydrase', 'CO2 Hydrase', 'Beta-CA Inhibitor', 'Carbonic Anhydrase IV Inhibitor', 'Anion Inhibitor', 'Carbonic Anhydrase XV Inhibitor']"
CHEMBL2104208,CCC(C)(CC)OC(N)=O,"['Anticonvulsive', 'Antineuropathic']"
CHEMBL225411,O=C(NCC1CCOCC1)c1cnc(Nc2ccc(Cl)cc2Cl)nc1C(F)(F)F,"['Analgesic', 'CB2 Agonist']"
CHEMBL2368925,O=C(O[C@@H]1C[C@@H]2C[C@H]3C[C@H](C1)N2CC3=O)c1c[nH]c2ccccc12,"['5-HT4 Receptor Agonist', 'Glycine Receptor Modulator']"
CHEMBL3659497,CC(C)Oc1cc(-n2cnc3ccc(N[C@@H](C)c4ncc(F)cn4)nc32)n[nH]1,['TrkA Inhibitor']
CHEMBL3678958,CC(C)n1c(Nc2cccnc2)nc2cnc(Nc3ccc(N4CCN(C)CC4)cc3)nc21,[]
CHEMBL370805,COC(=O)[C@H]1[C@@H](OC(=O)c2ccccc2)C[C@@H]2CC[C@H]1N2C,"['PDE4 Inhibitor', 'Dopamine Transporter Inhibitor', 'Serotonin Transporter Inhibitor', 'Dopamine Transporter Ligand', 'Serotonin Re-uptake Inhibitor', 'Norepinephrin Reuptake Inhibitor', 'Dopamine-Uptake Inhibitor', 'Serotonin Transporter Ligand', 'Norepinephrine Transporter Inhibitor', 'DAT Inhibitor', 'Dopamine Reuptake Inhibitor', 'Monoamine Transporter Inhibitor', 'Monoamine Reuptake Inhibitor', 'Sigma1 Receptor Antagonist', 'Cocaine Analog', 'CNS Stimulant', 'Monoamine Transporter Ligand', 'Stimulant', 'Cocaine Addiction', 'Cocaine Antagonist', 'Cocaine Abuse Treatment', 'DAT Ligand', 'Psychostimulant Abuse', 'Cocaine Abuse', 'Monoamine Transporter Binder', 'CNS Drug Partitioning', 'Locomotor Stimulant']"
CHEMBL3989553,CS(=O)(=O)O.CS(=O)(=O)O.N=C(N)Nc1ccc(C(=O)Oc2ccc3cc(C(=N)N)ccc3c2)cc1,[]
CHEMBL3989820,Cc1ccc(-c2nc3ccc(C)cn3c2CC(=O)N(C)C)cc1.Cc1ccc(-c2nc3ccc(C)cn3c2CC(=O)N(C)C)cc1.O=C(O)C(O)C(O)C(=O)O,[]
CHEMBL4297626,Cn1nc(C(=O)N(Cc2ccccc2)Cc2ccc(C(=O)O)cc2)c2c1-c1cc(Cl)ccc1OC2,"['FXR Partial Agonist', 'NASH Treatment']"
CHEMBL4802233,O=C(CO)NCCCOc1cccc(CN2CCCCC2)c1,['Histamine H2-Receptor Antagonist']
CHEMBL5095245,N#Cc1ccc(N2CCN(Cc3ccc4c5c(c(=O)[nH]c4c3)CCCN5)CC2)nc1,['PARP1/2 Inhibitor']
CHEMBL5095400,Cc1cnc(-c2ccc(C(F)(F)F)cc2)n1Cc1ccccc1OCCC[C@@H](C)CC(=O)O.Cc1cnc(-c2ccc(C(F)(F)F)cc2)n1Cc1ccccc1OCCC[C@@H](C)CC(=O)O.O=S(=O)(O)O,['Mitochondrial Function Enhancer']
CHEMBL5170587,N#Cc1ccc(N2CCC[C@@H]2[C@@H](O)C(F)(F)F)cc1C(F)(F)F,"['Androgen Receptor Modulator', 'SARM', 'Hair Loss Treatment']"
CHEMBL56900,c1ccc(Cn2c(N3CCNCC3)nc3ccccc32)cc1,"['5-HT3 Receptor Agonist', 'Antiemetic']"
CHEMBL607048,COCC[C@H]1CC2CN3CCc4c([nH]c5ccccc45)[C@](C(=O)OC)(C2)[C@H]13,[]
CHEMBL837,CCc1c2c(nc3ccc(O)cc13)-c1cc3c(c(=O)n1C2)COC(=O)[C@]3(O)CC,"['Cytotoxic', 'Chemotherapy', 'ABCC2 Inhibitor']"
CHEMBL844,Brc1c(NC2=NCCN2)ccc2nccnc12,[]
CHEMBL85398,O=C1CSC(=O)N1,[]
CHEMBL980,COc1ccccc1OCC(O)CO,[]
CHEMBL1008,CC(C)COCC(CN(Cc1ccccc1)c1ccccc1)N1CCCC1,['Cardiac-Slowing']
CHEMBL119625,O=C(O)Cn1c(=O)c(=O)[nH]c2cc([N+](=O)[O-])c(-n3ccnc3)cc21,"['AMPA Receptor Antagonist', 'Kainate Antagonist']"
CHEMBL1200494,Cl.N=C(N)NC(=O)Cc1c(Cl)cccc1Cl,[]
CHEMBL1200538,CC(=O)OCC(=O)[C@@]1(O)[C@@H](C)C[C@H]2[C@@H]3CCC4=CC(=O)C=C[C@]4(C)[C@@]3(F)[C@@H](O)C[C@@]21C,"['Anti-Inflammatory', 'Topical Antiinflammatory']"
CHEMBL1201059,CC(C)NC(=N)NC(=N)Nc1ccc(Cl)cc1.Cl,['Antimalarial']
CHEMBL1201119,N[C@@H](Cc1cc(I)c(Oc2ccc(O)c(I)c2)c(I)c1)C(=O)[O-].[Na+],"['Cholesterol Lowering', 'Thyromimetic', 'Androgen Receptor Inhibitor', 'Liver-Selective', 'Thyroid Hormone Receptor Agonist', 'CYP3A4 Inducer', 'Thyroid Hormone Receptor Ligand', 'PXR Activator', 'TRBeta Agonist', 'TLS Inhibitor']"
CHEMBL1479,C#C[C@]1(O)CC[C@H]2[C@@H]3CCC4=Cc5oncc5C[C@]4(C)[C@H]3CC[C@@]21C,"['17 alpha-hydroxylase/C17,20-lyase Inhibitor']"
CHEMBL1501,CC(=O)OCC(=O)[C@@]12OC(C)(C)O[C@@H]1C[C@H]1[C@@H]3C[C@H](F)C4=CC(=O)C=C[C@]4(C)[C@@]3(F)[C@@H](O)C[C@@]12C,"['Anti-Inflammatory', 'Topical Antiinflammatory']"
CHEMBL1743,CO/N=C(\C(=O)N[C@@H]1C(=O)N2C(C(=O)O)=C(/C=C\c3scnc3C)CS[C@H]12)c1csc(N)n1,"['Antibiotic', 'PBP2 Inhibitor']"
CHEMBL1762621,COC(=O)[C@]12CCC(C)(C)C[C@H]1[C@H]1C(=O)C=C3[C@@]4(C)C=C(C#N)C(=O)C(C)(C)[C@@H]4CC[C@@]3(C)[C@]1(C)CC2,"['Anti-Inflammatory', 'NO Production Inhibitor', 'Nrf2-ARE Activator', 'Cancer Chemopreventive', 'Nitric Oxide Inhibitor', 'HO-1 Inducer']"
CHEMBL2013174,CC[C@@H]1C[C@]1(NC(=O)[C@@H]1C[C@@H](Oc2cc(-c3csc(NC(C)C)n3)nc3c(Cl)c(OCCN4CCOCC4)ccc23)CN1C(=O)[C@@H](NC(=O)O[C@@H]1C[C@@H]2C[C@@H]2C1)C(C)(C)C)C(=O)O,"['HCV NS3 Protease Inhibitor', 'NS3-4A Protease Inhibitor']"
CHEMBL2062257,Brc1c(NC2=NCCN2)ccc2nccnc12.O=C(O)C(O)C(O)C(=O)O,[]
CHEMBL2095211,C[C@H]1CNCCc2ccc(Cl)cc21.Cl,"['Obesity Treatment', '5-HT2A/2C Agonist', 'Histamine-3R Modulator']"
CHEMBL2107085,Nc1ncnc2c1nc(Cl)n2[C@@H]1O[C@@H]2COP(=O)(O)O[C@H]2[C@H]1O,"['PDE Inhibitor', 'cAMP Activator', 'Inotropic Agent']"
CHEMBL2107549,CC(C)(OCc1nn(Cc2ccccc2)c2ccccc12)C(=O)O,"['Protective', 'Antispermatogenic']"
CHEMBL2134724,CC(C)[N+]1(C)[C@@H]2CC[C@H]1C[C@@H](OC(=O)C(CO)c1ccccc1)C2.O.[Br-],"['PDE4 Inhibitor', 'Muscarinic Receptor Antagonist', 'Bronchodilator', 'COPD', 'M1 Muscarinic Receptor Ligand', 'M3 Receptor Antagonist', 'COPD Treatment', 'Spasmolytic', 'OCT1 Substrate', 'Cholinergic Receptor Antagonist', 'Urinary Bladder', 'Organic Cation Transporter Substrate', 'MABA']"
CHEMBL2364633,CON(C)Cc1ccc(O)c2c1C[C@H]1C[C@H]3[C@H](N(C)C)C(O)=C(C(N)=O)C(=O)[C@@]3(O)C(O)=C1C2=O.Cl,['Antibiotic']
CHEMBL242580,Cc1cc(C2CCCCC2)n(O)c(=O)c1.NCCO,['Stroke Treatment']
CHEMBL251634,C[C@@H]1C[C@H]2[C@@H]3C[C@H](F)C4=CC(=O)C=C[C@]4(C)[C@H]3[C@@H](O)C[C@]2(C)[C@H]1C(=O)CO,"['Anti-Inflammatory', 'FXR Partial Agonist', 'Glucocorticoid Agonist', 'GR Agonist']"
CHEMBL3109738,COc1cc2ncnc3c2cc1OCCCCCN(C)Cc1ccc(Br)cc1N3,['EGFR Kinase Inhibitor']
CHEMBL3673452,COc1ccc(COc2ccc(Cn3c(N)nc4cc(-c5cnn(C)c5)cnc43)cc2OC)cc1,[]
CHEMBL376180,Nc1nc(N)c2nc(CNc3ccc(C(=O)N[C@@H](CCC(=O)O)C(=O)O)cc3)cnc2n1,['Dihydrofolate Inhibitor']
CHEMBL4299940,O=C(c1ccc(NS(=O)(=O)c2cccc3cccnc23)cc1)N1CCN(CC2CC2)CC1,"['PKM2 Activator', 'PKM2 Inhibitor']"
CHEMBL4594452,CCCCCCCCC=CCCCCCCC(O)C(=O)O,"['Antilipolytic', 'Pro-Inflammatory']"
CHEMBL4650276,CC1(C)C(=O)N(c2ccc(C#N)c(C(F)(F)F)c2)C(=S)N1c1ccc(OC[C@@H](O)CO)cc1,"['Androgen Receptor Antagonist', 'Anti-Androgen', 'CRPC Treatment']"
CHEMBL4650989,C[C@@H](N)COc1ccc(-c2cnc3ccc(N[C@H](C)c4cccc(F)c4)nn23)cc1,[]
CHEMBL520400,CN1CCC(N(Cc2ccccc2)c2ccccc2)CC1,[]
CHEMBL5314562,Cc1cc(OC/C=C(/c2ccc(F)cc2)c2ccc(C#CCN3CCOCC3)cc2)ccc1OCC(=O)O,['PPARdelta Antagonist']
CHEMBL5314584,C[C@@H](NC(=O)N1C(=O)[C@H](Cc2ccnc(N)c2)[C@H]1C(=O)O)C1CCCCC1.Cl,[]
CHEMBL87045,c1ccc(C2(c3ccccc3)CC2C2=NCCN2)cc1,['Alpha 1-Adrenoceptor Agonist']
CHEMBL1082354,O=C(Nc1ncc([N+](=O)[O-])s1)c1cccs1,[]
CHEMBL109648,COc1ccccc1Oc1c(NS(=O)(=O)c2ccc(C)cn2)nc(-c2ccnc(-c3nnn[nH]3)c2)nc1OCCO,['Endothelin A Receptor Antagonist']
CHEMBL1200517,CN1C[C@H](C(=O)N[C@]2(C)O[C@@]3(O)[C@@H]4CCCN4C(=O)[C@H](Cc4ccccc4)N3C2=O)C[C@@H]2c3cccc4[nH]cc(c34)C[C@H]21.CS(=O)(=O)O,"['5-HT 1A Receptor Agonist', '5-HT6 Receptor Ligand', '5-HT6 Agonist', 'Adenylyl Cyclase Inhibitor', 'h5-HT1D Receptor Ligand', 'Serotonin Receptor', 'Anti-Migraine']"
CHEMBL1200617,CCC(=O)[C@@]1(C)[C@H](C)C[C@H]2[C@@H]3CCC4=CC(=O)C=C[C@]4(C)[C@H]3[C@@H](O)C[C@@]21C,[]
CHEMBL1334078,[Na+].[O-]Cl,"['Antibiotic', 'Antimalarial', 'Antimicrobial', 'Neuroprotective', 'Carbonic Anhydrase Inhibitor', 'Antihypertensive', 'Anti-Trypanosomal', 'Vasodilator', 'PDE10a Inhibitor', 'Cytoprotective', 'Vasorelaxant', 'Cardioprotective', 'Cardiovascular', 'CA I Inhibitor', 'Type 2 Diabetes Treatment', 'Matriptase Inhibitor', 'CD73 Inhibitor', 'Nootropic', 'H. pylori', 'Tau Phosphorylation Inhibitor', 'H2S Donor', 'Carbonic Anhydrase', 'Amnesia-Reversal', 'NMDAR Antagonist', 'Osteoblast Stimulator', 'Hydrogen Sulfide Donor', 'Mood Disorder', 'Insulin Release Stimulator', 'CO2 Hydrase', 'Beta-CA Inhibitor', 'GPR39 Agonist', 'Carbonic Anhydrase IV Inhibitor', 'IFN-Gamma Inhibitor', 'Cu Chelator', 'Anion Inhibitor', 'H2S-Releasing', 'DNA Cleaving Agent', 'Carbonic Anhydrase XV Inhibitor', 'Tau Protein Inhibitor', 'HD', 'Glycogen Synthase Activator']"
CHEMBL14249,Nc1ncnc2c1ncn2[C@@H]1O[C@H](COP(=O)(O)OP(=O)(O)OP(=O)(O)O)[C@@H](O)[C@H]1O,"['Potassium Channel Opener', 'STING Receptor Agonist', 'HSP70 Inhibitor', 'Adenylate Kinase Inhibitor', 'NPP Inhibitor', 'Inhibitor', 'NTPDase2 Inhibitor', 'P2X3 Receptor Agonist', 'Methionine Adenosyltransferase Inhibitor']"
CHEMBL1448187,Cl.Cl.OCCN1CCN(CCCN2c3ccccc3Sc3ccc(C(F)(F)F)cc32)CC1,"['Anti-Glioblastoma', 'Thymoleptic']"
CHEMBL1512,CC1(C)O[C@@H]2C[C@H]3[C@@H]4C[C@H](F)C5=CC(=O)C=C[C@]5(C)[C@H]4[C@@H](O)C[C@]3(C)[C@]2(C(=O)CO)O1,"['Anti-Inflammatory', 'Glucocorticoid Agonist']"
CHEMBL2016757,N#C[C@@]1(c2ccc3c(N)ncnn23)O[C@H](CO)[C@@H](O)[C@H]1O,"['Prodrug', 'RSV Inhibitor', 'Oral Bioavailability', 'Anti-SARS-CoV-2', 'Anti-IAV']"
CHEMBL2105743,COc1ccc(CC(C)(C)NC[C@H](O)c2cc(O)cc3c2OCC(=O)N3)cc1.Cl,"['Beta(3)-Adrenergic Agonist', 'Smooth Muscle Relaxant']"
CHEMBL2107720,CC(=O)CCC1C(=O)N(c2ccccc2)N(c2ccccc2)C1=O,"['Anti-Inflammatory', 'Anticonvulsive', 'Prostaglandin Synthase Inhibitor']"
CHEMBL2107787,CC(=O)O[C@@]12CO[C@@H]1CC[C@@]1(C)[C@@H]3O[C@H](CN(C)C)O[C@@H]3C3=C(C)[C@@H](OC(=O)[C@H](O)[C@@H](NC(=O)OC(C)(C)C)c4ncccc4F)C[C@@](O)([C@@H](OC(=O)c4ccccc4)[C@@H]12)C3(C)C,['Antitumor']
CHEMBL2146102,CN[C@@H](C)[C@H](O)c1ccccc1.Cl,[]
CHEMBL278819,Cc1cc(-c2ccccc2)nnc1NCCN1CCOCC1,"['Antidepressant', 'Serotoninomimetic', 'Dopaminomimetic']"
CHEMBL3039516,CCCCCCCC/C=C/CCCCCCCC(=O)OC[C@H]1O[C@@H](n2ccc(N)nc2=O)C(F)(F)[C@@H]1O,"['Cytotoxic', 'Antitumor']"
CHEMBL305686,Nc1ncnc2c1ncn2[C@@H]1O[C@H](CO)C[C@H]1O,"['Adenosine Receptor Antagonist', 'Adenosine Receptor Agonist', 'Adenylyl Cyclase Inhibitor', 'HSP70 Inhibitor']"
CHEMBL3183184,CCCCC(CC)COC(=O)C=Cc1ccc(OC)cc1,[]
CHEMBL341922,CC(C(=O)[O-])c1cccc(C(=O)c2ccccc2)c1.[Na+],"['Anti-Inflammatory', 'Analgesic', 'Antioxidant', 'COX2 Inhibitor', 'mPGES-1 Inhibitor', 'COX1⧹2 Inhibitor', '5-LOX/COX Inhibitor', 'Cyclooxygenase Inhibitor', 'Dual-Inhibitor', 'Lipoxygenase Inhibitor', 'Lipoperoxidation Inhibitor', 'NSAID', 'IL-8 Inhibitor', 'Organic Anion Transporter', 'HSA-Binding', 'Permeability', 'CXCR1 Inhibitor', 'OAT1 Inhibitor', 'Organic Anion Transport Inhibitor', 'Prostaglandin Synthase Inhibitor', 'Gli1 Inhibitor', 'Skin Permeation', 'CXCL8 Inhibitor', 'Dopamine Agent', 'Complement Modulator', 'ACMSD Inhibitor']"
CHEMBL3580737,CCS(=O)(=O)c1ccc(Oc2cc(O[C@@H](C)CO)cc(C(=O)Nc3ccn(C)n3)c2)cn1,"['Hypoglycemic', 'Glucokinase Activator']"
CHEMBL3692206,Cc1cc(Nc2nc(CC3(C(=O)O)CCN(C(=O)c4cccc(Cl)c4Cl)CC3)ccc2F)n[nH]1,[]
CHEMBL3916717,Cc1cc(F)c(C(=O)Nc2cccc(-c3nncn3C(C)C)n2)cc1-n1cnc(C2CC2)c1,['ASK1 Inhibitor']
CHEMBL40,CCC1(c2ccccc2)C(=O)NC(=O)NC1=O,"['Anticonvulsive', 'Sodium Channel Blocker', 'Hypnotic', 'Cognitive Impairment', 'Sodium Channel Binder', 'Neurotoxicity', 'Voltage-Gated Sodium Channel Ligand', 'Skin Permeation', 'hCAR Agonist', 'Constitutive Androstane Receptor Agonist']"
CHEMBL4297066,CCCCCCCC(=O)N[C@H](CN1CCCC1)[C@H](O)c1ccc2c(c1)OCCO2.CCCCCCCC(=O)N[C@H](CN1CCCC1)[C@H](O)c1ccc2c(c1)OCCO2.O=C(O)C(O)C(O)C(=O)O,[]
CHEMBL4297252,C[C@@H]1O[C@@H](O[C@H]2[C@H](O[C@@H]([C@H](O)[C@@H](O)C=O)[C@H](O)CO)O[C@H](CO)[C@H](O)[C@@H]2O)[C@@H](O)[C@H](O)[C@@H]1O,[]
CHEMBL4297593,CONC(=N)c1ccc(CNC(=O)[C@@H]2CCN2C(=O)[C@H](O)c2cc(Cl)cc(OC(F)F)c2)cc1,[]
CHEMBL4650214,CN1CCC(c2ccccc2CC(C)(C)Nc2nc(N3CCOCC3)nc(-n3c(C(F)F)nc4ccccc43)n2)CC1,[]
CHEMBL4802246,C[C@H](CCCC(C)(C)O)[C@H]1CC[C@H]2[C@@H]3CC=C4C[C@@H](OS(=O)(=O)[O-])CC[C@]4(C)[C@H]3CC[C@]12C.[Na+],['HMGCR Degrader']
CHEMBL55400,Nc1ccc2cc3ccc(N)cc3nc2c1,"['Telomerase Inhibitor', 'Hypoxic Cytotoxin', 'HCV IRES Inhibitor', 'Multidrug Efflux Pump']"
CHEMBL573677,C[C@H](CCOc1cccc(CC(=O)O)c1)N(Cc1cccc(C(F)(F)F)c1Cl)CC(c1ccccc1)c1ccccc1,"['LXRalpha Agonist', 'Cholesterol Efflux']"
CHEMBL640,CCN(CC)CCNC(=O)c1ccc(N)cc1,['Melanoma-Targeting']
CHEMBL114551,CC(=N)NCCSCC[C@H](N)C(=O)O,['Nitric Oxide Synthase Inhibitor']
CHEMBL118841,COc1ccc2c(c1)-c1nn(CCCN(C)C)c3ccc([N+](=O)[O-])c(c13)N2,"['Anticancer', 'Cytotoxic']"
CHEMBL1197564,O=C1Cc2ccccc2C(=C2CCNCC2)c2ccsc21,[]
CHEMBL1201142,C#CCN[C@@H]1CCc2ccccc21.CS(=O)(=O)O,"['Neuroprotective', 'Metal Chelator', 'Monoamine Oxidase-B Inhibitor', 'Anti-Parkinson', 'Glioprotective']"
CHEMBL1201362,C[C@H]1C[C@H]2[C@@H]3CCC4=CC(=O)C=C[C@]4(C)[C@@]3(F)[C@@H](O)C[C@]2(C)[C@@]1(O)C(=O)CCl,"['Anti-Inflammatory', 'Glucocorticoid Agonist', 'GR Agonist', 'Topical Antiinflammatory', 'CYP3A4 Inducer', 'Vasoconstrictor', 'PXR Activator', 'Glucocorticoid Modulator', 'PDE4/7 Inhibitor', 'Human Chymase Inhibitor']"
CHEMBL1232801,Nc1nc(=O)c2c([nH]1)NC[C@@H](CNc1ccc(C(=O)N[C@@H](CCC(=O)O)C(=O)O)cc1)N2C=O,[]
CHEMBL1269025,CN1CCc2nc(C(=O)N[C@@H]3C[C@@H](C(=O)N(C)C)CC[C@@H]3NC(=O)C(=O)Nc3ccc(Cl)cn3)sc2C1,['Factor Xa Inhibitor']
CHEMBL1364,Cc1ncc(CO)c(CO)c1O,['Oxidative Stress Inhibitor']
CHEMBL1705,Cl.Clc1cccc(Cl)c1NC1=NCCN1,"['Hypotensive', 'Alpha 1-Adrenoceptor Ligand', 'Alpha 1-Adrenoceptor Agonist', 'Alpha2-Adrenoceptor Agonist', 'Biometal Chelator', 'Alpha-Adrenolytic']"
CHEMBL2028665,CCOC(=O)OC[C@H]1O[C@@H](Oc2nn(C(C)C)c(C)c2Cc2ccc(OC(C)C)cc2)[C@H](O)[C@@H](O)[C@@H]1O,['SGLT1/SGLT2 Inhibitor']
CHEMBL2095206,COc1cc(Nc2c(C#N)cnc3cc(OCCCN4CCN(C)CC4)c(OC)cc23)c(Cl)cc1Cl.O,"['Src Kinase Inhibitor', 'PKMYT1 Inhibitor', 'Abl Kinase Inhibitor', 'Anti-CML', 'T Cell Immunity', 'PKCTheta Modulator', 'GLK Inhibitor']"
CHEMBL2104734,CC(CN(C)C)CN1c2ccccc2S(=O)(=O)c2ccccc21,['Antidepressant']
CHEMBL2107062,CCC(C(=O)NC(N)=O)c1ccccc1,"['Anticonvulsive', 'Antineuropathic', 'AED']"
CHEMBL218166,O=c1[nH]c2cccc(N3CCN(Cc4cccc(-c5ccccc5)c4)CC3)c2o1,"['5-HT 1A Receptor Agonist', 'Atypical Antipsychotic', 'D2 Receptor Partial Agonist']"
CHEMBL3182343,CC(C)(C)C(=O)OCOC(=O)[C@@H]1N2C(=O)[C@@H](NC(=O)[C@H](N)c3ccccc3)[C@H]2SC1(C)C,['Antibiotic']
CHEMBL3544974,CN1CC2c3ccccc3Oc3ccc(Cl)cc3C2C1.O=C(O)/C=C\C(=O)O,[]
CHEMBL3545085,CC(C)c1cc(CNc2nc(Nc3cc(C4CC4)[nH]n3)cc(N3CCN(C)CC3)n2)on1,[]
CHEMBL3833411,OB1OB2OB(O)OB(O1)O2,"['Antimalarial', 'Anti-Trypanosomal', 'Carbonic Anhydrase', 'CO2 Hydrase', 'Beta-CA Inhibitor']"
CHEMBL3984425,C[C@H](NC(=O)c1c(N)nn2cccnc12)c1cc2cccc(C#Cc3cnn(C)c3)c2c(=O)n1-c1ccccc1,"['PI3KDelta-Gamma Inhibitor', 'Immuno-Oncology']"
CHEMBL403,CC1(C)[C@H](C(=O)O)N2C(=O)C[C@H]2S1(=O)=O,"['Beta-Lactamase Inhibitor', 'Antibiotic Resistance Inhibitor', 'Carbapenemase Inhibitor']"
CHEMBL427,CN(CCCl)CCCl,[]
CHEMBL4297220,Cl.O=C(Nc1ccc(OC(F)(F)Cl)cc1)c1cnc(N2CC[C@@H](O)C2)c(-c2cc[nH]n2)c1,"['Tyrosine Protein Kinase Inhibitor', 'Bcr-Abl Inhibitor', 'CML Treatment', 'Allosteric Inhibitor', 'CML', 'BCR-ABL Degrader']"
CHEMBL4297326,COc1cccc(C(=O)Nc2ccc3c(c2)CCN(C(=O)Oc2ccccc2)C3)c1-c1ccc(C(F)(F)F)cc1,['MTP Inhibitor']
CHEMBL4303545,COc1ccc(S(=O)(=O)N2CCCN(S(=O)(=O)c3ccc(OC)c(OC)c3)CC2)cc1OC,[]
CHEMBL4471306,C[C@H](Nc1cc(Cl)nc2c1cnn2[C@@H]1O[C@H](COP(=O)(O)CP(=O)(O)O)[C@@H](O)[C@H]1O)c1ccccc1F,"['CD73 Inhibitor', 'Immune Checkpoint Inhibitor', 'CD39 Inhibitor']"
CHEMBL5314523,C[C@@H]1CN(c2cc(N3CCN(CC4=C(c5ccc(Cl)cc5)CC(C)(C)CC4)CC3)ccc2C(=O)NS(=O)(=O)c2ccc(NCC3CCOCC3)c([N+](=O)[O-])c2)c2cc3cc[nH]c3nc2O1,['BCL-2 Inhibitor']
CHEMBL560993,Cc1c(Cc2ccc3ccccc3n2)c2cc(F)ccc2n1CC(=O)O,"['CRTH2 Antagonist', 'Asthma', 'Allergic Rhinitis']"
CHEMBL57004,CCN(CC)CCCCCCNc1cc(OC)cc2c(C)ccnc12,['Antimalarial']
CHEMBL7257,COc1ccc2[nH]cc(CCN(C)C)c2c1,"['5-HT(1B/1D) Agonist', '5-HT6 Agonist', 'Serotoninergic Agonist', 'Hallucinogen', 'Neurogenic', 'Serotonin Receptor', 'Anti-Migraine']"
CHEMBL87563,CCOC(=O)c1ccc(OC(=O)CCCCCNC(=N)N)cc1,[]
CHEMBL970,O=C1CN=C(c2ccccc2)c2cc(Cl)ccc2N1CC(F)(F)F,[]
CHEMBL1046,NCCCCCC(=O)O,"['GABA-A Receptor Ligand', 'GABA Uptake Inhibitor', 'GABA(A) Antagonist', 'GABA-T Inhibitor']"
CHEMBL1237122,CCCCC[C@](C)(O)/C=C/[C@@H]1[C@@H](C/C=C\CCCC(=O)O)[C@@H](O)C[C@H]1O,"['Bronchodilator', 'Ocular Hypotensive', 'Uterine Stimulant']"
CHEMBL1256,FC(F)OC(Cl)C(F)(F)F,['Convulsant']
CHEMBL1274,CC1(C)NC(=O)N(c2ccc([N+](=O)[O-])c(C(F)(F)F)c2)C1=O,"['Antischistosomal', 'Androgen Receptor Modulator']"
CHEMBL1323,CC(C)CN(C[C@@H](O)[C@H](Cc1ccccc1)NC(=O)O[C@H]1CO[C@H]2OCC[C@H]21)S(=O)(=O)c1ccc(N)cc1,"['Antiviral', 'HIV Protease Inhibitor']"
CHEMBL1490434,N=C(N)NC(=N)N1CCOCC1,"['Weight Loss', 'TAAR1 Agonist']"
CHEMBL1532,CCC1NC(=O)c2cc(S(N)(=O)=O)c(Cl)cc2N1,['Carbonic Anhydrase Inhibitor']
CHEMBL1683590,C=C1C[C@@H]2CC[C@@]34C[C@H]5O[C@H]6[C@@H](O3)[C@H]3O[C@H](CC[C@@H]3O[C@H]6[C@H]5O4)CC(=O)C[C@@H]3[C@@H](OC)[C@@H](C[C@H](O)CN)O[C@H]3C[C@H]3O[C@@H](CC[C@@H]1O2)C[C@@H](C)C3=C,[]
CHEMBL1908847,C1CCN2C[C@@H]3C[C@@H](CN4CCCC[C@@H]34)[C@H]2C1,[]
CHEMBL1938400,CC(C)(C)c1cc(NC(=O)NCc2ccccc2Sc2ccc3nnc(-c4ccccc4SCCO)n3c2)n(-c2ccc(O)c(Cl)c2)n1,"['p38 MAP Kinase Inhibitor', 'COPD Treatment']"
CHEMBL1997663,CCOC(=O)Nc1ccc2c(c1)N(C(=O)CCN(CC)CC)c1ccccc1S2,"['Ferroptosis Inhibitor', 'CAR Inverse Agonist']"
CHEMBL2035460,O=c1c2ccccc2[se]n1CCn1[se]c2ccccc2c1=O,"['Thioredoxin Reductase Inhibitor', 'NDM-1 Inhibitor']"
CHEMBL2110603,CNCC12CCC(c3ccccc31)c1ccccc12,[]
CHEMBL3040440,CNC(=O)c1ccccc1Nc1cc(Nc2ccc(N3CCOCC3)cc2OC)ncc1C(F)(F)F,['FAK Signaling Inhibitor']
CHEMBL3137309,CC1(C)CCC(CN2CCN(c3ccc(C(=O)NS(=O)(=O)c4ccc(NCC5CCOCC5)c([N+](=O)[O-])c4)c(Oc4cnc5[nH]ccc5c4)c3)CC2)=C(c2ccc(Cl)cc2)C1,"['Anticancer', 'BCL-2 Inhibitor', 'Anti-MM']"
CHEMBL3265032,c1cn2cc(-c3ccc4cn[nH]c4c3)nc(Nc3ccc(N4CCOCC4)cc3)c2n1,"['Autoimmune', 'SYK Inhibitor']"
CHEMBL3544960,NC[C@@](O)(c1ccc(Cl)cc1)c1ccc(-c2cn[nH]c2)cc1,['AKT Inhibitor']
CHEMBL3545232,Cc1ccc(-c2ccc(OC3CN4CCC3CC4)cn2)cc1,[]
CHEMBL3694769,Nc1nc(-n2cccn2)nc(-n2cccn2)c1Br,[]
CHEMBL3904602,CC(C)N1CCN(c2ccc(Nc3ncc4cc5n(c4n3)C3(CCCCC3)CNC5=O)nc2)CC1,[]
CHEMBL4069220,O=[N+]([O-])c1cn2c(n1)O[C@@H](COc1ccc(-c3ccc(F)cc3)nc1)CC2,"['Anti-Tuberculosis', 'Visceral Leishmaniasis']"
CHEMBL4072833,C=CC(=O)N1CCC(CNc2ncnc(N)c2-c2ccc(Oc3ccccc3)cc2)CC1,['BTK Inhibitor']
CHEMBL428690,CN1CC[C@H](c2c(O)cc(O)c3c(=O)cc(-c4ccccc4Cl)oc23)[C@H](O)C1,"['Anticancer', 'Antiproliferative', 'Apoptosis Inducer', 'Kinase Inhibitor', 'CDK1/CDK2 Inhibitor', 'Protein Kinase Inhibitor', 'CDK Inhibitor', 'Cancer Therapeutic', 'G2/M Phase Arrest', 'CDK8 Inhibitor', 'CDK9 Inhibitor', 'CDK4/D Inhibitor', 'Cdk5 Inhibitor', 'Cyclin-Dependent Kinase Inhibitor', 'CDK12 Inhibitor', 'Selective Kinase Inhibitor']"
CHEMBL4297268,COC(=O)O[C@@]12CO[C@@H]1C[C@H](O)[C@@]1(C)C(=O)[C@H](OC(C)=O)C3=C(C)[C@@H](OC(=O)[C@H](O)[C@@H](NC(=O)OC(C)(C)C)C(C)(C)C)C[C@@](O)([C@@H](OC(=O)c4ccccc4)[C@H]21)C3(C)C,['Anticancer']
CHEMBL452715,N[C@@H](CN(O)N=O)C(=O)O,[]
CHEMBL589583,CCOC(=O)[C@H](CCc1ccccc1)N[C@@H](C)C(=O)N(CC(=O)O)C1Cc2ccccc2C1,"['Antihypertensive', 'Angiotensin Converting Enzyme Inhibitor']"
CHEMBL64,NNC(=O)c1ccncc1,"['Anti-Tuberculosis', 'Anti-mycobacterial', 'Tuberculostatic', 'Antituberculostic']"
CHEMBL667,CC(=O)OCC[N+](C)(C)C,"['nACh Receptor Agonist', 'Cholinergic Agonist', 'Organic Cation Transporter', 'M4 Agonist', 'Carnitine Transporter', 'Choline Transport Inhibitor']"
CHEMBL117348,Nc1nc(=O)c2c([nH]1)NCC1CN(c3ccc(C(=O)N[C@@H](CCC(=O)O)C(=O)O)cc3)CN21,['Antitumor']
CHEMBL1200399,Cl.O=C1CC2(CCCC2)CC(=O)N1CCCCN1CCN(c2ncccn2)CC1,"['Anxiolytic', '5-HT 1A Receptor Agonist', '5-HT(1A) Receptor Ligand', 'Tranquilizer', 'RUNX3 Modulator', 'Dopamine D3/D2 Receptor']"
CHEMBL1200515,COC(=O)[C@H]1[C@H]2C[C@@H]3c4[nH]c5ccccc5c4CCN3C[C@H]2C[C@@H](OC(=O)c2cc(OC)c(OC)c(OC)c2)[C@@H]1OC,"['P-glycoprotein Inhibitor', 'MDR-Reversal', 'PDE 5 Inhibitor', 'P-gp Modulator', 'MDR-Modulator', 'Pgp-ATPase Stimulator']"
CHEMBL1201023,Cc1ccccc1C(OCCN(C)C)c1ccccc1.Cl,[]
CHEMBL1240,CC(C)[N+](C)(CCOC(=O)C1c2ccccc2Oc2ccccc21)C(C)C.[Br-],"['Gastric Antisecretory', 'Anticholinergic', 'Tryptophanyl tRNA Synthetase Inhibitor']"
CHEMBL1289779,CCc1cc2c(s1)-n1c(C)nnc1CN=C2c1ccccc1Cl,[]
CHEMBL14376,COc1cc(C(C)=O)ccc1OCCCN1CCC(c2noc3cc(F)ccc23)CC1,['Antipsychotic']
CHEMBL1460,O=c1[nH]cnc2c1ncn2[C@H]1CC[C@@H](CO)O1,['Anti-HIV-1']
CHEMBL1645462,Cc1c(NC(=O)OC[C@@H]2COCCN2)cn2ncnc(Nc3ccc4c(cnn4Cc4cccc(F)c4)c3)c12,"['EGFR Kinase Inhibitor', 'HER1/HER2 Inhibitor']"
CHEMBL2103827,N[C@H](C(=O)O)[C@H](O)c1ccc(O)c(O)c1,[]
CHEMBL2103838,Cc1cc(F)ccc1-c1nc(NC(CO)CO)nc2c1ccc(=O)n2-c1c(F)cccc1F,[]
CHEMBL2107489,NC(=S)NS(=O)(=O)c1ccc(N)cc1,['Carbonic Anhydrase Inhibitor']
CHEMBL2110767,CN(C)CCCOC1(Cc2ccccc2)CCCCCC1,[]
CHEMBL2151439,O=C(N[C@@H]1CN2CCC1CC2)c1n[nH]c2ccccc12,['Alpha7-nAChR Agonist']
CHEMBL2311157,CCC(=O)N(c1ccccc1)C1(C(=O)O[11CH3])CCN(CCc2ccccc2)CC1,"['Analgesic', 'Mu Opioid Receptor Agonist', 'Anesthetic', 'Opioid Analgesic']"
CHEMBL231779,COc1ccc(-n2nc(C(N)=O)c3c2C(=O)N(c2ccc(N4CCCCC4=O)cc2)CC3)cc1,"['Factor Xa Inhibitor', 'Anticoagulant', 'FXa Inhibitor']"
CHEMBL2402904,COC(=O)N1CCC(CN2CCC(CNC(=O)c3cccc4[nH]c(C(C)C)nc34)CC2)CC1,"['5-HT4 Receptor Agonist', 'Gastrointestinal Prokinetic']"
CHEMBL252164,CCNC(=O)c1noc(-c2cc(C(C)C)c(O)cc2O)c1-c1ccc(CN2CCOCC2)cc1,"['Anticancer', 'Cytostatic', 'Hsp-90 Inhibitor', 'Cancer']"
CHEMBL273575,CN1Cc2c(N)cccc2C(c2ccccc2)C1,"['Antidepressant', 'Triple Re-uptake Inhibitor', 'Dopamine Reuptake Inhibitor', 'Serotoninomimetic', 'Norepinephrine Uptake Inhibitor', 'Dopaminomimetic', 'Cholestatic DILI', 'Thymoleptic']"
CHEMBL3188551,Cc1c(Cn2c(C)nc3c(C(=O)O)cc(N4CCOCC4)cc32)cccc1C(F)(F)F,['PI3KBeta Inhibitor']
CHEMBL3348923,C[C@@H](NC(=O)c1ncnc(N)c1Cl)c1ncc(C(=O)Nc2cc(C(F)(F)F)c(Cl)cn2)s1,[]
CHEMBL3989803,Cc1c(N(C)CS(=O)(=O)[O-])c(=O)n(-c2ccccc2)n1C.O.[Na+],"['Anti-Inflammatory', 'Antiulcerous', 'Sickle Cell Disease', 'Platelet Anti-Aggregatory']"
CHEMBL404519,C=C(C)[C@@H]1CC[C@]2(C(=O)O)CC[C@]3(C)[C@H](CC[C@@H]4[C@@]5(C)CC[C@H](OC(=O)CC(C)(C)C(=O)O)C(C)(C)[C@@H]5CC[C@]43C)[C@@H]12,"['Anti-HIV-1', 'HIV Maturation Inhibitor', 'Anti-AIDS']"
CHEMBL406117,N=C(N)NCCCCCCC(=O)NC(O)C(=O)NCCCCNCCCN,[]
CHEMBL4297221,CN(C)c1ccc2c(c1)Sc1cc(N(C)C)ccc1N2.CS(=O)(=O)O.CS(=O)(=O)O,[]
CHEMBL4297300,CN1CCN(C(=O)C2C(C(=O)O)[C@H]3CC[C@@H]2O3)CC1,"['Protein Phosphatase Inhibitor', 'PP2A Inhibitor', 'PP1 Inhibitor', 'Nematocide']"
CHEMBL4297516,COc1ccc2[nH]c3c(c2c1)CCN[C@]31CS[C@@H]2c3c(OC(C)=O)c(C)c4c(c3[C@H](COC1=O)N1[C@@H]2[C@H]2c3c(cc(C)c(OC)c3O)C[C@@H]([C@@H]1O)N2C)OCO4,['Cytotoxic']
CHEMBL4558324,C=CC(=O)Nc1cc(Nc2nccc(-n3cc(CN(C)C)c(-c4ccccc4)n3)n2)c(OC)cc1N1CCOCC1,['EGFR Kinase Inhibitor']
CHEMBL457547,CCCCCOc1ccc(-c2cc(-c3ccc(C(=O)N[C@H]4C[C@@H](O)[C@@H](O)NC(=O)[C@@H]5[C@@H](O)[C@@H](C)CN5C(=O)[C@H]([C@H](O)CC(N)=O)NC(=O)[C@H]([C@H](O)[C@@H](O)c5ccc(O)c(OS(=O)(=O)O)c5)NC(=O)[C@@H]5C[C@@H](O)CN5C(=O)[C@H]([C@@H](C)O)NC4=O)cc3)no2)cc1,"['Antifungal', 'Beta-1,3-Glucan Synthase Inhibitor', 'Glucan Synthase Inhibitor', 'Cell Wall Biosynthesis']"
CHEMBL4594405,Cc1cc(C)c(CNC(=O)c2cc(Cl)c3c(c2C)O[C@@](C)([C@H]2CC[C@H](N(C)C)CC2)O3)c(=O)[nH]1.Cc1ccc(S(=O)(=O)O)cc1,['EZH2 Inhibitor']
CHEMBL459505,CCC(CC)C(c1ccc(Nc2nc3ccccc3s2)cc1)n1cncn1,['CYP26A1 Inhibitor']
CHEMBL4648616,N#Cc1ccc(N2CCN(Cc3ccc(COc4cccc5c4CN([C@H]4CCC(=O)NC4=O)C5=O)cc3)CC2)c(F)c1,"['Protein Degrader', 'Multiple Myeloma Treatment', 'Cereblon E3 Ligase Modulator']"
CHEMBL4650328,Nc1nccc(-c2ccc(O)c(-c3ccnc(N)n3)n2)n1,[]
CHEMBL5095039,O=C([O-])CN(CCN(CC(=O)[O-])Cc1cc(CCC(=O)NCCCCCC(=O)NCCCC[C@H](NC(=O)N[C@@H](CCC(=O)O)C(=O)O)C(=O)O)ccc1[O-])Cc1cc(CCC(=O)O)ccc1[O-].[68Ga+3].[OH3+],[]
CHEMBL5095102,CC(C)N1CCOc2c(F)cc(-c3nc(Nc4ccc(C5CCN(C)CC5)cn4)ncc3F)cc21,"['CDK4/6 Inhibitor', 'GBM Treatment']"
CHEMBL5095168,C[C@@H](O)[C@H]1C(=O)N2C(C(=O)O)=C(S[C@@H]3CN[C@H](C(=O)NCc4ccc(S(N)(=O)=O)cc4)C3)[C@H](C)[C@H]12,['Antibiotic']
CHEMBL5314649,C=CC(=O)N1C[C@H](Nc2ncnc3[nH]ccc23)CC[C@@H]1C.Cc1ccc(S(=O)(=O)O)cc1,['JAK1/JAK2 Inhibitor']
CHEMBL563646,CC(C)(C)c1ccc(CN(Cc2cccc(OCC(=O)O)c2)S(=O)(=O)c2cccnc2)cc1,"['Ocular Hypotensive', 'EP2 Agonist', 'Bone Formation']"
CHEMBL803,Nc1ccn([C@@H]2O[C@H](CO)[C@@H](O)[C@@H]2O)c(=O)n1,"['Anticancer', 'Cytotoxic', 'Antitumor', 'Antiviral', 'Cytostatic', 'Prodrug', 'Antineoplastic', 'Chk1 Inhibitor', 'PKM2 Activator', 'DNA Methyltransferase Inhibitor', 'Thymidine Kinase Inhibitor', 'TRPA1 Agonist', 'Antiherpes', 'Ovarian Cancer Inhibitor', 'DHPS Inhibitor', 'Anti-Herpes', 'Hematologic Malignancies', 'Uridine-Deoxyuridine Phosphorylase Inhibitor', 'RNase A Inhibitor', 'IspF Inhibitor', 'Calcium Modulator', 'Erythroid Differentiation Inducer', 'Anti-PDAC', 'Mitochondrial Respiratory Chain Inhibitor']"
CHEMBL978,CC(=O)OC(C)C[N+](C)(C)C,"['Cholinergic Agonist', 'Organic Cation Transporter', 'Carnitine Transporter', 'Choline Transport Inhibitor']"
CHEMBL1010,CO/N=C(\C(=O)N[C@@H]1C(=O)N2C(C(=O)[O-])=C(COC(C)=O)CS[C@H]12)c1csc(N)n1.[Na+],"['Antibiotic', 'Antimicrobial', 'Anti-MRSA', 'Bactericidal', 'Beta-Lactamase Inhibitor', 'Peptide Deformylase Inhibitor', 'Metallo-Beta-Lactamase Inhibitor', 'MBL Inhibitor', 'FabI-Inhibitor', 'Beta-lactamase Inhibitor', 'NDM-1 Inhibitor', 'Broad-spectrum Antibiotic', 'Mycobacterium tuberculosis', 'PBP2 Inhibitor', 'Antistaphylococcal', 'Nephrotoxic', 'Organic Anion Transport Inhibitor', 'Antibiotic Resistance', 'Drug Efflux Pump Inhibitor', 'Beta-Lactamase', 'Antipneumococcal', 'Penicillin-Binding Protein Inhibitor', 'Carbapenemase Inhibitor']"
CHEMBL1133,CCN(CC)CC#CCOC(=O)C(O)(c1ccccc1)C1CCCCC1.Cl,"['Muscarinic Receptor Antagonist', 'Antimuscarinic', 'Anticholinergic', 'Bladder-Selective', 'Urinary Bladder', 'Bladder Activity']"
CHEMBL1236315,O=C(O)[C@H](O)[C@@H](O)C(=O)O,['FTO Inhibitor']
CHEMBL1241855,COc1cc(OC)c(/C=C/S(=O)(=O)Cc2ccc(OC)c(NCC(=O)O)c2)c(OC)c1,"['Anticancer', 'Mitotic Inhibitor', 'Cyclin D1-CDK4 Inhibitor']"
CHEMBL1289494,COc1cc2nccc(Oc3ccc(NC(=O)Nc4cc(C)on4)c(Cl)c3)c2cc1OC,['VEGFR2 Inhibitor']
CHEMBL1384,NC[C@H]1O[C@H](O[C@H]2[C@H](O)[C@@H](O[C@H]3O[C@H](CO)[C@@H](O)[C@H](N)[C@H]3O)[C@H](N)C[C@@H]2N)[C@H](O)[C@@H](O)[C@@H]1O,"['Antibiotic', 'Ribosome Inhibitor', 'Ribosome Binding', 'Aminoglycoside', 'Nonsense Mutation Suppressor']"
CHEMBL1477,COCc1c(C(C)C)nc(C(C)C)c(/C=C/[C@@H](O)C[C@@H](O)CC(=O)O)c1-c1ccc(F)cc1,"['HMG-CoA Reductase Inhibitor', 'Hypercholesterolemia', 'RNA Polymerase I Inhibitor', 'Statin']"
CHEMBL1715,CCc1ccc(CCOc2ccc(CC3SC(=O)NC3=O)cc2)nc1.Cl,"['Hypoglycemic', 'PPAR gamma Agonist', 'Hypolipidemic', 'GPR119 Agonist', 'PPAR Agonist', 'Insulin Sensitiser', 'PPARAlpha/Delta Agonist', 'PPAR Gamma Modulator', 'PPARGamma Partial Agonist', 'PPAR-gamma Ligand', 'Dual Agonist', 'Insulin-Sensitizing', 'PPAR Modulator', 'sEH/PPARGamma Modulator', 'Glucose Tolerance', 'MitoNEET Ligand', 'FFAR2 Agonist']"
CHEMBL1727,CC1=C(C(=O)O)N2C(=O)[C@@H](NC(=O)[C@H](N)c3ccccc3)[C@H]2SC1,"['Antibiotic', 'Mycobacterium tuberculosis']"
CHEMBL1731,CC1(C)S[C@@H]2[C@H](NC(=O)[C@H](NC(=O)N3CCN(S(C)(=O)=O)C3=O)c3ccccc3)C(=O)N2[C@H]1C(=O)O,[]
CHEMBL1774080,O=C1CCc2ccc(OCCCCN3CCN(c4cccc5ccccc45)CC3)nc2N1,"['Antipsychotic', 'Schizophrenia', 'D2 Receptor Partial Agonist']"
CHEMBL178,COc1cccc2c1C(=O)c1c(O)c3c(c(O)c1C2=O)C[C@@](O)(C(C)=O)C[C@@H]3O[C@H]1C[C@H](N)[C@H](O)[C@H](C)O1,"['Anticancer', 'Cytotoxic', 'Antitumor', 'DNA-Cleavage', 'Lysosome-Targeting', 'RNA Synthesis Inhibitor', 'Resveratrol Analogues']"
CHEMBL178803,CCN1CCN(c2cc(-c3ccc(F)cc3)c3c(n2)CCCCCC3)CC1,[]
CHEMBL2103821,O=c1ncc(I)cn1[C@H]1C[C@H](O)[C@@H](CO)O1,['Antiviral']
CHEMBL2105825,CCCN(CCC)C(=O)C(CCC(=O)OCCCN1CCN(CCOC(=O)Cc2c(C)n(C(=O)c3ccc(Cl)cc3)c3ccc(OC)cc23)CC1)NC(=O)c1ccccc1,[]
CHEMBL2106227,CCNC1=Nc2ccc(Cl)cc2C(C)(c2ccccc2)O1,[]
CHEMBL2106996,CC(C)N1CCOC(c2cccc(C(F)(F)F)c2)C1,[]
CHEMBL2107337,Cl.Cn1cc(C2=C(c3cn(C4CCN(Cc5ccccn5)CC4)c4ccccc34)C(=O)NC2=O)c2ccccc21,"['Protein Kinase Inhibitor', 'CaMKII Inhibitor', 'PKCbeta Inhibitor']"
CHEMBL2110922,COc1cc(N)cn[n+]1-c1ccccc1,[]
CHEMBL2219411,Cl.Cl.N#CCNC(=O)c1ccc(-c2ccnc(Nc3ccc(N4CCOCC4)cc3)n2)cc1,"['JAK1/JAK2 Inhibitor', 'Pan-JAK Inhibitor']"
CHEMBL2336325,CNC(=O)c1cccc(-c2ccc3c(N4CCOC[C@@H]4C)nc(N4CCOC[C@@H]4C)nc3n2)c1,"['Anticancer', 'PI3 Kinase Inhibitor', 'mTORC1 Inhibitor', 'mTORC2 Inhibitor']"
CHEMBL256147,CNC(=N)NCCC[C@H](N)C(=O)O,"['nNOS Inhibitor', 'Neuronal NO Synthase Inhibitor', 'Nitric Oxide Synthase Inhibitor', 'AGE Inhibitor', 'DDAH-1 Inhibitor', 'NGF Inducer']"
CHEMBL276443,CCNC(C)Cc1ccccc1,[]
CHEMBL3337527,CCCCn1ccc(N2CCC(c3ccccc3)CC2)c(Cl)c1=O,['mGlu2 PAM']
CHEMBL3601411,C[C@@H]1C[C@H](C)CN(S(=O)(=O)c2ccc3c(c2)C(=NO)c2cc(S(=O)(=O)N4C[C@H](C)C[C@H](C)C4)ccc2C3=NO)C1,[]
CHEMBL360328,C[C@H]1CNCCc2ccc(Cl)cc21,"['Obesity Treatment', '5-HT2A/2C Agonist', '5-HT Agonist', 'Serotonin Modulator', 'Schizophrenia Treatment', 'Histamine-3R Modulator']"
CHEMBL37744,CN(C)C/C=C(/c1ccc(Br)cc1)c1cccnc1,"['Antidepressant', '5-HT Uptake Inhibitor', 'Norepinephrine Uptake Inhibitor']"
CHEMBL3889654,O=C(Nc1cnn2ccc(N3CCC[C@@H]3c3cc(F)ccc3F)nc12)N1CC[C@H](O)C1,"['Anticancer', 'FLT3 Inhibitor', 'Cancer Therapy', 'TRK Kinase Inhibitor', 'TrkA Inhibitor', 'Chronic Pain', 'Pan-Trk Inhibitor', 'GBM']"
CHEMBL4297304,COc1ccc2nc3c(nc2c1)O[C@@H]1C[C@H]2C(=O)N[C@]4(C(=O)NS(=O)(=O)C5(C)CC5)C[C@H]4/C=C/CCCCC[C@H](NC(=O)O[C@@H]4CCC[C@H]4CCCCC3)C(=O)N2C1,"['HCV Inhibitor', 'HCV NS3 Protease Inhibitor']"
CHEMBL4297490,[2H]C([2H])([2H])NC(=O)c1cc(Oc2ccc(NC(=O)Nc3ccc(Cl)c(C(F)(F)F)c3)cc2)ccn1,"['Antitumor', 'VEGFR2 Inhibitor', 'Raf Kinase Inhibitor']"
CHEMBL454446,CO/N=C(\C(=O)N[C@@H]1C(=O)N2C(C(=O)OCOC(=O)C(C)(C)C)=C(/C=C\c3scnc3C)CS[C@H]12)c1csc(N)n1,"['Antibiotic', 'PBP2 Inhibitor']"
CHEMBL4559134,COc1ccc(CN2C3CC2CN(c2ccc(-c4cc(OCC(C)(C)O)cn5ncc(C#N)c45)cn2)C3)cn1,[]
CHEMBL46516,O=C1NCN(c2ccccc2)C12CCN(CCCC(c1ccc(F)cc1)c1ccc(F)cc1)CC2,['Autophagy Inducer']
CHEMBL4802141,C=C(CC(NC(=O)c1ccc(CCc2ccc3nc(N)nc(N)c3c2)cc1)C(=O)O)C(=O)O,[]
CHEMBL482035,COC(=O)c1cc(OC)c2c(c1-c1c(CO)cc(OC)c3c1OCO3)OCO2,[]
CHEMBL5095246,O=C(NO)c1ccc(CN(c2cnccn2)c2cnccn2)cc1,['HDAC6/8 Inhibitor']
CHEMBL5314359,C[C@@H](O)[C@H]1C(=O)N2C(C(=O)[O-])=C(S[C@@H]3CN[C@H](C(=O)Nc4cccc(C(=O)O)c4)C3)[C@H](C)[C@H]12.O.[Na+],['Antibiotic']
CHEMBL5314395,CC(C)(C)c1nnc([C@H]2O[C@@H](n3cnc4c(Nc5ccc(Cl)cc5F)ncnc43)[C@H](O)[C@@H]2O)o1,[]
CHEMBL5314451,C=C(C)[C@@H]1CC[C@]2(NCCN3CCS(=O)(=O)CC3)CC[C@]3(C)[C@H](CC[C@@H]4[C@@]5(C)CC=C(C6=CC[C@](COc7ncccc7C#N)(C(=O)O)CC6)C(C)(C)[C@@H]5CC[C@]43C)[C@@H]12,['HIV Maturation Inhibitor']
CHEMBL5314918,CCC(C)OC(=O)OC[N+]1(C)CCN(Cc2ccc(C(=O)Nc3ccc(C)c(Nc4nccc(-c5cccnc5)n4)c3)cc2)CC1.CS(=O)(=O)[O-],['P-gp/BCRP Inhibitor']
CHEMBL679,CNC[C@H](O)c1ccc(O)c(O)c1,['Beta(3)-Adrenergic Agonist']
CHEMBL847,CC(C)NCC1CCc2cc(CO)c([N+](=O)[O-])cc2N1,[]
CHEMBL88,O=P1(N(CCCl)CCCl)NCCCO1,[]
CHEMBL976,O=C(C1CCCCC1)N1CC(=O)N2CCc3ccccc3C2C1,"['Anthelmintic', 'Antischistosomal', 'Cholestatic DILI', 'NAD⁺ Catabolizing Inhibitor']"
CHEMBL1097205,CC1(C)C2CCC1(C)C(O)C2,"['Antiacne', 'Chorismate Synthase Inhibitor', 'Acaricide', 'Chondroprotective']"
CHEMBL1170,CCC(=O)O[C@H]1CC[C@H]2[C@@H]3CCC4=CC(=O)CC[C@]4(C)[C@H]3CC[C@]12C,"['SARM', 'Selective Androgen Receptor Modulator', '17 alpha-hydroxylase/C17,20-lyase Inhibitor', 'Progesterone Receptor Modulator', 'FXR Modulator', 'Androgenic']"
CHEMBL1200630,Cl.N[C@@H](CS)C(=O)O,"['AGE Inhibitor', 'Wnt3a/Beta-catenin Activator', 'APA Inhibitor']"
CHEMBL1200735,COc1c(N2C[C@@H]3CCCN[C@@H]3C2)c(F)cc2c(=O)c(C(=O)O)cn(C3CC3)c12.Cl,"['Antibiotic', 'Anti-Tuberculosis', 'Antimicrobial', 'Anti-mycobacterial', 'DNA GyraseB Inhibitor', 'Efflux Pump Inhibitor', 'Bactericidal', 'Mycobacterium tuberculosis Inhibitor', 'InhA Inhibitor', 'Peptide Deformylase Inhibitor', 'Glutamate Racemase Inhibitor', 'Broad-spectrum Antibiotic', 'Gyrase Inhibitor', 'Mycobacterium tuberculosis', 'Quinolone Antibiotic', 'GyrB Inhibitor']"
CHEMBL1201005,O=C([O-])C1=C(CSc2nnnn2CS(=O)(=O)[O-])CS[C@@H]2[C@H](NC(=O)[C@H](O)c3ccccc3)C(=O)N12.[Na+].[Na+],['Antibiotic']
CHEMBL1201178,CS(=O)(=O)O.CS(=O)(=O)O.C[C@@H](Cc1ccccc1)NC(=O)[C@@H](N)CCCCN,[]
CHEMBL1201260,C/N=C(\NC)NCc1ccccc1,[]
CHEMBL1201340,C[N+]1(C)CCC(=C(c2ccccc2)c2ccccc2)CC1,[]
CHEMBL1255794,CCCCN1C(=O)[C@@H]([C@H](O)C2CCCCC2)NC(=O)C12CCN(Cc1ccc(Oc3ccc(C(=O)O)cc3)cc1)CC2,"['Anti-HIV-1', 'CCR5 Receptor Antagonist', 'Antiretroviral', 'CCR5 Inhibitor', 'Anti-Retroviral']"
CHEMBL137,Cc1ncc([N+](=O)[O-])n1CCO,"['FAK Signaling Inhibitor', 'Spermicidal', 'Antitrichomonal', 'Anti-Trichomonas']"
CHEMBL1425,Sc1ncnc2nc[nH]c12,"['Histidine Kinase Inhibitor', 'PI 4-Kinase Inhibitor']"
CHEMBL14370,CCOc1ccccc1OC(c1ccccc1)C1CNCCO1,"['Antidepressant', 'Serotonin Re-uptake Inhibitor', 'Norepinephrine Transporter Ligand', 'Norepinephrine-Serotonin Reuptake Inhibitor', 'NSRI']"
CHEMBL1446813,CNCCc1ccccn1.Cl.Cl,[]
CHEMBL1514,CC[C@H](OC(C)=O)C(C[C@H](C)N(C)C)(c1ccccc1)c1ccccc1,[]
CHEMBL1616046,OCl,"['Antimalarial', 'Antimicrobial', 'Neuroprotective', 'Carbonic Anhydrase Inhibitor', 'Anti-Trypanosomal', 'PDE10a Inhibitor', 'Cytoprotective', 'Vasorelaxant', 'Cardioprotective', 'Cardiovascular', 'CA I Inhibitor', 'Type 2 Diabetes Treatment', 'H. pylori', 'H2S Donor', 'Carbonic Anhydrase', 'NMDAR Antagonist', 'Osteoblast Stimulator', 'Mood Disorder', 'CO2 Hydrase', 'Beta-CA Inhibitor', 'Carbonic Anhydrase IV Inhibitor', 'IFN-Gamma Inhibitor', 'Cu Chelator', 'Beta-AR Agonist', 'Anion Inhibitor', 'H2S-Releasing', 'DNA Cleaving Agent', 'Carbonic Anhydrase XV Inhibitor', 'Tau Protein Inhibitor', 'HD', 'Glycogen Synthase Activator']"
CHEMBL1800159,CONC(=O)Nc1ccc(-c2sc3c(c2CN(C)C)c(=O)n(-c2ccc(OC)nn2)c(=O)n3Cc2c(F)cccc2F)cc1,['GnRHR Antagonist']
CHEMBL1875805,CC(=O)NC(CC(C)C)C(=O)O,[]
CHEMBL1945778,COC(=O)[C@H]1[C@@H](c2ccc(I)cc2)C[C@@H]2CC[C@H]1N2CCCF,['Dopamine Transporter Ligand']
CHEMBL2094620,C/C(=N/Nc1nnc2c(n1)[nH]c1c(C)cccc12)c1ccccn1,[]
CHEMBL2105872,CC(C)(N)C(=O)N[C@H](COCc1ccccc1)C(=O)N1CCC2(CC1)CN(S(C)(=O)=O)c1ccccc12.CS(=O)(=O)O,['Growth Hormone Secretagogue']
CHEMBL2106975,O=C([O-])O.[K+],"['Antimalarial', 'Carbonic Anhydrase Inhibitor', 'CA I Inhibitor', 'Type 2 Diabetes Treatment', 'Carbonic Anhydrase', 'CO2 Hydrase', 'Beta-CA Inhibitor', 'Carbonic Anhydrase IV Inhibitor', 'Anion Inhibitor', 'Carbonic Anhydrase XV Inhibitor']"
CHEMBL2110679,CCOC(=O)c1ncn2c1CN(C)C(=O)c1c(I)cccc1-2,"['Anxiolytic', 'GABA-A Receptor Ligand', 'Benzodiazepine-Receptor Ligand']"
CHEMBL2181367,C[C@H](NP(=O)(OC[C@H]1O[C@@H](n2cc(F)c(=O)[nH]c2=O)C[C@@H]1O)Oc1cccc2ccccc12)C(=O)OCc1ccccc1,['Anticancer']
CHEMBL277062,O=C1CN=C(c2ccccn2)c2cc(Br)ccc2N1,[]
CHEMBL3092650,O=C1CCCN1c1ccc(Oc2ccc3c(c2)CCN(C2CCC2)CC3)nc1,['H3 Receptor Antagonist']
CHEMBL3137312,COc1c(-c2ccc3cc(NS(C)(=O)=O)ccc3c2)cc(-n2ccc(=O)[nH]c2=O)cc1C(C)(C)C,['HCV NS5b Polymerase Inhibitor']
CHEMBL31574,O=c1c(O)c(-c2ccc(O)c(O)c2)oc2cc(O)ccc12,"['Antioxidant', 'Neuraminidase Inhibitor', 'FBPase Inhibitor', 'LOX Inhibitor', 'Nox4/Nox1 Inhibitor', 'Flavonoid', 'FabG4 Inhibitor', 'Oncogene Inhibitor', 'NAD⁺ Catabolizing Inhibitor', 'Procoagulant Inhibitor']"
CHEMBL3188034,Cc1ccc(/C(=C\CN2CCCC2)c2ccccn2)cc1.Cl.O,['ERRGamma Inverse Agonist']
CHEMBL350221,N[C@@H](Cc1c[nH]c2ccc(O)cc12)C(=O)O,"['Carbonic Anhydrase Activator', 'Antifouling', 'GPR139 Antagonist']"
CHEMBL3786343,C=CC(=O)Nc1cccc(Oc2nc(Nc3ccc(N4CCN(C)CC4)cc3)nc3ccsc23)c1,"['EGFR Kinase Inhibitor', 'EGFR-TKI', 'IPF Treatment']"
CHEMBL3989777,Cl.Cl.NCCNCCNCCN,['Polyamine Transport Inhibitor']
CHEMBL4297521,COCc1nn2c(CN3C[C@@H](CC(F)(F)Cl)CC3=O)c(C(F)(F)F)nc2s1,[]
CHEMBL4298156,COCCNCCc1cccc(Nc2ncc3c(n2)-c2ccccc2[C@H](c2ccccc2F)C3)c1.Cl.Cl,[]
CHEMBL4594449,C#CCN(c1ccc(C(=O)N[C@@H](CCC(=O)N[C@H](CCC(=O)O)C(=O)O)C(=O)O)cc1)[C@H]1CCc2cc3nc(CO)[nH]c(=O)c3cc21,"['Antitumor', 'Thymidylate Synthetase Inhibitor', 'Antifolate']"
CHEMBL4779850,CN1C2CC(OC(=O)C(O)(CO)c3ccccc3)CC1C1OC12,"['Spasmolytic', 'Cholinergic Receptor Antagonist']"
CHEMBL5314552,C[C@](N)(c1ccc(F)cc1)c1cnc(N2CCN(c3ncnn4cc(-c5cnn(CCO)c5)cc34)CC2)nc1,"['Anticancer', 'AKT Inhibitor']"
CHEMBL56021,CC(=O)N[C@@H](CC(C)C)C(=O)O,[]
CHEMBL77,C[C@@H]1CC[C@H]2[C@@H](C)C(=O)O[C@@H]3O[C@]4(C)CC[C@@H]1C32OO4,"['Anticancer', 'Cytotoxic', 'Antibiotic', 'Antiviral', 'Antimalarial', 'Anti-Tuberculosis', 'Antifungal', 'Antimicrobial', 'Anti-mycobacterial', 'Anti-Cancer', 'Anti-Leishmanial', 'Antiplasmodial', 'Anti-Trypanosomal', 'Histone Deacetylase Inhibitor', 'Antiparasitic', 'Anti-Angiogenic', 'Apoptosis', 'Trypanocidal', 'Biofilm Inhibitor', 'Anti-Malaria', 'HDAC1/2 Inhibitor', 'Mycobacterium tuberculosis Inhibitor', 'Aminopeptidase A Inhibitor', 'Cholesterol Synthesis Inhibitor', 'Mitochondrial-Targeting', 'Falcipain Inhibitor', 'Ebola Virus Inhibitor', 'DNA Methyltransferase Inhibitor', 'Anti-HCMV', 'Antileukemia', 'DXR Inhibitor', 'NDH-2 Inhibitor', 'MEP Pathway Inhibitor', 'CYP3A4 Inducer', 'Dual-Stage', 'PfNDH2 Inhibitor', 'Hypercholesterolemia', 'ROS', 'CYP2B1 Inducer']"
CHEMBL109831,Nc1nc(=O)n([C@H]2C=C[C@@H](CO)O2)cc1F,"['Anti-HIV-1', 'NRTI']"
CHEMBL1187,O=P(O)(O)O,"['Carbonic Anhydrase Inhibitor', 'CA I Inhibitor', 'Carbonic Anhydrase', 'NaPi2b Inhibitor', 'CO2 Hydrase', 'Beta-CA Inhibitor', 'Intestinal Permeability', 'Carbonic Anhydrase XV Inhibitor']"
CHEMBL1200455,CC(=O)N(CC(O)CO)c1c(I)c(C(=O)NCC(O)CO)c(I)c(C(=O)NCC(O)CO)c1I,[]
CHEMBL1200604,CCN(Cc1ccncc1)C(=O)C(CO)c1ccccc1,[]
CHEMBL1201103,COc1ccc(OC)c(C(O)C(C)N)c1.Cl,[]
CHEMBL1201201,CN[C@@H](C)Cc1ccccc1,[]
CHEMBL1232583,COc1ccc(S(=O)(=O)n2cc(CCC(=O)O)c3cc(OC)ccc32)cc1,"['Anti-Fibrotic', 'PPAR Agonist']"
CHEMBL1234270,Nc1nc2c(c(=O)[nH]1)N1CN(c3ccc(C(=O)N[C@@H](CCC(=O)O)C(=O)O)cc3)C[C@H]1CN2,['Antitumor']
CHEMBL1306,CC(C)N1CCN(c2ccc(OC[C@H]3CO[C@](Cn4cncn4)(c4ccc(Cl)cc4Cl)O3)cc2)CC1,['Antifungal']
CHEMBL1561,OCCN1C[C@H](O)[C@@H](O)[C@H](O)[C@H]1CO,"['Alpha-glucosidase Inhibitor', 'Glycosidase Inhibitor', 'Fluorescent', 'Beta-Glucosidase Inhibitor', 'Glucosylceramide Synthase/ Glucosylceramidase Inhibitor', 'Lysosomal Storage Disorder', 'Sucrase Inhibitor', 'Maltase Inhibitor', 'Beta-Mannosidase Inhibitor', 'Postprandial Hyperglycemia', 'Pompe Disease', 'GAA Ligand', 'Lysosomal Beta-Mannosidase Inhibitor']"
CHEMBL160038,O=C(Cc1ccccc1)c1cc(O)c(O)c([N+](=O)[O-])c1,"['COMT Inhibitor', 'Peripheral COMT Inhibitor']"
CHEMBL162036,CC(=O)Nc1ccc(OC(=O)c2ccccc2OC(C)=O)cc1,[]
CHEMBL1697768,O=S(=O)([O-])Oc1ccc(C(c2ccc(OS(=O)(=O)[O-])cc2)c2ccccn2)cc1.[Na+].[Na+],[]
CHEMBL1697829,O=C(Cn1cnnn1)N[C@@H]1C(=O)N2C(C(=O)O)=C(CSc3nncs3)CS[C@H]12,['Antibiotic']
CHEMBL1749,O=C([O-])CN(CCN(CC(=O)[O-])CC(=O)O)CC(=O)O.[Na+].[Na+],"['Neuroprotective', 'Metal Chelator', 'Iron Chelating', 'Neuroprotectant', 'NDM-1 Inhibitor', 'Canavan Disease', 'ANAT Inhibitor', 'Cu Chelator', 'Motility Inhibitor', 'Zinc Chelator']"
CHEMBL1950289,O[C@H]1CC[C@H](Nc2ncc3nc(Nc4c(F)cc(F)cc4F)n([C@H]4CCOC4)c3n2)CC1,['JNK Inhibitor']
CHEMBL19612,NCCCCNCCCN,"['Antitumor', 'Antineoplastic', 'NMDA Receptor Ligand', 'Polyamine Transport Ligand', 'Deoxyhypusine Synthase Inhibitor', 'Polyamine Transport Inhibitor', 'Antibiotic Sensitizer', 'Growth Arrest']"
CHEMBL2009034,O=S(=O)(O)CCSSCCS(=O)(=O)O,[]
CHEMBL2105420,O=S1(=O)CCN(CN2CCS(=O)(=O)NC2)CN1,['Anti-Norovirus']
CHEMBL2105664,CC(OC(=O)c1ccc(Cc2c(O)c3ccccc3oc2=O)cc1)(C(F)(F)F)C(F)(F)F,[]
CHEMBL2107301,CC(C)[C@H](N)C(=O)OCC[C@@H](CO)Cn1cnc2c(=O)[nH]c(N)nc21,['Antiviral']
CHEMBL227875,O=[N+]([O-])c1cn2c(n1)OC[C@@H](OCc1ccc(OC(F)(F)F)cc1)C2,"['Anti-Tuberculosis', 'Anti-Trypanosomal', 'Mtb Inhibitor']"
CHEMBL2381408,CC(C)(C)C[C@@H]1N[C@@H](C(=O)N[C@H]2CC[C@H](O)CC2)[C@H](c2cccc(Cl)c2F)[C@]12C(=O)Nc1cc(Cl)ccc12,"['Anticancer', 'Cancer Therapy', 'p53/MDM2 Inhibitor', 'Cancer Treatment', 'MDM2 Inhibitor', 'p53 Activator', 'Tumor Suppressor', 'p53 Reactivator', 'MDM2 Degrader']"
CHEMBL3092562,Cc1nc(-c2cnn(C)c2-c2ccc(C(F)(F)F)cn2)c2c(N3CCC3)ncnn12,"['PDE10a Inhibitor', 'PDE2 Inhibitor', 'Phosphodiesterase 2A Inhibitor']"
CHEMBL3545330,c1cnc(NCc2ccc(CNc3ncccn3)cc2)nc1,"['CXCR-4 Antagonist', 'Anti-Metastatic']"
CHEMBL3989822,O.O=C([O-])CC(O)(CC(=O)[O-])C(=O)[O-].[K+].[K+].[K+],"['FTO Inhibitor', 'ATP Citrate Lyase Inhibitor', 'ALKBH5 Inhibitor']"
CHEMBL3989887,C=CC[C@@H]1/C=C(\C)C[C@H](C)C[C@H](OC)[C@H]2O[C@@](O)(C(=O)C(=O)N3CCCC[C@H]3C(=O)O[C@H](/C(C)=C/[C@@H]3CC[C@@H](O)[C@H](OC)C3)[C@H](C)[C@@H](O)CC1=O)[C@H](C)C[C@@H]2OC.O,['Immunosuppressant']
CHEMBL3989967,CNc1nc(-c2cccc(NC(=O)c3ccc(C(=O)OC)cc3)c2)c2cc(OC)c(OC)cc2n1,[]
CHEMBL4249337,Nc1nc2cc(CC[C@H]3C[C@@H](n4ccc5c(N)ncnc54)[C@H](O)[C@@H]3O)ccc2cc1Br,['PRMT5 Inhibitor']
CHEMBL4297411,Nc1c2c(nc3c1CCCC3)CCCC2.O=C(O)CCC(=O)O,['Acetylcholinesterase Inhibitor']
CHEMBL471,CC(C)NCC(O)c1ccc(NS(C)(=O)=O)cc1,"['Beta(3)-Adrenergic Agonist', 'Class III Antiarrhythmic']"
CHEMBL5095204,COC(=O)N[C@H](C(=O)N1CCC[C@H]1c1ncc(-c2ccc(-c3ccc(-c4ccc5nc([C@@H]6CCCN6C(=O)[C@@H](NC(=O)OC)C(C)C)[nH]c5c4)c4c3[C@@H]3CC[C@H]4C3)cc2)[nH]1)C(C)C.O=P(O)(O)O.O=P(O)(O)O,['HCV NS5b Polymerase Inhibitor']
CHEMBL5095213,CCCCCC(=O)N[C@@H](Cc1ccc(OP(=O)([O-])O)cc1)C(=O)N[C@H](C(=O)NCCCCCC(N)=O)[C@@H](C)CC.[Na+],[]
CHEMBL71733,C[n+]1cccc(C(N)=O)c1,"['NNMT Inhibitor', 'Neurotoxic']"
CHEMBL1186581,Cc1ccc(-c2cc([C@@H]3C4CCC(C[C@@H]3c3ccc(Cl)cc3)N4C)on2)cc1,['Dopamine Transporter Ligand']
CHEMBL1200479,CCN(CC)CCOC(=O)C1(C2CCCCC2)CCCCC1.Cl,[]
CHEMBL1200807,C#C[C@]1(O)CC[C@H]2[C@@H]3CCC4=C/C(=N/O)CC[C@@H]4[C@H]3CC[C@@]21CC,"['Osteoblast Stimulator', 'Contragestational']"
CHEMBL1214192,CCC1(C)CC(=O)NC(=O)C1,"['Anticonvulsive', 'Antiepileptic', 'Neurotoxicity']"
CHEMBL1303,CCCN(CCc1cccs1)[C@H]1CCc2c(O)cccc2C1,"['Dopamine Receptor Agonist', 'D2 Agonist', 'D3 Agonist']"
CHEMBL1489254,CC(=O)OCC(COC(C)=O)OC(C)=O,[]
CHEMBL2003538,CCCCCCCCCCCCCCCC[n+]1ccccc1.O.[Cl-],"['Cytotoxic', 'Antimalarial', 'Antifungal', 'Antimicrobial', 'Neuronal Nicotinic Receptor Ligand', 'Alpha4Beta2-nAChR Agonist', 'Dopamine Antagonist', 'Nicotinic Acetylcholine Receptor Antagonist', 'Haemolytic Activity', 'Topical Antimicrobial', 'Neuronal Choline Transporter Ligand']"
CHEMBL2105606,CCCC(=O)C1=C(O)C(C)(C)C(O)=C(Cc2c(OC)cc(O)c(C(=O)CCC)c2O)C1=O,[]
CHEMBL2107767,FC(F)(F)c1cccc(C2=CCN(CCc3ccc(-c4ccccc4)cc3)CC2)c1,[]
CHEMBL21333,O=C(Nc1cccc2c(=O)cc(-c3nnn[nH]3)oc12)c1ccc(OCCCCc2ccccc2)cc1,"['Leukotriene Antagonist', 'CysLT1 Antagonist', 'GPR17 Agonist', 'GPBAR1 Agonist', 'MRP2 Inhibitor']"
CHEMBL2364612,O=C(CCC/C=C\C[C@@H]1[C@@H](CC[C@@H](O)CCc2ccccc2)[C@H](O)C[C@@H]1O)OCCCCO[N+](=O)[O-],['Antiglaucoma']
CHEMBL269538,COc1ccc2c(c1)[nH]c1c(C)nccc12,"['Cyclin-Dependent Kinase Inhibitor', 'Pancreatic Beta-cell Proliferation', 'Druggable']"
CHEMBL3039594,CNC(C)[C@@H]1CC[C@@H](N)[C@@H](O[C@H]2[C@H](O)[C@@H](O[C@H]3OC[C@](C)(O)[C@H](NC)[C@H]3O)[C@H](N)C[C@@H]2N)O1.CN[C@@H]1[C@@H](O)[C@@H](O[C@@H]2[C@@H](O)[C@H](O[C@H]3O[C@H](C(C)N)CC[C@H]3N)[C@@H](N)C[C@H]2N)OC[C@]1(C)O.CN[C@@H]1[C@@H](O)[C@@H](O[C@@H]2[C@@H](O)[C@H](O[C@H]3O[C@H](CN)CC[C@H]3N)[C@@H](N)C[C@H]2N)OC[C@]1(C)O.O=S(=O)(O)O,"['Antibiotic', 'Antifungal', 'Antimicrobial', 'RNA Binding', 'DHPS Inhibitor', 'RNA Ligand', 'Aminoglycoside', 'Nonsense Mutation Suppressor']"
CHEMBL3137328,N[C@H](CCC(=O)N[C@H](Cc1c[nH]c2ccccc12)C(=O)[O-])C(=O)[O-].[H+].[K+],[]
CHEMBL3218576,COc1c(OCCCN2CCOCC2)ccc2c1N=C(NC(=O)c1cnc(N)nc1)N1CCN=C21,[]
CHEMBL3545123,COC(=O)N[C@H](C(=O)N1CCC[C@H]1c1nc2cc([C@H]3CC[C@H](c4cc5nc([C@@H]6CCCN6C(=O)[C@@H](NC(=O)OC)[C@@H](C)OC)[nH]c5cc4F)N3c3cc(F)c(N4CCC(c5ccc(F)cc5)CC4)c(F)c3)c(F)cc2[nH]1)[C@@H](C)OC,['HCV NS5b Polymerase Inhibitor']
CHEMBL3623004,C[C@@H]1Cc2c([nH]c3ccccc23)[C@@H](c2c(F)cc(/C=C/C(=O)O)cc2F)N1CC(C)(C)F,"['Antitumor', 'Breast Cancer', 'SERD', 'ERAlpha+ Breast Cancer', 'Selective Estrogen Receptor Degrader']"
CHEMBL3785197,CCOC(=O)N1c2ccc(C(F)(F)F)cc2[C@@H](N(Cc2cc(C(F)(F)F)cc(C(F)(F)F)c2)c2ncc(OCCCC(=O)O)cn2)C[C@H]1CC,"['CETP Inhibitor', 'LDL Reduction']"
CHEMBL4101807,CC(C)n1nccc1-c1ncccc1COc1cccc(O)c1C=O,['Antisickling Agent']
CHEMBL4297181,CO[C@@H](C)Cn1c(=O)n(C)c2cnc3ccc(-c4cncc(C(C)(C)O)c4)cc3c21,"['DNA Damage Response', 'ATM Kinase Inhibitor', 'ATM Inhibitor']"
CHEMBL4297591,Nc1c(-c2cc(Cc3ccc(COc4ccccn4)cc3)no2)ccc[n+]1COP(=O)([O-])O,[]
CHEMBL4297667,NC(=O)NCCC[C@H](N)C(=O)O.O=C(O)CC(O)C(=O)O,[]
CHEMBL448,CCCC(C)C1(CC)C(=O)NC(=O)NC1=O,"['Anticonvulsive', 'Neurotoxicity']"
CHEMBL4594291,Cl.Cl.NCCNC1CCC(CC(=O)N[C@H]2Cc3cccc(C(=O)O)c3OB2O)CC1,"['Beta-Lactamase Inhibitor', 'Beta-lactamase Inhibitor']"
CHEMBL4594453,CC(C)OC(=O)OCOP(=O)(CO[C@H](C)Cn1cnc2c(N)ncnc21)OCOC(=O)OC(C)C.N[C@@H](CC(=O)O)C(=O)O,[]
CHEMBL485259,CC12CCC(CC1)C(C)(C)O2,[]
CHEMBL5095397,Cc1ccc([SH](=O)(O)O)cc1.Oc1ccc2c3c(cnc2c1)-c1ccc(C(F)(F)F)cc1O[C@@H]3c1ccc(OCCN2CC(CF)C2)cc1,[]
CHEMBL5201510,C=C(C)[C@@H]1CC[C@]2(NCCN3CCS(=O)(=O)CC3)CC[C@]3(C)[C@H](CC[C@@H]4[C@@]5(C)CC=C(C6=CC[C@@](CF)(C(=O)O)CC6)C(C)(C)[C@@H]5CC[C@]43C)[C@@H]12,"['Antiviral', 'HIV Maturation Inhibitor']"
CHEMBL5267842,N#Cc1cccc(-c2ccc3ncc(-c4cc(F)cc(F)c4)c(N4CCC(N)CC4)c3c2)c1O,[]
CHEMBL5314591,COCc1nn(Cc2ccc(Cn3cc(F)ccc3=O)cc2)cc1C(=O)NCc1nccc(OC)c1F.Cl,"['Plasma Kallikrein Inhibitor', 'HAE Treatment']"
CHEMBL553025,CCC1=C[C@@H]2CN(C1)Cc1c([nH]c3ccccc13)[C@@](C(=O)OC)(c1cc3c(cc1OC)N(C)[C@H]1[C@@](O)(C(=O)OC)[C@H](OC(C)=O)[C@]4(CC)C=CCN5CC[C@]31[C@@H]54)C2,"['Anticancer', 'Cytotoxic', 'Tubulin Inhibitor', 'Vascular-Disrupting', 'Tubulin Assembly Inhibitor']"
CHEMBL565,CCOC(=O)C(C)(C)Oc1ccc(Cl)cc1,['Hypolipidemic']
CHEMBL592435,OC1CCC(Nc2nc(-c3ccccc3)nc3[nH]ccc23)CC1,[]
CHEMBL74355,COc1cccc([C@H](O)C2CCN(CCc3ccc(F)cc3)CC2)c1OC,"['5-HT2A Receptor Ligand', 'PET Tracer', 'h5-HT(2A) Receptor Antagonist', 'H(1)/5-HT(2A) Receptor Antagonist']"
CHEMBL744,Nc1nc2ccc(OC(F)(F)F)cc2s1,"['Anticonvulsive', 'Na(+) Channel Inhibitor', 'Antiglutamate', 'ABAD Inhibitor']"
CHEMBL817,Cc1ccc(S(=O)(=O)NC(=O)NN2CCCCCC2)cc1,[]
CHEMBL1200328,CNCC[C@H](Oc1cccc2ccccc12)c1cccs1.Cl,"['Serotonin Re-uptake Inhibitor', 'Norepinephrin Reuptake Inhibitor']"
CHEMBL1200859,CCN(CC)c1ccc(C(=C2C=CC(=[N+](CC)CC)C=C2)c2cc(S(=O)(=O)[O-])ccc2S(=O)(=O)[O-])cc1.[Na+],[]
CHEMBL1200912,CC(C)(N)Cc1ccccc1.Cl,[]
CHEMBL1201081,C[C@H]1C[C@@H]2[C@H]([C@@H](O)C[C@@]3(C)[C@H]2CC[C@]3(O)C(=O)COC(=O)CCC(=O)[O-])[C@@]2(C)C=CC(=O)C=C12.[Na+],[]
CHEMBL1237021,O=C1[C@@H]2[C@H]3CC[C@H](C3)[C@@H]2C(=O)N1C[C@@H]1CCCC[C@H]1CN1CCN(c2nsc3ccccc23)CC1,['Antipsychotic']
CHEMBL1491306,Oc1cc(Cc2ccccc2)nc(S)n1,[]
CHEMBL1497,CCCCC(=O)O[C@]1(C(=O)CO)[C@@H](C)C[C@H]2[C@@H]3CCC4=CC(=O)C=C[C@]4(C)[C@@]3(F)[C@@H](O)C[C@@]21C,"['Anti-Inflammatory', 'Topical Antiinflammatory', 'Mast Cell Inhibitor', 'Vasoconstrictor']"
CHEMBL1556,O=c1[nH]cnc2c1ncn2[C@@H]1O[C@H](CO)[C@@H](O)[C@H]1O,"['Adenosine Deaminase Inhibitor', 'Differentiation Inducer', 'Spore Germination Inhibitor', 'Histidine Kinase Inhibitor', 'Purine Nucleoside Phosphorylase Inhibitor', 'Anti-Herpes', 'Electron Transport Inhibitor', 'Purine Metabolism Inhibitor', 'Cytotoxicity Protection']"
CHEMBL1615369,CCCCCCOC(=O)NC(=N)c1ccc(NCc2nc3cc(C(=O)N(CCC(=O)OCC)c4ccccn4)ccc3n2C)cc1.CS(=O)(=O)O,"['Thrombin-Inhibitor', 'Anticoagulant', 'Anti-Platelet']"
CHEMBL1770,Cl.c1ccc([C@H]2CN3CCSC3=N2)cc1,"['Anthelmintic', 'CD73 Inhibitor', 'Nematicidal', 'Thioredoxin Reductase Inhibitor', 'Alkaline Phosphatase Inhibitor', 'Gastroprotective', 'TNAP Inhibitor', 'V-ATPase Inhibitor', ""Ecto-5'-Nucleotidase Inhibitor"", 'Parasiticidal', 'NPP Inhibitor', 'NTPDase2 Inhibitor', 'Nematocidal', 'Mitochondrial Apoptotic Inducer', 'PLAP Inhibitor']"
CHEMBL19449,CC(C)C(=O)c1c(C(C)C)nn2ccccc12,['PDE3/4 Inhibitor']
CHEMBL2152047,O=C(O)[C@H](O)[C@@H](O)CO,[]
CHEMBL2158685,O=C(NCc1ccncc1)C12CC3CC(C1)CC(c1ccc(Cl)cc1)(C3)C2,['11betaHSD1 Inhibitor']
CHEMBL219376,O=C(O)c1c(O)c(-c2ccccc2)nc2ccccc12,"['Anti-Inflammatory', 'Atherosclerosis Treatment', 'P-Selectin Antagonist', 'P-selectin Antagonist']"
CHEMBL221572,NC[C@H]1O[C@H](O[C@H]2[C@H](O[C@@H]3O[C@H](CO)[C@@H](O)[C@H]3O)[C@@H](O)[C@H](N)C[C@@H]2N)[C@H](N)[C@@H](O)[C@@H]1O,"['Antibiotic', 'Ribosome Inhibitor', 'Aminoglycoside', 'Nonsense Mutation Suppressor']"
CHEMBL256087,CC1CCC(C(C)C)C(O)C1,"['GABA A Modulator', 'Antiacne', 'Chorismate Synthase Inhibitor', 'Acaricide', 'Radioprotector']"
CHEMBL273481,NCc1cc(O)no1,['Skeletal Muscle Relaxant']
CHEMBL298406,CN1CCc2cc(Cl)c(O)cc2[C@H]2c3ccccc3CC[C@@H]21,"['D2 Dopamine Receptor Ligand', 'Dopamine D2 Receptor Antagonist', 'Dopamine Antagonist', 'D1 Receptor Antagonist', 'Dopamine D1 Antagonist']"
CHEMBL311300,Nc1nc2c(Cc3cccnc3)c[nH]c2c(=O)[nH]1,"['FGFR4 Inhibitor', 'PNP Inhibitor', 'Purine Nucleoside Phosphorylase Inhibitor']"
CHEMBL3287218,Cc1cc(-c2ccc3c(c2)CC[C@H]3N2CC3(CCN(C(=O)Cc4cn5cc(C)sc5n4)CC3)C2)ncn1,['Ghrelin Receptor Inverse Agonist']
CHEMBL367463,CC(C(=O)O)c1ccc2c(c1)Cc1cccnc1O2,"['Anti-Inflammatory', 'Analgesic']"
CHEMBL3707371,CC(CN1c2ccccc2Sc2ccccc21)[N+](C)(C)CCO,['Trypanothione Reductase Inhibitor']
CHEMBL392158,C=CCN1CCC[C@H]1CNC(=O)c1cc(CCCF)cc(OC)c1OC,"['Dopamine D2 Receptor Antagonist', 'D-2 Dopamine Receptor Imaging Agent']"
CHEMBL3989961,CCN(CC)C(=O)COC(=O)/C=C/C(=O)OC,[]
CHEMBL4068509,C=CC(=O)N1CCN(CCCn2c(=O)c(-c3c(Cl)c(OC)cc(OC)c3Cl)cc3cnc(NC)nc32)CC1,"['FGFR1 Inhibitor', 'Oncology', 'FGFR4 Inhibitor']"
CHEMBL4116269,CN1[C@H]2CC[C@@H]1c1c(sc(NC(=O)Nc3ccc(Cl)cc3)c1C(N)=O)C2,[]
CHEMBL4297299,O=C(Cc1ccc(-c2ccc(N3CCOCC3)cc2)cn1)NCc1cccc(F)c1,['Anticancer']
CHEMBL4297632,COCCOCCOCCOCCOCCOCCO[C@H]1CCC2(O)[C@H]3Cc4ccc(OC)c5c4[C@@]2(CCN3C)[C@H]1O5,[]
CHEMBL4301491,C=CCc1c(OC(=O)N2CCC(N3CCCCC3)CC2)ccc2nc3c(cc12)Cn1c-3cc2c(c1=O)COC(=O)[C@]2(O)CC,[]
CHEMBL45,COc1ccc2[nH]cc(CCNC(C)=O)c2c1,"['Partial Agonist', 'Melatonin Receptor Ligand', 'Melatoninergic Ligand', 'MT2 Antagonist', 'Melatonin Analogue', 'Neurogenic', 'MT2 Melatonin Receptor Ligand', 'MT2 Agonist', 'MT(1) Agonist']"
CHEMBL4577523,COc1nn(C)cc1Nc1nccc(-c2c[nH]c3c(NC(=O)[C@@H](C)N4CCN(C)CC4)cccc23)n1,['JAK1/JAK2 Inhibitor']
CHEMBL4650230,CN1CCC2(CC1)NCC(=O)N2Cc1ccccc1,[]
CHEMBL4868568,CCOC(=O)C1=C(NN2CCN(CC(F)(F)F)CC2)O/C(=C\c2c[nH]c3ncccc23)C1=O,[]
CHEMBL5095396,CCC(=O)C(C[C@H](C)N(C)C)(c1ccccc1)c1ccccc1.Cl,['Antiarrhythmic']
CHEMBL522892,CN1CCN(c2ccc3nc(-c4c(N)c5c(F)cccc5[nH]c4=O)[nH]c3c2)CC1,"['VEGFR2 Inhibitor', 'PDGFRAlpha Inhibitor', 'FGFR1 Inhibitor']"
CHEMBL5314416,CCC[C@H](C)OC(=O)[C@H](C)NP(=O)(OC[C@H]1OC[C@@H](n2ccc(N)nc2=O)O1)Oc1ccc(Br)cc1,[]
CHEMBL5314541,CC(C)[C@H](C(=O)Nc1cc(C2CC2)[nH]n1)c1cccc(-c2ccc(NC(=O)/C=C/CN3CCOCC3)nc2)c1,[]
CHEMBL5315047,N=C(N)N/N=C/C=C/c1cccn1-c1ccccc1[N+](=O)[O-],[]
CHEMBL5315056,C=CCN1CC[C@]23c4c5ccc(O)c4O[C@H]2C(=O)CC[C@@]3(O)[C@H]1C5.Cl.O.O,"['Analgesic', 'Antinociceptive', 'Opioid Receptor Ligand', 'Opioid Receptor Agonist', 'Mu Opioid Receptor Agonist', 'Opioid Antagonist', 'Opioid', 'Mu Opioid Receptor Antagonist', 'Narcotic-Antagonist', 'Opioid Analgesic', 'NPFF1 Antagonist', 'MOR Antagonist', 'Delta-Antagonist', 'Opiate Receptor', 'TLR4 Antagonist', 'kappa-Opioid Receptor', 'Opioid Agonist-Antagonist', 'Opiate', 'Mu Antagonist']"
CHEMBL53904,OCCN1CCN(CC/C=C2/c3ccccc3Sc3ccc(Cl)cc32)CC1,"['MDR-Modulator', 'Dopamine Antagonist', 'Thymoleptic']"
CHEMBL551813,CN(C)c1nc(Cc2ccc(NC(=O)c3ccc(C(F)(F)F)cc3)cc2)nc(N(C)C)c1CC(=O)O,[]
CHEMBL1024,O=P1(NCCCl)OCCCN1CCCl,[]
CHEMBL1195301,COCCC1CC2CN3CCc4c([nH]c5ccccc45)C(C(=O)OC)(C2)C13,[]
CHEMBL1200413,Cl.c1ccc2c(c1)CCCC2C1=NCCN1,"['Antihypertensive', 'Alpha 1-Adrenoceptor Agonist']"
CHEMBL1200760,O=C([O-])CCNC(=O)c1ccc(/N=N/c2ccc(O)c(C(=O)[O-])c2)cc1.[Na+].[Na+],['Sirt5 Inhibitor']
CHEMBL1229093,COC1=C(OC)C(=O)C(CCCCCCCCCC[P+](c2ccccc2)(c2ccccc2)c2ccccc2)=C(C)C1=O,['Cytoprotective']
CHEMBL1471,C[C@@H](O[C@H]1OCCN(Cc2n[nH]c(=O)[nH]2)[C@H]1c1ccc(F)cc1)c1cc(C(F)(F)F)cc(C(F)(F)F)c1,"['NK1/NK3 Antagonist', 'Neurokinin Receptor Antagonist', 'hNK1 Antagonist', 'PKG1Alpha Activator', 'Dual Function']"
CHEMBL2007389,CCN(CC)CCNc1ccc(C)c2sc3ccccc3c(=O)c12.Cl,['Antitumor']
CHEMBL2062335,COCCc1ccc(OCC(O)CNC(C)C)cc1.COCCc1ccc(OCC(O)CNC(C)C)cc1.O=C(O)C(O)C(O)C(=O)O,['Beta-Adrenoceptor Blocker']
CHEMBL2105695,CCOC(=O)[C@@H](N)Cc1ccc(-c2cc(O[C@H](c3ccc(Cl)cc3-n3ccc(C)n3)C(F)(F)F)nc(N)n2)cc1,"['TPH1 Inhibitor', 'Serotonin Modulator']"
CHEMBL2105759,CCS(=O)(=O)N1CC(CC#N)(n2cc(-c3ncnc4[nH]ccc34)cn2)C1,"['JAK1/JAK2 Inhibitor', 'Immunomodulator', 'TYK2 Inhibitor', 'Autoimmune', 'Autoimmune Diseases']"
CHEMBL2106424,C=C(C#N)C(=O)OC,['Cysteine-Targeting']
CHEMBL2107294,CN1[C@@H]2CC[C@H]1C/C(=C1\c3ccccc3CSc3ccccc31)C2,[]
CHEMBL2111066,CC(CN1c2ccccc2Sc2cccnc21)N(C)C,[]
CHEMBL2220442,CC(C)n1c(/C=C/C(O)CC(O)CC(=O)O)c(-c2ccc(F)cc2)c2ccccc21,"['HMG-CoA Reductase Inhibitor', 'Cholesterol Synthesis Inhibitor', 'Squalene Epoxidase Inhibitor', 'NTCP Inhibitor', 'RXR Ligand', 'Hepatotoxic', 'Sirtuin Activator', 'CNS Drug Partitioning', 'Statin']"
CHEMBL2333941,C[C@@]1(c2cc(-c3cncnc3)c(F)cc2F)CCSC(N)=N1,"[""Alzheimer's Disease"", 'BACE-1 Inhibitor', ""Alzheimer's""]"
CHEMBL25263,O=C(O)[C@H]1CCCN1C(=O)CCCCC(=O)N1CCC[C@@H]1C(=O)O,['ACE Inhibitor']
CHEMBL3039517,Cc1cnc(NC(=O)Nc2cc(Br)c(C)cc2OC[C@@H]2CNCCO2)cn1,"['Chk1 Inhibitor', 'Allosteric']"
CHEMBL3137313,NC(=O)c1cccc([C@H]2C[C@H]3CC[C@@H](C2)N3CCN(CC2CCCCC2)C(=O)[C@@H](O)CO)c1,['Mu Opioid Receptor Antagonist']
CHEMBL3301625,C=CC(=O)Nc1cccc(Nc2nc(Nc3ccc(OCCOC)cc3)ncc2F)c1,"['JAK1/JAK2 Inhibitor', 'BTK Inhibitor']"
CHEMBL376488,COc1nc2ccc(Br)cc2cc1[C@@H](c1ccccc1)[C@@](O)(CCN(C)C)c1cccc2ccccc12,"['Antibiotic', 'Anti-Tuberculosis', 'hERG Inhibitor', 'Tuberculosis', 'Bactericidal', 'ATP Synthase Inhibitor', 'Tuberculosis Drug', 'COVID-19', 'Bacteriostatic', ""Decaprenylphosphoryl-Beta-D-ribose 2'-Oxidase Inhibitor"", 'TB', 'Mtb Growth Inhibitor', 'MenA Inhibitor', 'Menaquinone Biosynthesis Inhibitor']"
CHEMBL3915620,CC#C[C@@H](CC(=O)O)c1ccc(OCc2ccc(CN3CCC4(C=Cc5ccccc54)CC3)cc2)cc1,"['Type 2 Diabetes', 'GPR40/FFA1 Agonist']"
CHEMBL3989541,COC(=O)[C@H]1[C@H]2C[C@@H]3c4[nH]c5ccc(OC)cc5c4CCN3C[C@H]2C[C@@H](OC(=O)c2cc(OC)c(OC)c(OC)c2)[C@@H]1OC,"['Cytotoxic', 'P-glycoprotein Inhibitor', 'MDR-Reversal', 'CYP3A4 Inhibitor', 'P-gp Modulator', 'Efflux Pump Inhibitor', 'MDR-Modulator', 'CYP450 Inhibitor', 'P-glycoprotein Substrate', 'Ebola Virus Inhibitor', 'VMAT-2 Inhibitor', 'EPI', 'Anti-Dengue', 'Pgp-ATPase Stimulator']"
CHEMBL3989680,COc1cccc(C2(O)CC(O)CCC2CN(C)C)c1,[]
CHEMBL3989938,COC(=O)CCNC(=O)[C@H](O)C(C)(C)COP(=O)(N[C@@H](C)C(=O)OC)Oc1ccccc1,"['CoA Regenerator', 'PANK2 Activator']"
CHEMBL4207489,N#Cc1cc(NC(=O)[C@H]2c3ccccc3C(=O)N(CC(F)(F)F)[C@@H]2c2cccnc2)ccc1F,['Antimalarial']
CHEMBL4297502,C=Cc1cc(C(=O)Nc2ccc(C(=N)N)cc2)c(-c2ccc(C(=O)NCC3CC3)nc2C(=O)O)cc1OC,"['FVIIa/TF Inhibitor', 'HAE Prophylactic']"
CHEMBL455186,CS(=O)(=O)OC[C@H](O)[C@@H](O)COS(C)(=O)=O,[]
CHEMBL458875,Cc1cn([C@H]2O[C@@H](CO)[C@H](O)[C@H]2F)c(=O)[nH]c1=O,"['Anti-Tuberculosis', 'Antiherpes']"
CHEMBL473159,Oc1cc(O)cc(O)c1,['Antioxidant']
CHEMBL4785363,CO[C@H]1CC[C@H](n2c([C@@H]3CCCC(=O)N3c3ccc(F)c(F)c3)nc3cc(-c4c(C)noc4C)ccc32)CC1,[]
CHEMBL565612,CN1CCN(c2nc(C3=C(c4c[nH]c5ccccc45)C(=O)NC3=O)c3ccccc3n2)CC1,"['Protein Kinase C Inhibitor', 'PKC Inhibitor', 'T Cell Activation']"
CHEMBL669,CN(C)CCC=C1c2ccccc2C=Cc2ccccc21,"['Anticonvulsive', 'Antidepressant', '5-HT6 Receptor Ligand', 'H1 Receptor Antagonist', '5-HT6 Agonist', 'Sedative', 'CNS Drug Partitioning']"
CHEMBL84,CC[C@@]1(O)C(=O)OCc2c1cc1n(c2=O)Cc2cc3c(CN(C)C)c(O)ccc3nc2-1,"['Antitumor', 'Topoisomerase I Inhibitor']"
CHEMBL895,Oc1ccc2c3c1O[C@H]1[C@@H](O)CC[C@@]4(O)[C@@H](C2)N(CC2CCC2)CC[C@]314,"['Analgesic', 'Opioid Receptor Ligand', 'TLR4 Antagonist']"
CHEMBL108358,NC(=O)c1csc([C@@H]2O[C@H](CO)[C@@H](O)[C@H]2O)n1,"['Antitumor', 'Cytostatic', 'IMP Dehydrogenase Inhibitor']"
CHEMBL1089221,O=C(O)COc1nn(Cc2ccccc2)c2ccccc12,"['Protective', 'Antispermatogenic']"
CHEMBL1140,NC(=O)c1cccnc1,"['Antianginal', 'ENL Inhibitor']"
CHEMBL1191,Cc1nnc(NS(=O)(=O)c2ccc(N)cc2)s1,['ETA-Receptor Antagonist']
CHEMBL1200418,CC(CCc1ccc(O)cc1)NCCc1ccc(O)c(O)c1.Cl,"['Beta(3)-Adrenergic Agonist', 'Cardioactive']"
CHEMBL1201146,C#C[C@]1(OC(C)=O)CC[C@H]2[C@@H]3CCC4=CC(=O)CC[C@@H]4[C@H]3CC[C@@]21C,"['Progesterone Receptor Agonist', 'Progesterone Receptor Ligand', 'P-glycoprotein Inducer', 'Osteoblast Stimulator', 'Pgp-ATPase Stimulator']"
CHEMBL1389,C#C[C@]1(O)CC[C@H]2[C@@H]3CCC4=CC(=O)CC[C@@H]4[C@H]3CC[C@@]21CC,"['Progesterone Receptor Agonist', 'Androgen Receptor Ligand', 'Progesterone Receptor Ligand', 'SHBG Ligand', 'P-glycoprotein Inducer', 'Osteoblast Stimulator', 'Pgp-ATPase Stimulator']"
CHEMBL1800807,COc1cc(F)c(C(C)C)cc1-c1ccc(C(F)(F)F)cc1CN1C(=O)O[C@H](c2cc(C(F)(F)F)cc(C(F)(F)F)c2)[C@@H]1C,"['CETP Inhibitor', 'HDL Increase', 'LDL Reduction', 'CHD Risk']"
CHEMBL181932,O=C(O)c1nc(=O)[nH]c(=O)[nH]1,['DHODH Inhibitor']
CHEMBL2107361,Cc1cc(C(=O)N[C@@H](CCC(=O)O)C(=O)O)sc1CC[C@@H]1CNc2nc(N)[nH]c(=O)c2C1,[]
CHEMBL2111084,CC[C@@]1(O)C(=O)OCc2c1cc1n(c2=O)Cc2c-1nc1ccccc1c2CCNC(C)C,['Cytotoxic']
CHEMBL248702,CCN[C@@H](C)Cc1cccc(C(F)(F)F)c1,[]
CHEMBL305187,CC(C(O)c1ccc(O)cc1)N1CCC(Cc2ccccc2)CC1,"['Analgesic', 'NMDA Antagonist', 'Cytoprotective', 'NMDA Receptor Inhibitor', 'NMDA Receptor Ligand', 'Neurotrophic', 'Neuroprotectant', 'NR2B Selective', 'NR2B-Selective NMDA Antagonist', 'GluN2B Antagonist', 'NMDAR Antagonist', 'GluN2B Ligand', 'Multi-Target-Directed', 'Anti-Allodynic']"
CHEMBL3416885,CN(C)CCn1cc(C(=O)N2CCC3(CC2)OCc2ccccc23)c2ccc(Cl)cc21,['Vasopressin 1a Receptor Antagonist']
CHEMBL3633802,Cn1c(=O)c2c(ncn2CC(=O)Nc2ccc(-c3ccccc3)nn2)n(C)c1=O,['TRPA1 Channel Antagonist']
CHEMBL3707254,O=C1CN(/N=C/C=C/c2ccc([N+](=O)[O-])o2)C(=O)N1,"['Sterol Synthesis Inhibitor', 'MitoNEET Ligand', 'Carcinogenic', 'Dopamine Agent', 'Skeletal Muscle Relaxant']"
CHEMBL3707334,O[B-]1(O)OO[B-](O)(O)OO1,"['Antimalarial', 'Carbonic Anhydrase Inhibitor', 'Anti-Trypanosomal', 'CA I Inhibitor', 'H. pylori', 'Carbonic Anhydrase', 'CO2 Hydrase', 'Beta-CA Inhibitor', 'Carbonic Anhydrase IV Inhibitor', 'Anion Inhibitor', 'Carbonic Anhydrase XV Inhibitor']"
CHEMBL3989929,CCCCc1nc(-c2ccc(OCCCN(CC)CC)cc2)cn1-c1ccc(Oc2ccc(Cl)cc2)cc1,['RAGE Inhibitor']
CHEMBL4211107,COc1ccc2cc(C(C)C(=O)Oc3ccc(C(N)=S)cc3)ccc2c1,['Anti-Inflammatory']
CHEMBL4297534,CN1CC[C@@H](NC(=O)Nc2ccc(C#N)cc2)C[C@@H]1c1nc2ccccc2[nH]1.O=C(O)/C=C\C(=O)O,[]
CHEMBL4303288,Nc1nc(NC2CC2)c2ncn([C@H]3C=C[C@@H](CO)C3)c2n1.Nc1nc(NC2CC2)c2ncn([C@H]3C=C[C@@H](CO)C3)c2n1.O=S(=O)(O)O,[]
CHEMBL446,Cc1cc(C)nc(NS(=O)(=O)c2ccc(N)cc2)n1,[]
CHEMBL4594273,CCNCCc1ccc(CN(CC)c2cc(OC)ccc2[C@@H]2CCc3cc(O)ccc3C2)cc1.Cl.Cl,[]
CHEMBL498847,Cc1ncc([N+](=O)[O-])n1CC(C)O,"['Anti-Parasitic', 'Spermicidal', 'Antitrichomonal']"
CHEMBL5095076,Fc1ccc(F)c([C@H]2CCCN2c2ccn3ncc(-n4cc(C(F)(F)F)cn4)c3n2)c1,['TRK Kinase Inhibitor']
CHEMBL517,CC(C)N(CCC(C(N)=O)(c1ccccc1)c1ccccn1)C(C)C,"['Antiarrhythmic', 'hERG Channel Inhibitor', 'Anticholinergic', 'IKr Channel Blocker', 'HERG Inhibitor', 'Organic Cation Transporter 2 Inhibitor']"
CHEMBL5314553,CCC[C@H](C)OC(=O)[C@H](C)NP(=O)(OC[C@H]1OC[C@@H](n2ccc(N)nc2=O)O1)Oc1ccc(Br)cc1.Cl,[]
CHEMBL570015,COc1cccc(Nc2c(C(N)=O)cnc3c(C)cc(S(=O)(=O)c4cccc(C(=O)N(C)C)c4)cc23)c1,['PDE4 Inhibitor']
CHEMBL572878,Cc1cc(Nc2cc(N3CCN(C)CC3)nc(Sc3ccc(NC(=O)C4CC4)cc3)n2)n[nH]1,"['Aurora A/B Kinase Inhibitor', 'Necroptosis Inhibitor', 'RIPK1 Inhibitor']"
CHEMBL110739,C[C@]12C[C@H](O)[C@H]3[C@@H](CCC4=CC(=O)CC[C@@]43C)[C@@H]1CC[C@@H]2C(=O)CO,"['Neuroprotective', 'AChE Inhibitor', 'Butylcholinesterase Inhibitor', 'BuChE Inhibitor', 'FXR Partial Agonist', 'Metal Chelator', 'ChEs Inhibitor', 'Selective Androgen Receptor Modulator', 'FXR Modulator', 'Aldosterone Antagonist', 'CYP3A Substrate', 'PDE4/7 Inhibitor']"
CHEMBL1200632,CCCCCCCCCCCCCCCC(=O)O[C@@H]1[C@@H](O)[C@@H](O)[C@@H]([C@H](NC(=O)[C@@H]2C[C@@H](CCC)CN2C)[C@H](C)Cl)O[C@@H]1SC.Cl,[]
CHEMBL1231,CCN(CC)CC#CCOC(=O)C(O)(c1ccccc1)C1CCCCC1,"['Muscarinic Receptor Antagonist', 'M1 Muscarinic Receptor Ligand', 'Antimuscarinic', 'Anticholinergic', 'Muscarinic M3 Receptor Antagonist', 'Bladder-Selective', 'Urinary Bladder', 'Bladder Activity']"
CHEMBL1233511,O=P(O)(O)O[C@H]1[C@H](OP(=O)(O)O)[C@@H](OP(=O)(O)O)[C@H](OP(=O)(O)O)[C@@H](OP(=O)(O)O)[C@H]1OP(=O)(O)O,"['Btk Inhibitor', 'SHIP2 Inhibitor']"
CHEMBL1637,Cl.Nc1ccn([C@@H]2O[C@H](CO)[C@@H](O)C2(F)F)c(=O)n1,"['Cytotoxic', 'Antitumor', 'Cytostatic', 'HCV Inhibitor', 'Prodrug', 'Anti-PDAC']"
CHEMBL185885,O=Cc1ccc(CO)o1,[]
CHEMBL1923234,C[C@H](NC(=O)/C(C#N)=C/c1cccc(Br)n1)c1ccccc1,"['Apoptosis Inducer', 'Deubiquitinase Inhibitor']"
CHEMBL1949708,Nc1nc(C(=O)N[C@H](CO)C(=O)O)c(N)nc1C(=O)N[C@H](CO)C(=O)O,[]
CHEMBL2105675,CNC[C@H](O)[C@@H](O)[C@H](O)[C@H](O)CO.O=C(O)c1ccc2nc(-c3cc(Cl)cc(Cl)c3)oc2c1,[]
CHEMBL2106966,Cc1ccnc(NC(=O)C(C)c2cccc(C(=O)c3ccccc3)c2)c1,[]
CHEMBL2107826,O=C(Nc1ccc(C[C@@H]2CC[C@H]([C@H](O)c3ccccc3)N2)cc1)[C@@H]1CCc2nccc(=O)n21,"['Beta(3)-Adrenergic Agonist', 'OAB Treatment', 'Overactive Bladder']"
CHEMBL2346976,CC(=O)N1CCN(CCOc2ccc(C3CCN(C4=Nn5c(nnc5C(F)(F)F)CC4)CC3)cc2)CC1,[]
CHEMBL279115,CCCCCCCCCCCCCC(=O)O[C@@H]1[C@@H](C)[C@@]2(O)[C@@H](C=C(CO)C[C@]3(O)C(=O)C(C)=C[C@@H]23)[C@@H]2C(C)(C)[C@]12OC(C)=O,[]
CHEMBL3181832,COc1cccc(OC)c1C(=O)N[C@@H]1C(=O)N2[C@@H]1SC(C)(C)[C@@H]2C(=O)[O-].O.[Na+],"['Antibiotic', 'Beta-Lactamase Inhibitor', 'Nephrotoxic']"
CHEMBL3545096,COc1ccc(-c2ccc3ncc4c(c3c2)n(-c2ccc(N3CCNCC3)c(C(F)(F)F)c2)c(=O)n4C)cn1.O=C(O)/C=C\C(=O)O,[]
CHEMBL3545312,COC(=O)N[C@H](C(=O)N1CCC[C@H]1c1nc(-c2ccc3cc(-c4ccc5[nH]c([C@@H]6CCCN6C(=O)[C@@H](NC(=O)OC)C(C)C)nc5c4)ccc3c2)c[nH]1)C(C)C.Cl.Cl,['HCV NS5b Polymerase Inhibitor']
CHEMBL363648,CCc1nc(-c2cccc(C)c2)c(-c2ccnc(NC(=O)c3ccccc3)c2)s1,"['Anti-TNF-alpha', 'Anti-Rheumatoid Arthritis']"
CHEMBL4297414,COC(=O)C[C@]1(CN)C[C@H]2CC[C@H]2C1,[]
CHEMBL4297519,CC[C@H]1OC(=O)[C@H](C)C(=O)[C@H](C)[C@@H](O[C@@H]2O[C@H](C)C[C@H](N(C)C)[C@H]2O)[C@](C)(OC)C[C@@H](C)C(=O)[C@H](C)[C@H]2[C@H](/C(N)=N/O[C@@H](C)c3nnc(-c4ccccn4)s3)C(=O)O[C@@]21C,['Antibiotic']
CHEMBL4302505,CC(C)CCNc1ncccc1C(=O)N1CCN(Cc2ccccc2)CC1,[]
CHEMBL4650743,C[N+](C)(C)CCOC(=O)CCCC[C@@H]1CCSS1,[]
CHEMBL466659,O=[N+]([O-])OCC(CO[N+](=O)[O-])(CO[N+](=O)[O-])CO[N+](=O)[O-],"['Vasodilator', 'NO-Donor']"
CHEMBL471737,COc1cc2c(cc1OC)CC(=O)N(CCCN(C)C[C@H]1Cc3cc(OC)c(OC)cc31)CC2,"['Bradycardic Agent', 'Bradycardic']"
CHEMBL4847050,CCc1nc(-c2ccc3c(c2)CC[C@H]3NC(=O)c2cnn(C)c2)no1,[]
CHEMBL521851,CS(=O)(=O)N1CCN(Cc2cc3nc(-c4cccc5[nH]ncc45)nc(N4CCOCC4)c3s2)CC1,"['Anticancer', 'PI3 Kinase Inhibitor', 'PI3KDelta-Gamma Inhibitor']"
CHEMBL524,COc1ccc(OC)c(C(O)C(C)N)c1,[]
CHEMBL5314392,C[C@H](N)C(=O)N[C@@H](C)C(=O)OCCOc1ccc(-c2c(C#N)c(SCc3csc(-c4ccc(Cl)cc4)n3)nc(N3CCCC3)c2C#N)cc1,[]
CHEMBL5314401,Cc1ncccc1C(=O)N1CCN(S(=O)(=O)c2ccc(C(F)(F)F)cc2)C[C@@H]1C,[]
CHEMBL5314420,Cc1ccc2c(-c3nc(Nc4cc(CN5C[C@@H](C)N[C@@H](C)C5)cc(C5CC5)c4)ncc3Cl)c[nH]c2c1,[]
CHEMBL604608,OC[C@H]1O[C@](O)(CO)[C@@H](O)[C@@H]1O,[]
CHEMBL8260,O=c1cc(-c2ccccc2)oc2cc(O)c(O)c(O)c12,"['Neuraminidase Inhibitor', 'FabG4 Inhibitor', 'Oncogene Inhibitor']"
CHEMBL850,C[C@@H]1CN(c2c(F)c(N)c3c(=O)c(C(=O)O)cn(C4CC4)c3c2F)C[C@H](C)N1,"['Antibiotic', 'DNA GyraseB Inhibitor']"
CHEMBL852,N[C@@H](Cc1ccc(N(CCCl)CCCl)cc1)C(=O)O,[]
CHEMBL959,CC(N)C12CC3CC(CC(C3)C1)C2,"['Trypanocidal', 'Influenza Inhibitor']"
CHEMBL105060,CN(C(=O)c1cc(C(F)(F)F)cc(C(F)(F)F)c1)[C@@H](/C=C/C(=O)N[C@@H]1CCCCNC1=O)Cc1ccc(Cl)c(Cl)c1,['NK1/NK3 Antagonist']
CHEMBL1069,CCCCC(=O)N(Cc1ccc(-c2ccccc2-c2nnn[nH]2)cc1)[C@H](C(=O)O)C(C)C,"['Antihypertensive', 'BLT2 Agonist', 'Wound-Healing Promoter']"
CHEMBL1088,CN1CCCCC1CCN1c2ccccc2Sc2ccc([S+](C)[O-])cc21,"['Anti-Tuberculosis', 'CNS Drug Partitioning', 'Efflux Inhibitor']"
CHEMBL1159662,O[C@@H]1[C@H](O)[C@H](O)CO[C@H]1O,['Insulin-like']
CHEMBL1200610,N[C@@H](C(=O)N[C@@H]1C(=O)N2C(C(=O)O)=C(Cl)CC[C@H]12)c1ccccc1.O,['Antibiotic']
CHEMBL1200628,CN[C@H](CC(C)C)C(=O)N[C@H]1C(=O)N[C@@H](CC(N)=O)C(=O)N[C@H]2C(=O)N[C@H]3C(=O)N[C@H](C(=O)N[C@H](C(=O)O)c4cc(O)cc(O)c4-c4cc3ccc4O)[C@H](O)c3ccc(c(Cl)c3)Oc3cc2cc(c3O[C@@H]2O[C@H](CO)[C@@H](O)[C@H](O)[C@H]2O[C@H]2C[C@](C)(N)[C@H](O)[C@H](C)O2)Oc2ccc(cc2Cl)[C@H]1O.Cl,['Antibiotic']
CHEMBL1201390,C[C@]12C=CC(=O)C=C1[C@@H](F)C[C@H]1[C@@H]3C[C@@H](O)[C@](O)(C(=O)CO)[C@@]3(C)C[C@H](O)[C@@]12F,"['Anti-Inflammatory', 'Glucocorticoid Agonist', 'GR Agonist', 'Topical Antiinflammatory']"
CHEMBL144673,CCCCC(CC)CN1CN(CC(CC)CCCC)CC(C)(N)C1,[]
CHEMBL1672635,Cc1c(N[C@@H](c2nnc(-c3ccc(C#N)cc3)o2)[C@H](C)O)ccc(C#N)c1Cl,"['SARM', 'Selective Androgen Receptor Modulator']"
CHEMBL1689063,NC(=O)[C@@H]1CC[C@@H]2CN1C(=O)N2OS(=O)(=O)O,"['Beta-Lactamase Inhibitor', 'Beta-lactamase Inhibitor', 'Antibiotic Resistance Inhibitor', 'Carbapenemase Inhibitor']"
CHEMBL1697849,Clc1ccc(C/C(=C\CN2CCCC2)c2ccccc2)cc1,[]
CHEMBL1908370,N#Cc1c(N2C[C@@H]3NCCO[C@H]3C2)c(F)cc2c(=O)c(C(=O)O)cn(C3CC3)c12,['Antibiotic']
CHEMBL2095208,CC(C)c1nc(CN(C)C(=O)N[C@@H](CCN2CCOCC2)C(=O)N[C@H](CC[C@H](Cc2ccccc2)NC(=O)OCc2cncs2)Cc2ccccc2)cs1,"['CYP3A4 Inhibitor', 'Pharmacoenhancer']"
CHEMBL2105665,CCCCCCCC/C=C/CCCCCCCC(=O)OC[C@H]1O[C@@H](n2ccc(N)nc2=O)[C@@H](O)[C@@H]1O,"['Cytotoxic', 'Antitumor', 'Anti-Leukemia']"
CHEMBL312448,Cc1cc(C(C)(C)C)cc(C)c1CC1=NCCN1,"['5-HT(1B/1D) Agonist', 'Alpha 1-Adrenoceptor Agonist', 'h5-HT1D Receptor Ligand']"
CHEMBL3251296,Cc1cn2c(nc1=O)O[C@H]1[C@H](O)[C@@H](CO)O[C@H]12,[]
CHEMBL3301615,Cl.c1ccc2cc([C@]34CNC[C@H]3C4)ccc2c1,"['Antidepressant', 'Triple Re-uptake Inhibitor']"
CHEMBL3301674,CCCCCNC(=O)c1coc([C@H]2[C@@H](Cc3ccccc3CCC(=O)[O-])[C@@H]3CC[C@H]2O3)n1.[Na+],['Thromboxane A2 Receptor Antagonist']
CHEMBL3544978,C[C@@H]1CN2c3c(cc4c(N5C(=O)OC[C@@H]5C)noc4c3F)CC3(C(=O)NC(=O)NC3=O)[C@H]2[C@H](C)O1,"['Antibiotic', 'DNA GyraseB Inhibitor']"
CHEMBL368347,COc1cc(C[C@@H](CO)[C@H](CO)Cc2ccc(O)c(OC)c2)ccc1O,[]
CHEMBL3707215,CN(C)CCOC(c1ccccc1)c1ccccc1.Cn1c(=O)c2c(ncn2CC(=O)O)n(C)c1=O,[]
CHEMBL398435,CCCSc1nc(N[C@@H]2C[C@H]2c2ccc(F)c(F)c2)c2nnn([C@@H]3C[C@H](OCCO)[C@@H](O)[C@H]3O)c2n1,"['Anti-Platelet', 'P2Y Receptor Antagonist']"
CHEMBL3990276,O=[Mg].O=[Mg].O=[Mg].O=[Si]=O.O=[Si]=O.O=[Si]=O.O=[Si]=O,"['Carbonic Anhydrase Inhibitor', 'Carbonic Anhydrase', 'CO2 Hydrase', 'Beta-CA Inhibitor', 'Anion Inhibitor', 'Carbonic Anhydrase XV Inhibitor']"
CHEMBL4093031,CNC(=O)c1c(-c2ccc(F)cc2)oc2ccc(-c3cc(C(=O)NC4(c5ncccn5)CC4)ccc3C)c(F)c12,['HCV NS5b Polymerase Inhibitor']
CHEMBL410414,CN(Cc1ccccc1)C(=O)[C@@H](NC(=O)c1cc2cc(NC(=O)c3ccccc3-c3ccc(C(F)(F)F)cc3)ccc2n1C)c1ccccc1,['MTP Inhibitor']
CHEMBL4209157,O=C1CCc2c(Oc3ccc4c(c3)[C@@H]3[C@H](O4)[C@H]3c3nc4cc(C(F)(F)F)ccc4[nH]3)ccnc2N1,[]
CHEMBL4297489,Cc1nn(C)cc1CN1CCC(c2ccc(C(=O)Nc3ccccc3N)cc2)CC1,"['HDACs Inhibitor', 'Histone Deacetylase Inhibitor']"
CHEMBL4748352,Cc1nc(C)c(C(=O)Nc2ccc(F)c(-c3nc4ncc(-c5ncccc5C)cn4n3)c2)o1,[]
CHEMBL5283463,Cc1ccc(S(=O)(=O)O)cc1.Cc1ccsc1C(=O)Nc1cc(CN2CCN(C(=O)CO)CC2)ccc1/C=C/c1n[nH]c2ccccc12,['NaPi2b Inhibitor']
CHEMBL5314530,COc1cc(N[C@H](C(=O)c2c[nH]c3ccc(OC(F)(F)F)cc23)c2ccc(Cl)cc2OC)cc(S(C)(=O)=O)c1,['Dengue Inhibitor']
CHEMBL911,Cc1ccc(-c2nc3ccc(C)cn3c2CC(=O)N(C)C)cc1,"['GABA(A) Receptor Potentiator', 'Benzodiazepine Ligand', 'Neurological Ligands']"
CHEMBL928,O=C1CN(/N=C/c2ccc(-c3ccc([N+](=O)[O-])cc3)o2)C(=O)[N-]1.[Na+],"['Ryanodine Receptor 1 Inhibitor', 'Skeletal Muscle Relaxant']"
CHEMBL1089318,Cc1c(Cl)c(C)[n+]([O-])c(Cl)c1-c1noc(-c2cc(O)c(O)c([N+](=O)[O-])c2)n1,"['COMT Inhibitor', 'Peripheral COMT Inhibitor']"
CHEMBL1093059,CC1(C)CC[C@]2(C(=O)O)CC[C@]3(C)[C@H](C(=O)C=C4[C@@]5(C)C=C(C#N)C(=O)C(C)(C)[C@@H]5CC[C@]43C)[C@@H]2C1,"['Anti-Inflammatory', 'NO Production Inhibitor', 'Cancer Chemopreventive', 'Nitric Oxide Inhibitor', 'HO-1 Inducer']"
CHEMBL11298,N[C@@H](CO)C(=O)O,"['PKM2 Activator', 'mGluR Agonist', 'NMDA Receptor Agonist', 'Glutamine Synthetase Inhibitor', 'PKM2 Inhibitor', 'Riboswitch Ligand', 'Amino Acid Transporter', 'Inhibitor', 'Glycine Agonist', 'AGE Inhibitor', 'hPAT1 Substrate']"
CHEMBL116943,C1CCc2nnnn2CC1,[]
CHEMBL1201161,CC(=O)O.NCc1ccc(S(N)(=O)=O)cc1,['Carbonic Anhydrase Inhibitor']
CHEMBL1232131,O=S(=O)(O)c1cc(O)ccc1O,[]
CHEMBL1314,CC(S)C(=O)NCC(=O)O,['PHM Inhibitor']
CHEMBL139835,CC(=O)O[C@]1(C(C)=O)CC[C@H]2[C@@H]3C=C(Cl)C4=CC(=O)[C@@H]5C[C@@H]5[C@]4(C)[C@H]3CC[C@@]21C,[]
CHEMBL1480987,CC1CC(OC(=O)C(O)c2ccccc2)CC(C)(C)C1,[]
CHEMBL1628504,Cc1cc(/C=C/C#N)cc(C)c1Nc1ccnc(Nc2ccc(C#N)cc2)n1.Cl,"['HIV NNRTI', 'Reverse Transcriptase Inhibitor', 'Non-nucleoside Reverse Transcriptase Inhibitor']"
CHEMBL1892145,CC[C@]12CCCN3CCc4c(n(c5ccccc45)C(=O)C1)[C@@H]32,"['Vasorelaxant', 'Pancreatic Beta-cells Protective']"
CHEMBL2105712,CN(C)C/C=C/C(=O)Nc1cc2c(Nc3ccc(F)c(Cl)c3)ncnc2cc1O[C@H]1CCOC1.O=C(O)/C=C\C(=O)O.O=C(O)/C=C\C(=O)O,['EGFR Kinase Inhibitor']
CHEMBL2106643,COc1c(C)c2c(c(O)c1C/C=C(\C)CCC(=O)[O-])C(=O)OC2.[Na+],"['IMPDH Inhibitor', 'Inosine Monophosphate Dehydrogenase Inhibitor']"
CHEMBL3407547,COc1ccccc1[C@H](Cn1c(=O)n(C(C)(C)C(=O)O)c(=O)c2c(C)c(-c3ncco3)sc21)OC1CCOCC1,[]
CHEMBL4285883,CO[C@H]1C[C@H](O[C@H]2CC[C@@]3(C)[C@H](CC[C@@H]4[C@@H]3CC[C@]3(C)[C@@H](C5=CC(=O)OC5)[C@@H](OC(C)=O)C[C@]43O)C2)O[C@@H](C)[C@@H]1O,"['Cytotoxic', 'Na(+)/K(+)-ATPase Inhibitor', 'Notch Inhibitor']"
CHEMBL4297206,N.N.[Ag+].[F-],"['Antimalarial', 'Cardiovascular', 'Carbonic Anhydrase', 'CO2 Hydrase', 'Beta-CA Inhibitor', 'Anion Inhibitor', 'DNA Cleaving Agent', 'Carbonic Anhydrase XV Inhibitor', 'HD']"
CHEMBL4297504,CO[C@@H]1[C@H](OC(=O)/C=C/c2ccc(OCCN(C)C)cc2)CC[C@]2(CO2)[C@H]1[C@@]1(C)O[C@@H]1CC=C(C)C,['MetAP1 Inhibitor']
CHEMBL4594299,COc1cc2c(cc1OC)CN(CCc1ccc(-n3nnc(-c4cc(OC)c(OC)cc4NC(=O)c4cc(=O)c5ccccc5o4)n3)cc1)CC2.CS(=O)(=O)O.O,['P-glycoprotein Inhibitor']
CHEMBL520613,Cc1c(CCO)sc[n+]1CCCCCCCCCCCC[n+]1csc(CCO)c1C.[Br-].[Br-],['Antimalarial']
CHEMBL5315049,N[C@@H](CC(=O)N1CCn2c(nnc2C(F)(F)F)C1)Cc1cc(F)c(F)cc1F.O=C(O)/C=C\C(=O)O,['DPPIV Inhibitor']
CHEMBL562668,CCNC1(C(N)=O)CCN(c2ncnc3c2nc(-c2ccccc2Cl)n3-c2ccc(Cl)cc2)CC1,"['CB1-R Antagonist', 'CB1 Inverse Agonist', 'Cannabinoid Receptor Antagonist']"
CHEMBL58,O=C1c2c(O)ccc(O)c2C(=O)c2c(NCCNCCO)ccc(NCCNCCO)c21,['Antitumor']
CHEMBL93268,O=N[O-].[Na+],"['Antibiotic', 'Antimalarial', 'Antimicrobial', 'Carbonic Anhydrase Inhibitor', 'Anti-Trypanosomal', 'CA I Inhibitor', 'H. pylori', 'Carbonic Anhydrase', 'CO2 Hydrase', 'Beta-CA Inhibitor', 'Neurotoxicity', 'Carbonic Anhydrase IV Inhibitor', 'Beta-AR Agonist', 'Anion Inhibitor', 'DNA Cleaving Agent', 'Carbonic Anhydrase XV Inhibitor', 'HD']"
CHEMBL996,CO[C@@]1(NC(=O)Cc2cccs2)C(=O)N2C(C(=O)O)=C(COC(N)=O)CS[C@@H]21,"['Antibiotic', 'Carbapenemase Inhibitor']"
CHEMBL9960,CC[C@H](NC(=O)c1cc(-c2ccccc2)nc2ccccc12)c1ccccc1,"['NK1/NK3 Antagonist', 'Radioligand']"
CHEMBL1078178,N#CCNC(=O)c1ccc(-c2ccnc(Nc3ccc(N4CCOCC4)cc3)n2)cc1,"['Anti-Inflammatory', 'JAK1/JAK2 Inhibitor', 'Pan-JAK Inhibitor']"
CHEMBL1086,CCCCOc1cc(C(=O)NCCN(CC)CC)c2ccccc2n1,['EV-A71 Entry Inhibitor']
CHEMBL1213135,C[C@@H](CO)NC(=O)[C@@H]1C=C2c3cccc4[nH]cc(c34)C[C@H]2N(C)C1.O=C(O)/C=C\C(=O)O,"['5-HT2A Receptor Ligand', 'Dopamine Receptor Agonist']"
CHEMBL1256175,CC(=O)O.CNC(=N)NCCC[C@H](N)C(=O)O,"['nNOS Inhibitor', 'Neuronal NO Synthase Inhibitor', 'Nitric Oxide Synthase Inhibitor', 'DDAH-1 Inhibitor', 'NGF Inducer']"
CHEMBL1308,Cc1cn[nH]c1,['Alcohol Dehydrogenase Inhibitor']
CHEMBL13209,O=C1CN=C(c2ccccc2)c2cc([N+](=O)[O-])ccc2N1,[]
CHEMBL1542,Cn1cnc([N+](=O)[O-])c1Sc1ncnc2[nH]cnc12,"['Antiarthritic', 'Carcinogenic']"
CHEMBL1697854,COc1cccc2c1C(=O)c1c(O)c3c(c(O)c1C2=O)C[C@@](O)(/C(C)=N/NC(=O)c1ccccc1)C[C@@H]3O[C@H]1C[C@H](N)[C@H](O)[C@H](C)O1,['Antitumor']
CHEMBL175247,CCCCCCCCCCC[C@@H](C[C@@H]1OC(=O)[C@H]1CCCCCC)OC(=O)[C@H](CC(C)C)NC=O,"['Antibiotic', 'Proteasome Inhibitor', 'Anti-Obesity', 'DGAT1 Inhibitor', 'Antiobesity', 'MAGL Inhibitor', 'Dual-Inhibitor', 'Beta-Glucuronidase Inhibitor', 'Oncology', 'Anti-Hyperlipidemic', 'Anti-Parasitic', 'FAS Inhibitor', 'Pancreatic Lipase Inhibitor', 'Antiadipogenic', 'FASN Inhibitor', 'Serine Hydrolase Inhibitor', 'DAGLalpha Inhibitor', 'Lipase Inhibitor', 'ABHD6 Inhibitor', 'Adipocyte Differentiation-Inhibitor', 'FATP4 Inhibitor', 'Lipolytic Enzyme Inhibitor']"
CHEMBL1757,C[C@@H]1O[C@@H]1P(=O)(O)O,[]
CHEMBL2103877,C=C1CCN([C@H](C)[C@](O)(Cn2cncn2)c2ccc(F)cc2F)CC1,['Antifungal']
CHEMBL2107331,CC[C@H]1C(C)=NN=C(c2ccc(OC)c(OC)c2)c2cc(OC)c(OC)cc21,[]
CHEMBL266125,Cc1ccc2cc(C(=O)NC3(C(=O)N[C@H](Cc4ccccc4)C(=O)NCC4CCN(CC5CCOCC5)CC4)CCCC3)sc2c1,"['Neurokinin Receptor Antagonist', 'NK2 Receptor Antagonist']"
CHEMBL282724,Cc1cc2c(cc1CC(=O)c1sccc1S(=O)(=O)Nc1onc(C)c1Cl)OCO2,"['Endothelin A Receptor Antagonist', 'ETA-Receptor Antagonist']"
CHEMBL297302,O=C(CCCN1CCC(n2c(=O)[nH]c3ccccc32)CC1)c1ccc(F)cc1,['PLD1/2 Inhibitor']
CHEMBL299400,O=C(O)C(O)C(O)C(=O)O.Oc1ccc2c(c1)[C@@]13CCCC[C@@]1(O)[C@@H](C2)N(CC1CCC1)CC3,['Opioid Receptor Ligand']
CHEMBL3623290,COc1cc2ncnc(Nc3cccc(Cl)c3F)c2cc1OC(=O)N1CCN(C)C[C@H]1C,['EGFR Kinase Inhibitor']
CHEMBL3989958,N#Cc1ccnc(N2C(=O)CC[C@H]2C(=O)N(c2cncc(F)c2)[C@H](C(=O)NC2CC(F)(F)C2)c2ccccc2Cl)c1,"['IDH1/R132H Inhibitor', 'Mutant IDH1/2 Inhibitor']"
CHEMBL4164059,Cl.Clc1ccc(CCCOCCCN2CCCCC2)cc1,"['Acetylcholinesterase Inhibitor', 'Histamine H3 Receptor Ligand']"
CHEMBL4297396,Cl.N#Cc1ccc(Cn2cncc2CN2CCN(c3cccc(Cl)c3)C(=O)C2)cc1,"['Farnesyl-Protein Transferase Inhibitor', 'Geranylgeranyltransferase Inhibitor']"
CHEMBL4297513,CC(C)[C@@H](C)[C@@]1(C)CC[C@]2(C)[C@H]3CC[C@@H]4[C@@]5(COC[C@@]4(C)[C@@H](OC[C@](C)(N)C(C)(C)C)[C@H](n4ncnc4-c4ccncc4)C5)C3=CC[C@@]2(C)[C@@H]1C(=O)O,"['Antifungal', 'Beta-1,3-Glucan Synthase Inhibitor']"
CHEMBL4297514,C[C@H]1N=C(N(C)C)N=C(N)N1,[]
CHEMBL4297596,Cn1c(=O)oc2cc(-n3cc(C(=O)O)c(=O)n([C@@H]4CCc5c4cccc5C(F)(F)F)c3=O)ccc21,[]
CHEMBL435,NS(=O)(=O)c1cc2c(cc1Cl)NCNS2(=O)=O,"['Carbonic Anhydrase Inhibitor', 'Diuretic', 'AMPA Receptor Positive Modulator', 'Saluretic', 'Carbonic Anhydrase VII Inhibitor']"
CHEMBL4650333,COc1ccc(-c2cncc(N[C@@H](C)c3cccc(NC(=O)c4cncc(C)c4)c3)n2)cc1OC,"['B-Raf(V600E) Inhibitor', 'FMS Inhibitor']"
CHEMBL5095255,FC(F)(c1ccc2ncccc2c1)c1nnc2ccc(-c3ccncc3)nn12,['cMET Inhibitor']
CHEMBL708,O=C1Cc2cc(CCN3CCN(c4nsc5ccccc45)CC3)c(Cl)cc2N1,['Atypical Antipsychotic']
CHEMBL95606,Nc1ccn([C@@H]2O[C@H](CO)[C@@H](O)[C@H]2O)c(=O)n1,"['Anticancer', 'Cytotoxic', 'Antitumor', 'Antiviral', 'Cytostatic', 'Prodrug', 'Antineoplastic', 'Chk1 Inhibitor', 'PKM2 Activator', 'DNA Methyltransferase Inhibitor', 'Thymidine Kinase Inhibitor', 'TRPA1 Agonist', 'Antiherpes', 'Ovarian Cancer Inhibitor', 'DHPS Inhibitor', 'Anti-Herpes', 'Hematologic Malignancies', 'Uridine-Deoxyuridine Phosphorylase Inhibitor', 'RNase A Inhibitor', 'IspF Inhibitor', 'Calcium Modulator', 'Erythroid Differentiation Inducer', 'Anti-PDAC', 'Mitochondrial Respiratory Chain Inhibitor']"
CHEMBL1094785,COc1ccc(C[C@@H](C)NC[C@H](O)c2ccc(O)c3[nH]c(=O)ccc23)cc1,"['Beta(3)-Adrenergic Agonist', 'Bronchodilator', 'Beta-Agonist']"
CHEMBL1117,CC(=O)[C@]1(O)Cc2c(O)c3c(c(O)c2[C@@H](O[C@H]2C[C@H](N)[C@H](O)[C@H](C)O2)C1)C(=O)c1ccccc1C3=O,['Antitumor']
CHEMBL1200986,CCCCCCCCCC(=O)OC1(c2ccc(Cl)cc2)CCN(CCCC(=O)c2ccc(F)cc2)CC1,"['Dopamine Antagonist', 'D2-like Receptor Ligand']"
CHEMBL1201019,CO/N=C(\C(=O)N[C@@H]1C(=O)N2C(C(=O)[O-])=CCS[C@H]12)c1csc(N)n1.[Na+],"['Antibiotic', 'Beta-Lactamase Inhibitor', 'Peptide Deformylase Inhibitor', 'PBP2 Inhibitor', 'Nephrotoxic', 'Organic Anion Transport Inhibitor', 'Antibiotic Resistance', 'Drug Efflux Pump Inhibitor', 'Beta-Lactamase', 'Antipneumococcal', 'Penicillin-Binding Protein Inhibitor']"
CHEMBL1201093,COC(=O)CCC(=O)CN.Cl,['PDT']
CHEMBL1201266,N#Cc1cc(NC(=O)C(=O)O)c(Cl)c(NC(=O)C(=O)O)c1,['Antiallergy']
CHEMBL1328913,CN(C)CCCN1c2ccccc2C(C)(C)c2ccccc21,[]
CHEMBL15891,Cl[C@H]1[C@H](Cl)[C@@H](Cl)[C@@H](Cl)[C@H](Cl)[C@H]1Cl,[]
CHEMBL1651908,CO[C@H]1C[C@H](O[C@H]2CC[C@]3(OC)[C@H]4CC[C@]5(C)[C@@H](C6=CC(=O)OC6)CC[C@]5(O)[C@@H]4CC[C@]3(O)C2)O[C@H](C)[C@H]1O,"['Cytotoxic', 'Na(+)/K(+)-ATPase Inhibitor', 'Notch Inhibitor']"
CHEMBL1653,CN(C)CCC(c1ccccc1)c1ccccn1.O=C(O)/C=C\C(=O)O,[]
CHEMBL1709,CN[C@H]1CC[C@@H](c2ccc(Cl)c(Cl)c2)c2ccccc21.Cl,"['Antidepressant', 'Norepinephrine Uptake Inhibitor']"
CHEMBL1742420,CCOC(=O)NC(=N)c1ccc(OCc2cccc(COc3ccc(C(C)(C)c4ccc(O)cc4)cc3)c2)cc1,[]
CHEMBL1765292,CCC(C(=O)O)c1ccc(N2Cc3ccccc3C2=O)cc1,"['Anti-Inflammatory', 'Beta-Amyloid Binding']"
CHEMBL20,CC(=O)Nc1nnc(S(N)(=O)=O)s1,"['Carbonic Anhydrase Inhibitor', 'CA IX Inhibitor', 'CA I Inhibitor', 'hCA IX/XII Inhibitor', 'Antiglaucoma', 'hCA XII Inhibitor', 'hCA Inhibitor', 'Chitinase Inhibitor', 'Intraocular Pressure-Lowering', 'Carbonic Anhydrase XII Inhibitor', 'Carbonic Anhydrase VII Inhibitor']"
CHEMBL2103846,CC(=O)[C@@]1(O)CC[C@H]2[C@@H]3CCC4=CC(=O)CCC4=C3[C@@H](c3ccc(N(C)C)cc3)C[C@@]21C,"['Progesterone Antagonist', 'GR Antagonist']"
CHEMBL2105394,CCCOc1ccc2c(c1)CC[C@@H]1[C@@H]2CC[C@]2(C)[C@@H](OC)CC[C@@H]12,['Anti-Angiogenic']
CHEMBL2105666,CCc1c2c(nc3ccc(OC(=O)CCC(=O)Oc4c(C)c(C)c5c(c4C)CC[C@@](C)(CCC[C@H](C)CCC[C@H](C)CCCC(C)C)O5)cc13)-c1cc3c(c(=O)n1C2)COC(=O)[C@]3(O)CC,[]
CHEMBL2107827,COc1cccc2c1C(=O)c1c(O)c3c(c(O)c1C2=O)C[C@@](O)(/C(CO)=N/NC(=O)CCCCCN1C(=O)C=CC1=O)C[C@@H]3O[C@H]1C[C@H](N)[C@H](O)[C@H](C)O1.Cl,['Antitumor']
CHEMBL354541,O=C(NC1CCN(CCCCC2(C(=O)NCC(F)(F)F)c3ccccc3-c3ccccc32)CC1)c1ccccc1-c1ccc(C(F)(F)F)cc1,['MTP Inhibitor']
CHEMBL3561076,COc1ccc(CN2CCNCC2)c(OC)c1OC.Cl.Cl,[]
CHEMBL3674570,CC1(C)CC=C(c2nc(C3CC(C)(C)OC(C)(C)C3)ccc2NC(=O)c2nc(C#N)c[nH]2)CC1,['FMS Inhibitor']
CHEMBL373204,CC1(C)C(C=C(Cl)Cl)C1C(=O)OC(C#N)c1cccc(Oc2ccccc2)c1,"['Insecticidal', 'Insecticide', 'Ryanodine Receptor Activator']"
CHEMBL4297401,Cc1ccc(N2CCNCC2)c(S(=O)(=O)O)c1.O,[]
CHEMBL4751394,NC(=O)c1ccc2nc(-c3ccc(C4(N)CCC4)cc3)c(-c3ccccc3)n2n1,['AKT Inhibitor']
CHEMBL53463,COc1cccc2c1C(=O)c1c(O)c3c(c(O)c1C2=O)C[C@@](O)(C(=O)CO)C[C@@H]3O[C@H]1C[C@H](N)[C@H](O)[C@H](C)O1,"['Anticancer', 'Cytotoxic', 'Antitumor', 'Antiproliferative', 'Apoptosis Inducer', 'Antioxidant', 'Cytostatic', 'Anti-Cancer', 'Antiplasmodial', 'Apoptosis', 'Prodrug', 'DNA Topoisomerase II Inhibitor', 'DNA Intercalating', 'DNA Binding', 'DNA-Binding', 'Chemopreventive', 'Mitochondrial-Targeting', 'DNA Synthesis Inhibitor', 'G-Quadruplex DNA Binder', 'DNA-Cleavage', 'Multidrug Resistance', 'Lysosome-Targeting', 'p53 Activation', 'Resveratrol Analogues', 'CYP3A4 Inducer', 'UGT Inhibitor']"
CHEMBL537,Oc1ccc(O)cc1,['Antioxidant']
CHEMBL558,Cc1cccc(C)c1OCC(C)N,['Na(v)1.4 Channel Blocker']
CHEMBL607023,CC1(C)CC(O)CC(C)(C)N1[O],"['Antioxidant', 'Cytoprotective', 'Mitochondrial Protector']"
CHEMBL636,CCN(C)C(=O)Oc1cccc([C@H](C)N(C)C)c1,['Acetylcholinesterase Inhibitor']
CHEMBL788,O=c1[nH]c(=O)n([C@H]2C[C@H](O)[C@@H](CO)O2)cc1I,"['Anticancer', 'Antitumor', 'Antiviral', 'Anti-Tuberculosis', 'Anti-mycobacterial', 'Thymidylate Synthetase Inhibitor', 'HBV Inhibitor', 'Thymidine Phosphorylase Inhibitor', 'Thymidine Kinase Inhibitor', 'Antiherpes', 'Nucleoside Transporter Inhibitor', 'Nitric Oxide Donor', 'TMPKmt Inhibitor', 'Mutagenic', 'Anti-Herpes', 'HSV-1 TK Inhibitor', 'TP Inhibitor', 'Anti-HSV', 'CHB Therapeutic']"
CHEMBL792,Oc1nc(O)c2nc(O)[nH]c2n1,[]
CHEMBL1200332,CNCCCC1c2ccccc2C=Cc2ccccc21.Cl,"['Analgesic', 'Antidepressant', 'GABA Uptake Inhibitor', 'Norepinephrine Transporter Inhibitor', 'H1 Receptor Antagonist', 'Serotonin Receptor Ligand', 'Organic Cation Transporter', 'Norepinephrine Uptake Inhibitor', 'Sigma-1 Receptor', 'CNS Drug Partitioning']"
CHEMBL1200609,CS(=O)(=O)O.Fc1ccc([C@@H]2CCNC[C@H]2COc2ccc3c(c2)OCO3)cc1,"['Selective Serotonin Reuptake Inhibitor', 'GRK-2 Inhibitor', 'CNS Drug Partitioning']"
CHEMBL1201782,CNC[C@H](O)[C@@H](O)[C@H](O)[C@H](O)CO.CNC[C@H](O)[C@@H](O)[C@H](O)[C@H](O)CO.C[C@@H](O[C@H]1OCCN(Cc2nn(P(=O)(O)O)c(=O)[nH]2)[C@H]1c1ccc(F)cc1)c1cc(C(F)(F)F)cc(C(F)(F)F)c1,[]
CHEMBL1213460,CCOC(=O)C1N=C(c2ccccc2F)c2cc(Cl)ccc2NC1=O,[]
CHEMBL1230575,CC(C)=CCC/C(C)=C/CC/C(C)=C/CC/C(C)=C/CC/C(C)=C/CC/C(C)=C/CC/C(C)=C/CC1=C(C)C(=O)c2ccccc2C1=O,['Neuronal Differentiation']
CHEMBL1257051,Cn1nnc(-c2ccc(-c3ccc(N4C[C@H](CO)OC4=O)cc3F)cn2)n1,['Antibiotic']
CHEMBL191886,Cc1ncc2c(c1O)COC2c1ccc(Cl)cc1,[]
CHEMBL1963681,COc1ccc(CNc2nc(N3CCC[C@H]3CO)ncc2C(=O)NCc2ncccn2)cc1Cl,"['PDE 5 Inhibitor', 'Phosphodiesterase 5 Inhibitor', 'Erectile Dysfunction Treatment']"
CHEMBL2028661,CCOc1nc2cccc(C(=O)OCc3oc(=O)oc3C)c2n1Cc1ccc(-c2ccccc2-c2noc(=O)[nH]2)cc1,[]
CHEMBL2079130,CNCc1cc(-c2ccccc2F)n(S(=O)(=O)c2cccnc2)c1,"['H+/K+-ATPase Inhibitor', 'Gastric Acid Inhibitor', 'Potassium-Competitive Acid Blocker', 'Gastric Secretion Inhibitor']"
CHEMBL2105740,Cc1cc2c(cc1CC(=O)c1sccc1S(=O)(=O)[N-]c1onc(C)c1Cl)OCO2.[Na+],['Endothelin A Receptor Antagonist']
CHEMBL2105857,CC[C@@]1(OC(=O)[C@@H](NC(=O)[C@H](Cc2c[nH]cn2)NC(=S)Nc2ccc(O[C@H]3O[C@@H](C)[C@@H](O)[C@@H](OC)[C@@H]3O)cc2)C(C)C)C(=O)OCc2c1cc1n(c2=O)Cc2cc3ccccc3nc2-1,[]
CHEMBL2106483,CCOc1ccccc1OCC1CNCCO1.Cl,['Antidepressant']
CHEMBL2151437,c1cnc2c(c1)C[C@@]1(CN3CCC1CC3)O2,['Alpha7-nAChR Agonist']
CHEMBL315818,NCC(CC(=O)O)c1ccccc1,[]
CHEMBL340978,CC(C(=O)O)c1ccc2oc(-c3ccc(Cl)cc3)nc2c1,[]
CHEMBL3545341,Cl.O=c1[nH]ccc2cc(OC3CCNCC3)ccc12,[]
CHEMBL3643413,CCC(=O)N1CC[C@H](Nc2ncnc3c2CN(c2cnc(OC)c(C(F)(F)F)c2)CC3)C1,['PI3KDelta-Gamma Inhibitor']
CHEMBL4098253,COC1CCN(C(=O)c2cc(Cc3n[nH]c(=O)c4ccccc34)ccc2F)CC1,"['PARP1/2 Inhibitor', 'Cancer Therapy']"
CHEMBL4297186,CN(C)Cc1ccc(CSCCNC(=C[N+](=O)[O-])NCc2ccc3c(c2)OCO3)o1,"['Acetylcholinesterase Inhibitor', 'AChE Inhibitor', 'Multi-target']"
CHEMBL4297187,COCCNCCc1cccc(Nc2ncc3c(n2)-c2ccccc2[C@H](c2ccccc2F)C3)c1,[]
CHEMBL4297287,COc1ccc([C@H]2CNC(=O)[C@H](Cc3cccc(C)c3)C2)cc1OC1CCCC1,[]
CHEMBL4297311,COc1cc(Cl)ccc1[C@H]1c2[nH]c3cccc(F)c3c2C2(CC2)CN1C(C)=O,[]
CHEMBL4297462,COc1ccc2c(c1)[C@]1(C[C@H]1c1ccc3c(/C=C/c4ccc(CN5C[C@@H](C)O[C@@H](C)C5)cc4)n[nH]c3c1)C(=O)N2.O=C(O)/C=C/C(=O)O,"['Antitumor', 'PLK4 Inhibitor', 'TRIM37-Amplified Breast Cancer']"
CHEMBL4297613,O=C(O)c1ccnc(N2CC(O)(c3ccc(OCc4c(-c5c(Cl)cccc5Cl)noc4C4CC4)cc3Cl)C2)c1,"['FXR Partial Agonist', 'NASH Treatment']"
CHEMBL4297640,NC(=O)[C@H]1CCN(c2ncnc(N)c2F)C[C@@H]1N1CCC[C@@H](Nc2cc(Cl)cc(C(F)(F)F)c2)C1=O,[]
CHEMBL4303187,CN(C)c1cccc(-c2c3c(=O)n(-c4ccccc4Cl)[nH]c3cc(=O)n2C)c1,"['IPF Treatment', 'Nox4/Nox1 Inhibitor']"
CHEMBL502182,COc1cccc(-c2c(C)n(Cc3c(F)cccc3C(F)(F)F)c(=O)n(C[C@H](NCCCC(=O)[O-])c3ccccc3)c2=O)c1F.[Na+],"['GnRHR Antagonist', 'CYP450 Inhibitor']"
CHEMBL5095193,CO[C@]1(c2cccc(F)c2F)CCNC1,[]
CHEMBL87697,N#Cc1ccccc1OCC(O)CNCCNC(=O)Cc1ccc(O)cc1,['Beta-Adrenergic Receptor Ligand']
CHEMBL1085,CC(=O)c1ccc2c(c1)N(CCCN1CCN(CCO)CC1)c1ccccc1S2,"['Trypanothione Reductase Inhibitor', 'Chemotaxis Inhibitor']"
CHEMBL1201302,C[C@@H]1C[C@H]2[C@@H]3CCC4=CC(=O)C=C[C@]4(C)[C@@]3(F)[C@@H](O)C[C@]2(C)[C@@]1(O)C(=O)COP(=O)(O)O,"['Anti-Inflammatory', 'Glucocorticoid Agonist', 'GR Agonist']"
CHEMBL1201891,CC(=O)OCC(=O)[C@@]12N=C(C)O[C@@H]1C[C@H]1[C@@H]3CCC4=CC(=O)C=C[C@]4(C)[C@H]3[C@@H](O)C[C@@]12C,[]
CHEMBL142703,N#C[C@@H]1CCCN1C(=O)CNC12CC3CC(CC(O)(C3)C1)C2,"['Anti-Diabetic', 'DPPIV Inhibitor', 'Type 2 Diabetes', 'Antihyperglycaemic', 'Diabetes', 'Type 2 Diabetes Treatment', 'Anti-Viral', 'Dipeptidyl Peptidase-4 Inhibitor', 'FAP Inhibitor', 'GPR120 Partial Agonist', 'T2DM Treatment', 'DPP8/9 Inhibitor', 'DP-IV Inhibitor', 'GKA']"
CHEMBL1609891,CCCC[S+](=N)([O-])CC[C@H](N)C(=O)O,[]
CHEMBL1618279,Cc1nc(Nc2ccc(F)cc2)nc(N2CCc3ccccc3C2C)c1C,['Acid Pump Antagonist']
CHEMBL181886,CC(=O)C(=O)[O-].[Na+],['NMDA Receptor Co-Agonist']
CHEMBL2035187,C1=N/C2=N/c3ccc(OCCN4CCCC4)c(c3)COC/C=C/COCc3cccc(c3)C(=C1)N2,[]
CHEMBL2106660,C1CNCCN1.Cn1c(=O)c2c(ncn2CC(=O)O)n(C)c1=O.Cn1c(=O)c2c(ncn2CC(=O)O)n(C)c1=O,[]
CHEMBL222559,CCC[C@@]1(CCc2ccccc2)CC(O)=C([C@H](CC)c2cccc(NS(=O)(=O)c3ccc(C(F)(F)F)cn3)c2)C(=O)O1,"['Antiviral', 'HIV Protease Inhibitor', 'HIV Inhibitor', 'Protease Inhibitor', 'Antiretroviral', 'Enzyme Inhibitor', 'Angiotensin Converting Enzyme Inhibitor', 'COVID-19', 'Main Protease Inhibitor', 'Dopamine Agent']"
CHEMBL254857,O=C(COc1ccc(Cl)cc1)N1CCN(Cc2ccc3c(c2)OCO3)CC1,[]
CHEMBL260538,CC(=O)O[C@]1(C(C)=O)CC[C@H]2[C@@H]3CCC4=CC(=O)CCC4=C3[C@@H](c3ccc(N(C)C)cc3)C[C@@]21C,['GR Antagonist']
CHEMBL270995,Cc1cc2c(F)c(Oc3ncnn4cc(OC[C@@H](C)OC(=O)[C@H](C)N)c(C)c34)ccc2[nH]1,"['VEGFR2 Inhibitor', 'Prodrug', 'FGFR1 Inhibitor']"
CHEMBL28218,O=C(CCCN1CCC(O)(c2ccc(Br)cc2)CC1)c1ccc(F)cc1,"['Dopamine D2 Receptor Antagonist', 'Eis Inhibitor', 'D2/5-HT2 Antagonist']"
CHEMBL314010,COc1ccc(CCNCC(O)COc2cccc(C)c2)cc1OC,[]
CHEMBL31601,CC(C)(C)S(=O)(=O)C[C@@H](Cc1ccccc1)C(=O)N[C@@H](Cc1c[nH]cn1)C(=O)N[C@@H](CC1CCCCC1)[C@@H](O)[C@@H](O)C1CC1,"['Antihypertensive', 'Renin Inhibitor', 'Direct Renin Inhibitor']"
CHEMBL3182320,C[C@@H]1O[C@@H](OC[C@H]2O[C@@H](Oc3c(-c4ccc(OCCO)c(OCCO)c4)oc4cc(OCCO)cc(O)c4c3=O)[C@H](O)[C@@H](O)[C@@H]2O)[C@H](O)[C@H](O)[C@H]1O,[]
CHEMBL3301620,COc1cnc(-n2cnc(C)n2)c2[nH]cc(C(=O)C(=O)N3CCN(C(=O)c4ccccc4)CC3)c12,"['HIV Attachment Inhibitor', 'HIV-1 Entry Antagonist']"
CHEMBL346977,CC(CN1c2ccccc2Sc2ccc(S(=O)(=O)N(C)C)cc21)N(C)C,[]
CHEMBL382300,CC(=O)O[C@H]1C(=O)[C@@]2(C)[C@H]([C@H](OC(=O)c3ccccc3)[C@]34OC(=O)O[C@H]3[C@H](OC(=O)[C@H](O)[C@H](CC(C)C)NC(=O)OC(C)(C)C)C(C)=C1C4(C)C)[C@]1(OC(C)=O)CO[C@@H]1C[C@@H]2O,"['Anticancer', 'Cytotoxic']"
CHEMBL3989833,CS(=O)(=O)O.O.O.O.O=C1Cc2cc(CCN3CCN(c4nsc5ccccc45)CC3)c(Cl)cc2N1,['Atypical Antipsychotic']
CHEMBL425,O=C(O)c1cc(/N=N/c2ccc(O)c(C(=O)O)c2)ccc1O,['Sirt5 Inhibitor']
CHEMBL4297409,COC(=O)c1ccc(-c2ccc(C(=O)OC)cc2)cc1,[]
CHEMBL4297464,CS(=O)(=O)c1ccccc1S(=O)(=O)NO,[]
CHEMBL4297487,CC[C@@H]1NC(=O)[C@H]([C@H](O)[C@H](C)CCCCCCNC(C)=O)N(C)C(=O)[C@H](C(C)C)N(C)C(=O)[C@H](CC(C)C)N(C)C(=O)[C@H](CC(C)C)N(C)C(=O)[C@@H](C)NC(=O)[C@H](C)NC(=O)[C@H](CC(C)C)N(C)C(=O)[C@H](C(C)C)NC(=O)[C@H](CC(C)C)N(C)C(=O)[C@@H](C)N(C)C1=O,[]
CHEMBL4303141,CC(C)C1=C2[C@H]3CC[C@@H]4[C@@]5(C)CC[C@H](OC(=O)CC(C)(C)C(=O)O)C(C)(C)[C@@H]5CC[C@@]4(C)[C@]3(C)CC[C@@]2([C@@H](O)CN(CCN(C)C)Cc2ccc(Cl)cc2)CC1=O,['HIV Maturation Inhibitor']
CHEMBL438497,NC(=O)c1ccc[n+]([C@@H]2O[C@H](CO)[C@@H](O)[C@H]2O)c1,[]
CHEMBL4462530,CC(=O)N[C@@H]1CCC[C@H](C(=O)Nc2cc(-c3cnn4c3CC(C)(C)C4)c(Cl)cn2)C1,"['Apoptosis Inducer', 'MCL-1/BCL-2 Inhibitor', 'CDK9 Inhibitor']"
CHEMBL4594272,Cl.Cl.N#Cc1cccc(C(NCC2CC2)c2ccc(F)c(NC(=O)c3cc(C(F)(F)F)nn3-c3cccc(CN)c3)c2)c1,"['Plasma Kallikrein Inhibitor', 'HAE Prophylactic']"
CHEMBL4650285,Cn1nccc1Nc1nccc(-c2cc3c(s2)C(C)(C)N(CCN2CCOCC2)C3=O)n1,[]
CHEMBL4802133,CCOC1(c2ccc(-c3cc4c(N5CCN(C(=O)O[C@@H]6CCOC6)CC5)ccnn4c3)nc2)CCN(C(C)C)CC1,[]
CHEMBL481,CCc1c2c(nc3ccc(OC(=O)N4CCC(N5CCCCC5)CC4)cc13)-c1cc3c(c(=O)n1C2)COC(=O)[C@]3(O)CC,"['Anticancer', 'Cytotoxic', 'Anti-Cancer', 'Prodrug', 'G2/M Phase Arrest', 'Topo-I Inhibitor', 'Drug Delivery', 'ATM Inhibitor', 'DNA Topoisomerase I Poison', 'Chemotherapy']"
CHEMBL5314532,[O-][S+]1CCc2nc(N3CCC(c4ncc(Cl)cn4)CC3)nc(NC3(CO)CCC3)c21,[]
CHEMBL541,O=C(O)c1ccccc1,[]
CHEMBL592,CN1CC[C@]23CCCC[C@H]2[C@H]1Cc1ccc(O)cc13,"['Analgesic', 'Opioid Receptor Ligand', 'OCT1 Substrate', 'MRGPRX2 Agonist']"
CHEMBL70971,COC(=O)Nc1nc2ccccc2[nH]1,[]
CHEMBL760,O=C1CN2Cc3c(ccc(Cl)c3Cl)N=C2N1,['Antiplatelet Aggregation Inhibitor']
CHEMBL991,Cc1cn([C@H]2C=C[C@@H](CO)O2)c(=O)[nH]c1=O,"['Antiviral', 'Anti-HIV-1']"
CHEMBL1071,O=C(O)CCc1nc(-c2ccccc2)c(-c2ccccc2)o1,['Antiplatelet Aggregation Inhibitor']
CHEMBL1187231,C/N=C(\N)N(C)C(=N)N,"['Weight Loss', 'Glucose Uptake Stimulator', 'OXPHOS Inhibitor', 'IL-15 Inhibitor']"
CHEMBL1201170,O=C([O-])CC(O)(CC(=O)[O-])C(=O)[O-].[Li+].[Li+].[Li+],"['HIF PHD Inhibitor', 'FTO Inhibitor', 'ATP Citrate Lyase Inhibitor', 'ALKBH5 Inhibitor', 'NMDA Receptor Co-Agonist']"
CHEMBL1262,Clc1ccc(CO/N=C(\Cn2ccnc2)c2ccc(Cl)cc2Cl)c(Cl)c1,['Metal-Chelating']
CHEMBL1397,CC[C@@H]([C@H](C)O)n1ncn(-c2ccc(N3CCN(c4ccc(OC[C@@H]5CO[C@@](Cn6cncn6)(c6ccc(F)cc6F)C5)cc4)CC3)cc2)c1=O,"['Antifungal', 'CYP51 Inhibitor', 'Ergosterol Biosynthesis Inhibitor', 'Sterol 14alpha-demethylase Inhibitor']"
CHEMBL147806,CC(C)(C)NCc1ccc(Nc2ccnc3cc(Cl)ccc23)cc1O,['Antimalarial']
CHEMBL149972,CCC1(c2ccccc2)C(=O)N=C([O-])NC1=O.[Na+],"['Anticonvulsive', 'Sodium Channel Binder', 'Neurotoxicity']"
CHEMBL163,CC(C)c1nc(CN(C)C(=O)N[C@H](C(=O)N[C@@H](Cc2ccccc2)C[C@H](O)[C@H](Cc2ccccc2)NC(=O)OCc2cncs2)C(C)C)cs1,"['HIV Protease Inhibitor', 'CYP3A4 Inhibitor']"
CHEMBL191413,CC(C)Cc1ccc([C@@H](C)C(=O)NS(C)(=O)=O)cc1,[]
CHEMBL2097002,O=[Se](=O)(O)O,"['Antibiotic', 'Antimalarial', 'Carbonic Anhydrase Inhibitor', 'Anti-Trypanosomal', 'CA IX Inhibitor', 'CA I Inhibitor', 'CA XII Inhibitor', 'H. pylori', 'Carbonic Anhydrase', 'CO2 Hydrase', 'Beta-CA Inhibitor', 'Carbonic Anhydrase IV Inhibitor', 'Anion Inhibitor', 'Carbonic Anhydrase XV Inhibitor']"
CHEMBL2107608,Cn1c(=O)c2c(ncn2CCNCC(O)c2ccc(O)c(O)c2)n(C)c1=O,['Beta(3)-Adrenergic Agonist']
CHEMBL220808,Fc1ccc(-c2cncc(CNC[C@H]3CCc4ccccc4O3)c2)cc1,['5-HT 1A Receptor Agonist']
CHEMBL224128,CC(C)(O)CC[C@@H](O)[C@](C)(O)[C@H]1CC[C@@]2(O)C3=CC(=O)[C@@H]4C[C@@H](O)[C@@H](O)C[C@]4(C)[C@H]3CC[C@]12C,"['MDR-Modulator', 'ABCB1 Inhibitor']"
CHEMBL2347597,CNc1nc(C)c(-c2nc(Nc3cccc(S(N)(=O)=O)c3)ncc2F)s1,"['Anticancer', 'CDK9 Inhibitor']"
CHEMBL291962,CC(C)C[C@H](N)C(=O)O,"['Voltage-Gated Calcium Channel Ligand', 'LAT1 Inhibitor', 'Amino Acid Transporter', 'AGE Inhibitor', 'LAT-1 Substrate', 'hPAT1 Substrate', 'PLAP Inhibitor']"
CHEMBL306823,O=C([O-])C(Cl)Cl.[Na+],['Mutagen']
CHEMBL3113165,COc1cccc(CNc2ccc(S(=O)(=O)Nc3nc4ccccc4s3)cc2)c1O,"['Anti-Inflammatory', 'Antiplatelet Aggregation Inhibitor', '15-Lipoxygenase Inhibitor']"
CHEMBL31422,Cc1occc(=O)c1O,[]
CHEMBL3237547,O=C1N[C@H](O)CCN1[C@@H]1O[C@H](CO)[C@@H](O)C1(F)F,[]
CHEMBL3264002,CNS(=O)(=O)Nc1nccc(Cc2c(C)c3ccc(Oc4ncccn4)cc3oc2=O)c1F,['Raf/MEK/ERK Inhibitor']
CHEMBL3707220,CC/C=C\C/C=C\C/C=C\C/C=C\C/C=C\CCCCOC(CC)C(=O)O,[]
CHEMBL393820,CC(C)[C@H](N)C(=O)O[C@@H]1[C@@H](CO)O[C@@H](n2ccc(N)nc2=O)[C@]1(C)O,[]
CHEMBL3989691,CC1=NN(c2ccc(C)c(C)c2)C(=O)/C1=N\Nc1cccc(-c2cccc(C(=O)O)c2)c1O.NCCO.NCCO,[]
CHEMBL4297313,CC1(C)CC(OC(=O)C2CC2)CC(C)(C)N1O,"['Antioxidant', 'Cytoprotective']"
CHEMBL4297674,CC#CC(=O)N[C@H]1CCCN(c2c(F)cc(C(N)=O)c3[nH]c(C)c(C)c23)C1,['BTK Inhibitor']
CHEMBL4303060,CCOC(=O)[C@H](Cc1ccc(F)cc1)NC(=O)[C@@H](N)Cc1ccc(N(CCCl)CCCl)cc1,[]
CHEMBL431,CCOC(=O)[C@H](CCc1ccccc1)N[C@@H](C)C(=O)N1CC2(C[C@H]1C(=O)O)SCCS2,"['Antihypertensive', 'ACE Inhibitor', 'Angiotensin Converting Enzyme Inhibitor']"
CHEMBL431733,CNC(=O)[C@H]1O[C@@H](n2cnc3c(NCc4cccc(I)c4)nc(Cl)nc32)[C@H](O)[C@@H]1O,"['A2A Adenosine Receptor Antagonist', 'A3 Adenosine Receptor Modulator', 'A3 Receptor Agonist']"
CHEMBL4594422,CCN1CCCC1CNC(=O)c1cc(S(=O)(=O)CC)c(NC)cc1OC,['Neuroleptic']
CHEMBL5314520,CCN(c1cc(O[C@H]2C[C@H](N3CCCCC3)C2)cc(C(=O)NCc2c(C)cc(C)[nH]c2=O)c1C)C1CCOCC1,['EZH2 Inhibitor']
CHEMBL5314580,Nc1ncc(-c2ccc([C@@]34C[C@@H]3CN(C3CCOCC3)C4)cc2)cc1C(=O)NC12CCC(O)(CC1)CC2.O.O.O=C(O)/C=C/C(=O)O,[]
CHEMBL591501,CCCOCCn1c(=O)c(N2CCN(CCO)CC2)nc2cnc(-c3ccc(OC)nc3)cc21,['PDE 5 Inhibitor']
CHEMBL115,CC(C)(C)NC(=O)[C@@H]1CN(Cc2cccnc2)CCN1C[C@@H](O)C[C@@H](Cc1ccccc1)C(=O)N[C@H]1c2ccccc2C[C@H]1O,"['HIV Protease Inhibitor', 'Anti-AIDS', 'CYP3A Substrate']"
CHEMBL1201338,CN(C)CCOC(=O)C(c1ccccc1)C1(O)CCCC1,[]
CHEMBL1206,CCN(CC)C(C)CN1c2ccccc2Sc2ccccc21,"['Neuroprotective', 'Acetylcholinesterase Inhibitor', 'AChE Inhibitor', 'Butylcholinesterase Inhibitor', 'MDR-Modulator', 'BChE Inhibitor']"
CHEMBL12713,O=C1NCCN1CCN1CCC(c2cn(-c3ccc(F)cc3)c3ccc(Cl)cc23)CC1,"['5-HT2A Receptor Antagonist', 'Dopamine D2 Receptor Antagonist', 'Neuroleptic', 'Serotonin Receptor Antagonist', 'HERG Inhibitor']"
CHEMBL1453317,CCN(CC)C(=O)c1cccc(C)c1,[]
CHEMBL146,Cc1cc(C(C)(C)C)c(O)c(C(C)(C)C)c1,"['Anti-Inflammatory', 'Antioxidant']"
CHEMBL1630575,CC[C@H](C)C[C@H](C)CCCCCCCCC(=O)N[C@H]1C[C@@H](O)[C@@H](NCCN)NC(=O)[C@@H]2[C@@H](O)CCN2C(=O)[C@H]([C@H](O)CCN)NC(=O)[C@H]([C@H](O)[C@@H](O)c2ccc(O)cc2)NC(=O)[C@@H]2C[C@@H](O)CN2C(=O)[C@H]([C@@H](C)O)NC1=O,"['Antifungal', 'Cell Wall Biosynthesis']"
CHEMBL1697742,O=C[C@H](O)[C@@H](O)[C@H](O)[C@H](O)CO[C@H]1O[C@H](CO[C@H]2O[C@H](CO)[C@@H](O)[C@H](O)[C@H]2O)[C@@H](O)[C@H](O)[C@H]1O,[]
CHEMBL177367,O=[N+]([O-])[O-].[Ag+],"['Antibiotic', 'Antimalarial', 'Antimicrobial', 'Carbonic Anhydrase Inhibitor', 'Anti-Trypanosomal', 'CA I Inhibitor', 'H. pylori', 'Carbonic Anhydrase', 'CO2 Hydrase', 'Beta-CA Inhibitor', 'Carbonic Anhydrase IV Inhibitor', 'Anion Inhibitor', 'DNA Cleaving Agent', 'Carbonic Anhydrase XV Inhibitor']"
CHEMBL2107817,NC(=O)[C@@H]1CC[C@@H]2CN1C(=O)N2OS(=O)(=O)[O-].[Na+],"['Beta-Lactamase Inhibitor', 'Beta-lactamase Inhibitor', 'Antibiotic Resistance Inhibitor']"
CHEMBL2110557,[Cl-].[Rb+],"['Antibiotic', 'Antimalarial', 'Antimicrobial', 'Neuroprotective', 'Carbonic Anhydrase Inhibitor', 'Antihypertensive', 'Anti-Trypanosomal', 'Vasodilator', 'PDE10a Inhibitor', 'Cytoprotective', 'Vasorelaxant', 'Cardioprotective', 'Cardiovascular', 'CA I Inhibitor', 'Type 2 Diabetes Treatment', 'CD73 Inhibitor', 'H. pylori', 'Tau Phosphorylation Inhibitor', 'H2S Donor', 'Carbonic Anhydrase', 'NMDAR Antagonist', 'Osteoblast Stimulator', 'Hydrogen Sulfide Donor', 'Mood Disorder', 'Insulin Release Stimulator', 'CO2 Hydrase', 'Beta-CA Inhibitor', 'GPR39 Agonist', 'Carbonic Anhydrase IV Inhibitor', 'IFN-Gamma Inhibitor', 'Cu Chelator', 'Anion Inhibitor', 'H2S-Releasing', 'DNA Cleaving Agent', 'Carbonic Anhydrase XV Inhibitor', 'Tau Protein Inhibitor', 'HD', 'Glycogen Synthase Activator']"
CHEMBL2336050,CCCCCCOc1nsnc1C1=CCCN(C)C1.O=C(O)C(O)C(O)C(=O)O,[]
CHEMBL2364605,CN(C)[C@]1(c2ccccc2)CC[C@]2(CC1)OCCc1c3cc(F)ccc3[nH]c12,[]
CHEMBL250450,O=c1c(O[C@@H]2O[C@H](CO)[C@@H](O)[C@H](O)[C@H]2O)c(-c2ccc(O)c(O)c2)oc2cc(O)cc(O)c12,"['Antioxidant', 'SARS-CoV Helicase Inhibitor', 'Procoagulant Inhibitor']"
CHEMBL26,CCN1CCCC1CNC(=O)c1cc(S(N)(=O)=O)ccc1OC,"['Carbonic Anhydrase Inhibitor', 'Antipsychotic', 'D2 Dopamine Receptor Ligand', 'Dopamine D2 Receptor Antagonist', 'Neuroleptic', 'Atypical Antipsychotic', 'Dopamine Antagonist', 'D3 Receptor Ligand', 'D3R Ligand', 'Carbonic Anhydrase XII Inhibitor', 'D2-like Receptor Ligand', 'Potential Antipsychotic', 'Intestinal Permeability', 'D2/D3 Receptor Ligand', 'Tumor-Associated', 'Antidopaminergic', 'D-2 Dopamine Receptor Imaging Agent', 'Dopamine Receptor Binder']"
CHEMBL284483,OC[C@H]1O[C@@H](n2cnc3c2N=CNC[C@H]3O)[C@H](O)[C@@H]1O,['Adenosine Deaminase Inhibitor']
CHEMBL325424,Cc1cccc(-c2ccc3c(c2)c(C(=O)C(=O)O)cn3Cc2ccc(C(C)(C)C)cc2)c1,"['PAI-1 Inhibitor', 'Thrombosis']"
CHEMBL3408248,C[C@@H](Nc1cc(F)cc(F)c1)c1cc(C(=O)N(C)C)cc2c(=O)cc(N3CCOCC3)oc12,"['PI3KDelta-Gamma Inhibitor', 'PI3KBeta Inhibitor', 'PTEN-Deficient Tumors']"
CHEMBL3410450,Cc1cn2nc([C@@H]3CCCCN3C(=O)c3cc(Cl)ccc3NS(C)(=O)=O)cc2nc1N1CC[C@H](N)C1,['RSV Fusion Protein Inhibitor']
CHEMBL3545017,O=C(c1ccc(O)c(F)c1)N(c1ccc(O)cc1)c1ccc(F)cc1,[]
CHEMBL3638051,COc1ccc(S(=O)(=O)NCc2cc(CN3CCCC3)c(O)c(CN3CCCC3)c2)cc1,['Antiarrhythmic']
CHEMBL3707311,CCC(=O)[C@@]1(O)[C@H](C)C[C@H]2[C@@H]3CCC4=CC(=O)C=C[C@]4(C)C3=CC[C@@]21C,[]
CHEMBL3989514,CCc1c2c(nc3ccc(OC(=O)N4CCC(N5CCCCC5)CC4)cc13)-c1cc3c(c(=O)n1C2)COC(=O)[C@]3(O)CC.Cl.O.O.O,"['Anticancer', 'Cytotoxic', 'Anti-Cancer', 'Prodrug', 'G2/M Phase Arrest', 'DNA Cross-linking', 'Topo-I Inhibitor', 'Drug Delivery', 'ATM Inhibitor', 'DNA Topoisomerase I Poison', 'OATP Inhibitor', 'Chemotherapy', 'Anti-MRS']"
CHEMBL4297204,NCCC[C@H](N)C(=O)O.O=C(O)Cc1ccccc1,[]
CHEMBL4297621,C[C@@H](N[C@H]1CCN(c2ccc(CC(=O)O)cc2)C1)c1cccc2ccccc12,"['Calcium-Sensing Receptor Agonist', 'CaSR Agonist']"
CHEMBL4297644,Cc1n[nH]cc1-c1cc2nc([C@@H]3CC4CCN3CC4)[nH]c(=O)c2s1,['Cdc7 Inhibitor']
CHEMBL439849,N#Cc1ccc2[nH]cc(CCCCN3CCN(c4ccc5oc(C(N)=O)cc5c4)CC3)c2c1,"['Antidepressant', '5-HT 1A Receptor Agonist', 'Serotonin Re-uptake Inhibitor']"
CHEMBL4650283,CCCNc1nc(Nc2ccc(C#N)cc2)ncc1C#CCCCNC(=O)[C@H](C)N(C)C(=O)/C=C/CN(C)C,[]
CHEMBL490,Fc1ccc([C@@H]2CCNC[C@H]2COc2ccc3c(c2)OCO3)cc1,"['Antidepressant', 'Efflux Pump Inhibitor', 'Serotonin Re-uptake Inhibitor', 'Antibiotic Potentiator', 'PET Tracer', 'NorA Inhibitor', 'Selective Serotonin Reuptake Inhibitor', 'Dopamine Reuptake Inhibitor', 'Myeloperoxidase Inhibitor', 'SERT Ligand', 'GRK-2 Inhibitor', 'Ebola Virus Inhibitor', 'Heart Failure', 'Kv1.3 Inhibitor', 'Serotoninergic Agonist', 'NET Inhibitor', 'EPI', 'Spermicidal', 'Imaging Agent', 'CYP2J2 Inhibitor', 'Norepinephrine-Serotonin Reuptake Inhibitor', 'Glutamic Acid Receptor Agonist', 'NSRI', 'h5-HT(2A) Receptor Antagonist', 'CNS Drug Partitioning']"
CHEMBL5095060,CCN1CCN(Cc2ccc(Nc3ncc(F)c(-c4ccc5nn(C)c(C(C)C)c5c4)n3)nc2)CC1,"['Anticancer', 'CDK4/6 Inhibitor', 'GBM Treatment']"
CHEMBL5095075,O=C(O)[C@H]1C2CCC(CC2)[C@@H]1Nc1nc(-c2n[nH]c3ncc(F)cc23)nc(C2CC2)c1F,['Influenza PB2 Inhibitor']
CHEMBL532,CC[C@H]1OC(=O)[C@H](C)[C@@H](O[C@H]2C[C@@](C)(OC)[C@@H](O)[C@H](C)O2)[C@H](C)[C@@H](O[C@@H]2O[C@H](C)C[C@H](N(C)C)[C@H]2O)[C@](C)(O)C[C@@H](C)C(=O)[C@H](C)[C@@H](O)[C@]1(C)O,"['Antibiotic', 'Motilin Agonist']"
CHEMBL607710,NC(=O)OCC(O)COc1ccc(Cl)cc1,[]
CHEMBL786,CC/C(=C(\c1ccccc1)c1ccc(OCCN(C)C)cc1)c1ccccc1.O=C(O)CC(O)(CC(=O)O)C(=O)O,['Antiestrogen']
CHEMBL80,C=CCN1CC[C@]23c4c5ccc(O)c4O[C@H]2C(=O)CC[C@@]3(O)[C@H]1C5,"['Analgesic', 'Antinociceptive', 'Opioid Receptor Ligand', 'Opioid Receptor Agonist', 'Mu Opioid Receptor Agonist', 'Opioid Antagonist', 'Opioid', 'Mu Opioid Receptor Antagonist', 'Narcotic-Antagonist', 'Opioid Analgesic', 'MOR Antagonist', 'Opiate Receptor', 'TLR4 Antagonist', 'kappa-Opioid Receptor', 'Opioid Agonist-Antagonist']"
CHEMBL1116,Cl.O=C(c1ccc(OCCN2CCCCC2)cc1)c1c(-c2ccc(O)cc2)sc2cc(O)ccc12,"['SERM', 'Osteoporosis Treatment', 'Selective Estrogen Receptor Modulator', 'Adenovirus Inhibitor', 'BMP-2 Up-regulator', 'NPP3 Inhibitor', 'ERAlpha Selective']"
CHEMBL1200411,CCCN(CCC)CCc1cccc2c1CC(=O)N2.Cl,"['Dopamine Receptor Agonist', 'Anti-Parkinson', 'D2/D3 Receptor Ligand', 'Beta-Arrestin Biased', 'Alpha-Synuclein Aggregation Inhibitor']"
CHEMBL1201195,CO[C@@]1(NC(=O)CSCC#N)C(=O)N2C(C(=O)O)=C(CSc3nnnn3C)CS[C@@H]21,['Antibiotic']
CHEMBL1201212,COc1ccc(OC)c(C(O)CNC(=O)CN)c1,[]
CHEMBL131,C[C@]12C=CC(=O)C=C1CC[C@@H]1[C@@H]2[C@@H](O)C[C@@]2(C)[C@H]1CC[C@]2(O)C(=O)CO,"['Anti-Inflammatory', 'Glucocorticoid Agonist', 'Cytokine Inhibitor', 'ChEs Inhibitor', 'GR Agonist', 'FXR Modulator', 'Glucocorticoid Modulator', 'CYP3A Substrate', 'PDE4/7 Inhibitor', 'Human Chymase Inhibitor']"
CHEMBL1434513,NC[C@H](O)c1ccc(O)c(O)c1.O.O=C(O)C(O)C(O)C(=O)O,[]
CHEMBL1630578,C[C@@H]1C[C@H]2[C@@H]3CCC4=CC(=O)C=C[C@]4(C)C3=CC[C@]2(C)[C@H]1C(=O)CN1CCN(c2cc(N3CCCC3)nc(N3CCCC3)n2)CC1,[]
CHEMBL20835,CC(=O)OC1CN2CCC1CC2,"['Muscarinic Agonist', 'Muscarinic M1 Agonist', 'Cholinergic Agonist', 'm1 Agonist']"
CHEMBL2105681,CCCCCCCCCCCCCCCC(=O)Nc1ccn([C@@H]2O[C@H](CO)[C@@H](O)[C@@H]2C#N)c(=O)n1,[]
CHEMBL2105721,CC(C)[C@@]1(C(=O)N[C@H]2CC(=O)O[C@]2(O)CF)CC(c2nccc3ccccc23)=NO1,[]
CHEMBL2106627,CC(=O)Oc1ccc2c3c1O[C@H]1[C@@H](OC(C)=O)C=C[C@H]4[C@@H](C2)N(C)CC[C@@]341.Cl,"['Analgesic', 'Opioid Receptor Ligand', 'Narcotic Agonist', 'MRGPRX2 Agonist', 'Opiate']"
CHEMBL2147777,Cc1cc(N2CCN([C@@H]3CN[C@H](C(=O)N4CCSC4)C3)CC2)n(-c2ccccc2)n1,[]
CHEMBL2386346,CCOc1cc(C(C)(C)C)ccc1C1=N[C@@](C)(c2ccc(Cl)cc2)[C@@](C)(c2ccc(Cl)cc2)N1C(=O)N1CCN(CCCS(C)(=O)=O)CC1,"['Anticancer', 'p53/MDM2 Inhibitor', 'MDM2 Inhibitor', 'p53 Activator', 'p53 Reactivator', 'p53 Stabilizer', 'Protein-Protein Inhibitor']"
CHEMBL279516,O=C(NC1CCN(CCc2c[nH]c3ccccc23)CC1)c1ccccc1,['Antihypertensive']
CHEMBL3137323,Cl.O=C(N[C@H]1CN2CCC1CC2)c1cc2cccc(Cl)c2s1,"['Alpha7-nAChR Agonist', 'Schizophrenia']"
CHEMBL3185463,CN1CCN(c2ccccc2/C=C2\SCCN(c3ccc(Cl)c(Cl)c3)C2=O)CC1,[]
CHEMBL3286580,Fc1ccc2c(CCNCc3cccc(OCC(F)(F)C(F)F)c3)c[nH]c2c1,"['Antidepressant', '5-HT Ligand']"
CHEMBL3590106,CC(C)Nc1cc(-c2c[nH]c(C(=O)N[C@H](CO)c3cccc(Cl)c3)c2)c(Cl)cn1,"['AKT Inhibitor', 'ERK1/2 Inhibitor', 'ERK Inhibitor', 'RAF Inhibitor']"
CHEMBL36506,CO[C@@H]1[C@@H](OC(N)=O)[C@@H](O)[C@H](Oc2ccc3c(O)c(NC(=O)c4ccc(O)c(CC=C(C)C)c4)c(=O)oc3c2C)OC1(C)C,"['Antibiotic', 'Hsp-90 Inhibitor', 'Atg8-Atg3 Inhibitor']"
CHEMBL4279047,C[C@@H](Nc1nc(N[C@H](C)C(F)(F)F)nc(-c2cccc(Cl)n2)n1)C(F)(F)F,"['Mutant IDH1/2 Inhibitor', 'Glioma Treatment']"
CHEMBL459265,CN(C)c1ccc(C(=C2C=CC(=[N+](C)C)C=C2)c2ccc(N(C)C)cc2)cc1,"['Anti-Trypanosomal', 'Antiparasitic', 'Trypanocidal', 'Trypanosoma cruzi Inhibitor', 'Anti-T.cruzi', 'Antitrypanosomatid', ""Chagas' Disease Treatment"", 'Anti-Chagas', 'RNA Binding', 'Mitochondrial Function Modulator', 'Mitochondrial Dehydrogenase Inhibitor', 'Antibiotic Resistance', 'Organic Cation Transporter 2 Inhibitor', 'Multidrug Efflux Pump']"
CHEMBL4802161,CC(=O)c1c(C)c2cnc(Nc3ccc(C4CCNCC4)cn3)nc2n(C2CCCC2)c1=O,"['Cancer', 'CDK4/6 Inhibitor', 'Cdk4/6 Inhibitor']"
CHEMBL48582,CS(=O)(=O)O.C[C@H](NCc1ccc(OCc2cccc(F)c2)cc1)C(N)=O,[]
CHEMBL521589,CN(C)C(=O)Oc1cc(OC(=O)N(C)C)cc(C(O)CNC(C)(C)C)c1,[]
CHEMBL5314521,N#Cc1cc(F)cc(Oc2ccc3c4c2[C@@H](F)C[C@]4(O)C(F)(F)C3(F)F)c1,"['HIF-2 Inhibitor', 'ccRCC Treatment']"
CHEMBL5314568,N#C[C@H](C[C@@H]1CCCNC1=O)NC(=O)[C@H](CC1CC1)NC(=O)c1cc2cccc(Cl)c2[nH]1,[]
CHEMBL542103,CC(C)c1cccc(C(C)C)c1NC(=O)NCC1(c2ccc(N(C)C)cc2)CCCC1.Cl,"['ACAT1 Inhibitor', 'Hypocholesterolemic']"
CHEMBL573,O=C(O)c1cccnc1,"['Niacin Receptor 1 Agonist', 'Antianginal', 'Antilipolytic', 'ClpP Inhibitor', 'DAO Inhibitor', 'Virulence Blocker']"
CHEMBL897,CCCN(CCC)S(=O)(=O)c1ccc(C(=O)O)cc1,['Carbonic Anhydrase Inhibitor']
CHEMBL1167,CN[C@@H]1[C@H](O)[C@H](NC)[C@H]2O[C@@]3(O)C(=O)C[C@@H](C)O[C@H]3O[C@@H]2[C@H]1O,[]
CHEMBL1201774,C[C@H](O)[C@H](O)[C@H]1CNc2nc(N)[nH]c(=O)c2N1,[]
CHEMBL1232111,C#CCN(C)CC1=Cc2ccccc2Oc2ccccc21,[]
CHEMBL1624,N[C@@H](Cc1cc(I)c(Oc2cc(I)c(O)c(I)c2)c(I)c1)C(=O)O,"['Chemosensitizer', 'Cholesterol Lowering', 'Thyromimetic', 'Liver-Selective', 'Thyroid Hormone Receptor Agonist', 'CYP3A4 Inducer', 'Thyroid Hormone Receptor Ligand', 'PXR Activator', 'GAT1 Inhibitor', 'Angiogenesis Modulator', 'TRBeta Agonist', 'TLS Inhibitor', 'TTR Inhibitor', 'Bile Acid Transporter']"
CHEMBL191896,CCCCCCCC/C=C/CCCCCCCC(=O)OCC(O)COP(=O)([O-])O.[Na+],"['ATX Inhibitor', 'LPA1 Antagonist', 'Autotaxin Inhibitor', 'PPAR-gamma Ligand', 'Adipogenesis/Lipogenesis Inhibitor', 'Hair-Growth Stimulant', 'Neuropathic Pain Attenuator']"
CHEMBL2041980,CS(=O)(=O)c1ccc(-c2cnc(N)c(-c3ccc(C(F)(F)F)nc3)c2)cc1,['Antimalarial']
CHEMBL2219640,[Cl-].[Cl-].[Sr+2],"['Antibiotic', 'Antimalarial', 'Antimicrobial', 'Neuroprotective', 'Carbonic Anhydrase Inhibitor', 'Anti-Trypanosomal', 'Vasodilator', 'Cytoprotective', 'Vasorelaxant', 'Cardioprotective', 'Cardiovascular', 'CA I Inhibitor', 'Type 2 Diabetes Treatment', 'H2S Donor', 'Carbonic Anhydrase', 'NMDAR Antagonist', 'Osteoblast Stimulator', 'Hydrogen Sulfide Donor', 'Mood Disorder', 'CO2 Hydrase', 'Beta-CA Inhibitor', 'Carbonic Anhydrase IV Inhibitor', 'IFN-Gamma Inhibitor', 'Anion Inhibitor', 'H2S-Releasing', 'DNA Cleaving Agent', 'Carbonic Anhydrase XV Inhibitor', 'Tau Protein Inhibitor', 'HD', 'Glycogen Synthase Activator']"
CHEMBL222280,O=c1[nH]c(=O)n([C@H]2C[C@H](O)[C@@H](CO)O2)cc1Br,"['Antiviral', 'Anti-Tuberculosis', 'Thymidylate Synthetase Inhibitor', 'Thymidine Phosphorylase Inhibitor', 'Antiherpes', 'Nucleoside Transporter Inhibitor', 'Nitric Oxide Donor', 'TMPKmt Inhibitor', 'Anti-Herpes', 'HSV-1 TK Inhibitor', 'TP Inhibitor', 'Anti-HSV', 'CHB Therapeutic']"
CHEMBL226267,COc1ccc(-c2sc3cc(O)ccc3c2Oc2ccc(OCCN3CCCCC3)cc2)cc1,['SERD']
CHEMBL2442750,Cc1c(CC(=O)O)c2cccnc2n1Cc1ccc(S(C)(=O)=O)cc1,"['CRTH2 Antagonist', 'DP-Receptor Antagonist']"
CHEMBL3408947,COc1ccc2c(c1)[C@]1(C[C@H]1c1ccc3c(/C=C/c4ccc(CN5C[C@@H](C)O[C@@H](C)C5)cc4)n[nH]c3c1)C(=O)N2,"['Antitumor', 'PLK4 Inhibitor', 'TRIM37-Amplified Breast Cancer']"
CHEMBL3544977,COC(=O)N[C@H](C(=O)N1[C@H](c2nc3cc(-c4cc5ccc4CCc4ccc(c(-c6ccc7[nH]c([C@@H]8C[C@@H]9CCCC[C@@H]9N8C(=O)[C@@H](NC(=O)OC)C(C)C)nc7c6)c4)CC5)ccc3[nH]2)C[C@@H]2CCCC[C@@H]21)C(C)C,['HCV NS5b Polymerase Inhibitor']
CHEMBL3545063,C=CC(=O)Nc1cc(Nc2nccc(-c3cn(C)c4ccccc34)n2)c(OC)cc1N(C)CCN(C)C.CS(=O)(=O)O,"['Anticancer', 'EGFR Kinase Inhibitor', 'NSCLC Therapy']"
CHEMBL3545166,CS(=O)(=O)N(c1cc(F)cc(F)c1)C1CN(C(c2ccc(Cl)cc2)c2ccc(Cl)cc2)C1,[]
CHEMBL3707342,O=C([O-])c1ccccc1O.[K+],"['PH1 Treatment', 'Oxalate Production Inhibitor']"
CHEMBL3833378,CC1(C)S[C@@H]2[C@H](NC(=O)COc3ccccc3)C(=O)N2[C@H]1C(=O)O.CN(C)[C@@H]1C(O)=C(C(=O)NCN2CCN(CCO)CC2)C(=O)[C@@]2(O)C(O)=C3C(=O)c4c(O)cccc4[C@@](C)(O)[C@H]3C[C@@H]12,['Antibiotic']
CHEMBL3942498,C#CCNc1nc(-n2cncn2)nc(N)c1Br,[]
CHEMBL3989724,CCN(CC)CCN1C(=O)CN=C(c2ccccc2F)c2cc(Cl)ccc21.Cl.Cl,['Antianxiety']
CHEMBL419213,NCCCC[C@H](N[C@@H](CCc1ccccc1)C(=O)O)C(=O)N1CCC[C@H]1C(=O)O.O.O,"['ACE Inhibitor', 'Angiotensin Converting Enzyme Inhibitor']"
CHEMBL4297262,CCCCCCCCCCCCCCCCCCCC(=O)N[C@H]1CC[C@@]2(C)[C@@H](C1)C[C@@H](O)[C@@H]1[C@@H]2C[C@H](O)[C@]2(C)[C@@H]([C@H](C)CCC(=O)O)CC[C@@H]12,[]
CHEMBL4298168,CC(C)[C@@H](C)[C@@]1(C)CC[C@]2(C)[C@H]3CC[C@@H]4[C@@]5(COC[C@@]4(C)[C@@H](OC[C@](C)(N)C(C)(C)C)[C@H](n4ncnc4-c4ccncc4)C5)C3=CC[C@@]2(C)[C@@H]1C(=O)O.O=C(O)CC(O)(CC(=O)O)C(=O)O,"['Antifungal', 'Beta-1,3-Glucan Synthase Inhibitor']"
CHEMBL448343,NC[C@@H](F)C[PH](=O)O,"['GABAB Agonist', 'GABA-T Inhibitor']"
CHEMBL4650309,CC(=O)O.N=C(NC(=N)N1CCCC1)Nc1ccc(OC(F)(F)F)cc1,[]
CHEMBL4650332,O=C([C@H](CO)c1ccccc1)N1CC2=C(C1)CN(S(=O)(=O)c1cnc3c(c1)OCCO3)C2,[]
CHEMBL478,Clc1cccc(N2CCNCC2)c1,"['5-HT 1A Receptor Agonist', '5-HT3 Receptor Antagonist', '5-HT3 Receptor Agonist', 'Psychotherapeutic']"
CHEMBL4802137,O=S1(=O)c2ccc(F)cc2Oc2cc(OCC(F)(F)F)ccc21,[]
CHEMBL495727,O=C(Nc1c[nH]nc1-c1nc2ccc(CN3CCOCC3)cc2[nH]1)NC1CC1,"['JAK1/JAK2 Inhibitor', 'Aurora A/B Kinase Inhibitor', 'Multi-target Kinase Inhibitor', 'Abl 1 Inhibitor', 'MELK Inhibitor']"
CHEMBL5095180,CCOc1ccc2c(-c3cccc(F)c3)nn(CC(=O)N(C)c3ccc4nc(C)oc4c3)c(=O)c2c1,[]
CHEMBL5315121,O.O=C(NN1C(=O)[C@@H]2[C@@H]3C=C[C@@H]([C@H]4C[C@@H]34)[C@@H]2C1=O)c1ccc(C(F)(F)F)cc1,[]
CHEMBL611,COc1cc2nc(N3CCN(C(=O)C4CCCO4)CC3)nc(N)c2cc1OC,"['Antihypertensive', 'Alpha1-Adrenoceptor Antagonist', 'EphA2 Agonist']"
CHEMBL1106,NC1=NCC2c3ccccc3Cc3ccccc3N12,[]
CHEMBL1187724,C[N+]1(C)[C@@H]2CC[C@H]1C[C@@H](OC(=O)C(CO)c1ccccc1)C2,"['Muscarinic Receptor Antagonist', 'Bronchodilator', 'H1 Receptor Antagonist', 'Anticholinergic', 'Spasmolytic', 'OCT1 Substrate', 'Cholinergic Receptor Antagonist', 'Organic Cation Transporter Substrate', 'Pan-Muscarinic Antagonist', 'Acetylcholine Binding Protein Ligand']"
CHEMBL12318,O=P(O)(O)C(Cl)(Cl)P(=O)(O)O,"['Farnesyl-Protein Transferase Inhibitor', 'Osteoporosis Treatment', 'Bone Resorption Inhibitor', 'Bone-Targeting', 'Antibiotic Resistance', 'Calcium Chelator']"
CHEMBL1237104,CCC(=O)O[C@](Cc1ccccc1)(c1ccccc1)[C@H](C)CN(C)C.Cl,[]
CHEMBL127071,Cc1ncccc1OC[C@@H]1CCCN1,"['Neuronal Nicotinic Receptor Ligand', 'Alpha4beta2 nAChR Ligand']"
CHEMBL14053,O=C(O)C(Cl)(Cl)Cl,['Mutagen']
CHEMBL1476605,CC(C)(C)CC(C)(C)c1ccc(O)c(Cc2ccc(Cl)cc2Cl)c1,[]
CHEMBL1614644,C[N+](C)([O-])CCCN1c2ccccc2CCc2ccccc21,['Psychotropic']
CHEMBL1692,CN(C)CCCN1c2ccccc2CCc2ccccc21.Cl,"['Analgesic', 'Antioxidant', 'Neuroprotective', 'Acetylcholinesterase Inhibitor', 'Antidepressant', ""Alzheimer's Disease"", 'Amyloid-Beta Aggregation Inhibitor', 'AChE Inhibitor', 'GSK-3beta Inhibitor', 'Cognition-Enhancer', '5-HT 1A Receptor Agonist', 'Butylcholinesterase Inhibitor', 'Antialzheimer', '5-HT(1A) Receptor Antagonist', 'Dopamine D2 Receptor Antagonist', 'Antineuroinflammatory', 'Metal Chelator', 'Neuroleptic', '5-HT(7) Receptor Antagonist', 'MDR-Modulator', ""Alzheimer's Treatment"", '5-HT Agonist', 'BChE Inhibitor', 'Norepinephrine Transporter Inhibitor', 'H1 Receptor Antagonist', 'Neuroprotectant', 'BBB Permeable', 'Anti-Depressant', 'hERG Channel Inhibitor', 'AD Treatment', 'Monoamine Reuptake Inhibitor', 'CNS Stimulant', 'Biometal Chelator', 'Cerebro-protective', 'Organic Cation Transporter', 'Psychotropic', 'Serotoninomimetic', 'GIRK Channel Inhibitor', 'mAChR5 Ligand', 'Multitarget-Directed Ligand', 'Dopamine Agent', 'SerB653 Inhibitor', 'CaL Channel Inhibitor', 'CNS Drug Partitioning', 'Benzodiazepine Affinity', 'Thymoleptic', 'Efflux Inhibitor']"
CHEMBL17860,CC(Oc1c(Cl)cccc1Cl)C1=NCCN1,"['Alpha 2-Adrenoceptor Antagonist', 'Alpha2-Adrenoceptor Agonist']"
CHEMBL189171,COc1ccc2c(c1)c(CC(=O)OCC(=O)O)c(C)n2C(=O)c1ccc(Cl)cc1,"['Anti-Inflammatory', 'MDR-Modulator', 'AKR1C1 Inhibitor']"
CHEMBL1921904,C[C@@](C(=O)O[C@H]1C[N+]2(CCc3ccc(F)cc3)CCC1CC2)(c1ccccc1)N1CCCCC1,['Muscarinic M3 Receptor Antagonist']
CHEMBL200102,CC(C)NCCCn1c(Sc2cc3c(cc2I)OCO3)nc2c(N)ncnc21,"['Anticancer', 'Hsp-90 Inhibitor']"
CHEMBL2103828,CNc1cc2[nH]c(=O)n(-c3ccc(NC(=O)NS(=O)(=O)c4ccc(Cl)s4)cc3)c(=O)c2cc1F,[]
CHEMBL2105671,O=C(O)C(O)C(O)C(=O)O.OC[C@H]1CNC[C@@H](O)[C@@H]1O,[]
CHEMBL2106406,Cc1nc2ccccc2n1CC1CCN(C(=O)/C=C(/c2ccccc2)c2ccc(/N=N/c3ccc(O)c(C(=O)O)c3)cc2)CC1,['PAF-Receptor Antagonist']
CHEMBL2107792,CCN(CC)CCOC(=O)[C@H](Cc1ccc(NC(=O)c2c(Cl)cccc2Cl)cc1)NC(=O)c1c(C)cccc1Cl,[]
CHEMBL239800,CN1CC(=O)N=C1NC(=O)Nc1cccc(Cl)c1,"['Anxiolytic', 'mGlu2 Antagonist']"
CHEMBL271068,Cc1cc(NC(=O)C(=O)c2cc(Cc3ccc(C#N)cc3)n3ccccc23)sn1,[]
CHEMBL3184679,COc1cc(CCc2cc(NC(=O)c3ccc(N4CC(C)NC(C)C4)cc3)n[nH]2)cc(OC)c1,"['Anticancer', 'FLT3 Inhibitor', 'FGFR1 Inhibitor', 'FGFR4 Inhibitor', 'FGFR3 Inhibitor']"
CHEMBL319111,O=C1N(c2ccccc2)c2ccccc2C1(Cc1ccncc1)Cc1ccncc1,[]
CHEMBL3260771,COc1ccc(-c2ccc(OCc3cc(C(=O)[N-]S(=O)(=O)c4ccccc4C)oc3C)cc2)nc1.[Na+],"['EP4 Receptor Agonist', 'Migraine Treatment']"
CHEMBL3261331,CC(C)c1cc(Oc2c(Cl)cc(-n3nc(C#N)c(=O)[nH]c3=O)cc2Cl)n[nH]c1=O,"['NASH Treatment', 'Dyslipidemia', 'BCAT Inhibitor', 'Thyroid Hormone Receptor Agonist']"
CHEMBL3287379,O=C1C=CN(c2c(F)cc(N3C[C@H](CNc4ccon4)OC3=O)c(F)c2F)CC1,['Antibiotic']
CHEMBL3301609,Cc1cc(C)c2nc(-c3cnc(NCCCC4CCN(C)CC4)nc3C)[nH]c2c1,[]
CHEMBL3400972,N[C@@H](Cc1cc(O)c(O)cc1[18F])C(=O)O,[]
CHEMBL345237,O=C1c2ccccc2OC=C(Cl)N1CCCCN1CC=C(c2ccccn2)CC1,"['5-HT 1A Receptor Agonist', 'Anti-ischemic']"
CHEMBL3545233,CC[C@H](NC(=O)c1c(NS(C)(=O)=O)c(-c2ccccc2)nc2ccccc12)c1ccccc1,['NK1/NK3 Antagonist']
CHEMBL3649803,CCOc1cc(CN2CCOCC2)cc2[nH]c(=O)c3c(c12)NCCC3,[]
CHEMBL3951811,CNC(=O)c1ccccc1Nc1nc(Nc2ccc3c(c2OC)CCC[C@H](N2CCN(CCO)CC2)C3)ncc1Cl,"['Antitumor', 'ALK Inhibitor', 'FAK Signaling Inhibitor']"
CHEMBL4298154,COCCOCCOCCOCCOCCOCCO[C@H]1CCC2(O)[C@H]3Cc4ccc(OC)c5c4[C@@]2(CCN3C)[C@H]1O5.O=P(O)(O)O,[]
CHEMBL4300558,CN(C)C(=O)N1C[C@@H]2C[C@@](C)(NCC(=O)N3C[C@@H](F)C[C@H]3C#N)C[C@@H]2C1,"['DPPIV Inhibitor', 'Type 2 Diabetes']"
CHEMBL459324,CC(=O)Oc1ccc2c3c1O[C@H]1[C@@H](OC(C)=O)C=C[C@H]4[C@@H](C2)N(C)CC[C@@]341,"['Analgesic', 'MRGPRX2 Agonist']"
CHEMBL4594420,Cc1c[nH]c(-c2ccc(-c3ccc(NC(=O)Nc4c(F)cc(F)cc4F)cc3F)c3c2C(=O)NC3)n1,[]
CHEMBL4650272,CN1CCN(c2ccc(Nc3ncc4cc5n(c4n3)C3(CCCCC3)CNC5=O)nc2)CC1.Cl.Cl,"['Anticancer', 'Cyclin-Dependent Kinase Inhibitor']"
CHEMBL504760,CC1(C)[C@@H]2CC[C@@]1(C)C(=O)C2,[]
CHEMBL5095167,C=CC(=O)Nc1cc(Nc2nccc(-c3cn(CC(F)(F)F)c4ccccc34)n2)c(OC)cc1N(C)CCN(C)C,"['Anticancer', 'EGFR Kinase Inhibitor']"
CHEMBL515606,CCOC(=O)[C@H](CCc1ccccc1)N[C@H]1CCCN2CCC[C@@H](C(=O)O)N2C1=O,['MDR1 Inhibitor']
CHEMBL5314466,CC(C)(O)c1ccc(Nc2ncnc3c2CCN(c2ccc(C#N)c(Cl)c2)C3)nc1,[]
CHEMBL566315,CC[C@H]1[C@@H](O)[C@@H]2[C@H](CC[C@]3(C)[C@@H]([C@H](C)CCC(=O)O)CC[C@@H]23)[C@@]2(C)CC[C@@H](O)C[C@@H]12,"['Pro-Apoptotic', 'FXR Partial Agonist', 'TGR5 Agonist', 'NASH Treatment', 'PPARAlpha/Delta Agonist', 'Spore Germination Inhibitor', 'Insulinotropic', 'VDR Antagonist', 'Mitotic Arrest', 'FXR Modulator', 'NASH', 'FXR Ligand', 'BLT2 Agonist', 'Cholestatic Liver Diseases', 'Antisteatotic', 'Bile Acid Transporter']"
CHEMBL588046,C=C[C@H]1CN2CC[C@H]1C[C@H]2[C@H](O)c1ccnc2ccc(OC)cc12.Cl,"['Cytotoxic', 'Antimalarial', 'Anti-Tuberculosis', 'Antimicrobial', 'Anti-mycobacterial', 'Antidepressant', 'HCV NS5b Polymerase Inhibitor', 'Anti-Leishmanial', 'Antiplasmodial', 'Anti-Trypanosomal', 'P-glycoprotein Inhibitor', 'Antinociceptive', 'HIV NNRTI', 'Neuraminidase Inhibitor', 'Antiarrhythmic', 'CYP3A4 Inhibitor', 'P-gp Modulator', 'hERG Inhibitor', 'Efflux Pump Inhibitor', 'CYP51 Inhibitor', 'Mycobacterium tuberculosis Inhibitor', '5-HT Ligand', 'MDR-Modulator', 'CYP450 Inhibitor', 'Cyp11B1 Inhibitor', '5-HT Agonist', 'Aldosterone Synthase Inhibitor', 'ATP Synthase Inhibitor', 'Antiamoebic', 'ABCB1 Inhibitor', 'Cytochrome P450 2D6 Inhibitor', 'Hypouricemic', 'P-glycoprotein Substrate', 'hERG Channel Inhibitor', 'Chikungunya Inhibitor', 'Ebola Virus Inhibitor', 'Heart Failure', 'VMAT-2 Inhibitor', 'Spasmolytic', 'HSA-Binding', 'Mycobacterium tuberculosis', 'Spermicidal', 'Anti-Dengue', 'DHPS Inhibitor', 'Heme-Binding', 'Organic Cation Transporter', 'SKCa Channel Blocker', 'CYP3A4 Inducer', 'Pgp Substrate', 'CYP2J2 Inhibitor', 'PXR Activator', 'mAChR5 Ligand', 'M5 Positive Allosteric Modulator', 'OATP Inhibitor', 'Chemotherapy', 'ABCC2 Inhibitor', 'Microbicidal', 'Multitarget-Directed Ligand', 'RNA Polymerase I Inhibitor', 'Antituberculostic', 'CYP3A Substrate', 'Translocase I Inhibitor', 'Organic Cation Transporter 2 Inhibitor', 'Dopamine Agent', 'Periodontitis', 'SerB653 Inhibitor', 'Anti-Ulcer', 'CNS Drug Partitioning', 'Tryptophanyl tRNA Synthetase Inhibitor', 'Benzodiazepine Affinity', 'HD', 'hBChE Inhibitor', 'DNA DSBs', 'sAC Inhibitor', 'GIRK Channel Modulator', 'Gastric Acid Stimulator', 'Phospholipase Activator', 'Arachidonic Acid Release', 'OX2 Receptor Agonist', 'OX1 Receptor Agonist', 'TcrPDEC Inhibitor']"
CHEMBL70046,O=c1[nH]c(=O)n([C@@H]2O[C@H](CO)[C@@H](O)[C@@H]2O)cc1/C=C/Br,"['Antiviral', 'Antiherpes', 'Anti-VZV', 'HSV-1 TK Inhibitor']"
CHEMBL711,O=C1c2ccccc2C(=O)C1c1ccccc1,[]
CHEMBL85,Cc1nc2n(c(=O)c1CCN1CCC(c3noc4cc(F)ccc34)CC1)CCCC2,"['Antipsychotic', 'Atypical Antipsychotic']"
CHEMBL915,CCCc1c2oc(C(=O)[O-])cc(=O)c2cc2c(=O)cc(C(=O)[O-])n(CC)c12.[Na+].[Na+],"['Antiallergy', 'Histamine Inhibitor']"
CHEMBL1200761,COc1ccc(C(Cl)=C(c2ccc(OC)cc2)c2ccc(OC)cc2)cc1,[]
CHEMBL1201138,Nc1nc(=O)c2c([nH]1)NCC(CNc1ccc(C(=O)N[C@@H](CCC(=O)[O-])C(=O)[O-])cc1)N2C=O.[Ca+2],['Antitumor']
CHEMBL1201353,CN(C)CC[C@@H](c1ccc(Cl)cc1)c1ccccn1,"['H1 Receptor Antagonist', 'H1 Antihistaminic', 'Histamine H1 Receptor Antagonist']"
CHEMBL1235551,O=C(C1CCCCC1)N1CC(=O)N2CCc3ccccc3[C@@H]2C1,"['Anthelmintic', 'Antischistosomal', 'Cholestatic DILI', 'NAD⁺ Catabolizing Inhibitor']"
CHEMBL1236469,N[C@@H](Cc1cc(I)c(O)c(I)c1)C(=O)O,[]
CHEMBL1399,CC(C)(C#N)c1cc(Cn2cncn2)cc(C(C)(C)C#N)c1,[]
CHEMBL14935,O=C(O)[C@@H]1C[C@H]2C[C@@H](CCc3nn[nH]n3)CC[C@H]2CN1,"['Anticonvulsive', 'NMDA Antagonist', 'AMPA Receptor Antagonist', 'GluK1 Antagonist', 'NMDA Glycine-Site Antagonist', 'Ion Channel Modulator', 'GluR5 Antagonist']"
CHEMBL1621,Cc1nc2n(c(=O)c1CCN1CCC(c3noc4cc(F)ccc34)CC1)CCCC2O,['Antipsychotic']
CHEMBL2048308,CNc1ccc(-c2cc3cc(O)ccc3o2)c(F)n1,"[""Alzheimer's Disease"", 'PET Tracer', 'Beta-Amyloid Plaque Imaging', 'Beta-Amyloid Imaging Agent', 'Beta-Amyloid Plaque Ligand', 'Imaging Agent']"
CHEMBL2079588,CNC(=O)c1cc(COc2nnc(Nc3ccc(Cl)cc3)c3ccoc23)ccn1,['VEGFR2 Inhibitor']
CHEMBL2103744,CN1CC[C@]23c4c5ccc(O)c4O[C@H]2[C@@H](O)C=C[C@H]3[C@H]1C5.CN1CC[C@]23c4c5ccc(O)c4O[C@H]2[C@@H](O)C=C[C@H]3[C@H]1C5.O.O.O.O.O.O=S(=O)(O)O,"['Analgesic', 'Antidepressant', 'Antinociceptive', 'Kappa Opioid Agonist', 'Opioid Receptor Ligand', 'Opioid Receptor Agonist', 'Mu Opioid Receptor Agonist', 'Opioid Antagonist', 'Antiulcer', 'CNS-Active', 'Narcotic-Antagonist', 'Hypnotic', 'Adenylyl Cyclase Inhibitor', 'Opioid Analgesic', 'Spasmolytic', 'Lipophilicity', 'Antitrichomonal', 'NPFF1 Antagonist', 'MOR Antagonist', 'DOR Antagonist', 'Narcotic Agonist', 'Delta-Antagonist', 'Tranquilizer', 'Tranquilizing', 'Nociceptin Agonist', 'Opiate Receptor', 'UGT Inhibitor', 'kappa-Opioid Receptor', 'Nav1.7 Inhibitor', 'Opioid Agonist-Antagonist', 'Hyperglycemic', 'Opiate', 'SerB653 Inhibitor', 'Mu-Agonist', 'Benzodiazepine Affinity', 'DNA DSBs']"
CHEMBL2104406,COc1cc(C(=O)C(=O)N2CCCC[C@H]2C(=O)OC(CCCc2cccnc2)CCCc2cccnc2)cc(OC)c1OC.O=C(O)CC(O)(CC(=O)O)C(=O)O.O=C(O)CC(O)(CC(=O)O)C(=O)O,"['FKBP12 Ligand', 'Rotamase Inhibitor']"
CHEMBL2110737,CCCC(=O)O[C@H]1CN2CC[C@H](O)[C@@H]2[C@@H](O)[C@@H]1O,[]
CHEMBL2146883,O=C(c1ccc(F)c(F)c1Nc1ccc(I)cc1F)N1CC(O)([C@@H]2CCCCN2)C1,"['Anticancer', 'MEK1 Inhibitor', 'ERK Inhibitor', 'RAF Inhibitor', 'MEK1/2 Degrader', 'VHL-Recruiting']"
CHEMBL236297,CO[C@H]1/C=C/O[C@@]2(C)Oc3c(C)c(O)c4c(=O)c(c5oc6cc(N7CCN(CC(C)C)CC7)cc(O)c6nc-5c4c3C2=O)NC(=O)/C(C)=C\C=C\[C@H](C)[C@H](O)[C@@H](C)[C@@H](O)[C@@H](C)[C@H](OC(C)=O)[C@@H]1C,"['Antibiotic', 'Anti-Staphylococcal']"
CHEMBL2364625,O=C([O-])C[C@H]1CC[C@H](c2ccc(-c3ccc(Nc4ccc(C(F)(F)F)nc4)cn3)cc2)CC1.[Na+],['DGAT1 Inhibitor']
CHEMBL268869,COc1ccc(NS(=O)(=O)c2ccc(N)cc2)nn1,[]
CHEMBL292439,CCCC[C@H](N)C(=O)O,['hPAT1 Substrate']
CHEMBL3120215,COc1cccc2cc(-c3nc([C@H]4CC[C@H](C(=O)O)CC4)n4ncnc(N)c34)[nH]c12,[]
CHEMBL3184949,O=P([O-])(O)OP(=O)([O-])O.[Na+].[Na+],"['Carbonic Anhydrase', 'NaPi2b Inhibitor', 'CO2 Hydrase', 'Beta-CA Inhibitor']"
CHEMBL3235279,N#Cc1c(N)nc(SCc2csc(-c3ccc(Cl)cc3)n2)c(C#N)c1-c1ccc(OCCO)cc1,['Adenosine A1R Agonist']
CHEMBL3544916,Nc1ncn([C@H]2C[C@H](OP(=O)(O)OC[C@H]3O[C@@H](n4cnc5c(=O)[nH]c(N)nc54)C[C@@H]3O)[C@@H](CO)O2)c(=O)n1,[]
CHEMBL3833325,CC(=O)Oc1ccccc1C(=O)[O-].CC(=O)Oc1ccccc1C(=O)[O-].NC(N)=O.[Ca+2],[]
CHEMBL3833347,CC(=O)NC(CCC(=O)O)C(=O)O.CN(C)CCO,[]
CHEMBL404,C[C@]1(Cn2ccnn2)[C@H](C(=O)O)N2C(=O)C[C@H]2S1(=O)=O,"['Beta-Lactamase Inhibitor', 'Carbapenemase Inhibitor']"
CHEMBL41355,CCOC(=O)Nc1ccc(NCc2ccc(F)cc2)cc1N,"['Anticonvulsive', 'Bcl-2 Modulator', 'Kv7 Channel Activator', 'KCNQ2 Agonist']"
CHEMBL4208954,NCC[C@H](O)C(=O)N[C@@H]1C[C@H](N)[C@@H](O[C@H]2O[C@H](CN)[C@@H](O)[C@H](O)[C@H]2O)[C@H](O)[C@H]1O[C@H]1O[C@H](CO)[C@@H](O)[C@H](N)[C@H]1O.O=S(=O)(O)O.O=S(=O)(O)O,"['Aminoglycoside', 'Nonsense Mutation Suppressor']"
CHEMBL4297091,COc1ccc2c3c1O[C@H]1[C@@H](O)C=C[C@H]4[C@@H](C2)N(C)CC[C@@]341.COc1ccc2c3c1O[C@H]1[C@@H](O)C=C[C@H]4[C@@H](C2)N(C)CC[C@@]341.O.O.O.O=S(=O)(O)O,"['Analgesic', 'Antidepressant', 'Antinociceptive', 'Opioid Receptor Ligand', 'Narcotic Agonist', 'Tranquilizing', 'Nociceptin Agonist', 'Opiate Receptor', 'UGT Inhibitor', 'Opioid Agonist-Antagonist', 'Opiate']"
CHEMBL4297592,Cc1cccc(C)c1N(CC(=O)Nc1ccc(-c2ncon2)cc1)C(=O)C1CCS(=O)(=O)CC1,[]
CHEMBL5314403,COc1cc(Cl)ccc1CCNC(=O)c1ccc(Oc2cc3c(cc2Cl)[C@@H](C(=O)O)CCO3)cc1,[]
CHEMBL5314538,CNC(=O)c1ccc(NCC#Cc2cc3c(N[C@@H]4CCN(C)C[C@@H]4F)cccc3n2CC(F)(F)F)c(OC)c1,[]
CHEMBL596186,Nc1ccn([C@@H]2O[C@H](COP(=O)(O)O)[C@@H](O)[C@@H]2O)c(=O)n1,"['RNase A Inhibitor', 'Sialyltransferase Inhibitor', 'IspF Inhibitor', 'ODCase Inhibitor']"
CHEMBL607707,CCOc1cc2ncc(C#N)c(Nc3ccc(F)c(Cl)c3)c2cc1NC(=O)/C=C/CN(C)C,"['Anticancer', 'EGFR Kinase Inhibitor', 'Kinase Inhibitor', 'HER1/HER2 Inhibitor']"
CHEMBL638,C[C@@H](c1ncncc1F)[C@](O)(Cn1cncn1)c1ccc(F)cc1F,['Antifungal']
CHEMBL1107,CCCCN(CCCC)CCC(O)c1cc2c(Cl)cc(Cl)cc2c2cc(C(F)(F)F)ccc12,['Antimalarial']
CHEMBL1182743,CCOC(=O)c1c[n+](C)c2n(c1=O)C(C)CCC2,[]
CHEMBL1200863,Cl.N[C@@H](Cc1ccc(N(CCCl)CCCl)cc1)C(=O)O,[]
CHEMBL1318341,Cc1cc2c(cc1S(N)(=O)=O)S(=O)(=O)CCC2,"['Carbonic Anhydrase Inhibitor', 'CA IX Inhibitor']"
CHEMBL15192,CC1(C)CCC2=C(O1)c1ccccc1C(=O)C2=O,[]
CHEMBL1801204,COc1ccc(-c2ccc3c(N4CCOC[C@@H]4C)nc(N4CCOC[C@@H]4C)nc3n2)cc1CO,"['Anticancer', 'PI3 Kinase Inhibitor', 'mTORC1 Inhibitor', 'mTORC2 Inhibitor']"
CHEMBL2103779,CN1CC(=O)N=C1NC(=O)Nc1cccc(Cl)c1.O,"['Anxiolytic', 'mGlu2 Antagonist']"
CHEMBL2103798,COc1cc2c(Oc3ccc4[nH]c(C)cc4c3F)ncnc2cc1OCCCN1CCCC1.O=C(O)/C=C\C(=O)O,['VEGFR2 Inhibitor']
CHEMBL2103929,CN(C)[C@@H]1C(O)=C(C(=O)NCNCCCC[C@H](N)C(=O)O)C(=O)[C@@]2(O)C(O)=C3C(=O)c4c(O)cccc4[C@@](C)(O)[C@H]3C[C@@H]12,['Antibiotic']
CHEMBL2104200,CCCCN(CCN(CC)CC)C(=O)c1cccc2ccccc12,['Notch-Sparing']
CHEMBL2104906,CC12C=CC(C(=O)O[C@H]3CC[C@H]4[C@@H]5CCC6=CC(=O)CC[C@@H]6[C@H]5CC[C@]34C)(CC1)CC2,"['17 alpha-hydroxylase/C17,20-lyase Inhibitor']"
CHEMBL2308782,C[N+]1(C)[C@@H]2CC[C@H]1C[C@H](CC(C#N)(c1ccccc1)c1ccccc1)C2.[Br-],"['Muscarinic Receptor Antagonist', 'mAChR Antagonist']"
CHEMBL2347655,CON(C)C(=O)N1N=C(c2cc(F)ccc2F)S[C@@]1(CCCN)c1ccccc1,"['KSP Inhibitor', 'Eg5 Inhibitor']"
CHEMBL254832,CC(NCCC(c1ccccc1)c1ccccc1)c1ccccc1,['Calcimimetic']
CHEMBL3544973,CC(=O)O.CCO/N=C(\C(=O)N[C@@H]1C(=O)N2C(C(=O)[O-])=C(Sc3nc(-c4cc[n+](C)cc4)cs3)CS[C@H]12)c1nsc(NP(=O)(O)O)n1.O,"['Antibiotic', 'Antimicrobial', 'Biofilm Eradicator', 'Penicillin-Binding Protein Inhibitor']"
CHEMBL3707363,CC(CC(c1ccccc1)c1ccccc1)N(C)C,[]
CHEMBL3989871,Cc1ccc(NC(=O)[C@H]2CCCN(C(=O)c3c(C)cccc3F)[C@H]2c2ccc(NC3CCCC3)cc2)cc1C(F)(F)F,[]
CHEMBL4211649,N#Cc1ccc(-c2cnc3ccc(-c4ccc(C(=O)N5CCOCC5)cc4)cn23)cc1,"['MNK1/2 Inhibitor', 'eIF4E Phosphorylation Inhibitor']"
CHEMBL4297668,CNC(=O)c1nn(C)c2c1C(C)(C)Cc1cnc(Nc3ccc(N4CCN(C)CC4)cc3)nc1-2.O=C(O)/C=C\C(=O)O,"['CDK Inhibitor', 'Cyclin-Dependent Kinase Inhibitor']"
CHEMBL4298151,CS(=O)(=O)O.CS(=O)(=O)O.Nc1ncccc1-c1nc2ccc(-c3ccccc3)nc2n1-c1ccc(C2(N)CCC2)cc1,[]
CHEMBL467084,N[C@@H](Cc1ccccn1)c1ccccc1,[]
CHEMBL484785,N#Cc1ccc(Oc2ccc3c(c2)COB3O)cc1,"['Anti-Inflammatory', 'PDE4 Inhibitor']"
CHEMBL502835,COC(=O)c1ccc2c(c1)NC(=O)/C2=C(\Nc1ccc(N(C)C(=O)CN2CCN(C)CC2)cc1)c1ccccc1,[]
CHEMBL5095043,C[C@@H](COCCC(=O)N1CCN(c2ncc(C(F)(F)F)cn2)CC1)Nc1cn[nH]c(=O)c1C(F)(F)F,[]
CHEMBL5095351,CCN1CCC(S(=O)(=O)[N-]C(=O)Nc2c3c(cc4c2CCC4)CCC3)CC1.[K+],"['NLRP3 Inhibitor', 'Interleukin-1beta Inhibitor']"
CHEMBL539423,CCCCC1=NC2(CCCC2)C(=O)N1Cc1ccc(-c2ccccc2S(=O)(=O)Nc2noc(C)c2C)c(COCC)c1,"['Hypertension', 'ETA-Receptor Antagonist']"
CHEMBL560976,NC[C@@H]1CC[C@@H](N)[C@@H](O[C@H]2[C@H](O)[C@@H](O[C@H]3O[C@H](CO)[C@@H](O)[C@H](N)[C@H]3O)[C@H](N)C[C@@H]2N)O1,"['Antibiotic', 'Ribosome Inhibitor']"
CHEMBL572,O=C1CN(/N=C/c2ccc([N+](=O)[O-])o2)C(=O)N1,"['Mitochondrial Dysfunction', 'MitoNEET Ligand', 'Carcinogenic', 'Dopamine Agent']"
CHEMBL609,NCCNCCNCCN,"['Polyamine Transport Inhibitor', 'Antibiotic Sensitizer']"
CHEMBL79,CCN(CC)CC(=O)Nc1c(C)cccc1C,"['Antiarrhythmic', 'Local Anesthetic', 'Local Anaesthetic']"
CHEMBL964,CCN(CC)C(=S)SSC(=S)N(CC)CC,"['FBPase Inhibitor', 'ALDH1A1 Inhibitor', 'Monoglyceride Lipase Inhibitor', 'T2D Therapy']"
CHEMBL1095097,COC(=O)[C@@H]1CC2=CC(=O)CC[C@]2(C)[C@@]23O[C@@H]2C[C@@]2(C)[C@@H](CC[C@@]24CCC(=O)O4)[C@H]13,"['Hypertension', 'Mineralocorticoid Antagonist', 'Blood Pressure Lowering', 'MR Antagonist', 'FabF Inhibitor', 'Aldosterone Antagonist', 'Nephropathy', 'Organ Protection', 'Mineralocorticoid Receptor Modulator']"
CHEMBL1200331,C[C@@H]1O[C@@H]1P(=O)(O)O.NC(CO)(CO)CO,[]
CHEMBL1200853,CC(=O)[C@H]1CC[C@H]2[C@@H]3C=CC4=CC(=O)CC[C@@]4(C)[C@@H]3CC[C@]12C,"['17 alpha-hydroxylase/C17,20-lyase Inhibitor', 'Progesterone Receptor Modulator']"
CHEMBL1201115,COC(=O)CCc1ccc(OCC(O)CNC(C)C)cc1.Cl,['Beta-Adrenoceptor Blocker']
CHEMBL1289926,CNC(=O)c1ccccc1Sc1ccc2c(/C=C/c3ccccn3)n[nH]c2c1,['Anticancer']
CHEMBL1451173,CC(=O)Oc1cccc(C(=O)O)c1OC(C)=O,[]
CHEMBL1616951,C[C@]12CCC(=O)C=C1C=C[C@@H]1[C@@H]2CC[C@@]2(C)[C@H]1CC[C@@]2(O)CCC(=O)O,"['Anti-Inflammatory', 'Selective Androgen Receptor Modulator', 'Aldosterone Antagonist']"
CHEMBL1668,COC(=O)[C@H]1[C@H]2C[C@@H]3c4[nH]c5cc(OC)ccc5c4CCN3C[C@H]2C[C@@H](OC(=O)/C=C/c2cc(OC)c(OC)c(OC)c2)[C@@H]1OC,['Cytotoxic']
CHEMBL184618,NC[C@@H]1O[C@H](O[C@H]2[C@@H](O)[C@H](O[C@@H]3[C@@H](O)[C@H](N)C[C@H](N)[C@H]3O[C@H]3O[C@H](CN)[C@@H](O)[C@H](O)[C@H]3N)O[C@@H]2CO)[C@H](N)[C@@H](O)[C@@H]1O,"['Antibiotic', 'DNA Binder', 'Menin-MLL1 Inhibitor', 'Tdp1 Inhibitor', 'RNA Binding', 'Ribosome Inhibitor', 'Translation Initiation Inhibitor', 'RNA Ligand', 'Ribosome Binding', 'HIV-TAR RNA Binder', 'HCV IRES Ligand', 'rRNA-Binding', 'Aminoglycoside', 'RNA Binder', 'Nonsense Mutation Suppressor']"
CHEMBL2024517,CN(C)C(=O)N[C@H]1CC[C@H](CCN2CCN(c3cccc(Cl)c3Cl)CC2)CC1.Cl,"['Antipsychotic', 'Dopamine D3/D2 Receptor']"
CHEMBL2043025,COc1ccc2c(c1)C=C1Cn3c-2c(C2CCCCC2)c2ccc(cc23)C(=O)NS(=O)(=O)N(C)CCOCCN(C)C1=O,['HCV NS5b Polymerase Inhibitor']
CHEMBL2107546,CC(C)(Cc1c[nH]c2ccccc12)NCC(O)COc1ccccc1C#N.Cl,"['Antihypertensive', 'Vasodilator', 'Beta-Adrenergic Antagonist']"
CHEMBL2165224,CN1[C@H]2C[C@H](OC(=O)[C@H](CO)c3ccccc3)C[C@@H]1[C@@H](O)C2,"['Sigma1 Receptor Ligand', 'H1 Receptor Antagonist', 'M1 Muscarinic Receptor Ligand', 'Antimuscarinic', 'Anticholinergic', 'Nootropic', 'Spasmolytic', 'Dopamine Modulator', 'Lipophilicity', 'Cognitive Impairment', 'Anticonflict', 'Antihistamine', 'M5 Antagonist', 'Cholinergic Receptor Antagonist', 'M1AChR Agonist', 'Urinary Bladder', 'Memory Impairment', 'Pan-Muscarinic Antagonist', 'Muscarinic Receptor Modulator', 'D-2 Dopamine Receptor Imaging Agent']"
CHEMBL221959,C[C@@H]1CCN(C(=O)CC#N)C[C@@H]1N(C)c1ncnc2[nH]ccc12,"['Anti-Inflammatory', 'NF-kappa B Inhibitor', 'Kinase Inhibitor', 'JAK1/JAK2 Inhibitor', 'Immunomodulator', 'STAT3 Inhibitor', 'Protein Kinase Inhibitor', 'Rheumatoid Arthritis', 'Interleukin 6 Inhibitor', 'TYK2 Inhibitor', 'Autoimmune', 'TBK1/IKKi Inhibitor', 'Autoimmune Diseases', 'IDO2 Inhibitor', 'Dermatological Agent', 'IL-13 Signaling', 'Selective Kinase Inhibitor', 'Pan-JAK Inhibitor']"
CHEMBL294029,C[C@@H](c1nc(-c2ccc(C#N)cc2)cs1)[C@](O)(Cn1cncn1)c1ccc(F)cc1F,['Antifungal']
CHEMBL315985,NC(=O)N1c2ccccc2C[C@H](O)c2ccccc21,['Sodium Channel Blocker']
CHEMBL3186492,Cc1nccn1CC1CCc2c(c3ccccc3n2C)C1=O.Cl.O.O,[]
CHEMBL3219143,COc1cc(F)ccc1Cn1ccc2c3c(ncc21)C(=O)N(O)CC3,[]
CHEMBL3581693,CC/C(=C(/c1ccc(/C=C/C(=O)O)cc1)c1ccc2[nH]ncc2c1)c1ccc(F)cc1Cl,"['SERD', 'Estrogen Receptor Degrader', 'Tumor Regressor']"
CHEMBL4071864,CN1C(=O)[C@@H](NC(=O)c2n[nH]c(Cc3ccccc3)n2)COc2ccccc21,"['Anti-Inflammatory', 'Necroptosis Inhibitor', 'RIP1 Inhibitor', 'MS Treatment', 'RIPK1 Inhibitor', 'Necroptosis']"
CHEMBL4297359,COc1c(C)cnc(Cn2cc(C#CCCOP(=O)(O)O)c3c(Cl)nc(N)nc32)c1C,['Hsp-90 Inhibitor']
CHEMBL4297393,C/C1=C/C[C@@H](/C(C)=C/c2cc(C)on2)OC(=O)C[C@H](O)C(C)(C)C(=O)[C@H](C)[C@@H](O)[C@@H](C)/C=C\C1,[]
CHEMBL4483575,C=CC(=O)N(C)CCOc1c(N)ncnc1-c1cc(F)cc(NC(=O)c2ccc(C3CC3)cc2F)c1C,"['BTK Inhibitor', ""Bruton's Tyrosine Kinase Inhibitor"", 'Autoimmune Diseases']"
CHEMBL4594260,Br.CCN(c1cc(-c2ccc(CN3CCOCC3)cc2)cc(C(=O)NCc2c(C)cc(C)[nH]c2=O)c1C)C1CCOCC1,"['Histone Methyltransferase Inhibitor', 'EZH2 Inhibitor']"
CHEMBL4594383,CC1(C)C(/C=C/C2=C(Oc3ccc(C[C@H](NC(=O)c4ccc(NCc5cnc6nc(N)[nH]c(=O)c6n5)cc4)C(=O)[O-])cc3)/C(=C/C=C3\N(CCCCS(=O)(=O)[O-])c4ccc(S(=O)(=O)[O-])cc4C3(C)C)CCC2)=[N+](CCCCS(=O)(=O)[O-])c2ccc(S(=O)(=O)[O-])cc21.[Na+].[Na+].[Na+].[Na+],[]
CHEMBL4647810,C[C@@H]1COCCN1c1cc(-c2ccnn2C)c2ccnc(-c3ccn[nH]3)c2n1,"['ATR Inhibitor', 'DNA Damage Response', 'TAF1(2) Inhibitor', 'DDR Kinase Inhibitor']"
CHEMBL4650319,C=CC(=O)Nc1cc(Nc2ncc(C(=O)OC(C)C)c(-c3cn(C)c4ccccc34)n2)c(OC)cc1N(C)CCN(C)C,"['Anticancer', 'EGFR Kinase Inhibitor']"
CHEMBL485,COc1ccc2c3c1O[C@H]1[C@@H](O)C=C[C@H]4[C@@H](C2)N(C)CC[C@@]341,"['Analgesic', 'Opioid Receptor Ligand', 'Narcotic-Antagonist', 'Narcotic Agonist', 'OCT1 Substrate', 'Pgp Substrate', 'Nociceptin Agonist', 'UGT Inhibitor', 'MRGPRX2 Agonist', 'Opioid Agonist-Antagonist', 'Opiate']"
CHEMBL5095051,COc1ccc(C(CN(C)C)C2(O)CCCCC2)cc1.O=S(=O)(O)c1ccccc1,[]
CHEMBL5314461,COc1cc(N2CCC(N(C)C)CC2)ccc1Nc1nc2c(c(Nc3ccccc3S(=O)(=O)C(C)C)n1)CCN2,['ALK Inhibitor']
CHEMBL5314510,COc1cc2c(Oc3ccc(NC(=O)C4(C(=O)Nc5ccc(F)cc5)CC4)cc3F)ccnc2cc1OCCCCCC(=O)O,"['Anticancer', 'Antiproliferative', 'VEGFR2 Inhibitor', 'cMET Inhibitor', 'Multi-target Kinase Inhibitor']"
CHEMBL533,CCCCCCCN(CC)CCCC(O)c1ccc(NS(C)(=O)=O)cc1,['Class III Antiarrhythmic']
CHEMBL548,CCCCC[C@H](O)/C=C/[C@H]1[C@H](O)CC(=O)[C@@H]1C/C=C\CCCC(=O)O,"['Bronchodilator', 'Uterine Stimulant']"
CHEMBL588,Oc1ccc(C2CNCCc3c2cc(O)c(O)c3Cl)cc1,"['Dopamine Receptor Agonist', 'D2 Receptor Partial Agonist', 'GPCR Ligand', 'D2 Agonist', 'D1 Dopamine Receptor Agonist', 'Drug Design', 'Biased Ligand', 'Renal Vasodilator', 'D(2) Antagonist']"
CHEMBL605,CCN(CC)CCNC(=O)c1ccc(N)cc1.Cl,[]
CHEMBL61,COc1cc([C@@H]2c3cc4c(cc3[C@H](O)[C@H]3COC(=O)[C@H]23)OCO4)cc(OC)c1OC,"['Anticancer', 'Cytotoxic', 'Antitumor', 'Antiproliferative', 'Apoptosis Inducer', 'Cytostatic', 'Anti-Cancer', 'Tubulin Polymerization Inhibitor', 'Tubulin Inhibitor', 'Apoptosis', 'DNA Topoisomerase II Inhibitor', 'Cell-Cycle Arrest', 'G2/M Phase Arrest', 'Microtubule Disruptor', 'Prostate Cancer Inhibitor', 'Melanoma-Targeting', 'CYP3A Substrate', 'Antihepatotoxic']"
CHEMBL654,CN1CCN2c3ncccc3Cc3ccccc3C2C1,[]
CHEMBL738,CCCC(C)C1(CC)C(=O)[N-]C(=S)NC1=O.[Na+],[]
CHEMBL939,COc1cc2ncnc(Nc3ccc(F)c(Cl)c3)c2cc1OCCCN1CCOCC1,['EGFR Kinase Inhibitor']
CHEMBL1023,C=C(c1ccc(C(=O)O)cc1)c1cc2c(cc1C)C(C)(C)CCC2(C)C,"['Apoptosis Inducer', 'Retinoid X Receptor Agonist']"
CHEMBL1095282,CN(C)C(=O)OC1N=C(c2ccccc2)c2cc(Cl)ccc2N(C)C1=O,[]
CHEMBL110094,CN(C)CCC=C1c2ccccc2C(C)(C)c2ccccc21,['Antidepressant']
CHEMBL1200386,CCOC(=O)O[C@]1(C(=O)COC(=O)CC)CC[C@H]2[C@@H]3CCC4=CC(=O)C=C[C@]4(C)[C@H]3[C@@H](O)C[C@@]21C,"['Anti-Inflammatory', 'Topical Antiinflammatory']"
CHEMBL1201127,CC(C)CN(C[C@@H](O)[C@H](Cc1ccccc1)NC(=O)O[C@H]1CO[C@H]2OCC[C@H]21)S(=O)(=O)c1ccc(N)cc1.CCO,"['Antiviral', 'HIV Protease Inhibitor']"
CHEMBL1201193,CCCCN1CCCC[C@H]1C(=O)Nc1c(C)cccc1C,"['Antiarrhythmic', 'Sodium Channel Blocker', 'Local Anesthetic', 'CYP3A Substrate', 'TASK Channel Modulator', 'Local Anaesthetic']"
CHEMBL1236802,[Xe],"['Antimalarial', 'Antimicrobial', 'Neuroprotective', 'Carbonic Anhydrase Inhibitor', 'Antihypertensive', 'Anti-Trypanosomal', 'Vasodilator', 'PDE10a Inhibitor', 'Cytoprotective', 'Vasorelaxant', 'Cardioprotective', 'Cardiovascular', 'CA I Inhibitor', 'Type 2 Diabetes Treatment', 'CD73 Inhibitor', 'Nootropic', 'H. pylori', 'Tau Phosphorylation Inhibitor', 'H2S Donor', 'Carbonic Anhydrase', 'Amnesia-Reversal', 'NMDAR Antagonist', 'Osteoblast Stimulator', 'Hydrogen Sulfide Donor', 'Mood Disorder', 'Insulin Release Stimulator', 'CO2 Hydrase', 'Beta-CA Inhibitor', 'Carbonic Anhydrase IV Inhibitor', 'IFN-Gamma Inhibitor', 'Cu Chelator', 'Anion Inhibitor', 'H2S-Releasing', 'DNA Cleaving Agent', 'Carbonic Anhydrase XV Inhibitor', 'Tau Protein Inhibitor', 'HD', 'Glycogen Synthase Activator']"
CHEMBL1237070,CCCCCOc1ccc(-c2cc(-c3ccc(C(=O)N[C@H]4C[C@@H](O)[C@@H](O)NC(=O)[C@@H]5[C@@H](O)[C@@H](C)CN5C(=O)[C@H]([C@H](O)CC(N)=O)NC(=O)[C@H]([C@H](O)[C@@H](O)c5ccc(O)c(OS(=O)(=O)[O-])c5)NC(=O)[C@@H]5C[C@@H](O)CN5C(=O)[C@H]([C@@H](C)O)NC4=O)cc3)no2)cc1.[Na+],"['Antifungal', 'Chitin Synthetase Inhibitor', 'Beta-1,3-Glucan Synthase Inhibitor', 'Glucan Synthase Inhibitor', 'Cell Wall Biosynthesis']"
CHEMBL1370,CCCC1O[C@@H]2C[C@H]3[C@@H]4CCC5=CC(=O)C=C[C@]5(C)[C@H]4[C@@H](O)C[C@]3(C)[C@]2(C(=O)CO)O1,"['Anti-Inflammatory', 'PDE4 Inhibitor', 'FXR Partial Agonist', 'Glucocorticoid Agonist', 'Glucocorticoid Receptor Ligand', 'GR Agonist', 'FXR Modulator', 'CYP3A4 Inducer', 'Vasoconstrictor', 'CYP2J2 Inhibitor', 'PXR Activator', 'Glucocorticoid Modulator', 'CYP3A Substrate', 'Respiratory', 'PDE4/7 Inhibitor', 'Nephropathy', 'Organ Protection', 'Mineralocorticoid Receptor Modulator']"
CHEMBL1413176,Cc1c(NC(=O)c2cccnc2)c(=O)n(-c2ccccc2)n1C,['Anti-Inflammatory']
CHEMBL1534,Cc1cc2nc3c(=O)[nH]c(=O)nc-3n(C[C@H](O)[C@H](O)[C@H](O)CO)c2cc1C,[]
CHEMBL1604,CC1=C(C(=O)O)N2C(=O)[C@@H](NC(=O)[C@H](N)C3=CCC=CC3)[C@H]2SC1,['Antibiotic']
CHEMBL1725880,CCOc1cc(OCC)c(C(=O)CCC(=O)O)cc1OCC,[]
CHEMBL1734,O=C(O[C@H]1CN2CCC1CC2)N1CCc2ccccc2[C@@H]1c1ccccc1,"['Muscarinic Receptor Antagonist', 'Antimuscarinic', 'M3 Receptor Antagonist', 'mAChR Antagonist', 'Bladder-Selective']"
CHEMBL2103996,CNCC(=O)c1ccc(O)c(O)c1,[]
CHEMBL2104574,CCCCC[C@H](O)/C=C/[C@@H]1C(CCCCCCC(=O)OCCCC)=C(OC(=O)CCC)C[C@H]1O,[]
CHEMBL2106978,O=C([O-])[C@H](O)[C@@H](O)[C@H](O)[C@H](O)CO.[K+],[]
CHEMBL2107359,CONC(=N)c1ccc(-c2ccc(-c3ccc(C(=N)NOC)cc3)o2)cc1.O=C(O)/C=C\C(=O)O,"['Antiprotozoan', 'NQO2 Inhibitor']"
CHEMBL2141296,CC(C)C[C@H](NC(=O)CNC(=O)c1cc(Cl)ccc1Cl)B(O)O,"['Proteasome Inhibitor', 'NLRP3 Inhibitor']"
CHEMBL21536,CCCCCCOc1nsnc1C1=CCCN(C)C1,"['M1 Agonist', 'm1 Agonist']"
CHEMBL2158614,CNc1ccc(-c2cc3cc(O)ccc3o2)c([18F])n1,"[""Alzheimer's Disease"", 'PET Tracer', 'Beta-Amyloid Plaque Imaging', 'Beta-Amyloid Imaging Agent', 'Beta-Amyloid Plaque Ligand', 'Imaging Agent']"
CHEMBL2179105,C[C@@H]1CN(Cc2ncccn2)C[C@H]1c1nc2c(cnn2C2CCOCC2)c(=O)[nH]1,"['Cognition-Enhancer', 'PDE Inhibitor', 'PDE9A Inhibitor']"
CHEMBL24171,COc1c2ccoc2cc2oc(=O)ccc12,[]
CHEMBL263881,CCN(CC)C(=O)[C@@H]1C=C2c3cccc4[nH]cc(c34)C[C@H]2N(C)C1,"['5-HT 1A Receptor Agonist', '5-HT2A/2C Agonist', '5-HT2A Receptor Ligand', 'Dopamine Receptor Agonist', 'CXCR3 Antagonist', '5-HT6 Receptor Ligand', '5-HT(7) Receptor Antagonist', '5-HT6 Agonist', 'Adenylyl Cyclase Inhibitor', 'Hallucinogen', 'Hallucinogenic', 'Psychotropic', 'Neuropeptide Y5 Receptor Ligand', 'Psychotomimetic', 'Serotonin Receptor', 'Gastrokinetic', 'Anti-Migraine', 'Epigenetic Cancer Therapy']"
CHEMBL27577,NC(=O)c1ccccc1O,[]
CHEMBL3039511,COc1cc(CNCCC2CCOCC2)ccc1Oc1cnc(C(N)=O)cn1,[]
CHEMBL3187723,Cn1cnc2c(F)c(Nc3ccc(Br)cc3F)c(C(=O)NOCCO)cc21,['MEK1 Inhibitor']
CHEMBL3301598,COc1cnc(-n2cnc(C)n2)c2c1c(C(=O)C(=O)N1CCN(C(=O)c3ccccc3)CC1)cn2COP(=O)(O)O.NC(CO)(CO)CO,['HIV Attachment Inhibitor']
CHEMBL3301667,[Ca+2].[N-]=C=[N-],"['Antibiotic', 'Antimalarial', 'Antimicrobial', 'Toxic', 'Carbonic Anhydrase', 'CO2 Hydrase', 'Beta-CA Inhibitor', 'Neurotoxicity', 'Carbonic Anhydrase IV Inhibitor', 'Anion Inhibitor', 'DNA Cleaving Agent', 'Carbonic Anhydrase XV Inhibitor', 'Glycogen Synthase Activator']"
CHEMBL3577124,CNc1ncc2cc(-c3cc(NC(=O)NCCC(C)(C)C)c(F)cc3C)c(C)nc2n1,['RAF Inhibitor']
CHEMBL36342,CCCCCCCCN=c1ccn(CCCCCCCCCCn2ccc(=NCCCCCCCC)cc2)cc1.Cl.Cl,"['Antifungal', 'Bactericidal', 'Synergistic', 'Antimicrobial Peptide', 'Anti-Trichomonas', 'Membrane Permeabilizing', 'Haemolytic Activity', 'Topical Antimicrobial', 'Phospholipase B1 Inhibitor']"
CHEMBL3707330,C[C@@H](OC[C@@]1(c2ccccc2)CC[C@]2(CCC(=O)N2)CN1)c1cc(C(F)(F)F)cc(C(F)(F)F)c1.Cl.O,['NK1/NK3 Antagonist']
CHEMBL3989867,O=C(NCc1c(F)cc(F)cc1F)c1cn2c(c([O-])c1=O)C(=O)N1[C@H]3CC[C@H](C3)O[C@@H]1C2.[Na+],['HIV Integrase Inhibitor']
CHEMBL427683,COc1ccc(C)c(OC(CCN2CCC(n3c(=O)[nH]c4ccccc43)CC2)C(C)C)c1,"['Analgesic', 'NOP Receptor Agonist', 'Sedative', 'ORL1 Agonist']"
CHEMBL4289017,CC(=O)NCC(=O)N1[C@@H]2CC[C@H]1c1ccc(Nc3ncc(C(F)(F)F)c(NC4CCC4)n3)cc12,[]
CHEMBL4650277,CC(C)(C)NCCNc1ccc(C2=NN=C(C(F)(F)F)C2)nc1C1CCN(c2ncnc3c2C(C)(C)C(=O)N3)CC1,[]
CHEMBL479,CSc1ccc2c(c1)N(CCC1CCCCN1C)c1ccccc1S2,"['Anti-Tuberculosis', 'hERG Inhibitor', 'hERG K+ Channel Blocker', 'NDH-2 Inhibitor', 'Aldehyde Oxidase Inhibitor', 'CNS Drug Partitioning', 'Efflux Inhibitor']"
CHEMBL4802247,CC(=O)O.NCC(=O)Nc1cncc(-c2nn3c(=O)cc(N4CCNCC4)nc3s2)c1,[]
CHEMBL486208,CC1(C)[C@@H]2CC[C@@]1(C)[C@@H](O)C2,[]
CHEMBL48802,C[S+]([O-])CCCCN=C=S,[]
CHEMBL493287,N[C@H]1C(O)O[C@H](CO)[C@@H](O)[C@@H]1O,[]
CHEMBL501867,CC[C@]1(O)C[C@H]2CN(CCc3c([nH]c4ccccc34)[C@@](C(=O)OC)(c3cc4c(cc3OC)N(C=O)[C@H]3[C@@](O)(C(=O)OC)[C@H](OC(C)=O)[C@]5(CC)C=CCN6CC[C@]43[C@@H]65)C2)C1.O=S(=O)(O)O,"['Cytotoxic', 'Antitumor', 'Antiproliferative', 'Tubulin Inhibitor', 'Vascular-Disrupting', 'Anti-Vascular', 'Tubulin Interaction']"
CHEMBL523,O=C1CN=C(c2ccccc2)c2cc(Cl)ccc2N1,[]
CHEMBL69308,CC(C(=O)O)c1ccc(/C=C2\CCCCC2=O)cc1,['Anti-Inflammatory']
CHEMBL839,CC(C)(C)NCC(O)COc1cccc2c1CCC(=O)N2,[]
CHEMBL107,COc1cc2c(c(OC)c1OC)-c1ccc(OC)c(=O)cc1[C@@H](NC(C)=O)CC2,"['Cytotoxic', 'Tubulin Binder', 'Microtubule-Binding']"
CHEMBL113,Cn1c(=O)c2c(ncn2C)n(C)c1=O,['Adenosine Receptor Antagonist']
CHEMBL1200503,CC(C)C[C@H]1C(=O)N2CCC[C@H]2[C@]2(O)O[C@](NC(=O)[C@@H]3C=C4c5cccc6[nH]c(Br)c(c56)C[C@H]4N(C)C3)(C(C)C)C(=O)N12.CS(=O)(=O)O,"['Zika Virus Protease Inhibitor', 'Prolactin-Inhibitor']"
CHEMBL1200545,CC(=O)OCC(=O)[C@@]1(OC(C)=O)[C@@H](C)C[C@H]2[C@@H]3C[C@H](F)C4=CC(=O)C=C[C@]4(C)[C@@]3(F)[C@@H](O)C[C@@]21C,"['Anti-Inflammatory', 'Topical Antiinflammatory']"
CHEMBL1201780,NC(=O)N[C@@H](CCC(=O)O)C(=O)O,['Chemokine Inhibitor']
CHEMBL1213252,O=C(O)C1N=C(c2ccccc2)c2cc(Cl)ccc2NC1=O,[]
CHEMBL1236395,OC[C@H]1O[C@H](O[C@H]2O[C@H](CO)[C@@H](O)[C@H](O)[C@H]2O)[C@H](O)[C@@H](O)[C@@H]1O,"['Immune Response Modulator', 'Cryptosporidium parvum Inhibitor']"
CHEMBL1697759,O=C(NCN1CCOCC1)c1cnccn1,['Anti-Tuberculosis']
CHEMBL1906890,CC[C@H]1CN2CCC1C[C@@H]2[C@@H](O)c1ccnc2ccc(OC)cc12,"['Antibiotic', 'Antimalarial', 'ATP Synthase Inhibitor', 'Anti-Dengue']"
CHEMBL1908391,Cc1ccc(NC(=O)c2ccc(CN3CCN(C)CC3)cc2)cc1Nc1nc(-c2cccnc2)cs1,[]
CHEMBL2063215,N#Cc1ccc(Oc2cccc(NC(=O)Nc3ccc(Cl)c(C(F)(F)F)c3)c2)cc1,[]
CHEMBL2103810,CCOC(=O)[C@@H](N)CCC(=O)N[C@@H](CSCc1ccccc1)C(=O)N[C@@H](C(=O)OCC)c1ccccc1.Cl,[]
CHEMBL2104153,CC(CN(C)C)CN1c2ccccc2Sc2ccc(C#N)cc21,['Trypanothione Reductase Inhibitor']
CHEMBL2104722,N=C(NC(=N)N1CCN(C(=N)NC(=N)Nc2ccc(Cl)cc2)CC1)Nc1ccc(Cl)cc1,[]
CHEMBL2146110,Cl.Fc1ccc(-c2cncc(CNC[C@H]3CCc4ccccc4O3)c2)cc1,['5-HT 1A Receptor Agonist']
CHEMBL2312181,CN1CCC(c2c(O)cc(O)c3c(=O)cc(-c4ccccc4)oc23)C1CO,"['CDK1/CDK2 Inhibitor', 'CDK Inhibitor', 'Cancer Therapeutic', 'CDK9 Inhibitor']"
CHEMBL313155,[Cl-].[Cl-].c1ccc(-c2nn(-c3ccccc3)[n+](-c3ccc(-c4ccc(-[n+]5nc(-c6ccccc6)nn5-c5ccccc5)cc4)cc3)n2)cc1,['Antiplasmodial']
CHEMBL3301618,CCCN(CCC)C(=O)C1=Cc2ccc(-c3ccc(C(=O)N4CCCC4)cc3)cc2N=C(N)C1,[]
CHEMBL3357685,Cc1c(NS(=O)(=O)c2c(Cl)cc(-c3ccnc(N4CCNCC4)c3)cc2Cl)c(CC(C)C)nn1C,['Trypanosomiasis Treatment']
CHEMBL3707373,CN[C@H](C)CCC=C(C)C.CN[C@H](C)CCC=C(C)C.O=C(O)[C@@H](O)[C@H](O)[C@@H](O)[C@@H](O)C(=O)O,[]
CHEMBL398440,Cc1cc(O)cc(C)c1Cl,[]
CHEMBL44657,COc1cc([C@@H]2c3cc4c(cc3[C@@H](O[C@@H]3O[C@@H]5CO[C@@H](C)O[C@H]5[C@H](O)[C@H]3O)[C@H]3COC(=O)[C@H]23)OCO4)cc(OC)c1O,"['Cytotoxic', 'Antitumor', 'DNA Topoisomerase II Inhibitor', 'Topoisomerase II Poison']"
CHEMBL5095224,Cc1cnc(-c2cc(O[C@@H]3CCOC3)cc(C(=O)N[C@H](C)c3cnc(C(F)(F)F)nc3)c2)s1,[]
CHEMBL5314517,COc1cc(-c2ccc(CN[C@H]3C[C@@H](O)[C@@H](N(C)c4ncnc5sc(CC(F)(F)F)cc45)C3)cc2)nnc1OC,['Menin-MLL1 Inhibitor']
CHEMBL5314932,COc1ccc(-c2nc([C@@H](C)Sc3nc(N)cc(N)n3)c(C)s2)cc1OCCN1CCOCC1,['dCK Inhibitor']
CHEMBL544665,CCCCCCCCc1ccc(CCC(N)(CO)CO)cc1.Cl,"['S1P1 Agonist', 'Immunosuppressant']"
CHEMBL648,CN1CCN(C(c2ccccc2)c2ccccc2)CC1,['Phospholipidosis Inducer']
CHEMBL989,CC1(C)O[C@@H]2C[C@H]3[C@@H]4C[C@H](F)C5=CC(=O)C=C[C@]5(C)[C@@]4(F)[C@@H](O)C[C@]3(C)[C@]2(C(=O)CO)O1,"['Anti-Inflammatory', 'Glucocorticoid Agonist', 'Topical Antiinflammatory']"
CHEMBL1076263,CS(=O)(=O)Nc1ccc2c(c1)S(=O)(=O)N=C(C1=C(O)[C@@H]3[C@H]4CC[C@H](C4)[C@@H]3N(Cc3ccc(F)cc3)C1=O)N2,"['Antiviral', 'HCV NS5b Polymerase Inhibitor']"
CHEMBL1200936,CC1(C)S[C@@H]2[C@H](NC(=O)Cc3ccccc3)C(=O)N2[C@H]1C(=O)O.CCN(CC)CCOC(=O)c1ccc(N)cc1.O,[]
CHEMBL1363,COc1ccc(C[C@@H](C)NC[C@H](O)c2ccc(O)c(NC=O)c2)cc1,"['Beta(3)-Adrenergic Agonist', 'Bronchodilator', 'COPD', 'Beta-AR Agonist', 'Long-Acting']"
CHEMBL14762,CC[C@H](CO)Nc1nc(NCc2ccccc2)c2ncn(C(C)C)c2n1,['CDK Inhibitor']
CHEMBL198877,Oc1ccc([C@H]2COc3cc(O)ccc3C2)cc1,[]
CHEMBL2104786,CC(C)(CO)[C@@H](O)C(=O)NCCC(=O)NCCSSCCNC(=O)CCNC(=O)[C@H](O)C(C)(C)CO,[]
CHEMBL2104962,Cc1ccc(S(=O)(=O)O)cc1.N#C[C@@H]1C[C@H](F)CN1C(=O)[C@@H](N)C(c1ccc(F)cc1)c1ccc(F)cc1,['DPPIV Inhibitor']
CHEMBL2105758,O=C(Nc1nc(-c2cc(Cl)cs2)c(N2CCN(C3CCCCC3)CC2)s1)c1cnc(N2CCC(C(=O)O)CC2)c(Cl)c1.O=C(O)/C=C\C(=O)O,['M1 mAChR PAM']
CHEMBL2106060,COc1ccc(CCNCC(O)COc2cccc(C)c2)cc1OC.Cl,['Beta-Adrenoceptor Blocker']
CHEMBL2106618,Cc1cc(C(=O)NCCc2ccc(S(=O)(=O)NC(=O)NN3CCCCCC3)cc2)no1,['Hypoglycemic']
CHEMBL2219642,[Cl-].[Cl-].[Mg+2],"['Antibiotic', 'Antimalarial', 'Antimicrobial', 'Neuroprotective', 'Carbonic Anhydrase Inhibitor', 'Anti-Trypanosomal', 'Vasodilator', 'Cytoprotective', 'Vasorelaxant', 'Cardioprotective', 'Cardiovascular', 'CA I Inhibitor', 'Type 2 Diabetes Treatment', 'H2S Donor', 'Carbonic Anhydrase', 'NMDAR Antagonist', 'Osteoblast Stimulator', 'Hydrogen Sulfide Donor', 'Mood Disorder', 'CO2 Hydrase', 'Beta-CA Inhibitor', 'Carbonic Anhydrase IV Inhibitor', 'IFN-Gamma Inhibitor', 'Anion Inhibitor', 'H2S-Releasing', 'DNA Cleaving Agent', 'Carbonic Anhydrase XV Inhibitor', 'Tau Protein Inhibitor', 'TASK Channel Modulator', 'HD', 'Glycogen Synthase Activator']"
CHEMBL254328,C[C@]12CC[C@H](O)CC1=CC[C@@H]1[C@@H]2CC[C@]2(C)C(c3cccnc3)=CC[C@@H]12,"['Androgen Receptor Modulator', 'CYP17A1 Inhibitor', '17 alpha-hydroxylase/C17,20-lyase Inhibitor', 'Androgen Biosynthesis Inhibitor', 'Androgen Biosynthesis']"
CHEMBL281594,Fc1ccc(C(OCCN2CCN(CCCc3ccccc3)CC2)c2ccc(F)cc2)cc1,"['Dopamine Transporter Ligand', 'Dopamine Reuptake Inhibitor', 'VMAT2 Ligand', 'SERT Binding', 'Cocaine Abuse Therapy']"
CHEMBL285123,N[C@H](CO)C(=O)O,"['PKM2 Activator', 'mGluR Agonist', 'NMDA Receptor Agonist', 'Glutamine Synthetase Inhibitor', 'PKM2 Inhibitor', 'Riboswitch Ligand', 'Amino Acid Transporter', 'Inhibitor', 'Glycine Agonist', 'hPAT1 Substrate']"
CHEMBL307739,CNCCc1ccc(OC(=O)C(C)C)c(OC(=O)C(C)C)c1,[]
CHEMBL3137314,CC#CC[C@H](C)[C@H](O)/C=C/[C@@H]1[C@H]2c3cccc(CCCC(=O)O)c3O[C@H]2C[C@H]1O,"['Antiplatelet Aggregation Inhibitor', 'Thromboxane A2 Receptor Antagonist', 'Prostacyclin Receptor Agonist', 'DP1 Antagonist', 'Prostanoid Receptor Ligand']"
CHEMBL3545224,Nc1cc(N2CCN(CCP(=O)(O)O)CC2)nc(NCC2CCC(CNCCCNC3CCCCC3)CC2)n1,['CXCR-4 Antagonist']
CHEMBL3701238,C=CC(=O)N1CC[C@H](n2nc(C#Cc3cc(OC)cc(OC)c3)c3c(N)ncnc32)C1,[]
CHEMBL3989689,CC(C)[C@@H](CC[C@@H](C)[C@H]1CC[C@H]2[C@@H]3[C@H](O)C[C@H]4C[C@@H](NCCCNCCCCN)CC[C@]4(C)[C@H]3CC[C@]12C)OS(=O)(=O)O.C[C@H](O)C(=O)O.O,[]
CHEMBL4297438,O=C(O)/C=C\C(=O)O.OC1CN(CCCOCCc2ccc3sccc3c2)C1,[]
CHEMBL4297610,C[C@H](Nc1ccc(C#N)n(C)c1=O)c1cc2cc(Cl)ccc2[nH]c1=O,[]
CHEMBL436,COc1ccc2c(C(=S)N(C)CC(=O)O)cccc2c1C(F)(F)F,['Aldose Reductase Inhibitor']
CHEMBL4584965,Cl[TeH]1(Cl)(Cl)OCCO1.N,[]
CHEMBL520733,CC(C)[C@H](O)C(=O)N[C@@H](C)C(=O)N[C@@H]1C(=O)N(C)CCc2ccccc21,"[""Alzheimer's Disease"", 'Gamma Secretase Inhibitor', 'Notch-Sparing']"
CHEMBL5314471,N[C@@H]1c2ccccc2OC12CCN(c1cnc3c(N4CCCc5ncccc54)nnc-3[nH]1)CC2,[]
CHEMBL5314590,COc1ccccc1Oc1c([N-]S(=O)(=O)c2ccc(C)cn2)nc(-c2ccnc(-c3nnn[n-]3)c2)nc1OCCO.[Na+].[Na+],['Endothelin A Receptor Antagonist']
CHEMBL64545,CN(C)CCOC(=O)COc1ccc(Cl)cc1,[]
CHEMBL968,CCN(CC)CCN1C(=O)CN=C(c2ccccc2F)c2cc(Cl)ccc21,['Antianxiety']
CHEMBL1072,CCCCNc1cc(C(=O)O)cc(S(N)(=O)=O)c1Oc1ccccc1,['Diuretic']
CHEMBL109480,C=CCNC1=C2C[C@@H](C)C[C@H](OC)[C@H](O)[C@@H](C)/C=C(\C)[C@H](OC(N)=O)[C@@H](OC)/C=C\C=C(/C)C(=O)NC(=CC1=O)C2=O,['ErbB-2 Inhibitor']
CHEMBL1190199,CN(C(=O)C(c1ccccc1)c1ccccc1)[C@H](CN1CC[C@H](O)C1)c1ccccc1,[]
CHEMBL12089,COc1ccc2cc3[n+](cc2c1OC)CCc1cc2c(cc1-3)OCO2.[Cl-],"['Neuraminidase Inhibitor', 'Cholesterol Lowering', 'LDL Receptor Up-regulator', 'RXRAlpha Activator', 'MDR Pump Inhibitor']"
CHEMBL15797,c1cnccn1,[]
CHEMBL170,C=C[C@H]1CN2CC[C@H]1C[C@H]2[C@H](O)c1ccnc2ccc(OC)cc12,"['Cytotoxic', 'Antimalarial', 'Anti-Tuberculosis', 'Antimicrobial', 'Anti-mycobacterial', 'Antidepressant', 'HCV NS5b Polymerase Inhibitor', 'Anti-Leishmanial', 'Antiplasmodial', 'Anti-Trypanosomal', 'P-glycoprotein Inhibitor', 'HIV NNRTI', 'Neuraminidase Inhibitor', 'Antiarrhythmic', 'CYP3A4 Inhibitor', 'P-gp Modulator', 'hERG Inhibitor', 'Efflux Pump Inhibitor', 'CYP51 Inhibitor', 'Mycobacterium tuberculosis Inhibitor', '5-HT Ligand', 'MDR-Modulator', 'CYP450 Inhibitor', 'Cyp11B1 Inhibitor', '5-HT Agonist', 'Aldosterone Synthase Inhibitor', 'ATP Synthase Inhibitor', 'Antiamoebic', 'ABCB1 Inhibitor', 'Cytochrome P450 2D6 Inhibitor', 'Hypouricemic', 'P-glycoprotein Substrate', 'Chikungunya Inhibitor', 'Ebola Virus Inhibitor', 'HSA-Binding', 'Spermicidal', 'Anti-Dengue', 'DHPS Inhibitor', 'Heme-Binding', 'Bacteriostatic', 'Organic Cation Transporter', 'SKCa Channel Blocker', 'CYP3A4 Inducer', 'Pgp Substrate', 'CYP2J2 Inhibitor', 'mAChR5 Ligand', 'M5 Positive Allosteric Modulator', 'OATP Inhibitor', 'Chemotherapy', 'Microbicidal', 'Multitarget-Directed Ligand', 'CYP3A Substrate', 'Organic Cation Transporter 2 Inhibitor', 'Dopamine Agent', 'SerB653 Inhibitor', 'Anti-Ulcer', 'CNS Drug Partitioning', 'Tryptophanyl tRNA Synthetase Inhibitor', 'Benzodiazepine Affinity', 'hBChE Inhibitor', 'GIRK Channel Modulator', 'Gastric Acid Stimulator', 'Phospholipase Activator', 'Arachidonic Acid Release', 'OX2 Receptor Agonist', 'OX1 Receptor Agonist']"
CHEMBL190083,C[C@@H](C(=O)O)c1ccc(-c2ccccc2)c(F)c1,"['Anti-Inflammatory', 'Analgesic', 'Antioxidant', 'COX2 Inhibitor', ""Alzheimer's Disease"", 'Amyloid-Beta Aggregation Inhibitor', 'Gamma-Secretase Modulator', 'COX1⧹2 Inhibitor', ""Alzheimer's Treatment"", 'NSAID', 'IL-8 Inhibitor', 'HSA-Binding', 'Biometal Chelator', 'Amyloidogenesis Inhibitor', 'ABeta Inhibitor', 'Inflammatory Diseases', 'Notch Inhibitor', 'Skin Permeation', 'CXCL8 Inhibitor', 'TTR Inhibitor']"
CHEMBL1908394,C[C@@H](Oc1cc(-n2cnc3ccc(CN4CCN(C)CC4)cc32)sc1C(N)=O)c1ccccc1C(F)(F)F,"['Plk2 Inhibitor', 'Nek1 Inhibitor']"
CHEMBL2059028,COc1cc(C(=O)C(=O)N(C)[C@@H](Cc2ccc(Cl)cc2)C(=O)N(Cc2ccccc2)C(CCc2ccncc2)CCc2ccncc2)cc(OC)c1OC,['FKBP12 Ligand']
CHEMBL2103807,CC(C)Cn1cnc2c(N)nc3cccnc3c21,"['IFN Inducer', 'TLR7/8/9 Antagonist']"
CHEMBL2107073,CO[C@H]1CCC[C@H]2C1=C(C(=O)OC(C)OC(=O)OC1CCCCC1)N1C(=O)[C@H]([C@@H](C)O)[C@@H]21,[]
CHEMBL2140408,Cc1csc(-c2nnc(Nc3ccc(Oc4ncccc4-c4ccnc(N)n4)cc3)c3ccccc23)c1,[]
CHEMBL296913,CCC(=O)[N-]S(=O)(=O)c1ccc(-c2c(-c3ccccc3)noc2C)cc1.[Na+],[]
CHEMBL3121849,COC(=O)N[C@H](C(=O)N1CCC[C@H]1c1nc(-c2ccc3cc(-c4ccc5[nH]c([C@@H]6CCCN6C(=O)[C@@H](NC(=O)OC)C(C)C)nc5c4)ccc3c2)c[nH]1)C(C)C,['HCV NS5b Polymerase Inhibitor']
CHEMBL3183075,CNC(=C[N+](=O)[O-])NCCSCc1csc(CN(C)C)n1,"['Anti-H. pylori', 'Histamine H2-Receptor Antagonist', 'H4 Receptor Antagonist', 'VDR-Coactivator Inhibitor', 'Nitroreductase Substrate', 'Cell Wall Synthesis Inhibitor', 'Gli1 Inhibitor', 'Membrane Permeability', 'Transcription Modulator', 'Gastric Mucosal Protectant', 'C. difficile', 'VRSA']"
CHEMBL3184512,CCC[C@@H]1C[C@@H](C(=O)N[C@@H]([C@H]2O[C@H](SC)[C@H](OP(=O)(O)O)[C@@H](O)[C@H]2O)[C@H](C)Cl)N(C)C1,['Antibiotic']
CHEMBL3298910,CCc1nc2ccc(Cl)cn2c1C(=O)NCc1ccc(N2CCC(c3ccc(OC(F)(F)F)cc3)CC2)cc1,['Anti-Tuberculosis']
CHEMBL3301595,N[C@@H]1CC[C@@H](c2ccc(Cl)c(Cl)c2)c2ccccc21,[]
CHEMBL33845,Oc1ccc(Cl)cc1Cc1cc(Cl)ccc1O,[]
CHEMBL35,NS(=O)(=O)c1cc(C(=O)O)c(NCc2ccco2)cc1Cl,"['Carbonic Anhydrase Inhibitor', 'Amyloid-Beta Aggregation Inhibitor', ""Alzheimer's Disease Therapeutic"", 'Saluretic', 'Salidiuretic', 'Neuroinflammation Modulator']"
CHEMBL3544988,O=C(O)CNC(=O)C1C(=O)N(C2CCCCC2)C(=O)N(C2CCCCC2)C1=O,[]
CHEMBL3646118,O=c1c(-n2ccnn2)c[nH]n1-c1cc(N2CCOCC2)ncn1,"['HIF PHD Inhibitor', 'Anemia Treatment', 'Collagen Prolyl 4-Hydroxylase Inhibitor']"
CHEMBL3702854,CC(C)(/C=C(\C#N)C(=O)N1CCC[C@@H](n2nc(-c3ccc(Oc4ccccc4)cc3F)c3c(N)ncnc32)C1)N1CCN(C2COC2)CC1,['BTK Inhibitor']
CHEMBL3833375,O.O.O.O.O.O.O.O.O.O.[Na+].[Na+].[O-]B1OB2OB([O-])OB(O1)O2,"['Antimalarial', 'Carbonic Anhydrase Inhibitor', 'Anti-Trypanosomal', 'Carbonic Anhydrase', 'CO2 Hydrase', 'Beta-CA Inhibitor', 'Anion Inhibitor']"
CHEMBL3833413,CCCCC1C(=O)N(C)N(C)C1=O.CCN(CC)CCNC(=O)COc1ccc(Cl)cc1,[]
CHEMBL3991065,C[C@@H]1[C@H](c2c(F)ccc(F)c2F)C[C@H](NC(=O)c2cnc3c(c2)C[C@@]2(C3)C(=O)Nc3ncccc32)C(=O)N1CC(F)(F)F,"['CGRP Receptor Antagonist', 'Migraine Treatment']"
CHEMBL4059888,Cc1cc(F)cc(C)c1C(=O)c1sc2cc(O)ccc2c1Oc1ccc(/C=C/C(=O)O)cc1,"['Breast Cancer', 'SERD', 'Estrogen Receptor Degrader', 'Estrogen Receptor Downregulator']"
CHEMBL4297641,C/C(=N\NC(=O)c1cccc(S(=O)(=O)N2CCN(C)CC2)c1)c1cc(Cl)ccc1O,"['Anticancer', 'Apoptosis Inducer', 'LSD1 Inhibitor', 'Histone Demethylase Inhibitor']"
CHEMBL4297646,Fc1cc(F)c(OCc2ccccc2C2CCNCC2)c(F)c1,"['Norepinephrin Reuptake Inhibitor', '5-HT1R Partial Agonist']"
CHEMBL4582651,CO[C@]1(C(=O)N[C@@H](C)c2ccc(-n3cc(F)cn3)nc2)CC[C@H](c2nc(C)cc(Nc3cc(C)[nH]n3)n2)CC1,[]
CHEMBL4651002,Cc1cn(C(=O)c2c(-c3c(Cl)cc(Cl)cc3Cl)noc2C(C)(C)F)c2cccc(/C=C/C(=O)O)c12,['FXR Partial Agonist']
CHEMBL488,CCC1(c2ccc(N)cc2)CCC(=O)NC1=O,"['Aromatase Inhibitor', 'Mammary Tumor Inhibitor', 'Breast Cancer Treatment', 'Estrogen Biosynthesis Inhibitor', 'QR2 Inhibitor', '11Beta-hydroxylase Inhibitor', 'P450 17a Inhibitor']"
CHEMBL77101,CCNCCCCNCCCCNCCCCNCC,"['Antitumor', 'Antineoplastic', 'NMDA Receptor Ligand', 'Antidiarrheal', 'Polyamine Transport Ligand', 'Growth Arrest', 'Polyamine Metabolism']"
CHEMBL1076211,Cc1ccc(C(=O)C(C)CN2CCCCC2)cc1,[]
CHEMBL1198855,CC(C)(CC1Cc2ccccc2C1)NC[C@@H](O)COc1cc(CCC(=O)O)cc(F)c1F,[]
CHEMBL1200,CCCCOc1cc(C(=O)OCCN(CC)CC)ccc1N,[]
CHEMBL1201002,CC(C)(C)NCC(O)COc1cccc2c1CCC(=O)N2.Cl,['Beta-Adrenoceptor Blocker']
CHEMBL1237119,CCCCC[C@H](O)CC[C@@H]1[C@H]2Cc3cccc(OCC(=O)O)c3C[C@H]2C[C@H]1O,['DP1 Antagonist']
CHEMBL1241951,COc1cccc(N2CCN(C3=Nc4c(F)cccc4[C@H](CC(=O)O)N3c3cc(C(F)(F)F)ccc3OC)CC2)c1,[]
CHEMBL13291,CN1C(=O)CN=C(c2ccccc2F)c2cc(Cl)ccc21,[]
CHEMBL1353,O=C([O-])O.[Na+],"['Antimalarial', 'Carbonic Anhydrase Inhibitor', 'CA I Inhibitor', 'Type 2 Diabetes Treatment', 'H. pylori', 'Carbonic Anhydrase', 'NaPi2b Inhibitor', 'CO2 Hydrase', 'Beta-CA Inhibitor', 'Carbonic Anhydrase IV Inhibitor', 'Anion Inhibitor', 'Carbonic Anhydrase XV Inhibitor', 'HD']"
CHEMBL1409,COCCCC/C(=N\OCCN)c1ccc(C(F)(F)F)cc1.O=C(O)/C=C\C(=O)O,[]
CHEMBL1476022,CC(=O)O[C@]1(C(C)=O)CC[C@H]2[C@@H]3C=C(C)C4=CC(=O)CC[C@@H]4[C@H]3CC[C@@]21C,"['Progesterone Receptor Agonist', 'Progesterone Receptor Ligand']"
CHEMBL1628227,CN(C)CCC=C1c2ccccc2COc2ccccc21,"['Antidepressant', 'CNS Drug Partitioning']"
CHEMBL1697744,O=C(O)CSCC(=O)NC1CCSC1=O,[]
CHEMBL1741078,CC1CCC(C(=O)N(c2cc(-c3ccccc3)sc2C(=O)O)C2CCC(O)CC2)CC1,"['HCV NS5b Polymerase Inhibitor', 'HCV Inhibitor', 'NS5B RdRp Inhibitor']"
CHEMBL1908359,O=P([O-])([O-])F.[Na+].[Na+],"['Antimalarial', 'Carbonic Anhydrase Inhibitor', 'CA I Inhibitor', 'Carbonic Anhydrase', 'NaPi2b Inhibitor', 'CO2 Hydrase', 'Beta-CA Inhibitor', 'Intestinal Permeability', 'Anion Inhibitor', 'Carbonic Anhydrase XV Inhibitor']"
CHEMBL1921976,CNC(=O)c1ccc2cc([C@@]3(O)CCn4cncc43)ccc2c1,"['Prostate Cancer', 'CYP17A1 Inhibitor']"
CHEMBL2103860,COC(=O)[C@H](c1ccccc1)N1CCC(c2ccc(NC(=O)c3ccccc3-c3ccc(C(F)(F)F)cc3)cc2)CC1,['MTP Inhibitor']
CHEMBL2105435,CC(C)(Oc1ccc(Cl)cc1)C(=O)OCCCOC(=O)C(C)(C)Oc1ccc(Cl)cc1,['Hypolipidemic']
CHEMBL211471,CN(C)C(=O)Oc1cccc([N+](C)(C)C)c1.COS(=O)(=O)[O-],['Acetylcholinesterase Inhibitor']
CHEMBL258734,CC(C)(C)OC(=O)N[C@H]1CCCCC/C=C\[C@@H]2C[C@@]2(C(=O)NS(=O)(=O)C2CC2)NC(=O)[C@@H]2C[C@@H](OC(=O)N3Cc4cccc(F)c4C3)CN2C1=O,"['HCV Inhibitor', 'HCV NS3 Protease Inhibitor', 'NS3-4A Protease Inhibitor']"
CHEMBL303960,COCc1cccc(C[C@H](O)/C=C/[C@H]2[C@H](O)CC(=O)[C@@H]2CCSCCCC(=O)OC)c1,['EP4 Receptor Agonist']
CHEMBL31634,O=c1[nH]c(=O)n([C@H]2C[C@H](O)[C@@H](CO)O2)cc1/C=C/Br,"['Anticancer', 'Cytotoxic', 'Antitumor', 'Antiviral', 'Cytostatic', 'Thymidine Phosphorylase Inhibitor', 'Thymidine Kinase Inhibitor', 'Antiherpes', 'Nitric Oxide Donor', 'Anti-Herpes', 'Anti-VZV', 'HSV-1 TK Inhibitor', 'Anti-EBV', 'TP Inhibitor', 'Anti-HSV']"
CHEMBL3187812,CC(=O)S[C@H](C(=O)N[C@H]1Cc2ccccc2[C@H]2CCC[C@@H](C(=O)O)N2C1=O)C(C)C,[]
CHEMBL3634561,O=c1nc(OCCc2ccc(Oc3ccc(Cl)c(C(F)(F)F)c3)cc2)[nH]cc1Cc1cncnc1,['Lp-PLA2 Inhibitor']
CHEMBL36633,NC(=O)CN1CC(O)CC1=O,[]
CHEMBL3707403,CCCCc1oc2ccc(C(=O)OC(C)C)cc2c1C(=O)c1ccc(CCCN(CCCC)CCCC)cc1,[]
CHEMBL3786182,O=C(O)c1ccc(CN2CCC(CN[C@@H]3C[C@H]3c3ccccc3)CC2)cc1,['LSD1 Inhibitor']
CHEMBL3989923,O=C([O-])C[C@H](O)C[C@H](O)/C=C/c1c(C2CC2)nc2ccccc2c1-c1ccc(F)cc1.O=C([O-])C[C@H](O)C[C@H](O)/C=C/c1c(C2CC2)nc2ccccc2c1-c1ccc(F)cc1.[Mg+2],"['HMG-CoA Reductase Inhibitor', 'Cholesterol Synthesis Inhibitor']"
CHEMBL4297264,C1=Cc2ccccc2NN=C1,[]
CHEMBL4297276,CC1=Nc2ccc(Cl)cc2S(=O)(=O)[N-]1.C[N+](C)(C)CCO,[]
CHEMBL4297677,Br.C[C@@H](O)[C@H]1C(=O)N2C(C(=O)OCOC(=O)C(C)(C)C)=C(SC3CN(C4=NCCS4)C3)[C@H](C)[C@H]12,[]
CHEMBL4298153,Br.Br.CCC[C@H](N[C@H]1CCc2cc(F)cc(F)c2C1)C(=O)Nc1cn(C(C)(C)CNCC(C)(C)C)cn1,[]
CHEMBL4650336,COc1ccc([C@H]2c3[nH]c4ccc(Cl)cc4c3CCN2C(=O)Oc2ccc(Cl)cc2)cc1,[]
CHEMBL5095189,CC(C)C(=O)N1CCC[C@]12CN([C@H](C(N)=O)[C@@H](C)O)C2=O,[]
CHEMBL5095232,Cc1cc2c(-c3ccccc3F)nc(N3CCNCC3)nc2s1.Cl.O,[]
CHEMBL5303393,O=C(O)C(O)C(O)C(=O)O.c1cnc2cc3c(cc2n1)[C@@H]1CNC[C@H]3C1,[]
CHEMBL5314385,CCc1ccc(CSc2ccc(NS(=O)(=O)c3ccc(C)c(C(=O)O)c3)cc2)cc1,['Bfl-1 Inhibitor']
CHEMBL539,CC(=O)O,"['Toxic', 'Neurotoxicity', 'FFA3 Modulator']"
CHEMBL778,Cc1cccc([C@H](C)c2c[nH]cn2)c1C,['TAAR1 Agonist']
CHEMBL1095607,Cn1c(=O)c2c(ncn2CCCNCC(O)c2cc(O)cc(O)c2)n(C)c1=O,['Beta(3)-Adrenergic Agonist']
CHEMBL1201155,CN1CCN(C2=Nc3ccccc3Oc3ccc(Cl)cc32)CC1.O=C(O)CCC(=O)O,[]
CHEMBL1201191,O=C(O)COCCN1CCN([C@H](c2ccccc2)c2ccc(Cl)cc2)CC1,"['H1 Receptor Antagonist', 'hERG Channel Inhibitor', 'Histamine H1 Receptor Antagonist', 'Histone Deacetylase-6 Inhibitor', 'Histamine Receptor Antagonist', 'H4 Receptor Antagonist', 'IKr Channel Blocker', 'Antihistamine', 'HERG Inhibitor', 'Histamine H1-Receptor Agonist']"
CHEMBL1201356,CC[C@@H](CO)NC(=O)[C@@H]1C=C2c3cccc4[nH]cc(c34)C[C@H]2N(C)C1,"['5-HT2A/2C Agonist', '5-HT2A Receptor Ligand', '5-HT(7) Receptor Antagonist', '5-HT(1B/1D) Agonist', '5-HT6 Agonist', 'Adenylyl Cyclase Inhibitor', 'Psychotropic', 'Neuropeptide Y5 Receptor Ligand', 'Psychotomimetic', 'Serotonin Receptor', 'Gastrokinetic', 'Anti-Migraine']"
CHEMBL1230866,[Ag+],"['Antibiotic', 'Antimalarial', 'Antimicrobial', 'Neuroprotective', 'Carbonic Anhydrase Inhibitor', 'Antihypertensive', 'Anti-Trypanosomal', 'Vasodilator', 'PDE10a Inhibitor', 'Cytoprotective', 'Vasorelaxant', 'Cardioprotective', 'Cardiovascular', 'CA I Inhibitor', 'Type 2 Diabetes Treatment', 'Matriptase Inhibitor', 'CD73 Inhibitor', 'Nootropic', 'H. pylori', 'Tau Phosphorylation Inhibitor', 'H2S Donor', 'Carbonic Anhydrase', 'Amnesia-Reversal', 'NMDAR Antagonist', 'Osteoblast Stimulator', 'Hydrogen Sulfide Donor', 'Mood Disorder', 'Insulin Release Stimulator', 'CO2 Hydrase', 'Beta-CA Inhibitor', 'GPR39 Agonist', 'Carbonic Anhydrase IV Inhibitor', 'IFN-Gamma Inhibitor', 'Cu Chelator', 'Anion Inhibitor', 'H2S-Releasing', 'DNA Cleaving Agent', 'Carbonic Anhydrase XV Inhibitor', 'Tau Protein Inhibitor', 'HD', 'Glycogen Synthase Activator']"
CHEMBL1236524,Nc1ncnc2c([C@@H]3N[C@H](CO)[C@@H](O)[C@H]3O)c[nH]c12,"['Purine Nucleoside Phosphorylase Inhibitor', 'Nucleoside Hydrolase Inhibitor', 'Polyamine Biosynthesis Inhibitor']"
CHEMBL1237212,O=C1OC(=O)[C@H]2[C@@H]1[C@H]1CC[C@H]2O1,"['Protein Phosphatase Inhibitor', 'PP1 Inhibitor']"
CHEMBL1261,O=C(O)CC(O)(CC(=O)O)C(=O)O,"['HIF PHD Inhibitor', 'FTO Inhibitor', 'ATP Citrate Lyase Inhibitor', 'ALKBH5 Inhibitor']"
CHEMBL1351474,CC1=CC(=O)[N-]S(=O)(=O)O1.[K+],"['Carbonic Anhydrase Inhibitor', 'hCA IX/XII Inhibitor', 'Sweetener']"
CHEMBL1454946,COC(=O)Nc1nc2cc(C(=O)c3ccc(F)cc3)ccc2[nH]1,"['Antineoplastic', 'Anti-Filarial', 'Tubulin-binding']"
CHEMBL1701,CCOC(=O)C1(c2ccccc2)CCN(C)CC1.Cl,"['Analgesic', 'Opioid Receptor Agonist', 'Tranquilizing', 'Opioid Agonist-Antagonist']"
CHEMBL2103768,CN(C(=O)C(Cl)Cl)c1ccc(O)cc1,['Antiamebic']
CHEMBL2105935,C[N+](C)(C)CCO.O=C([O-])C(O)C(O)C(=O)O,[]
CHEMBL2111101,CC(C)COc1ccc(CNC(=O)N(Cc2ccc(F)cc2)C2CCN(C)CC2)cc1,"['5-HT(1A) Receptor Antagonist', 'Inverse Agonist', '5-HT2A Receptor Inverse Agonist', 'NAFLD']"
CHEMBL2355839,CNC(C)CCC=C(C)C.CNC(C)CCC=C(C)C.O=C(O)[C@@H](O)[C@H](O)[C@H](O)[C@@H](O)C(=O)O,[]
CHEMBL263198,Nc1c2c(nc3c1CCCC3)CCCC2,"['Acetylcholinesterase Inhibitor', 'AChE Inhibitor']"
CHEMBL273862,CC[C@@]1(O)C(=O)OCc2c1cc1n(c2=O)Cc2cc3cc(O)ccc3nc2-1,"['Cytotoxic', 'Antitumor', 'Topoisomerase I Inhibitor']"
CHEMBL3186538,COC1=C(C(=O)O)N2C(=O)[C@@H](NC(=O)[C@H](N)C3=CCC=CC3)[C@H]2SC1,['Antibiotic']
CHEMBL3989857,O.O.O.O.O.O.O.O=S(=O)([O-])[O-].[Mg+2],"['Antimalarial', 'Carbonic Anhydrase Inhibitor', 'Carbonic Anhydrase', 'CO2 Hydrase', 'Beta-CA Inhibitor', 'Carbonic Anhydrase IV Inhibitor', 'Anion Inhibitor', 'Carbonic Anhydrase XV Inhibitor']"
CHEMBL4297507,C[C@H]1CN(C(=O)CC#N)[C@]12CCN(c1ncnc3[nH]ccc13)C2,"['JAK1/JAK2 Inhibitor', 'TYK2 Inhibitor', 'Dermatological Agent']"
CHEMBL4519121,C[C@H]1c2cccc(CCC(C)(C)O)c2C[C@H](CO)N1C(=O)Cc1c(Cl)cccc1Cl.O=C(O)c1ccc(O)cc1,[]
CHEMBL462018,CN1N=C(N)c2cn([C@@H]3O[C@H](COP(=O)(O)O)[C@@H](O)[C@H]3O)c3ncnc1c23,[]
CHEMBL5095028,CC(C)N1C[C@@H]2C[C@H]1CN2c1ccc(Nc2ncc(-c3coc(C(N)=O)c3)n3ncnc23)cc1,[]
CHEMBL5095064,COCc1nn(Cc2ccc(Cn3cc(F)ccc3=O)cc2)cc1C(=O)NCc1nccc(OC)c1F,"['Plasma Kallikrein Inhibitor', 'HAE Treatment']"
CHEMBL5201870,COCc1cc(C(=O)Nc2cc([C@H]3CC[C@@H](OC(=O)NC(C)C)C3)[nH]n2)n(C)n1,['CDK1/CDK2 Inhibitor']
CHEMBL560592,NCC(=O)N1C[C@H](NC(=O)c2ccccc2)C[C@H]1C(=O)O,['Antiarrhythmic']
CHEMBL809,CN[C@H]1CC[C@@H](c2ccc(Cl)c(Cl)c2)c2ccccc21,"['Antidepressant', 'Norepinephrine Uptake Inhibitor']"
CHEMBL101253,Clc1ccc(Nc2nnc(Cc3ccncc3)c3ccccc23)cc1,"['VEGFR2 Inhibitor', 'Angiogenesis Inhibitor', 'VEGF-R Inhibitor']"
CHEMBL1101,OC(CCN1CCCCC1)(c1ccccc1)C1CC2C=CC1C2,[]
CHEMBL113051,CC[C@@]1(O)C(=O)OCc2c1cc1n(c2=O)Cc2c-1nc1ccccc1c2/C=N/OC(C)(C)C,['Cytotoxic']
CHEMBL1173532,COC[C@@]12CNCC[C@]1(c1ccc(Cl)c(Cl)c1)C2,['Triple Re-uptake Inhibitor']
CHEMBL1181829,CN(c1ccc(Cl)cc1)c1cc[n+](Cc2ccc(-c3ccc(C[n+]4ccc(N(C)c5ccc(Cl)cc5)c5ccccc54)cc3)cc2)c2ccccc12,"['Antiproliferative', 'Choline Kinase Inhibitor']"
CHEMBL1200380,Nc1nc([O-])c2ncn(COCCO)c2n1.[Na+],"['Antiviral', 'Anti-Herpes']"
CHEMBL1200391,NC(CO)(CO)CO,[]
CHEMBL1200458,O=C([O-])CC(O)(CC(=O)[O-])C(=O)[O-].[K+].[K+].[K+],"['HIF PHD Inhibitor', 'FTO Inhibitor', 'ATP Citrate Lyase Inhibitor', 'ALKBH5 Inhibitor']"
CHEMBL1200475,COc1cccc2c1C(=O)c1c(O)c3c(c(O)c1C2=O)C[C@@](O)(C(C)=O)C[C@@H]3O[C@H]1C[C@H](N)[C@H](O)[C@H](C)O1.O=C(O)CC(O)(CC(=O)O)C(=O)O,"['Cytotoxic', 'Antitumor', 'Cell Uptake']"
CHEMBL1222251,O[C@H]1[C@H](O)[C@@H](O)[C@H](O)[C@@H](O)[C@H]1O,"[""Alzheimer's Disease Therapeutic"", 'Insulin-like']"
CHEMBL1237,NCCCC[C@H](N[C@@H](CCc1ccccc1)C(=O)O)C(=O)N1CCC[C@H]1C(=O)O,"['ACE Inhibitor', 'Angiotensin Converting Enzyme Inhibitor']"
CHEMBL12610,CN(C)CCCOc1nn(Cc2ccccc2)c2ccccc12,"['Antiplatelet Aggregation Inhibitor', 'Soluble Guanylate Cyclase Activator']"
CHEMBL155572,NCc1ccccc1O,[]
CHEMBL1738697,CNC(=O)c1c(C)oc2cc(Oc3ccnc4cc(OCCN5CCOCC5)ccc34)ccc12,['VEGFR2 Inhibitor']
CHEMBL19224,COc1ccc(Cc2nccc3cc(OC)c(OC)cc23)cc1OC,"['PDE4 Inhibitor', 'Anti-Platelet', 'PDE10a Inhibitor', 'Phosphodiesterase Inhibitor', 'TRPA1 Channel Antagonist', 'PDE Inhibitor', 'cGMP PDE Inhibitor', 'Spasmolytic', 'Histamine Receptor Antagonist', 'OXPHOS Inhibitor', 'PDE4/7 Inhibitor', 'CNS Drug Partitioning', 'Peripheral Vasodilator']"
CHEMBL2103761,COC(=O)C1=C(C)NC(C)=C(C(=O)O[C@H]2CCN(Cc3ccccc3)C2)[C@H]1c1cccc([N+](=O)[O-])c1,"['P-glycoprotein Inhibitor', 'Ca2+ Antagonist', 'Coronary Vasodilator', 'MDR1 Inhibitor', 'QT Prolongation', 'L-type Channel Inhibitor', 'CaL Channel Inhibitor', 'Alpha-Adrenolytic']"
CHEMBL230011,Nc1nc(N)c2nc(-c3cccc(O)c3)c(-c3cccc(O)c3)nc2n1,['Ischemia Reperfusion']
CHEMBL25336,C(=N/NC1=NCCN1)\c1c2ccccc2c(/C=N/NC2=NCCN2)c2ccccc12,['Anticancer']
CHEMBL3137301,CCOC(=O)[C@H](C)C[C@@H](Cc1ccc(-c2ccccc2)cc1)NC(=O)CCC(=O)O,"['NEP Inhibitor', 'Neprilysin Inhibitor']"
CHEMBL336360,CC(CCCCCCCCCCCCc1ccc(I)cc1)CC(=O)O,[]
CHEMBL3545062,COC[C@H]1C[C@@H](c2nc(-c3ccc4c(c3)COc3cc5c(ccc6nc([C@@H]7CC[C@H](C)N7C(=O)[C@@H](NC(=O)OC)C(C)C)[nH]c65)cc3-4)c[nH]2)N(C(=O)[C@H](NC(=O)OC)c2ccccc2)C1,['HCV NS5b Polymerase Inhibitor']
CHEMBL35505,N/N=c1\[nH][nH]/c(=N\N)c2ccccc12,[]
CHEMBL3681949,C#Cc1cc(Nc2nccc(Oc3ccc(NC(=O)Nc4cc(C(C)(C)C)cc(NS(C)(=O)=O)c4OC)c4ccccc34)n2)cc(C(=O)NCCOCCOCCOC)c1,[]
CHEMBL3989920,O=C([O-])C[C@H](O)C[C@H](O)/C=C/c1c(C2CC2)nc2ccccc2c1-c1ccc(F)cc1.[Na+],"['HMG-CoA Reductase Inhibitor', 'Cholesterol Synthesis Inhibitor', 'Hypercholesterolemia']"
CHEMBL3989969,C[C@@H](O)C(=N)NS(=O)(=O)c1cc(C(=O)C(C(=O)c2cc(F)ccc2F)=C2Nc3ccccc3N2)ccc1F,[]
CHEMBL4297258,C=CC(=O)Nc1cc(Nc2nccc(-c3cn(C)c4ccccc34)n2)c(OCC(F)(F)F)nc1N(C)CCN(C)C,"['Anticancer', 'EGFR Kinase Inhibitor']"
CHEMBL4297445,Cc1cc(Cc2c(C)nn(CCC(=O)O)c2C)c2c(c1O)CCC2,['Anti-Inflammatory']
CHEMBL4297647,CC(C)Oc1ccc(-c2nc(O[C@@H]3C[C@H]4C(=O)N[C@]5(C(=O)NS(=O)(=O)C6(C)CC6)C[C@H]5/C=C\CCCCC[C@H](NC(=O)OC5CCCC5)C(=O)N4C3)c3oc4ccccc4c3n2)cc1,"['HCV Inhibitor', 'HCV NS3 Protease Inhibitor', 'NS3-4A Protease Inhibitor']"
CHEMBL441,CCCC(C)C1(CC)C(=O)NC(=S)NC1=O,[]
CHEMBL4457723,CC(C)N(C)[C@@H]1CC[C@H](N2CC[C@H](Nc3ncnc4ccc(C(F)(F)F)cc34)C2=O)[C@H](NS(C)(=O)=O)C1,['CCR2 Antagonist']
CHEMBL4514636,C=CC(=O)N[C@H]1CCOC[C@H]1Nc1ncc2cc(-c3c(Cl)c(OC)cc(OC)c3Cl)ccc2n1,"['Anticancer', 'FGFR4 Inhibitor']"
CHEMBL452,O=C1CN=C(c2ccccc2Cl)c2cc([N+](=O)[O-])ccc2N1,[]
CHEMBL5095202,Cc1nc(-c2cnc(NC(C)C)n(C)c2=O)ccc1Oc1ccnc(-c2cnn(C)c2)c1,['CSF-1R Inhibitor']
CHEMBL5095225,Cc1nc(-c2ccccc2F)c(C(=O)NC(Cc2ccccc2)C(=O)C(N)=O)o1,['Calpain I Inhibitor']
CHEMBL5095264,Cc1cc(N2CCc3cc(F)ccc3C2)cc(C)c1NC(=O)CC(C)(C)C,"['Antiepileptic', 'Anti-Epileptic']"
CHEMBL5314629,CC(C)OC(=O)Nc1ccc(-c2cnc([C@H]3CC[C@H](NC(=O)OC(C)C)CC3)s2)c(S(=O)(=O)NC(C)(C)C)c1,[]
CHEMBL672,CC(C)OC(=O)C(C)(C)Oc1ccc(C(=O)c2ccc(Cl)cc2)cc1,"['Hypolipidemic', 'Lipid Lowering Agent']"
CHEMBL75124,CCCCCCCCC(=O)NCc1ccc(O)c(OC)c1,['NDH-2 Inhibitor']
CHEMBL797,CN1C(=O)CC(c2ccccc2)C1=O,['Anticonvulsive']
CHEMBL93124,CNc1ccc(-c2nc3ccc(O)cc3s2)cc1,"['Beta-Amyloid Plaque Imaging', 'Amyloid Imaging Agent', 'Beta-Amyloid Plaque Ligand', 'Imaging Agent', 'Beta-Amyloid Probe', 'Beta-Amyloid Binding']"
CHEMBL962,CCCCC[C@H](O)/C=C/[C@@H]1[C@H]2C/C(=C/CCCC(=O)[O-])O[C@H]2C[C@H]1O.[Na+],"['Antiplatelet Aggregation Inhibitor', 'Bronchodilator', 'Ocular Hypotensive', 'DP1 Antagonist', 'Prostanoid Receptor Ligand']"
CHEMBL1396177,CC1(C)S[C@@H]2[C@H](NC(=O)COc3ccccc3)C(=O)N2[C@H]1C(=O)O.CC1(C)S[C@@H]2[C@H](NC(=O)COc3ccccc3)C(=O)N2[C@H]1C(=O)O.c1ccc(CNCCNCc2ccccc2)cc1,[]
CHEMBL1615025,Cn1c(=O)c(F)c(Nc2ccc(I)cc2F)c2c(=O)n(C[C@@H](O)CO)cnc21,['MEK1 Inhibitor']
CHEMBL1735,CC(C)(C)NC(=O)[C@@H]1CN(Cc2cccnc2)CCN1C[C@@H](O)C[C@@H](Cc1ccccc1)C(=O)N[C@H]1c2ccccc2C[C@H]1O.O=S(=O)(O)O,"['HIV Protease Inhibitor', 'CYP3A Substrate']"
CHEMBL1797128,C[S+](C)CC[C@H](N)C(=O)O.[Cl-],[]
CHEMBL2068841,O=[N+]([O-])c1nccn1CC(O)CF,"['Radiosensitizer', 'Cytotoxin', 'Radiopharmaceutical']"
CHEMBL2105694,COCC(=O)[C@@]1(OC(C)=O)CC[C@H]2[C@@H]3CCC4=CC(=O)CCC4=C3[C@@H](c3ccc(N(C)C)cc3)C[C@@]21C,['GR Antagonist']
CHEMBL2105704,COc1cc2nccc(Oc3ccc(NC(=O)NC4CC4)c(Cl)c3)c2cc1C(N)=O.CS(=O)(=O)O,"['VEGFR2 Inhibitor', 'Tyrosine Protein Kinase Inhibitor']"
CHEMBL33,C[C@H]1COc2c(N3CCN(C)CC3)c(F)cc3c(=O)c(C(=O)O)cn1c23,"['Antibiotic', 'Anti-Tuberculosis', 'Antimicrobial', 'Anti-mycobacterial', ""Alzheimer's Disease"", 'BACE-1 Inhibitor', ""Alzheimer's"", 'Amyloid-Beta Aggregation Inhibitor', 'AChE Inhibitor', 'GSK-3beta Inhibitor', 'DNA GyraseB Inhibitor', 'Antialzheimer', 'BuChE Inhibitor', 'Efflux Pump Inhibitor', 'MRSA', 'Metal Chelator', 'Bactericidal', 'Antibiotic Adjuvant', 'Mycobacterium tuberculosis Inhibitor', 'InhA Inhibitor', 'Peptide Deformylase Inhibitor', 'Synergistic', 'FabI-Inhibitor', 'ChEs Inhibitor', 'Gram-positive Antibiotic', 'DNA Replication Inhibitor', 'Glutamate Racemase Inhibitor', 'Broad-spectrum Antibiotic', 'Antistaphylococcal', 'Pks13 Inhibitor', 'Bacteriostatic', 'Organic Cation Transporter', 'KAT II Inhibitor', 'NAD Synthetase Inhibitor']"
CHEMBL3549142,NC[C@H]1OB(O)c2c(OCCCO)cccc21,"['Anti-Tuberculosis', 'Leucyl tRNA Synthetase Inhibitor']"
CHEMBL3899477,COc1cc(N2CCC(N3CCN(C)CC3)CC2)ccc1Nc1nc2c(c(Nc3ccccc3S(=O)(=O)NC(C)C)n1)CCN2,[]
CHEMBL3977543,Cc1ccc2c(Nc3cccc(Cl)c3F)nccc2c1NC(=O)c1csc2c(N)ncnc12,[]
CHEMBL398707,CN1CC[C@]23c4c5ccc(O)c4O[C@H]2C(=O)CC[C@H]3[C@H]1C5,"['Analgesic', 'Opioid Receptor Ligand', 'Opioid Receptor Agonist', 'Mu Opioid Receptor Agonist', 'Opioid Antagonist', 'Opioid', 'Opioid Analgesic', 'MOR Antagonist', 'OCT1 Substrate', 'Opiate Receptor', 'Opioid Agonist-Antagonist', 'Mu Antagonist']"
CHEMBL4216467,CCn1c(=O)c(-c2cc(NC(=O)Nc3ccccc3)c(F)cc2Br)cc2cnc(NC)cc21,['PDGFRAlpha Inhibitor']
CHEMBL465,CCCCCc1cc(O)c2c(c1)OC(C)(C)[C@@H]1CCC(C)=C[C@@H]21,"['Analgesic', 'CB2 Agonist', 'Cannabinoid Receptor Ligand', 'CB2 Ligand', 'CB1 Agonist', 'Adenylyl Cyclase Inhibitor', 'CB2 Antagonist', 'Cannabinoid', 'CB Receptor Ligand', 'CB Receptor Inverse Agonist', 'CB(2) Receptor Ligand']"
CHEMBL5095070,Fc1ccc(N(c2ccc(F)cc2)[C@H]2CCNC2)cc1,[]
CHEMBL5095408,C[C@H](CCOc1cccc(CC(=O)[O-])c1)N(Cc1cccc(C(F)(F)F)c1Cl)CC(c1ccccc1)c1ccccc1.C[C@H](CCOc1cccc(CC(=O)[O-])c1)N(Cc1cccc(C(F)(F)F)c1Cl)CC(c1ccccc1)c1ccccc1.[Zn+2],['Cholesterol Efflux']
CHEMBL5095409,Cc1ccc(S(=O)(=O)O)cc1.O=C(O)c1nc2ccccc2n([C@@H]2C[C@H]3CCC[C@@H](C2)N3C2C[C@H]3CCC[C@@H](C2)C3)c1=O,[]
CHEMBL5314919,Br.O=C(NO)c1ccc(Cn2cc(CN[C@@H]3C[C@H]3c3ccccc3)cn2)cc1,"['Anticancer', 'LSD1 Inhibitor', 'Multiple Myeloma']"
CHEMBL569713,CN1[C@@H]2C[C@@H](OC(=O)[C@H](CO)c3ccccc3)C[C@H]1[C@@H]1O[C@@H]12,"['Acetylcholinesterase Inhibitor', 'DHODH Inhibitor', 'H1 Receptor Antagonist', 'M1 Muscarinic Receptor Ligand', 'Antimuscarinic', 'Anticholinergic', 'Nootropic', 'Spasmolytic', 'Dopamine Modulator', 'Lipophilicity', 'Cognitive Impairment', 'Anticonflict', 'M5 Antagonist', 'Cholinergic Receptor Antagonist', 'M1AChR Agonist', 'Memory Impairment', 'Parasympatholytic', 'Pan-Muscarinic Antagonist', 'D-2 Dopamine Receptor Imaging Agent']"
CHEMBL692,OCC(O)CO,[]
CHEMBL73822,Cn1c(/C=C/CO)c(CO)c2c1C(=O)C=C(N1CC1)C2=O,"['Antitumor', 'Hypoxia-Selective', 'DNA-Damaging', 'DT-diaphorase Substrate']"
CHEMBL107400,Cc1cc(OCC(=O)O)cc(C)c1Cc1ccc(O)c(C(C)C)c1,['Thyroid Hormone Receptor Agonist']
CHEMBL1076903,c1cnc2cc3c(cc2n1)[C@@H]1CNC[C@H]3C1,"['Analgesic', 'Antidepressant', 'P2X3/P2X2/3 Receptor Antagonist', 'Neuronal Nicotinic Receptor Ligand', 'Alpha4Beta2-nAChR Agonist', 'CNS-Active', 'Nicotinic Receptor Agonist', 'Nicotinic Acetylcholine Receptor Antagonist', 'Alpha7 nAChR Antagonist', 'Alpha4beta2 nAChR Ligand', 'nACh Receptor Agonist', 'nAChR Antagonist', 'Anti-Influenza A', 'Smoking Cessation', 'Neuronal nAChR Ligand', 'Nicotine Addiction', 'Cholinergic Receptor Antagonist', 'Nicotinic Ligand', 'Ion Channel Modulator', 'Alpha3Beta2 nAChR Positive Allosteric Modulator', 'Neuronal Nicotinic Receptor Antagonist', 'Smoking Cessation Aid', 'Alpha4Beta2 nAChR Modulator']"
CHEMBL1089962,O=P(O)(O)OC[C@H]1O[C@@](O)(COP(=O)(O)O)[C@@H](O)[C@@H]1O,"['Btk Inhibitor', 'Wnt3a/Beta-catenin Activator']"
CHEMBL1149,C[N+](C)(C)C[C@H](O)CC(=O)[O-],['Carnitine Transporter']
CHEMBL1200588,CCC[C@@H]1C[C@@H](C(=O)N[C@@H]([C@H]2O[C@H](SC)[C@H](O)[C@@H](O)[C@H]2O)[C@H](C)Cl)N(C)C1.Cl,"['Antibiotic', 'Bactericidal', 'FabI-Inhibitor', 'DNA Replication Inhibitor', 'Broad-spectrum Antibiotic', 'Antibiotic Enhancer', 'RNA Ligand', 'FtsZ-Targeting', 'Antibiotic Resistance', 'miRNA Inhibitor']"
CHEMBL1201080,COc1cc(Cc2cnc(N)nc2N)cc(OC)c1OC.Cl,"['Antibiotic', 'Dihydrofolate Inhibitor']"
CHEMBL1201284,C[C@@H](NCCCc1cccc(C(F)(F)F)c1)c1cccc2ccccc12,"['Calcimimetic', 'CaSR Agonist']"
CHEMBL1237132,CCCC(=O)OCOC(=O)C1=C(C)NC(C)=C(C(=O)OC)C1c1cccc(Cl)c1Cl,"['Ca2+ Antagonist', 'Hypertension', 'CYP3A4 Inducer']"
CHEMBL1278118,COc1cc(OC)cc(N2CCN(C(=O)Nc3nc4cc(F)ccc4nc3OC)CC2)c1,[]
CHEMBL1410877,Clc1ccc([C@H](Cn2ccnc2)OCc2csc3c(Cl)cccc23)c(Cl)c1,['Antifungal']
CHEMBL1580,OC[C@H]1O[C@@H](n2cnc3c2N=CNC[C@H]3O)C[C@@H]1O,[]
CHEMBL1581,CCC[C@H](N[C@@H](C)C(=O)N1[C@H](C(=O)O)C[C@@H]2CCCC[C@@H]21)C(=O)OCC,['Angiotensin Converting Enzyme Inhibitor']
CHEMBL17,NS(=O)(=O)c1cc(Cl)c(Cl)c(S(N)(=O)=O)c1,['Carbonic Anhydrase Inhibitor']
CHEMBL1788387,CCOCCN(Cc1ccc(CN(CCOCC)C(=O)C(Cl)Cl)cc1)C(=O)C(Cl)Cl,[]
CHEMBL2087337,CC(C)n1c(=O)c(C(=O)N[C@H]2C[C@H]3CC[C@@H](C2)N3C[C@@H](O)CN(C)S(C)(=O)=O)cc2ccccc21,"['5-HT4 Receptor Agonist', 'Gastrointestinal Motility', 'Gastroprokinetic', 'GI Motility']"
CHEMBL2105648,CC1(C)CCC(C)(C)c2cc(Cn3cccn3)c(/C=C/c3ccc(C(=O)O)cc3)cc21,[]
CHEMBL2219416,C=CCN1CC[C@]23c4c5ccc(O)c4O[C@H]2[C@@H](OCCOCCOCCOCCOCCOCCOCCOC)CC[C@@]3(O)[C@H]1C5.O=C(O)C(=O)O,[]
CHEMBL2336071,CCc1cc(/C(C)=N/OCc2ccc(C3CCCCC3)c(C(F)(F)F)c2)ccc1CN1CC(C(=O)O)C1,"['S1P1 Agonist', 'S1P1-R Modulator']"
CHEMBL253592,CCN(CC)CCNC(C(=O)OCCC(C)C)c1ccccc1,[]
CHEMBL288149,CC(=O)NC[C@H]1CN(c2ccc(N3CCSCC3)c(F)c2)C(=O)O1,['Antibiotic']
CHEMBL30116,CCn1cc(C(=O)O)c(=O)c2cnc(N3CCNCC3)nc21,"['Antibiotic', 'Quinolone Antibiotic']"
CHEMBL3039522,CC[C@H](NC(=O)[C@H](C)NC)C(=O)N1C[C@@H](O)C[C@H]1Cc1c(-c2[nH]c3cc(F)ccc3c2C[C@@H]2C[C@H](O)CN2C(=O)[C@H](CC)NC(=O)[C@H](C)NC)[nH]c2cc(F)ccc12,['IAP Antagonist']
CHEMBL3092041,COc1ccc2c3c1O[C@H]1[C@@H](OC(C)=O)CC[C@H]4[C@@H](C2)N(C)CC[C@@]341,"['Analgesic', 'MRGPRX2 Agonist']"
CHEMBL3355009,CCOc1cc(=O)[nH]cc1-c1ccc(CC(=O)Nc2cc(C(C)(C)C(F)(F)F)on2)c(F)c1,"['RET Kinase Inhibitor', 'IBS Treatment']"
CHEMBL3545097,CC(C)n1nc(-c2ccc3oc(N)nc3c2)c2c(N)ncnc21,"['Antiparasitic', 'mTORC1 Inhibitor', 'RET Kinase Inhibitor', 'CDPK1 Inhibitor']"
CHEMBL3545125,CCC1=C[C@@H]2[C@H](C1)C[C@]2(CN)CC(=O)O,[]
CHEMBL3707341,CBr.CN(C)CCOC(c1ccccc1)c1ccccc1,[]
CHEMBL392149,OC[C@H]1O[C@@H](n2cnc3c(N[C@@H]4CCOC4)ncnc32)[C@H](O)[C@@H]1O,"['A2 Adenosine Receptor Agonist', 'Adenosine A1R Agonist', 'hAAR Antagonist']"
CHEMBL39560,CC(=O)c1ccc2c(c1)N(CCCN(C)C)c1ccccc1S2,"['Anti-Trypanosomal', 'Trypanothione Reductase Inhibitor']"
CHEMBL458876,Nc1nc(N)c2ncn([C@H]3CO[C@@H](CO)O3)c2n1,['Anti-HIV-1']
CHEMBL4650317,CC(C)(C)CNCCn1c(Sc2cc3c(cc2I)OCO3)nc2c(N)ncnc21,"['Anticancer', 'Hsp-90 Inhibitor']"
CHEMBL4650366,Cn1cc(-c2cc(S(C)(=O)=O)ccc2OCC2CC2)c2ccccc2c1=O,"['BET Inhibitor', 'BET Bromodomain Antagonist']"
CHEMBL482967,Cc1nc(N)sc1-c1ccnc(Nc2ccc(N3CCOCC3)cc2)n1,['CDK9 Inhibitor']
CHEMBL521686,O=C(c1cc(Cc2n[nH]c(=O)c3ccccc23)ccc1F)N1CCN(C(=O)C2CC2)CC1,"['PARP1/2 Inhibitor', 'Cancer Therapy', 'DNA Damage']"
CHEMBL5314436,COc1cc(C(=O)N[C@H]2CC[C@H](N3CCN(C)CC3)CC2)ccc1Nc1ncc2c(n1)N(C1CCCC1)CC1(CC1)C(=O)N2C,[]
CHEMBL5314458,NC(=O)c1c(N)nn2ccc(N3C[C@@H](F)C[C@@H]3c3cc(F)ccc3F)nc12,['TrkA Inhibitor']
CHEMBL68055,CC1=C(c2ccc(O)cc2)[C@H](c2ccc(OCCN3CCCCC3)cc2)Oc2cc(O)ccc21,"['SERD', 'Estrogen Receptor Degrader']"
CHEMBL1200961,CN(C)CCC(c1ccc(Br)cc1)c1ccccn1.O=C(O)/C=C\C(=O)O,[]
CHEMBL1201022,Cl.Nc1ccc(/N=N/c2ccccc2)c(N)n1,[]
CHEMBL1201084,[131I-].[Na+],"['Antibiotic', 'Antimalarial', 'Antimicrobial', 'Neuroprotective', 'Carbonic Anhydrase Inhibitor', 'Antihypertensive', 'Anti-Trypanosomal', 'Vasodilator', 'PDE10a Inhibitor', 'Cytoprotective', 'Vasorelaxant', 'Cardioprotective', 'Cardiovascular', 'CA I Inhibitor', 'Type 2 Diabetes Treatment', 'CD73 Inhibitor', 'Nootropic', 'H. pylori', 'Tau Phosphorylation Inhibitor', 'H2S Donor', 'Carbonic Anhydrase', 'Amnesia-Reversal', 'NMDAR Antagonist', 'Osteoblast Stimulator', 'Hydrogen Sulfide Donor', 'Mood Disorder', 'Insulin Release Stimulator', 'CO2 Hydrase', 'Beta-CA Inhibitor', 'Carbonic Anhydrase IV Inhibitor', 'IFN-Gamma Inhibitor', 'Cu Chelator', 'Anion Inhibitor', 'H2S-Releasing', 'DNA Cleaving Agent', 'Carbonic Anhydrase XV Inhibitor', 'Tau Protein Inhibitor', 'HD', 'Glycogen Synthase Activator']"
CHEMBL1349,CC(C)[C@H](N)C(=O)OCCOCn1cnc2c(=O)nc(N)[nH]c21,['Antiviral']
CHEMBL15413,CO[C@@]1(NC(=O)CSC(F)F)C(=O)N2C(C(=O)O)=C(CSc3nnnn3CCO)CO[C@@H]21,['Antibiotic']
CHEMBL1946618,CN(CCO)C(=O)c1ccc(C(=C2CCN(Cc3cscn3)CC2)c2cccc3cccnc23)cc1,"['Delta Opioid Receptor Agonist', 'CNS']"
CHEMBL2035874,CC(C)c1cc(Oc2c(Br)cc(NC(=O)CC(=O)O)cc2Br)ccc1O,"['Lipid Lowering', 'Thyromimetic', 'Epoxide Hydrolase Inhibitor', 'CFTR Inhibitor', 'Thyroid Hormone Receptor Ligand', 'TRBeta Agonist']"
CHEMBL2042122,CNc1ccc(-c2nc3ccc(O)cc3s2)cc1[18F],"[""Alzheimer's Disease"", 'Beta-Amyloid Plaque Imaging', 'Amyloid Imaging Agent', 'Beta-Amyloid Plaque Ligand', 'Imaging Agent', 'Tau Imaging', 'Beta-Amyloid Probe', 'Beta-Amyloid Binding']"
CHEMBL2104404,CC(C)C[C@H]1C(=O)O[C@H](Cc2ccc(N3CCOCC3)cc2)C(=O)N(C)[C@@H](CC(C)C)C(=O)O[C@H](C)C(=O)N(C)[C@@H](CC(C)C)C(=O)O[C@H](Cc2ccc(N3CCOCC3)cc2)C(=O)N(C)[C@@H](CC(C)C)C(=O)O[C@H](C)C(=O)N1C,[]
CHEMBL2110659,O=C1Cc2c(ccc3c2O[C@@H](CNCc2ccccc2)CO3)N1,['D2 Agonist']
CHEMBL223360,Cc1ccc(F)c(NC(=O)Nc2ccc(-c3cccc4[nH]nc(N)c34)cc2)c1,"['Anticancer', 'VEGFR2 Inhibitor', 'PDGFRAlpha Inhibitor', 'Receptor Tyrosine Kinase Inhibitor', 'c-Kit Inhibitor']"
CHEMBL23838,CCOP(=O)(OCC)Oc1ccc([N+](=O)[O-])cc1,['Acetylcholinesterase Inhibitor']
CHEMBL300138,Cn1cc(C2=C(c3cn(C4CCN(Cc5ccccn5)CC4)c4ccccc34)C(=O)NC2=O)c2ccccc21,"['Immunomodulator', 'PKCbeta Inhibitor']"
CHEMBL305380,Cc1ccc(Cl)c(OCC(O)CNC(C)(C)C)c1,['Beta-Adrenoceptor Blocker']
CHEMBL3301599,CC(C)c1cc(C(=O)N2Cc3ccc(CN4CCN(C)CC4)cc3C2)c(O)cc1O.C[C@H](O)C(=O)O,['Hsp-90 Inhibitor']
CHEMBL3544971,C[C@H](N)Cc1ccccc1.C[C@H](N)Cc1ccccc1.O=S(=O)(O)O,[]
CHEMBL373081,CNC[C@@H]1CC[C@@H](N)[C@@H](O[C@H]2[C@H](O)[C@@H](O[C@H]3OC[C@](C)(O)[C@H](NC)[C@H]3O)[C@H](N)C[C@@H]2N)O1,"['Antibiotic', 'Ribosome Inhibitor', 'Ribosome Binding']"
CHEMBL3919831,CNc1nc(-c2nc3ccc(N4CCN(C)CC4)cc3n2Cc2ccccc2)cn2c(C)nnc12,[]
CHEMBL4129018,CN1CCN(c2cc(-c3ccncc3)c(-c3ccc4ccccc4c3)nn2)CC1,"['Neuroinflammation', 'Cognitive Dysfunction']"
CHEMBL4297517,CC(C)n1c(=O)cc(N[C@@H](C)c2ccccc2)[nH]c1=O,[]
CHEMBL4297629,COc1ccc([C@@H](O)c2cc(-c3ncnc4cc(N5CCOCC5)ccc34)c(F)cc2Cl)nn1,[]
CHEMBL473,CN(CCOc1ccc(NS(C)(=O)=O)cc1)CCc1ccc(NS(C)(=O)=O)cc1,"['Class III Antiarrhythmic', 'IKr Channel Blocker', 'Potassium Channel Blocker']"
CHEMBL5095248,COCc1nn(Cc2ccc(Cn3ccccc3=O)cc2)cc1C(=O)NCc1nccc(OC)c1F,"['Plasma Kallikrein Inhibitor', 'HAE Treatment']"
CHEMBL5095401,CCO[C@H]1CCN(Cc2c(OC)cc(C)c3[nH]ccc23)[C@H](c2ccc(C(=O)O)cc2)C1.Cl.O,['Complement Inhibitor']
CHEMBL582,CC(C)O,['Lipophilicity Modulator']
CHEMBL592374,Clc1ccc([C@]23CNC[C@H]2C3)cc1Cl,"['Antidepressant', 'Triple Re-uptake Inhibitor', 'Monoamine Transporter Inhibitor', 'Anti-Depressant']"
CHEMBL595,CCc1ccc(CCOc2ccc(CC3SC(=O)NC3=O)cc2)nc1,"['Hypoglycemic', 'PPAR gamma Agonist', 'Hypolipidemic', 'GPR119 Agonist', 'PPAR Agonist', 'PPARAlpha/Delta Agonist', 'PPAR Gamma Modulator', 'PPARGamma Partial Agonist', 'PPAR-gamma Ligand', 'Insulin-Sensitizing', 'PPAR Modulator', 'sEH/PPARGamma Modulator', 'Glucose Tolerance', 'FFAR2 Agonist']"
CHEMBL808,Clc1ccc(COC(Cn2ccnc2)c2ccc(Cl)cc2Cl)cc1,[]
CHEMBL1171837,Cc1ccc(C(=O)Nc2ccc(CN3CCN(C)CC3)c(C(F)(F)F)c2)cc1C#Cc1cnc2cccnn12,"['Bcr-Abl Inhibitor', 'CML Treatment']"
CHEMBL119443,C[C@@H](CO)NC(=O)[C@@H]1C=C2c3cccc4[nH]cc(c34)C[C@H]2N(C)C1,"['5-HT2A/2C Agonist', '5-HT2A Receptor Ligand', 'Adenylyl Cyclase Inhibitor', 'Psychotropic', 'Neuropeptide Y5 Receptor Ligand', 'Psychotomimetic', 'Serotonin Receptor', 'Anti-Migraine']"
CHEMBL1200907,C[C@]12CC[C@H]3[C@@H](CC[C@@]45O[C@@H]4C(O)=C(C#N)C[C@]35C)[C@@H]1CC[C@@H]2O,[]
CHEMBL1276663,CO/N=C(\C(=O)N[C@@H]1C(=O)N2C(C(=O)[O-])=C(C[n+]3ccn4ncccc43)CS[C@H]12)c1nsc(N)n1,['Antibiotic']
CHEMBL1541,C=CC1=C(C(=O)O)N2C(=O)[C@@H](NC(=O)/C(=N\OCC(=O)O)c3csc(N)n3)[C@H]2SC1,['Antibiotic']
CHEMBL1620794,CCN(CC)CCOC(=O)C(Cc1cccc2ccccc12)CC1CCCO1,['CNS Agent']
CHEMBL1672002,CC1=CC(=O)C(C(C)C)=CC1=O,"['Anti-Ovarian Cancer', 'Termite Control']"
CHEMBL1742439,CN(C)CCn1nc(Cc2ccccc2)c2ccccc2c1=O,"['H1 Receptor Antagonist', 'Histamine Receptor Antagonist']"
CHEMBL2064455,Nc1ccn([C@@H]2C(F)=C(CO)[C@@H](O)[C@H]2O)c(=O)n1,['Antiviral']
CHEMBL2103836,CCC[C@@H](C)C[C@H](N)CC(=O)O,[]
CHEMBL2107691,COC(CN1CCN(CCC(O)c2ccccc2)CC1)c1ccccc1,[]
CHEMBL2110760,CCN(CCO)CCn1c(Cc2ccccc2)nc2c1c(=O)n(C)c(=O)n2C,[]
CHEMBL2356097,COCCc1ccc(OCC(O)CNC(C)C)cc1.COCCc1ccc(OCC(O)CNC(C)C)cc1.O=C(O)CCC(=O)O,['Beta-Adrenoceptor Blocker']
CHEMBL26215,CCCCCCCCO,"['Anti-Inflammatory', 'Anti-Tuberculosis', 'Antifungal', 'NO Production Inhibitor', 'Anti-Bacterial', 'Nematicidal', 'Quinone Reductase Inducer', 'TRPA1 Agonist', 'Antiacne', 'Cell Wall Inhibitor', 'Psychoactive', 'Membrane Depolarization', 'Acyl Transferase Inhibitor', 'Antibiotic Target']"
CHEMBL268501,Cc1ccc2c(-c3ccccc3)nc(=O)n(C(C)C)c2c1,"['Anti-Inflammatory', 'Calcilytic']"
CHEMBL315795,Cc1ncsc1CCCl,['GABA(A) Receptor Potentiator']
CHEMBL36715,NC(=O)CN1CCCC1=O,"['Nootropic', 'Amnesia-Reversal']"
CHEMBL3707349,CCN(CC)CCNC(=O)c1c(C)[nH]c(/C=C2\C(=O)Nc3ccc(-c4csc(-c5ccccc5)n4)cc32)c1C,[]
CHEMBL3950590,CN1CCN(Cc2ccc(-c3cnc(N4CCO[C@H](Cn5nnc6ncc(-c7cnn(C)c7)nc65)C4)nc3)cc2)CC1,"['cMET Inhibitor', 'Cancer Treatment']"
CHEMBL3982723,CC1(N)CCN(c2cccnc2NC(=O)c2nc(-c3ncccc3C(F)(F)F)cnc2N)CC1,"['Pim Kinase Inhibitor', 'PKCtheta Inhibitor', 'T Cell Activation']"
CHEMBL3989862,C=C1/C(=C\C=C2/CCC[C@]3(C)C([C@H](C)OCC(=O)NCC(F)(F)C(F)(F)F)=CC[C@@H]23)C[C@@H](O)C[C@@H]1O,['Vitamin D3 Antagonist']
CHEMBL4297279,NC(=O)CC[C@@H](C(=O)O)N(CCNC(=S)Nc1ccc2c(c1)C(=O)OC21c2ccc(O)cc2Oc2cc(O)ccc21)C(=O)c1ccc(NCc2cnc3nc(N)[nH]c(=O)c3n2)cc1,[]
CHEMBL4303323,C[C@H](Nc1ncnc2[nH]cnc12)c1nc2ccc(F)cc2c(=O)n1-c1ccccc1,"['PI3KDelta-Gamma Inhibitor', 'Immuno-Oncology', 'Hematologic Malignancies', 'Phosphoinositide 3-Kinase Delta Inhibitor']"
CHEMBL4303449,C#CC[C@H](c1nc2cc(Cl)ccc2c(=O)n1Nc1ccccc1)N(CCCN)C(=O)c1cccc(Cl)c1F,[]
CHEMBL455,CC(=O)NS(=O)(=O)c1ccc(N)cc1,['Dihydropteroate Synthase Inhibitor']
CHEMBL4594403,CC1=CN2CCS(=O)(=O)N=C2C(c2ccc(OC3CCCCC3)cc2)=N1,[]
CHEMBL46257,NCCCCN,"['Metalloproteinase Inhibitor', 'Deoxyhypusine Synthase Inhibitor', 'Polyamine Transport Inhibitor', 'Growth Arrest']"
CHEMBL4650358,CCCc1c(-c2ccccc2)nn(-c2ccccn2)c1O.Cl,[]
CHEMBL515387,O=C([C@@H]1C[C@H](N2CCN(c3ncccn3)CC2)CN1)N1CCC(F)(F)C1,"['DPPIV Inhibitor', 'Type 2 Diabetes', 'Dipeptidyl Peptidase-4 Inhibitor', 'Cytochrome P450 2D6 Inhibitor', 'Dipeptidyl Peptidase I Inhibitor']"
CHEMBL5314381,CCc1c2c(nc3ccc(OC(=O)N4CCC(N5CCCCC5)CC4)cc13)-c1cc3c(c(=O)n1C2)COC(=O)[C@]3(O)CC.CCc1c2c(nc3ccc(OC(=O)N4CCC(N5CCCCC5)CC4)cc13)-c1cc3c(c(=O)n1C2)COC(=O)[C@]3(O)CC.CCc1c2c(nc3ccc(OC(=O)N4CCC(N5CCCCC5)CC4)cc13)-c1cc3c(c(=O)n1C2)COC(=O)[C@]3(O)CC.CCc1c2c(nc3ccc(OC(=O)N4CCC(N5CCCCC5)CC4)cc13)-c1cc3c(c(=O)n1C2)COC(=O)[C@]3(O)CC.O=S(=O)(O)OC[C@H]1O[C@@](COS(=O)(=O)O)(O[C@H]2O[C@H](COS(=O)(=O)O)[C@@H](OS(=O)(=O)O)[C@H](OS(=O)(=O)O)[C@H]2OS(=O)(=O)O)[C@@H](OS(=O)(=O)O)[C@@H]1OS(=O)(=O)O,[]
CHEMBL5314463,C=CC(=O)N1CCN2c3c(c(=O)n(-c4c(C)ccnc4C(C)C)c4nc(-c5c(O)cccc5F)c(Cl)cc34)N(C)C(=O)[C@H]2C1,['KRAS G12D Inhibitor']
CHEMBL563251,CN1C[C@@H]2[C@H](C1)[C@H]2CN(Cc1ccc(F)c(Cl)c1)C(=O)c1cn(C)cn1,[]
CHEMBL61006,CC(N)C(O)c1ccccc1,[]
CHEMBL1043,Nc1ccc(S(=O)(=O)c2ccc(N)cc2)cc1,"['Dihydropteroate Synthase Inhibitor', 'Folate-Synthesizing Inhibitor', 'SYN Inhibitor', 'Antinephritic']"
CHEMBL1200340,CCOC(=O)C1=C[C@@H](OC(CC)CC)[C@H](NC(C)=O)[C@@H](N)C1.O=P(O)(O)O,"['Neuraminidase Inhibitor', 'Influenza Inhibitor', 'Anti-Viral', 'H5N1 Inhibitor', 'Influenza Entry Inhibitor', 'HA Inhibitor', 'PA-PB1 Interaction Inhibitor', 'Influenza HA Inhibitor', 'HA Fusion Inhibitor']"
CHEMBL1200963,CCNC(=O)CCC/C=C\C[C@@H]1[C@@H](/C=C/[C@@H](O)CCc2ccccc2)[C@H](O)C[C@@H]1O,['Antiglaucoma']
CHEMBL1201152,C=C1CC[C@@]2(O)[C@H]3Cc4ccc(O)c5c4[C@@]2(CCN3CC2CC2)[C@H]1O5.Cl,"['Analgesic', 'Narcotic-Antagonist', 'MOR Antagonist', 'Opiate Receptor']"
CHEMBL1201204,Cc1cc(O)c(C(=O)N[C@@H](C(=O)N[C@@H]2C(=O)N3C(C(=O)O)=C(CSc4nnnn4C)CS[C@H]23)c2ccc(O)cc2)cn1,['Antibiotic']
CHEMBL1201275,CCN(CC)c1ccc(C(=C2C=CC(=[N+](CC)CC)C=C2)c2cc(S(=O)(=O)[O-])ccc2S(=O)(=O)O)cc1,[]
CHEMBL122270,CN1[C@@H](CC(=O)c2ccccc2)CCC[C@H]1C[C@H](O)c1ccccc1,"['Analgesic', 'Neuronal Nicotinic Receptor Ligand', 'H1 Receptor Antagonist', 'nAChR Ligand', 'DAT Inhibitor', 'VMAT-2 Inhibitor', 'Neuronal nAChR Ligand', 'VMAT2 Ligand', 'Acetylcholine Binding Protein Ligand']"
CHEMBL1256994,C[N+](C)(C)CCOP(=O)([O-])OP(=O)([O-])OC[C@H]1O[C@@H](n2ccc(N)nc2=O)[C@H](O)[C@@H]1O.[Na+],[]
CHEMBL1475252,COc1ccc2[nH]c([S+]([O-])Cc3ncc(C)c(OC)c3C)nc2n1,"['NHE3 Inhibitor', 'Antiulcerogenic']"
CHEMBL1583,CCOC(=O)OC(C)OC(=O)[C@@H]1N2C(=O)[C@@H](NC(=O)[C@H](N)c3ccccc3)[C@H]2SC1(C)C,['Antibiotic']
CHEMBL1628233,O=C([O-])c1ccccc1-c1c2ccc(=O)cc-2oc2cc([O-])ccc12.[Na+].[Na+],[]
CHEMBL1650443,Cn1c(=O)cc(N2CCC[C@@H](N)C2)n(Cc2cc(F)ccc2C#N)c1=O,"['Anti-Diabetic', 'DPPIV Inhibitor', 'Type 2 Diabetes', 'Diabetes']"
CHEMBL1794791,O=C(O)CC(=O)C(=O)O,"['HIF PHD Inhibitor', 'FTO Inhibitor', 'Pyruvate Carboxylase Inhibitor', 'Collagen Prolyl 4-Hydroxylase Inhibitor', 'ALKBH5 Inhibitor']"
CHEMBL1908397,O=C(c1ccc(/C=C/c2n[nH]c3ccccc23)cc1)N1CCNCC1,[]
CHEMBL2103794,CN(C)N(C)C(=O)[C@@]1(Cc2ccccc2)CCCN(C(=O)[C@@H](Cc2c[nH]c3ccccc23)NC(=O)C(C)(C)N)C1.Cl,['Growth Hormone Secretagogue']
CHEMBL2103959,C[C@H]1O[C@@H](O[C@H]2[C@@H](OC=O)C[C@H](O[C@H]3[C@@H](OC=O)C[C@H](O[C@H]4CC[C@@]5(C)[C@H](CC[C@@H]6[C@@H]5CC[C@]5(C)[C@@H](C7=CC(=O)OC7)[C@@H](OC=O)C[C@]65O)C4)O[C@@H]3C)O[C@@H]2C)C[C@H](OC=O)[C@@H]1OC=O,"['Cytotoxic', 'Na(+)/K(+)-ATPase Inhibitor']"
CHEMBL2107386,CCOC(=O)N[C@@H]1CC[C@@H]2[C@@H](C1)C[C@H]1C(=O)O[C@H](C)[C@H]1[C@H]2/C=C/c1ccc(-c2cccc(F)c2)cn1.O=S(=O)(O)O,"['Anti-Platelet', 'Thrombin Receptor Antagonist', 'PAR1 Antagonist']"
CHEMBL2110781,Cc1ccccc1CN1CCN(CCOC(c2ccccc2)c2ccccc2Cl)CC1,['Dopamine Transporter Ligand']
CHEMBL2111112,COc1ccc(CCO[C@@H]2CCCC[C@H]2N2CC[C@@H](O)C2)cc1OC,['Antiarrhythmic']
CHEMBL2165615,Cc1cnc(NC(=O)c2cc(Oc3cnc(C(=O)N(C)C)nc3)c3cc(C)oc3c2)cn1,"['Type 2 Diabetes', 'Glucokinase Activator', 'Hepatoselective']"
CHEMBL225071,Cc1nc(=O)c2cc(CN(C)c3ccc(C(=O)N[C@@H](CCC(=O)O)C(=O)O)s3)ccc2[nH]1,"['Thymidylate Synthetase Inhibitor', 'Antifolate']"
CHEMBL2396661,Cc1nc(NC(=O)N2CCC[C@H]2C(N)=O)sc1-c1ccnc(C(C)(C)C(F)(F)F)c1,"['Anticancer', 'PI3K-Alpha Inhibitor']"
CHEMBL244243,C[C@@H](NC(=O)[C@@H](CC(=O)N1CCC(N2CCCCC2)CC1)N1C(=O)[C@@H](N2C(=O)OC[C@@H]2c2ccccc2)[C@H]1/C=C/c1ccccc1)c1cccc(C(F)(F)F)c1,"['Vasopressin 1a Receptor Antagonist', 'V1a Receptor Antagonist']"
CHEMBL3301601,CN1C(N)=N[C@](C)(c2cc(NC(=O)c3ccc(F)cn3)ccc2F)CS1(=O)=O,"[""Alzheimer's Disease"", 'BACE-1 Inhibitor', ""Alzheimer's""]"
CHEMBL3301622,CCc1nc(C(N)=O)c(Nc2ccc(N3CCC(N4CCN(C)CC4)CC3)c(OC)c2)nc1NC1CCOCC1,"['FLT3 Inhibitor', 'AML', 'AXL Inhibitor']"
CHEMBL3707219,COC(=O)c1ccc(OC(=O)CCCCCCC(=O)NO)cc1,"['HDACs Inhibitor', 'Histone Deacetylase Inhibitor']"
CHEMBL376408,CN(C)CC[C@H](CSc1ccccc1)Nc1ccc(S(=O)(=O)NC(=O)c2ccc(N3CCN(Cc4ccccc4-c4ccc(Cl)cc4)CC3)cc2)cc1[N+](=O)[O-],"['Anticancer', 'Pro-Apoptotic', 'BCL-2 Inhibitor', 'Bcl-2/Bcl-xL Inhibitor']"
CHEMBL4297457,CC(C)(O)c1cccn2c(C3(c4ccc(Cl)cc4)CC3)nnc12.Cl,['11betaHSD1 Inhibitor']
CHEMBL4297481,Cn1ncc2cc(-c3cc(CCC(=O)O)cc(N)c3OC3Cc4ccccc4C3)ccc21,['LTB4 Antagonist']
CHEMBL4298158,CN1CCN(c2ccc(OC(F)(F)F)c(Nc3ncc4c(n3)-c3c(c(C(N)=O)nn3CCO)CC4)c2)CC1.O=C(O)/C=C/C(=O)O,['Plk2 Inhibitor']
CHEMBL4650218,N#Cc1ccc(COc2cccc(C3CCN(Cc4nc5ccc(C(=O)O)cc5n4C[C@@H]4CCO4)CC3)n2)c(F)c1.NC(CO)(CO)CO,[]
CHEMBL508583,CC(C)[C@@H](CC[C@@H](C)[C@H]1CC[C@H]2[C@@H]3[C@H](O)C[C@H]4C[C@@H](NCCCNCCCCNCCCN)CC[C@]4(C)[C@H]3CC[C@]12C)OS(=O)(=O)O,"['Antimicrobial', 'SHP2 Inhibitor', 'PTP Inhibitor']"
CHEMBL514215,COc1ccc(-c2c(C#N)c(C(=O)NN3CCCCC3)nn2-c2ccc(Cl)cc2Cl)cc1,[]
CHEMBL5314485,N#CC[C@H](C1CCCC1)n1cc(-c2ncnc3[nH]ccc23)c(N)n1,"['Kinase Inhibitor', 'JAK1/JAK2 Inhibitor', 'Immunomodulator', 'TYK2 Inhibitor', 'TAK1-Inhibitor']"
CHEMBL5314490,C[C@H](c1ccc(Cl)cc1Cl)n1nc(C(F)(F)F)c2ncc(N3CC([C@H]4CCCN(CCO)C4)C3)nc21,"['CCR4 Receptor Antagonist', 'Immuno-Oncology']"
CHEMBL5314578,Br.Cc1ccc(Sc2ccccc2N2CCNCC2)c(C)c1.Cc1ccc(Sc2ccccc2N2CCNCC2)c(C)c1,[]
CHEMBL5314585,CCOCc1cnc(Cl)nc1Oc1ccc2c(ccc3sc4c(c32)NC[C@@H](C)NC4=O)n1,[]
CHEMBL5314964,CCCCCCCCCC(=O)O[C@H]1CC[C@@]2(C)C(=CC[C@@H]3[C@@H]2CC[C@]2(C)C(c4cccnc4)=CC[C@@H]32)C1,"['17 alpha-hydroxylase/C17,20-lyase Inhibitor']"
CHEMBL609109,CN1CCN(CCCN2c3ccccc3Sc3ccc(S(=O)(=O)N(C)C)cc32)CC1,[]
CHEMBL688,CCC(=O)N(c1ccccc1)C1CCN(CCc2ccccc2)CC1.O=C(O)CC(O)(CC(=O)O)C(=O)O,"['Analgesic', 'Opiate-Like']"
CHEMBL7492,COc1ccc(OC)c(Cc2cnc3nc(N)nc(N)c3c2C)c1,"['Dihydrofolate Inhibitor', 'DHFR Inhibitor', 'Antifolate', 'Toxoplasmosis', 'AIDS', 'Anti-Opportunistic Infection']"
CHEMBL1162,C#C[C@]1(O)CC[C@H]2[C@@H]3CCC4=CC(=O)CC[C@@H]4[C@H]3CC[C@@]21C,"['Progesterone Receptor Agonist', 'Androgen Receptor Ligand', 'Progesterone Receptor Ligand', 'SHBG Ligand', 'P-glycoprotein Inducer', 'Osteoblast Stimulator', 'Pgp-ATPase Stimulator']"
CHEMBL1200410,CNNCc1ccc(C(=O)NC(C)C)cc1.Cl,[]
CHEMBL1200470,COc1ccc2[n-]c([S@@+]([O-])Cc3ncc(C)c(OC)c3C)nc2c1.[Na+],"['NHE3 Inhibitor', 'Antiulcerogenic', 'Anti-Ulcer']"
CHEMBL1201006,COc1ccc(CN(CCN(C)C)c2ccccn2)cc1.O=C(O)/C=C\C(=O)O,[]
CHEMBL1231160,NS(=O)(=O)OC[C@@H]1C[C@@H](n2ccc3c(N[C@H]4CCc5ccccc54)ncnc32)C[C@@H]1O,"['Anticancer', 'Leukemia', 'Cullin Neddylation Inhibitor', 'DCN1-UBC12 Inhibitor', 'SUMOylation Inhibitor', 'Neddylation Inhibitor', 'Multiple Myeloma Treatment', 'NAE Inhibitor', 'SAE Inhibitor', 'CRLs Activation Inhibitor', 'Neddylation Modulator']"
CHEMBL1256978,Cn1c(=O)c(C(=O)NCCO)c(O)c2ncc(Cc3ccc(F)cc3)cc21,"['Antiviral', 'HIV Integrase Inhibitor']"
CHEMBL1290,CC(C)(C)NC[C@H](O)COc1ccccc1C1CCCC1,"['Beta-Adrenoceptor Blocker', 'Beta-Adrenergic Receptor Ligand']"
CHEMBL159659,CCC(=O)C(C[C@@H](C)N(C)C)(c1ccccc1)c1ccccc1,[]
CHEMBL16,O=C1NC(=O)C(c2ccccc2)(c2ccccc2)N1,"['Anticonvulsive', 'FAAH Inhibitor', 'Sodium Channel Blocker', 'Sodium Channel Inhibitor', 'Sedative Hypnotic', 'Anti-Epileptic', 'Sodium Channel Binder', 'Neurotoxicity', 'Voltage-Gated Sodium Channel Ligand']"
CHEMBL1623738,COc1ccc(CN(CCN(C)C)c2ncccn2)cc1,[]
CHEMBL1695,Cc1ccsc1C(=CCCN1CCC[C@@H](C(=O)O)C1)c1sccc1C.Cl,"['Anticonvulsive', 'GABA Uptake Inhibitor', 'GABA-Transporter Inhibitor', 'mGAT3 Inhibitor', 'mGAT2 Inhibitor']"
CHEMBL1796997,[He],"['Neuroprotective', 'Osteoblast Stimulator', 'CO2 Hydrase', 'Beta-CA Inhibitor', 'Anion Inhibitor', 'DNA Cleaving Agent', 'Carbonic Anhydrase XV Inhibitor', 'Tau Protein Inhibitor', 'HD', 'Glycogen Synthase Activator']"
CHEMBL2103837,O=C(O)c1ccc2nc(-c3cc(Cl)cc(Cl)c3)oc2c1,[]
CHEMBL2104114,CN(CCOP(=O)(O)O)C(=N)N,[]
CHEMBL2106119,O=C([O-])[C@H](O)[C@@H](O)[C@H](O)[C@H](O)CO.O=C([O-])[C@H](O)[C@@H](O)[C@H](O)[C@H](O)CO.[Ca+2],[]
CHEMBL2107123,N[C@@H](CCC(=O)[O-])C(=O)N[C@@H](Cc1c[nH]c2ccccc12)C(=O)[O-].[Na+].[Na+],[]
CHEMBL2110686,CC(C)(CCCCOCCCCC(C)(C)C(=O)O)C(=O)O,"['Hypolipidemic', 'Lipid Modulator']"
CHEMBL2218917,CC1OC2(CS1)CN1CCC2CC1.Cl.O,['Cholinergic Agonist']
CHEMBL256997,O=C(O)c1cccc(-c2noc(-c3ccccc3F)n2)c1,[]
CHEMBL260829,Cc1cccc(C)c1NC(=O)CN1CCCC1=O,['Anticonvulsive']
CHEMBL288470,Cc1c(N(C)C)c(=O)n(-c2ccccc2)n1C,"['Anti-Inflammatory', 'Antiulcerous']"
CHEMBL3039515,CCCCC1(CCCC)CN(c2ccccc2)c2cc(SC)c(OCC(=O)N[C@@H](C(=O)NCC(=O)O)c3ccccc3)cc2S(=O)(=O)C1,['ASBT Inhibitor']
CHEMBL313302,O=C1C=C(N2CC2)C(=O)C(N2CC2)=C1N1CC1,"['Antitumor', 'DNA Alkylating']"
CHEMBL3301607,O=C(Nc1nc2cccc(-c3ccc(CN4CCS(=O)(=O)CC4)cc3)n2n1)C1CC1,['JAK1/JAK2 Inhibitor']
CHEMBL3707298,[Mg+2].[O-][O-],"['Antibiotic', 'Antimalarial', 'Antimicrobial', 'Neuroprotective', 'Carbonic Anhydrase Inhibitor', 'Anti-Trypanosomal', 'Cytoprotective', 'Vasorelaxant', 'Cardioprotective', 'Cardiovascular', 'CA I Inhibitor', 'Type 2 Diabetes Treatment', 'H. pylori', 'H2S Donor', 'Carbonic Anhydrase', 'NMDAR Antagonist', 'Osteoblast Stimulator', 'Mood Disorder', 'CO2 Hydrase', 'Beta-CA Inhibitor', 'Carbonic Anhydrase IV Inhibitor', 'IFN-Gamma Inhibitor', 'Cu Chelator', 'Anion Inhibitor', 'H2S-Releasing', 'DNA Cleaving Agent', 'Carbonic Anhydrase XV Inhibitor', 'Tau Protein Inhibitor', 'HD', 'Glycogen Synthase Activator']"
CHEMBL3707375,CCCCCCCOc1ccc(CCC(N)(CO)CO)cc1C(F)(F)F,['S1P1 Agonist']
CHEMBL42,CN1CCN(C2=Nc3cc(Cl)ccc3Nc3ccccc32)CC1,"['Atypical Antipsychotic', 'Dopamine Antagonist', 'D2/5-HT2 Antagonist', 'D(1)-Selective']"
CHEMBL4297623,NC(=O)/C(=C/n1cnc(-c2cc(C(F)(F)F)cc(C(F)(F)F)c2)n1)c1cncnc1,['Antimultiple Myeloma']
CHEMBL443684,CC1(C)CCC(c2ccc(Cl)cc2)=C(CN2CCN(c3ccc(C(=O)NS(=O)(=O)c4ccc(N[C@H](CCN5CCOCC5)CSc5ccccc5)c(S(=O)(=O)C(F)(F)F)c4)cc3)CC2)C1,"['Anticancer', 'Apoptosis Inducer', 'Apoptosis', 'Cancer', 'Pro-Apoptotic', 'BCL-2 Inhibitor', 'BCL-X Degrader', 'CDK9 Degrader']"
CHEMBL456,C=C(CC)C(=O)c1ccc(OCC(=O)O)c(Cl)c1Cl,['Diuretic']
CHEMBL4594277,Cl.Fc1cc(F)c(OCc2ccccc2C2CCNCC2)c(F)c1,['5-HT1R Partial Agonist']
CHEMBL4594441,COc1cc(Nc2ncc(C)c(Nc3ccc4oc(=O)[nH]c4c3)n2)cc(C)c1F,['JAK1/JAK2 Inhibitor']
CHEMBL4650310,O=c1ccc2ccc(O[C@@H]3C[C@H]4CC[C@@H](C3)N4)cc2o1,[]
CHEMBL5314391,CCN1CCC(Nc2ccc3c(c2)/C(=C(\c2cccc(F)c2)c2nc(C)c[nH]2)C(=O)N3)CC1,['Receptor Tyrosine Kinase Inhibitor']
CHEMBL723,COc1ccccc1OCCNCC(O)COc1cccc2[nH]c3ccccc3c12,"['Tubulin Inhibitor', 'Beta(3)-Adrenergic Agonist', 'Antiarrhythmic', 'Hypotensive', 'Free Radical Scavenger', 'CYP1B1 Inhibitor', 'Beta-Adrenergic Antagonist', 'Beta-Adrenergic Receptor Ligand', 'Beta-Adrenoceptor Antagonist', 'Lipophilicity', 'TLR4 Inhibitor', 'Anti-Melanoma', 'Indoleamine 2,3-Dioxygenase Inhibitor', 'Norepinephrine-Serotonin Reuptake Inhibitor', 'CNS Drug Partitioning']"
CHEMBL77622,Oc1ccc(CCNCCCCCCNCCc2ccccc2)cc1O,[]
CHEMBL8,O=C(O)c1cn(C2CC2)c2cc(N3CCNCC3)c(F)cc2c1=O,"['Antibiotic', 'NAD Synthetase Inhibitor']"
CHEMBL833,Clc1ccccc1CN1CCc2sccc2C1,"['Antiplatelet Aggregation Inhibitor', 'GluN2B Antagonist', 'TarO Inhibitor', 'Cholestatic DILI', 'LTCC Blocker', 'P2Y Inhibitor', 'Anti-Ischemic Stroke', 'HsClpP Agonist', 'S2 Serotonergic Receptor Antagonist']"
CHEMBL103735,CCCC1(CCC)CCC2(CCN(CCCN(CC)CC)C2)CC1,"['Immunomodulatory', 'Antiarthritic']"
CHEMBL104,Clc1ccccc1C(c1ccccc1)(c1ccccc1)n1ccnc1,['Aromatase Inhibitor']
CHEMBL112570,CC(C)CCC[C@@H](C)[C@H]1CC[C@H]2[C@@H]3CC=C4C[C@@H](O)CC[C@]4(C)[C@H]3CC[C@]12C,['Lipid Lowering']
CHEMBL1201020,CC(C)N(CCC(C(N)=O)(c1ccccc1)c1ccccn1)C(C)C.O=P(O)(O)O,['Antiarrhythmic']
CHEMBL1433361,CCCCCCCCOc1ccccc1C(=O)Nc1ccc(C(=O)OCC[N+](C)(CC)CC)cc1,[]
CHEMBL148,C[C@@H](O)[C@H]1C(=O)N2C(C(=O)O)=C(SCCNC=N)C[C@H]12,"['Antibiotic', 'PBP2 Inhibitor', 'Drug Efflux Pump Inhibitor']"
CHEMBL157101,CC(=O)N1CCN(c2ccc(OCC3COC(Cn4ccnc4)(c4ccc(Cl)cc4Cl)O3)cc2)CC1,[]
CHEMBL1707,CN(C)C(=O)C(CCN1CCC(O)(c2ccc(Cl)cc2)CC1)(c1ccccc1)c1ccccc1.Cl,"['Autophagy Inducer', 'Dopamine D2 Receptor Antagonist']"
CHEMBL1738758,CN1CCN(c2ccc(OC(F)(F)F)c(Nc3ncc4c(n3)-c3c(c(C(N)=O)nn3CCO)CC4)c2)CC1,['Plk2 Inhibitor']
CHEMBL2103883,O=C(Nc1nc(-c2cc(Cl)cs2)c(N2CCN(C3CCCCC3)CC2)s1)c1cnc(N2CCC(C(=O)O)CC2)c(Cl)c1,"['Thrombopoietin Receptor Agonist', 'TRPV4 Inhibitor']"
CHEMBL2104769,CCN1CCC[C@H]1CNC(=O)c1c(O)c(Cl)cc(Cl)c1O[11CH3],"['Dopamine D2 Receptor Antagonist', 'Neuroleptic', 'Potential Antipsychotic', 'Antidopaminergic', 'D-2 Dopamine Receptor Imaging Agent']"
CHEMBL2110773,C[N+]1(CC2CC2)[C@@H]2C[C@@H](OC(=O)[C@H](CO)c3ccccc3)C[C@H]1[C@@H]1O[C@@H]12,"['Muscarinic Receptor Antagonist', 'Anticholinergic', 'Spasmolytic', 'Muscarinic M3 Receptor Antagonist', 'OCT1 Substrate', 'Cholinergic Receptor Antagonist']"
CHEMBL2110774,CN(C)CCOC(C)(c1ccccc1)c1ccc(Cl)cc1,[]
CHEMBL2110796,C[N+](C)(C)CCOC(Cc1ccccc1)c1ccccc1,[]
CHEMBL23588,O=C(O)c1ccccc1Nc1cccc(C(F)(F)F)c1,"['AKR1C1 Inhibitor', 'AR Inhibitor', '17beta-hydroxysteroid Dehydrogenase Inhibitor', 'MPO Inhibitor', 'Hippo Pathway Inhibitor', 'TTR Inhibitor']"
CHEMBL255863,Cc1cn(-c2cc(NC(=O)c3ccc(C)c(Nc4nccc(-c5cccnc5)n4)c3)cc(C(F)(F)F)c2)cn1,"['Bcr-Abl Inhibitor', 'Cholesterol Lowering']"
CHEMBL298470,COc1cc(C)c2c(Oc3cccc(C(F)(F)F)c3)c(OC)cc(NC(C)CCCN)c2n1,['Antimalarial']
CHEMBL3218390,Cc1nc[nH]c1CN1CCN(C(=O)N[C@@H](CC(C)C)C(=O)O)[C@@H](Cc2ccccc2)C1=O,[]
CHEMBL3763743,Oc1ccc(Oc2sc3cc(O)ccc3c2-c2ccc(F)cc2)cc1,"['Estrogen Receptor Ligand', 'SERD']"
CHEMBL3990804,Cc1oc(-c2ccccc2)nc1CCOc1ccc(CC2SC(=O)NC2=O)c2sccc12,"['Anti-Diabetic', 'Hypoglycemic', 'PPAR gamma Agonist', 'Hypolipidemic']"
CHEMBL4297290,C[C@@H]1CN(Cc2ncccn2)C[C@H]1c1cn2c(C3CCOCC3)ncc2c(=O)[nH]1,"['PDE9A Inhibitor', 'ATM Inhibitor']"
CHEMBL4297378,CC1=C[C@@H]2CN(C(=O)N2OS(=O)(=O)[O-])[C@@H]1C(N)=O.[Na+],['Beta-Lactamase Inhibitor']
CHEMBL4303525,CC1(C)CC[C@]2(NC(=O)C(C)(F)F)CC[C@]3(C)[C@H](C(=O)C=C4[C@@]5(C)C=C(C#N)C(=O)C(C)(C)[C@@H]5CC[C@]43C)[C@@H]2C1,"['Necroptosis Inhibitor', 'Nitric Oxide Inhibitor', 'HO-1 Inducer']"
CHEMBL449062,C=C(C)[C@H]1CC=C(C)CC1,"['Antiacne', 'Acaricide']"
CHEMBL4802214,COc1cccc2[nH]c(C(=O)N[C@@H](CC(C)C)C(=O)N[C@@H](C[C@@H]3CCNC3=O)C(=O)COP(=O)(O)O)cc12,"['3CL Protease Inhibitor', 'COVID-19']"
CHEMBL54918,O=c1[nH]c(=O)n([C@@H]2O[C@H](CO)[C@@H](O)[C@H]2O)cc1F,[]
CHEMBL713,C=C1[C@H](CO)[C@@H](O)C[C@@H]1n1cnc2c(=O)[nH]c(N)nc21,['Antiviral']
CHEMBL118,Cc1ccc(-c2cc(C(F)(F)F)nn2-c2ccc(S(N)(=O)=O)cc2)cc1,"['Anti-Inflammatory', 'COX2 Inhibitor', 'COX1⧹2 Inhibitor', 'Enzyme Inhibitor', 'Nitric Oxide Donor']"
CHEMBL1200461,COc1ccc(OC)c(C(O)CNC(=O)CN)c1.Cl,[]
CHEMBL1200728,Cl.N=C(N)N,"['DHPS Inhibitor', 'Antiglycation', 'Organic Cation Transporter', 'AGE Inhibitor']"
CHEMBL1201049,Clc1ccc(COC(Cn2ccnc2)c2ccc(Cl)cc2Cl)cc1.O=[N+]([O-])O,['Antimycotic']
CHEMBL1201216,Cc1ccccc1N1CCN(CCc2nnc3n2CCCC3)CC1,['5-HT2 Receptor Affinity']
CHEMBL126648,C#CCN(Cc1cc2c(O)nc(C)nc2cc1C)c1ccc(C(=O)N[C@@H](CCc2nnn[nH]2)C(=O)O)c(F)c1,['Thymidylate Synthetase Inhibitor']
CHEMBL1330792,CC(=O)Nc1cc([As](=O)(O)O)ccc1O,[]
CHEMBL1436,CO/N=C(\C(=O)N[C@@H]1C(=O)N2C(C(=O)O)=C(COC(N)=O)CS[C@H]12)c1ccco1,"['Antibiotic', 'Bactericidal', 'MBL Inhibitor', 'NDM-1 Inhibitor', 'Mycobacterium tuberculosis', 'PBP2 Inhibitor', 'Nephrotoxic', 'Organic Anion Transport Inhibitor', 'Antibiotic Resistance', 'Beta-Lactamase', 'Antipneumococcal', 'Penicillin-Binding Protein Inhibitor', 'Carbapenemase Inhibitor']"
CHEMBL1657,CCOC(=O)c1ccc(C#Cc2ccc3c(c2)C(C)(C)CCS3)nc1,['mGluR5 Positive Allosteric Modulator']
CHEMBL1658,C=C[C@]1(C)C[C@@H](OC(=O)CS[C@@H]2C[C@H]3CC[C@@H](C2)N3C)[C@]2(C)[C@H](C)CC[C@]3(CCC(=O)[C@H]32)[C@@H](C)[C@@H]1O,"['Antibiotic', 'CYP3A4 Inhibitor', 'Ribosome Binding', 'Anti-Wolbachia', 'Onchocerciasis', 'Filarial Infection']"
CHEMBL1817968,CC(C)(C)c1cc(C(C)(C)C)c2[nH]c(C(C)(C)C)c(C[C@H](NC(=O)[C@@H](N)CCCNC(=N)N)C(=O)N[C@@H](CCCNC(=N)N)C(=O)NCCc3ccccc3)c2c1,"['Antibiotic', 'Antimicrobial', 'MRSA']"
CHEMBL1908355,NC(=O)N1C(=O)/C(=C(\O)c2cccs2)c2cc(Cl)ccc21,[]
CHEMBL2104194,COC(=O)CCC=C=CC[C@H]1C(=O)C[C@@H](O)[C@@H]1/C=C/[C@@H](O)COc1ccccc1,"['Uterine Stimulant', 'Prostanoid Receptor Ligand']"
CHEMBL2104955,C=C1[C@H](O)CC(=C/C=C2\CCC[C@]3(C)[C@@H]([C@@H](C)CC)CC[C@@H]23)C[C@H]1O,"['Partial Agonist', 'VDR Antagonist']"
CHEMBL2106566,O=P([O-])([O-])[O-].O=P([O-])([O-])[O-].[Ca+2].[Ca+2].[Ca+2],"['Carbonic Anhydrase Inhibitor', 'Antiherpes', 'Carbonic Anhydrase', 'NaPi2b Inhibitor', 'CO2 Hydrase', 'Beta-CA Inhibitor', 'Antibiotic Resistance', 'Intestinal Permeability']"
CHEMBL2106939,CCCCCCNC(=N)NC(=N)N,['Weight Loss']
CHEMBL269732,C=CC[C@@H]1/C=C(\C)C[C@H](C)C[C@H](OC)[C@H]2O[C@@](O)(C(=O)C(=O)N3CCCC[C@H]3C(=O)O[C@H](/C(C)=C/[C@@H]3CC[C@@H](O)[C@H](OC)C3)[C@H](C)[C@@H](O)CC1=O)[C@H](C)C[C@@H]2OC,['Immunosuppressant']
CHEMBL278623,CC(C)(N)C(=O)N[C@H](Cc1c[nH]c2ccccc12)C(=O)N[C@H](Cc1c[nH]c2ccccc12)NC=O,"['Growth Hormone Secretagogue', 'GH Secretagogue']"
CHEMBL289351,COc1ccc(/C=C\c2cc(OC)c(OC)c(OC)c2)cc1OP(=O)([O-])[O-].[Na+].[Na+],"['Anticancer', 'Cytotoxic', 'Antitumor', 'Antiproliferative', 'Cytostatic', 'Tubulin Polymerization Inhibitor', 'Tubulin Inhibitor', 'Anti-Angiogenic', 'Apoptosis', 'Antineoplastic', 'Microtubule Inhibitor', 'Cancer Cell Growth Inhibitor', 'Tubulin-binding', 'Vascular-Disrupting Agent', 'Vascular-Disrupting', 'Tubulin Assembly Inhibitor', 'Anti-Gastric Cancer', 'Anti-Vascular', 'Microtubule Depolymerization', 'Vasculature Damaging']"
CHEMBL290960,CC1CS(=O)(=O)CCN1/N=C/c1ccc([N+](=O)[O-])o1,"['Anti-Trypanosoma cruzi', 'Anti-T.cruzi', 'Antichagasic', 'Carcinogenic', 'T. cruzi Growth Inhibitor']"
CHEMBL3113974,CS(=O)(=O)Nc1ccc(C(=O)O[C@@H](Cc2c(Cl)c[n+]([O-])cc2Cl)c2ccc(OC(F)F)c(OCC3CC3)c2)cc1OCC1CC1,"['Anti-Inflammatory', 'PDE4 Inhibitor', 'Respiratory']"
CHEMBL3126004,C[C@H](NP(=O)(OC[C@H]1O[C@@H](n2ccc(N)nc2=O)C(F)(F)[C@@H]1O)Oc1ccccc1)C(=O)OCc1ccccc1,[]
CHEMBL3545213,N#CC(c1ccnc(OCc2ccc(CN3CCOCC3)cc2)n1)c1nc2ccccc2s1,[]
CHEMBL3585580,COc1ccc(Oc2cc(N(C)CCOc3ccc(CC4SC(=O)NC4=O)cc3)ncn2)cc1,[]
CHEMBL3989868,Cc1cc(Nc2ncnc3ccc(NC4=NC(C)(C)CO4)cc23)ccc1Oc1ccn2ncnc2c1,"['Kinase Inhibitor', 'HER1/HER2 Inhibitor']"
CHEMBL4227721,CCOC(=O)O[C@@H](C)n1nnnc1-c1c(-c2ccc(C(=O)N(c3ncccc3Cl)[C@@H]3CCCNC3)cc2F)cnn1C,['PCSK9 Modulator']
CHEMBL43048,CNC(C)Cc1ccc2c(c1)OCO2,"['Serotonin Transporter Inhibitor', 'Norepinephrine Transporter Inhibitor', 'SERT Ligand', 'Serotoninergic Agonist', 'Hallucinogenic', 'Psychoactive', 'Psychotomimetic', 'Serotonin Receptor Affinity', 'hTAAR1 Activator']"
CHEMBL43068,CC(C)[C@H](N)C(=O)O,"['PKM2 Activator', 'PKM2 Inhibitor', 'LAT1 Inhibitor', 'Amino Acid Transporter', 'AGE Inhibitor', 'LAT-1 Substrate', 'hPAT1 Substrate']"
CHEMBL46469,O=C1c2c(O)cccc2Cc2cccc(O)c21,"['5-Lipoxygenase Inhibitor', 'Antipsoriatic', 'Redox Activator', 'Redox Modulator']"
CHEMBL4650349,O=C(c1ccc(F)cc1)c1ccccc1N[C@@H](Cc1ccc(OCCn2c3ccccc3c3ccccc32)cc1)C(=O)O,['PPAR gamma Agonist']
CHEMBL471897,Cc1cc(OCP2(=O)OCC[C@@H](c3cccc(Cl)c3)O2)cc(C)c1Cc1ccc(O)c(C(C)C)c1,"['Cholesterol Lowering', 'Liver-Selective', 'Thyroid Hormone Receptor Agonist']"
CHEMBL4847106,C[C@@H]1CC[C@@H](Nc2nc(NC(C)(C)C)ncc2C(N)=O)C[C@H]1O,[]
CHEMBL507674,CCN1CCN(C(=O)N[C@@H](C(=O)N[C@@H]2C(=O)N3C(C(=O)O)=C(CSc4nnnn4C)CS[C@H]23)c2ccc(O)cc2)C(=O)C1=O,"['Antibiotic', 'OAT1 Inhibitor', 'Nephrotoxic', 'Organic Anion Transport Inhibitor', 'Antibiotic Sensitizer']"
CHEMBL5095250,COc1nc(C)ccc1-c1cc(Nc2cncc(O[C@@H]3CCCNC3)n2)n[nH]1,[]
CHEMBL5314910,CC(C)NC(=O)Cn1c(-c2cccc(Cl)c2)nn(-c2ccc(CCN3CCOCC3)cc2)c1=O,[]
CHEMBL90555,CC[C@]1(O)C[C@H]2CN(CCc3c([nH]c4ccccc34)[C@@](C(=O)OC)(c3cc4c(cc3OC)N(C=O)[C@H]3[C@@](O)(C(=O)OC)[C@H](OC(C)=O)[C@]5(CC)C=CCN6CC[C@]43[C@@H]65)C2)C1,"['Anticancer', 'Cytotoxic', 'Antiproliferative', 'Anti-Cancer', 'Tubulin Inhibitor', 'Tubulin-binding', 'Microtubule Disruptor', 'Vascular-Disrupting', 'Anti-Vascular', 'Tubulin Interaction']"
CHEMBL1068,NC(=O)N1c2ccccc2CC(=O)c2ccccc21,[]
CHEMBL1256137,Cl.NCCS,['Radioprotector']
CHEMBL1265,COc1ccc(-c2ccc3cc(C(=O)O)ccc3c2)cc1C12CC3CC(CC(C3)C1)C2,"['Antiproliferative', 'Apoptosis Inducer', 'Pro-Apoptotic', 'SHP2 Inhibitor', 'Cellular Differentiation', 'RXRAlpha Activator']"
CHEMBL1294,C=C[C@H]1CN2CC[C@H]1C[C@@H]2[C@@H](O)c1ccnc2ccc(OC)cc12,"['Cytotoxic', 'Antimalarial', 'Anti-Tuberculosis', 'Antimicrobial', 'Anti-mycobacterial', 'Antidepressant', 'HCV NS5b Polymerase Inhibitor', 'Anti-Leishmanial', 'Antiplasmodial', 'Anti-Trypanosomal', 'P-glycoprotein Inhibitor', 'HIV NNRTI', 'Neuraminidase Inhibitor', 'Antiarrhythmic', 'CYP3A4 Inhibitor', 'P-gp Modulator', 'hERG Inhibitor', 'Efflux Pump Inhibitor', 'CYP51 Inhibitor', 'Mycobacterium tuberculosis Inhibitor', '5-HT Ligand', 'MDR-Modulator', 'CYP450 Inhibitor', 'Cyp11B1 Inhibitor', '5-HT Agonist', 'Aldosterone Synthase Inhibitor', 'ATP Synthase Inhibitor', 'Antiamoebic', 'ABCB1 Inhibitor', 'Cytochrome P450 2D6 Inhibitor', 'Hypouricemic', 'P-glycoprotein Substrate', 'Chikungunya Inhibitor', 'Ebola Virus Inhibitor', 'HSA-Binding', 'Spermicidal', 'Anti-Dengue', 'DHPS Inhibitor', 'Heme-Binding', 'Bacteriostatic', 'Organic Cation Transporter', 'SKCa Channel Blocker', 'CYP3A4 Inducer', 'Pgp Substrate', 'CYP2J2 Inhibitor', 'mAChR5 Ligand', 'M5 Positive Allosteric Modulator', 'OATP Inhibitor', 'Chemotherapy', 'Microbicidal', 'Multitarget-Directed Ligand', 'CYP3A Substrate', 'Organic Cation Transporter 2 Inhibitor', 'Dopamine Agent', 'SerB653 Inhibitor', 'Anti-Ulcer', 'CNS Drug Partitioning', 'Tryptophanyl tRNA Synthetase Inhibitor', 'Benzodiazepine Affinity', 'hBChE Inhibitor', 'DNA DSBs', 'GIRK Channel Modulator', 'Gastric Acid Stimulator', 'Phospholipase Activator', 'Arachidonic Acid Release', 'OX2 Receptor Agonist', 'OX1 Receptor Agonist']"
CHEMBL1563,COc1cccc2c1C(=O)c1c(O)c3c(c(O)c1C2=O)C[C@@](O)(C(C)=O)C[C@@H]3O[C@H]1C[C@H](N)[C@H](O)[C@H](C)O1.Cl,"['Cytotoxic', 'Antitumor', 'Lysosome-Targeting', 'RNA Synthesis Inhibitor', 'Resveratrol Analogues', 'CYP3A4 Inducer']"
CHEMBL1676,C[C@@H]1C[C@H]2[C@@H]3C[C@H](F)C4=CC(=O)C=C[C@]4(C)[C@@]3(F)[C@@H](O)C[C@]2(C)[C@@]1(OC(=O)c1ccco1)C(=O)SCF,"['Anti-Inflammatory', 'Topical Antiinflammatory']"
CHEMBL170988,N=C(N)NC(=N)NCCc1ccccc1,[]
CHEMBL1908360,CO[C@H]1C[C@@H]2CC[C@@H](C)[C@@](O)(O2)C(=O)C(=O)N2CCCC[C@H]2C(=O)O[C@H]([C@H](C)C[C@@H]2CC[C@@H](OCCO)[C@H](OC)C2)CC(=O)[C@H](C)/C=C(\C)[C@@H](O)[C@@H](OC)C(=O)[C@H](C)C[C@H](C)/C=C/C=C/C=C/1C,"['mTORC1 Inhibitor', 'Glutaminase Inhibitor', 'S Phase Arrest']"
CHEMBL2103879,CC(C)c1cc(-c2n[nH]c(=O)n2-c2ccc3c(ccn3C)c2)c(O)cc1O,['Hsp-90 Inhibitor']
CHEMBL2110602,CC(=O)OCC1=C(C(=O)O)N2C(=O)[C@@H](NC(=O)CC#N)[C@H]2SC1,['Antibiotic']
CHEMBL236687,C=C(C)[C@@H]1CC=C(CO)CC1,[]
CHEMBL24828,COc1cc2/c(=N/c3ccc(Br)cc3F)nc[nH]c2cc1OCC1CCN(C)CC1,[]
CHEMBL267044,CCN1CCC[C@H]1CNC(=O)c1cc(S(N)(=O)=O)ccc1OC,"['Carbonic Anhydrase Inhibitor', 'Antipsychotic', 'D2 Dopamine Receptor Ligand', 'Dopamine D2 Receptor Antagonist', '5-HT2A Receptor Ligand', 'Neuroleptic', 'Atypical Antipsychotic', 'D2 Receptor Partial Agonist', 'Dopamine Antagonist', 'D3 Receptor Ligand', 'Myeloperoxidase Inhibitor', 'AD Treatment', 'Dopamine Modulator', 'D3R Ligand', 'Carbonic Anhydrase XII Inhibitor', 'D2-like Receptor Ligand', 'Potential Antipsychotic', 'Intestinal Permeability', 'D2/D3 Receptor Ligand', 'Tumor-Associated', 'Antidopaminergic', 'D-2 Dopamine Receptor Imaging Agent', 'Dopamine Receptor Binder']"
CHEMBL304383,CNCC(=O)O,"['GABA Uptake Inhibitor', 'Glycine Agonist', 'hPAT1 Substrate']"
CHEMBL3233142,CN1CCN2c3c(cccc31)[C@@H]1CN(CCCC(=O)c3ccc(F)cc3)CC[C@@H]12.Cc1ccc(S(=O)(=O)O)cc1,"['5-HT2A Receptor Antagonist', 'Dopamine D2 Receptor Antagonist']"
CHEMBL3545254,CC(C)CCC[C@@H](C)[C@H]1CC[C@H]2[C@@H]3CCC4=CC(=NO)CC[C@]4(C)[C@H]3CC[C@]12C,[]
CHEMBL3989917,Cc1ccccc1-c1cc(N2CC[N+](C)(COP(=O)([O-])O)CC2)ncc1N(C)C(=O)C(C)(C)c1cc(C(F)(F)F)cc(C(F)(F)F)c1,['NK1/NK3 Antagonist']
CHEMBL4086143,O=C1CC(c2c[nH]c3ccc(F)cc23)C(=O)N1,[]
CHEMBL419380,O=C(OCCN1CCCCCC1)C(c1ccsc1)C1CCCCC1,[]
CHEMBL4297253,COc1nc(C(Cl)(Cl)Cl)c(Cl)c(OC(=O)O[C@H]2CC[C@@]3(C)C(=CC[C@H]4[C@@H]5CC[C@H]([C@H](C)CCCC(C)C)[C@@]5(C)CC[C@@H]43)C2)c1Cl,[]
CHEMBL4297477,Cn1cc(Nc2nccc(N3C[C@H]4CC[C@@H](C3)N4C(=O)[C@@H]3CC3(F)F)n2)cn1,"['JAK1/JAK2 Inhibitor', 'TYK2 Inhibitor', 'Autoimmune Diseases']"
CHEMBL4302507,[Cs],"['Antimalarial', 'Antimicrobial', 'Neuroprotective', 'Carbonic Anhydrase Inhibitor', 'Antihypertensive', 'Anti-Trypanosomal', 'Vasodilator', 'PDE10a Inhibitor', 'Cytoprotective', 'Vasorelaxant', 'Cardioprotective', 'Cardiovascular', 'CA I Inhibitor', 'Type 2 Diabetes Treatment', 'Matriptase Inhibitor', 'CD73 Inhibitor', 'Nootropic', 'H. pylori', 'Tau Phosphorylation Inhibitor', 'H2S Donor', 'Carbonic Anhydrase', 'Amnesia-Reversal', 'NMDAR Antagonist', 'Osteoblast Stimulator', 'Hydrogen Sulfide Donor', 'Mood Disorder', 'Insulin Release Stimulator', 'CO2 Hydrase', 'Beta-CA Inhibitor', 'Carbonic Anhydrase IV Inhibitor', 'IFN-Gamma Inhibitor', 'Cu Chelator', 'Anion Inhibitor', 'H2S-Releasing', 'DNA Cleaving Agent', 'Carbonic Anhydrase XV Inhibitor', 'Tau Protein Inhibitor', 'HD', 'Glycogen Synthase Activator']"
CHEMBL4303389,C[C@H](Nc1cc(-c2cnn(C)c2)cc(Nc2cnccn2)n1)c1ccc(F)cc1,[]
CHEMBL440498,O=C(NO)C1(CS(=O)(=O)c2ccc(Oc3ccc(Cl)cc3)cc2)CCOCC1,"['MMP Inhibitor', 'Cardiovascular', 'Arthritis']"
CHEMBL4594436,Cc1cc([N+](=O)[O-])c(NS(=O)(=O)c2cccc(C(=O)O)c2)cc1-c1cccnc1,[]
CHEMBL4650463,[2H][C@@](N)(CO)C(=O)O,"['PKM2 Inhibitor', 'Glycine Agonist']"
CHEMBL5095231,COC1CN([C@H]2CC[C@H]([C@@]3(C)Oc4c(Cl)cc(C(=O)NCc5c(SC)cc(C)[nH]c5=O)c(C)c4O3)CC2)C1,['EZH2 Inhibitor']
CHEMBL5314960,[O-][n+]1c(CO)c(CO)[n+]([O-])c2ccccc21,[]
CHEMBL556,CC(=O)N(O)CCCCCNC(=O)CCC(=O)N(O)CCCCCNC(=O)CCC(=O)N(O)CCCCCN,"['Histone Demethylase Inhibitor', 'Iron Chelating', 'Siderophore']"
CHEMBL896,OCCOCCN1CCN(C(c2ccccc2)c2ccc(Cl)cc2)CC1,"['H4 Receptor Antagonist', 'Antihistamine', 'Phospholipidosis Inducer', 'CNS Drug Partitioning', 'Histamine H1-Receptor Agonist']"
CHEMBL998,CCOC(=O)N1CCC(=C2c3ccc(Cl)cc3CCc3cccnc32)CC1,"['Antiallergy', 'PAF-Receptor Antagonist', 'H1 Receptor Antagonist', 'Platelet Activating Factor Antagonist', 'Histamine H1 Receptor Antagonist', 'Histamine Receptor Antagonist', 'Antihistamine']"
CHEMBL1200881,CN(C)c1ccc(O)c2c1C[C@H]1C[C@H]3[C@H](N(C)C)C(O)=C(C(N)=O)C(=O)[C@@]3(O)C(O)=C1C2=O.Cl,"['Antibiotic', 'Efflux Pump Inhibitor', 'Bactericidal', 'Amyloid Fibril Formation Inhibitor', 'RNA Ligand', 'Anti-Amyloidogenic']"
CHEMBL1428,COCCOC(=O)C1=C(C)NC(C)=C(C(=O)OC(C)C)C1c1cccc([N+](=O)[O-])c1,"['Parkinson Disease', 'Ca2+ Antagonist', 'Hypertension', 'Mineralocorticoid Antagonist', 'MR Antagonist', 'Indoleamine 2,3-Dioxygenase Inhibitor', 'LTCC Inhibitor', 'CYP3A4 Inducer', 'PXR Activator', 'Calcium Modulator', 'QT Prolongation', 'L-type Channel Inhibitor', 'CaL Channel Inhibitor']"
CHEMBL152408,CN1CCC(=C2c3ccccc3Sc3ccccc32)CC1,"['H1 Receptor Antagonist', 'SET7 Inhibitor']"
CHEMBL1535,CCN(CCO)CCCC(C)Nc1ccnc2cc(Cl)ccc12,"['Antimalarial', 'Antiplasmodial']"
CHEMBL169901,N=C(N)N1CCc2ccccc2C1,[]
CHEMBL207433,O=C(Nc1ccccc1Br)N[C@@H]1CCN(c2ccc(C(F)(F)F)cn2)C1,[]
CHEMBL2103774,C#C[C@]1(O)CC[C@H]2[C@@H]3[C@H](C)CC4=C(CCC(=O)C4)[C@H]3CC[C@@]21C,"['Progesterone Receptor Agonist', 'Androgen Receptor Ligand', 'Progesterone Receptor Ligand', 'Osteoblast Stimulator', 'Pgp-ATPase Stimulator']"
CHEMBL2103857,COc1ccc(F)cc1C[C@@](O)(C1CCOCC1)[C@@H]1CNCCO1,[]
CHEMBL2103884,COC[C@H](NC(=O)c1cnc(C)s1)C(=O)N[C@@H](COC)C(=O)N[C@@H](Cc1ccccc1)C(=O)[C@@]1(C)CO1,['Proteasome Inhibitor']
CHEMBL2110725,CC[C@]12C=CCN3CC[C@@]4(c5cc([C@@]6(C(=O)OC)C[C@@H]7C[C@@H](C(C)(F)F)CN(Cc8c6[nH]c6ccccc86)C7)c(OC)cc5N(C)[C@H]4[C@@](O)(C(=O)OC)[C@@H]1OC(C)=O)[C@@H]32,['Cytotoxic']
CHEMBL240597,C[C@H](CCC(=O)O)[C@H]1CC[C@H]2[C@@H]3[C@H](O)C[C@@H]4C[C@H](O)CC[C@]4(C)[C@H]3CC[C@]12C,"['Pro-Apoptotic', 'Hepatoprotective', 'FXR Partial Agonist', 'TGR5 Agonist', 'NASH Treatment', 'PPARAlpha/Delta Agonist', 'Migration Inhibitor', 'Spore Germination Inhibitor', 'Insulinotropic', 'VDR Antagonist', 'Mitotic Arrest', 'FXR Modulator', 'NASH', 'FXR Ligand', 'BLT2 Agonist', 'Liver-Protective', 'Cholestatic Liver Diseases', 'Membrane Permeability', 'GP-BAR1 Agonist', 'Antisteatotic', 'Bile Acid Transporter']"
CHEMBL240624,COCCOc1ccc(N2CCN(CCn3ncc4c3nc(N)n3nc(-c5ccco5)nc43)CC2)cc1,"['A2A Adenosine Receptor Antagonist', 'Parkinson Disease', ""Parkinson's Disease Treatment""]"
CHEMBL273264,N=C(N)Nc1ccc(C(=O)Oc2ccc3cc(C(=N)N)ccc3c2)cc1,"['DNA Polymerase Inhibitor', 'Hepsin Inhibitor']"
CHEMBL277535,c1ccc(-c2ccc(C(c3ccccc3)n3ccnc3)cc2)cc1,"['Antifungal', 'CYP17A1 Inhibitor']"
CHEMBL281398,CC(C)(C)N/C(=N\C#N)Nc1cccc(/C(=C\CCCC(=O)O)c2cccnc2)c1,"['Thromboxane Synthase Inhibitor', 'Thromboxane A2 Receptor Antagonist']"
CHEMBL301265,CCCN[C@H]1CCc2nc(N)sc2C1,"['Dopamine Receptor Agonist', 'D2 Receptor Partial Agonist', 'Anti-Parkinson', 'Alpha 1-Adrenoceptor Agonist', 'Dopamine D2 Agonist', 'D3 Receptor Ligand', 'D2 Agonist', 'Dopamine D3/D4 Agonist', 'D3 Agonist', 'Beta-Arrestin Biased', 'Alpha-Synuclein Aggregation Inhibitor']"
CHEMBL3787344,Cc1cc(C(=O)Nc2nc3cccc(Cl)c3n2[C@@H]2CCCCN(C(=O)/C=C/CN(C)C)C2)ccn1,[]
CHEMBL3989844,C[C@H](N)Cc1ccccc1.O=C(O)[C@@H](O)[C@@H](O)[C@H](O)[C@@H](O)C(=O)O,[]
CHEMBL4089731,Cn1ncc(S(=O)(=O)N2CC[C@H]3Cc4c(cnn4-c4ccc(F)cc4)C[C@]3(C(=O)c3cc(C(F)(F)F)ccn3)C2)n1,['Glucocorticoid Receptor Antagonist']
CHEMBL4297088,N=C(NCCCCCCNC(=N)NC(=N)Nc1ccc(Cl)cc1)NC(=N)Nc1ccc(Cl)cc1.O=C(O)[C@H](O)[C@@H](O)[C@H](O)[C@H](O)CO.O=C(O)[C@H](O)[C@@H](O)[C@H](O)[C@H](O)CO,['Antimalarial']
CHEMBL4297615,CCOc1c([C@H](C)n2nc(C)c3c(N)ncnc32)cc(Cl)c(F)c1[C@@H]1CNC(=O)C1,"['Anticancer', 'PI3KDelta-Gamma Inhibitor']"
CHEMBL5095262,CCCO[C@H]1CC[C@H](N(C(=O)Nc2ncc(SCC(=O)O)s2)C2CCCCC2)CC1,[]
CHEMBL514270,COc1ccc(N2CCc3c(-n4ccc(N5CCNC5=O)n4)cc(C)nc32)c(C)c1,"['Anxiolytic', 'CRF1 Antagonist']"
CHEMBL56367,CS(=O)(=O)Nc1ccc([N+](=O)[O-])cc1Oc1ccccc1,"['COX2 Inhibitor', 'Aromatase Inhibitor']"
CHEMBL567597,C[C@@H]1CC[C@H]2[C@@H](C)C(=O)O[C@@H]3O[C@]4(C)CC[C@@H]1[C@]32OO4,"['Anticancer', 'Cytotoxic', 'Antibiotic', 'Antiviral', 'Antimalarial', 'Anti-Tuberculosis', 'Antifungal', 'Antimicrobial', 'Anti-mycobacterial', 'Anti-Cancer', 'Anti-Leishmanial', 'Antiplasmodial', 'Anti-Trypanosomal', 'Histone Deacetylase Inhibitor', 'Antiparasitic', 'Anti-Angiogenic', 'Apoptosis', 'Trypanocidal', 'Biofilm Inhibitor', 'Anti-Malaria', 'HDAC1/2 Inhibitor', 'Mycobacterium tuberculosis Inhibitor', 'Aminopeptidase A Inhibitor', 'Cholesterol Synthesis Inhibitor', 'Mitochondrial-Targeting', 'Falcipain Inhibitor', 'Ebola Virus Inhibitor', 'DNA Methyltransferase Inhibitor', 'Anti-HCMV', 'Antileukemia', 'DXR Inhibitor', 'NDH-2 Inhibitor', 'MEP Pathway Inhibitor', 'CYP3A4 Inducer', 'Dual-Stage', 'PfNDH2 Inhibitor', 'Hypercholesterolemia', 'ROS', 'CYP2B1 Inducer']"
CHEMBL593019,Cc1ncc(CO)c(CN)c1O,"['Cerebro-protective', 'Oxidative Stress Inhibitor']"
CHEMBL599,Cc1cnc(NC(=O)C2=C(O)c3ccccc3S(=O)(=O)N2C)s1,['Anti-Inflammatory']
CHEMBL71595,OO,"['Antimalarial', 'Carbonic Anhydrase Inhibitor', 'CA I Inhibitor', 'Type 2 Diabetes Treatment', 'H. pylori', 'Carbonic Anhydrase', 'Osteoblast Stimulator', 'CO2 Hydrase', 'Beta-CA Inhibitor', 'Carbonic Anhydrase IV Inhibitor', 'Beta-AR Agonist', 'Anion Inhibitor', 'DNA Cleaving Agent', 'Carbonic Anhydrase XV Inhibitor', 'Tau Protein Inhibitor', 'HD', 'Glycogen Synthase Activator']"
CHEMBL965,C[N+](C)(C)CCOC(N)=O,"['Cholinergic Agonist', 'm1 Agonist', 'hM1 Agonist']"
CHEMBL106,OC(Cn1cncn1)(Cn1cncn1)c1ccc(F)cc1F,"['Antifungal', 'CYP51 Inhibitor', '14Alpha-Demethylase Inhibitor', 'Lanosterol 14alpha-Demethylase Inhibitor']"
CHEMBL1092067,OC[C@H]1O[C@H](O)[C@H]([18F])[C@@H](O)[C@@H]1O,[]
CHEMBL1200711,CC/C=C\C/C=C\C/C=C\C/C=C\C/C=C\C/C=C\CCC(=O)OCC.CC/C=C\C/C=C\C/C=C\C/C=C\C/C=C\CCCC(=O)OCC,[]
CHEMBL1213033,CCN(CC)CCCN(c1ccccc1)C1Cc2ccccc2C1,[]
CHEMBL145,O=C(O)/C=C/c1ccc(O)c(O)c1,[]
CHEMBL1614707,FC(F)(F)c1ccc(/C=C/c2nc(COc3ccc(CCCCn4ccnn4)cc3)co2)cc1,[]
CHEMBL1644029,O=[N+]([O-])[O-].[K+],"['Antibiotic', 'Antimalarial', 'Antimicrobial', 'Carbonic Anhydrase Inhibitor', 'Anti-Trypanosomal', 'CA I Inhibitor', 'H. pylori', 'Carbonic Anhydrase', 'CO2 Hydrase', 'Beta-CA Inhibitor', 'Carbonic Anhydrase IV Inhibitor', 'Anion Inhibitor', 'Carbonic Anhydrase XV Inhibitor']"
CHEMBL1707454,Cc1ccccc1/N=N/c1ccc(/N=N/c2c(O)ccc3ccccc23)c(C)c1,[]
CHEMBL1716,CN1CCC(=C2c3ccccc3C=Cc3ccccc32)CC1.Cl,"['Antiallergy', 'Dopamine D2 Receptor Antagonist', 'Neuroleptic', '5-HT(7) Receptor Antagonist', 'H1 Receptor Antagonist', 'Serotonin Receptor Ligand', 'Antihistaminic', 'Histamine H1 Receptor Antagonist', 'Anticholinergic', 'Anti-Allergic', 'SET7 Inhibitor', 'Serotonin Receptor Antagonist', 'Antispermatogenic', 'Serotonin Receptor', 'UGT Inhibitor', 'Thyroid Cancer', 'Orexigenic', 'H(1)/5-HT(2A) Receptor Antagonist', 'Thymoleptic', 'Opiate-Like']"
CHEMBL1789842,CCc1cc2c(cc1CC)CC(NC[C@H](O)c1ccc(O)c3[nH]c(=O)ccc13)C2.O=C(O)/C=C\C(=O)O,"['Beta(3)-Adrenergic Agonist', 'Bronchodilator']"
CHEMBL1874750,COc1cc(/C=C/C(=O)N2CCN(CC(=O)N3CCCC3)CC2)cc(OC)c1OC,[]
CHEMBL1980825,O=C1CC[C@H](NC(=O)Cc2ccccc2)C(=O)N1,[]
CHEMBL2105059,O=C(OCCN1CCOCC1)c1cccnc1Nc1cccc(C(F)(F)F)c1,[]
CHEMBL2105668,Cc1cc(F)ccc1[C@H]1C[C@@H](N2CCN3C(=O)CC[C@H]3C2)CCN1C(=O)N(C)[C@H](C)c1cc(C(F)(F)F)cc(C(F)(F)F)c1.O=C(O)/C=C\C(=O)O,['NK1/NK3 Antagonist']
CHEMBL2107756,C=CC1=C(C)c2cc3[nH]c(cc4nc(cc5[nH]c(cc1n2)c(C)c5CCC(=O)OCCC)C(CCC(=O)OCCO)=C4C)C1(C)C3=CC=C(C(=O)OC)C1C(=O)OC,[]
CHEMBL2181929,CC1(C)Oc2cc(NS(C)(=O)=O)ccc2N(c2ccc(F)cc2)C1=O,"['Potassium Channel Opener', 'Mineralocorticoid Antagonist']"
CHEMBL220491,CCN[C@H]1CN(CCCOC)S(=O)(=O)c2sc(S(N)(=O)=O)cc21,"['Carbonic Anhydrase Inhibitor', 'CA IX Inhibitor', 'CA I Inhibitor', 'hCA IX/XII Inhibitor', 'Antiglaucoma', 'hCA XII Inhibitor', 'Carbonic Anhydrase II Inhibitor', 'Glaucoma', 'Glaucoma Treatment', 'Ocular Hypotensive', 'hCA Inhibitor', 'Malaria', 'hCA II Inhibitor', 'CA II Inhibitor', 'Intraocular Pressure-Lowering', 'Topical Antiglaucoma', 'Carbonic Anhydrase XII Inhibitor', 'Anti-Dandruff']"
CHEMBL2206292,CC(C)CNC(=O)[C@H]1C[C@@](F)(c2ccc(CN3CCCC3)c(F)c2)C1,[]
CHEMBL2218861,CCCN1CC(NS(=O)(=O)N(CC)CC)CC2Cc3c(O)cccc3CC21,[]
CHEMBL2364624,O=C(O)C[C@H]1CC[C@H](c2ccc(-c3ccc(Nc4ccc(C(F)(F)F)nc4)cn3)cc2)CC1,['DGAT1 Inhibitor']
CHEMBL275638,O=c1cc(-c2ccccc2)oc2ccccc12,"['GABA-A Receptor Ligand', 'Fatty Acid Synthesis Inhibitor', 'FAS Inhibitor', 'Gastroprotective', 'PPARGamma Partial Agonist', 'Prostaglandin E2 Inhibitor', 'H1N1 Inhibitor', 'FabG4 Inhibitor', 'MDR Pump Inhibitor', 'CYP4F2 Inhibitor', 'Cancer Preventive', 'Neurogenesis Promoter']"
CHEMBL277474,Cc1cc(=O)n(-c2ccccc2)n1C,"['Anti-Inflammatory', 'Platelet Anti-Aggregatory']"
CHEMBL312862,CN[C@H]1CCc2cc(OC)c(OC)c(OC)c2-c2ccc(OC)c(=O)cc21,"['Cytotoxic', 'Microtubule-Binding']"
CHEMBL3301611,Nc1ccncc1N.O=P(O)(O)O,[]
CHEMBL3707301,COc1ccc(C2(c3ccc(OC)cc3)NC(=O)N(CCN3CCCCC3)C2=O)cc1,[]
CHEMBL4297505,CCc1cc(-c2noc(-c3cc(OC)nc(C4CCCC4)c3)n2)cc(C)c1OC[C@@H](O)CO,['S1P1 Agonist']
CHEMBL4298170,CC(O)c1ccc(CCOc2ccc(CC3SC(=O)NC3=O)cc2)nc1.Cl,"['Hypoglycemic', 'PPAR gamma Agonist', 'Hypolipidemic', 'PPARAlpha/Delta Agonist', 'PPAR Gamma Modulator', 'PPAR-gamma Ligand', 'Dual Agonist', 'Insulin-Sensitizing', 'PPAR Modulator', 'sEH/PPARGamma Modulator', 'Glucose Tolerance', 'FFAR2 Agonist']"
CHEMBL450940,C=Cc1cc(O)cc2nc(-c3ccc(O)c(F)c3)oc12,['ERbeta-Selective']
CHEMBL455461,CC(=O)NC[C@H]1CN(c2ccc(-c3ccc(CNCc4cnn[nH]4)cc3)c(F)c2)C(=O)O1,['Antibiotic']
CHEMBL4650337,CNC[C@@H]1OCCc2ccsc21,"['5-HT 1A Receptor Agonist', 'TAAR1 Agonist', 'Schizophrenia Treatment']"
CHEMBL467399,COc1c(C)cnc(Cn2cnc3c(Cl)nc(N)nc32)c1C,"['Anticancer', 'Hsp-90 Inhibitor', 'FGFR4 Inhibitor', 'TRAP1 Inhibitor']"
CHEMBL5095095,C[C@H](CC[C@](C)(O)C(F)(F)F)[C@H]1CC[C@H]2[C@@H]3CC=C4C[C@@](C)(O)CC[C@]4(C)[C@H]3CC[C@]12C,"['NMDAR PAM', 'Cognitive Impairment']"
CHEMBL5095218,C[C@@H](N)c1cc(Cl)ccc1Cn1c(=S)[nH]c(=O)c2[nH]ccc21,['Myeloperoxidase Inhibitor']
CHEMBL5314443,Cn1ccc2c([C@@H](c3cn(C45CC(C4)C5)nn3)N(C(=O)OCOP(=O)(O)O)c3cc(Cl)c4nc(NCC(C)(C)C)c(C#N)cc4c3)cccc2c1=O,[]
CHEMBL5314455,Cc1c(C(=O)O)ccc2c3n(nc12)[C@@H]1[C@H](C3)N(CC2CC2)[C@@]2(C(=O)Nc3cc(Cl)ccc32)[C@H]1c1cccc(Cl)c1F,['MDM2 Inhibitor']
CHEMBL5314548,CN1CCC[C@]1(C)/C=C/S(=O)(=O)NC(=O)Nc1c2c(cc3c1CCC3)CCC2,['NLRP3 Inhibitor']
CHEMBL535,CCN(CC)CCNC(=O)c1c(C)[nH]c(/C=C2\C(=O)Nc3ccc(F)cc32)c1C,"['VEGFR2 Inhibitor', 'Tyrosine Protein Kinase Inhibitor', 'FLT3 Inhibitor', 'PDGFRAlpha Inhibitor', 'AMPK Inhibitor']"
CHEMBL94394,CCCCOc1ccc(CC(=O)NO)cc1,[]
CHEMBL1076930,CO[C@@H]1[C@H](OP(=O)(OC[C@H]2O[C@@H](n3cnc4c(N)ncnc43)C[C@@H]2O)SCOC(=O)OC(C)C)[C@@H](CO)O[C@H]1n1ccc(=O)[nH]c1=O,['Anti-Hepatitis B']
CHEMBL117822,C=C,[]
CHEMBL1200473,CN(C)CCOC(=O)C(c1ccccc1)C1(O)CCCC1.Cl,[]
CHEMBL1201758,O=C(O)CCCN1CCC(O[C@@H](c2ccc(Cl)cc2)c2ccccn2)CC1,['H1 Receptor Antagonist']
CHEMBL1404,COc1ccccc1OCC(O)CN1CCN(CC(=O)Nc2c(C)cccc2C)CC1,"['Sodium Channel Blocker', 'Fatty Acid Oxidation Inhibitor', 'CYP2J2 Inhibitor', 'Late Sodium Current Inhibitor', 'Anti-Arrhythmic', 'Cardiac NaV 1.5 Inhibitor', 'CPT-I Activator', 'Malonyl-CoA Decarboxylase Inhibitor', 'Ischemic Heart Disease', 'Radioligand']"
CHEMBL1486,CC(C)OC(=O)OCOP(=O)(CO[C@H](C)Cn1cnc2c(N)ncnc21)OCOC(=O)OC(C)C.O=C(O)/C=C/C(=O)O,['Antiviral']
CHEMBL1628385,CC1(C)S[C@@H]2[C@H](NC(=O)Cc3ccccc3)C(=O)N2[C@H]1C(=O)O.CCN(CC)CCOC(=O)c1ccc(N)cc1,[]
CHEMBL186141,C=C1CC[C@@H]2[C@](C)(CO)[C@H](O)CC[C@@]2(C)[C@@H]1C/C=C1/C(=O)OC[C@H]1O,['Antidyslipidemic']
CHEMBL186179,COc1ccc(OC(=O)N(CC(=O)O)Cc2ccc(OCCc3nc(-c4ccccc4)oc3C)cc2)cc1,"['PPAR Alpha/Gamma Agonist', 'PPAR Agonist', 'Lipid Lowering', 'PPAR Activator']"
CHEMBL191,CCCCc1nc(Cl)c(CO)n1Cc1ccc(-c2ccccc2-c2nnn[nH]2)cc1,"['Antihypertensive', 'Vasorelaxant', 'AT1 Receptor Antagonist']"
CHEMBL1910856,CC(C)(CCC(C(N)=O)(c1ccccc1)c1ccccc1)N1CC(Oc2cccc(O)c2)C1,"['Bronchodilator', 'M3 Receptor Antagonist']"
CHEMBL2048484,Cc1ccc([C@@H]2O[C@H](CO)[C@@H](O)[C@H](O)[C@H]2O)cc1Cc1ccc(-c2ccc(F)cc2)s1,"['Anti-Diabetic', 'SGLT1/SGLT2 Inhibitor']"
CHEMBL2103991,Cn1c(COc2ccc(CC3SC(=O)NC3=O)cc2)nc2ccccc2c1=O,[]
CHEMBL2105611,C=C1/C(=C\C=C2/CCC[C@]3(C)[C@@H]([C@H](C)CC[C@@H](O)C(C)C)CC[C@@H]23)C[C@@H](O)C[C@@H]1O,"['Vitamin D Analogue', 'Vitamin D3 Agonist']"
CHEMBL2105760,O=c1ccc2ccc(OCCCCN3CCN(c4cccc5sccc45)CC3)cc2[nH]1,"['Antipsychotic', 'Atypical Antipsychotic', 'D2 Receptor Partial Agonist']"
CHEMBL2354444,COc1cccc2c1C(=O)c1c(O)c3c(c(O)c1C2=O)C[C@@](O)(C(=O)CO)C[C@@H]3O[C@H]1C[C@H](N)[C@H](O[C@@H]2CCCCO2)[C@H](C)O1,"['Anticancer', 'Antitumor']"
CHEMBL2364608,Cn1c(Cn2ccc(C(F)(F)F)c(Oc3cc(Cl)cc(C#N)c3)c2=O)n[nH]c1=O,"['Anti-HIV-1', 'HIV-1 PR/RT Inhibitor', 'HIV NNRTI', 'NNRTI', 'Reverse Transcriptase Inhibitor', 'HIV']"
CHEMBL2364614,CN1Cc2cc(-c3ccc(N)nn3)ccc2[C@H](c2ccc3ccccc3c2)C1,['Dopaminomimetic']
CHEMBL2364628,O=C(CCCCCCNC(=O)c1cnc(N(c2ccccc2)c2ccccc2)nc1)NO,"['HDACs Inhibitor', 'Histone Deacetylase Inhibitor']"
CHEMBL3311228,O[C@@](Cn1cnnn1)(c1ccc(F)cc1F)C(F)(F)c1ccc(-c2ccc(OCC(F)(F)F)cc2)cn1,"['Antifungal', 'CYP51 Inhibitor']"
CHEMBL3545308,C=CC(=O)Nc1cccc(Nc2nc(Nc3ccc(N4CCN(C(C)=O)CC4)cc3OC)ncc2C(F)(F)F)c1,['EGFR Kinase Inhibitor']
CHEMBL3707351,Cc1cc(O[C@@H](CCC(F)(F)F)c2ccc(C(=O)NCCC(=O)O)cc2)cc(C)c1-c1ccc(C(C)(C)C)cc1,['Glucagon Antagonist']
CHEMBL370753,OCCN1CCN(CCCN2c3ccccc3C=Cc3ccccc32)CC1,[]
CHEMBL374385,CC(=O)Oc1ccccc1C(=O)Oc1cccc(CO[N+](=O)[O-])c1,"['Antiplatelet Aggregation Inhibitor', 'NO-Donor']"
CHEMBL376140,CN(C)c1cc(NC(=O)CNC(C)(C)C)c(O)c2c1C[C@H]1C[C@H]3[C@H](N(C)C)C(O)=C(C(N)=O)C(=O)[C@@]3(O)C(O)=C1C2=O,['Antibiotic']
CHEMBL3833316,C[C@@H]1O[C@@H](O[C@@H]2[C@@H](NC(=O)c3cc(=O)[nH]c(=O)[nH]3)C[C@@H](C(=O)NCCNC(=O)COCCOCC(=O)Nc3cc(S(=O)(=O)[O-])cc4cc(S(=O)(=O)[O-])cc(S(=O)(=O)[O-])c34)C[C@H]2O[C@@H]2O[C@H](CO)[C@H](O)[C@H](O[C@@H](CC3CCCCC3)C(=O)[O-])[C@H]2OC(=O)c2ccccc2)[C@@H](O)[C@H](O)[C@@H]1O.[Na+].[Na+].[Na+].[Na+],[]
CHEMBL3989859,CC(=O)Oc1c(C)c(C)c2c(c1C)CCC(C)(CCC[C@H](C)CCC[C@H](C)CCCC(C)C)O2,"['Antioxidant', 'Lipoperoxidation Inhibitor']"
CHEMBL403664,Cc1c(N)nc([C@H](CC(N)=O)NC[C@H](N)C(N)=O)nc1C(=O)N[C@H](C(=O)N[C@H](C)[C@@H](O)[C@H](C)C(=O)N[C@H](C(=O)NCCc1nc(-c2nc(C(=O)NCCC[S+](C)C)cs2)cs1)[C@@H](C)O)[C@@H](O[C@@H]1O[C@@H](CO)[C@@H](O)[C@H](O)[C@@H]1O[C@H]1O[C@H](CO)[C@@H](O)[C@H](OC(N)=O)[C@@H]1O)c1c[nH]cn1,"['Antitumor', 'DNA Binding', 'DNA Cleavage']"
CHEMBL4297316,CCC[C@@H](C)C[C@H](CN)CC(=O)O,"['Analgesic', 'Anticonvulsive', 'Alpha(2)delta Ligand', 'Ca2+ Channel Inhibitor', 'Neurogenic Pain']"
CHEMBL429844,CC(C)C[C@H](N[C@@H](Cc1cncn1Cc1cc(Cl)cc(Cl)c1)C(=O)O)C(=O)O,['ACE2 Inhibitor']
CHEMBL447629,O[C@@H]([C@H](O)[C@H](O)CBr)[C@H](O)CBr,[]
CHEMBL451770,CCN(CC)C(=O)Cc1c(-c2ccc(OCC[18F])cc2)nn2c(C)cc(C)nc12,"['TSPO Ligand', 'Neuroinflammation', 'Peripheral-Type Benzodiazepine Receptor Ligand', 'Neuroinflammation Imaging Ligand']"
CHEMBL460287,C(COCCOCC1CO1)OCCOCC1CO1,[]
CHEMBL4650521,C[C@@H]1OCC2(CCN(c3cnc(Sc4ccnc(N)c4Cl)c(N)n3)CC2)[C@@H]1N,"['Anticancer', 'Cancer Therapy', 'SHP2 Inhibitor', 'Allosteric']"
CHEMBL50,O=c1c(O)c(-c2ccc(O)c(O)c2)oc2cc(O)cc(O)c12,"['Antioxidant', 'Aldose Reductase Inhibitor', 'Neuraminidase Inhibitor', 'Xanthine Oxidase Inhibitor', 'FBPase Inhibitor', 'Nox4/Nox1 Inhibitor', 'Flavonoid', 'HO-1 Inducer', 'FabG4 Inhibitor', 'Oncogene Inhibitor', 'NAD⁺ Catabolizing Inhibitor', 'Procoagulant Inhibitor']"
CHEMBL5095249,Cc1ccc2c(Nc3cccc(OC(F)(F)F)c3)nccc2c1Nc1ncccc1-c1ncnc2[nH]cnc12,[]
CHEMBL538943,CCC1=C[C@@H]2CN(C1)Cc1c([nH]c3ccccc13)[C@@](C(=O)OC)(c1cc3c(cc1OC)N(C)[C@H]1[C@@](O)(C(=O)OC)[C@H](OC(C)=O)[C@]4(CC)C=CCN5CC[C@]31[C@@H]54)C2.O=C(O)C(O)C(O)C(=O)O.O=C(O)C(O)C(O)C(=O)O,"['Cytotoxic', 'Vascular-Disrupting', 'Tubulin Assembly Inhibitor']"
CHEMBL591429,C=CCc1cccc(/C=N/NC(=O)CN2CCN(Cc3ccccc3)CC2)c1O,"['Anticancer', 'Apoptosis Inducer', 'Caspase-3 Activator']"
CHEMBL668,CNCCCC1c2ccccc2C=Cc2ccccc21,"['Analgesic', 'Antidepressant', 'Norepinephrine Transporter Inhibitor', 'H1 Receptor Antagonist', 'Serotonin Receptor Ligand', 'Sigma-1 Receptor', 'CNS Drug Partitioning']"
CHEMBL680,N[C@@H](C(=O)N[C@@H]1C(=O)N2C(C(=O)O)=C(Cl)CS[C@H]12)c1ccccc1,['Antibiotic']
CHEMBL811,CN(C)CCC(c1ccc(Br)cc1)c1ccccn1,['CNS Drug Partitioning']
CHEMBL859,Oc1nc(O)c2cn[nH]c2n1,[]
CHEMBL86304,O=C(NCCN1CCOCC1)c1ccc(Cl)cc1,['hMAO Inhibitor']
CHEMBL116438,COc1cc(/C=C/C(=O)/C=C(O)/C=C/c2ccc(O)c(OC)c2)ccc1O,"['Antioxidant', 'NF-kappa B Inhibitor', 'Anti-Prostate Cancer', 'CYP450 Inhibitor', 'Thioredoxin Reductase Inhibitor', 'Anti-Mitotic', 'Telomerase Activator']"
CHEMBL1200749,CCCCN1CCCC[C@H]1C(=O)Nc1c(C)cccc1C.Cl,"['Antiarrhythmic', 'Local Anesthetic', 'CYP3A Substrate', 'TASK Channel Modulator', 'Local Anaesthetic']"
CHEMBL1214,CC1(C)S[C@@H]2[C@H](NC(=O)C(C(=O)O)c3ccccc3)C(=O)N2[C@H]1C(=O)O,['Antibiotic']
CHEMBL1257070,Cc1oc(=O)oc1COC(=O)C1=C([C@H]2CCCO2)S[C@@H]2[C@@H]([C@@H](C)O)C(=O)N12,[]
CHEMBL1263,OCc1cc(C(O)CNCCCCCCOCCCCc2ccccc2)ccc1O,"['Beta(3)-Adrenergic Agonist', 'Bronchodilator']"
CHEMBL1530428,CC(=O)OCC(=O)[C@@]1(O)[C@H](C)C[C@H]2[C@@H]3CCC4=CC(=O)C=C[C@]4(C)[C@@]3(F)[C@@H](O)C[C@@]21C,"['Anti-Inflammatory', 'Topical Antiinflammatory']"
CHEMBL1557,Cl.NCCc1ccc(O)c(O)c1,[]
CHEMBL1619528,CC[N+]1(C)CCCC(OC(=O)C(O)(c2ccccc2)c2ccccc2)C1,"['Muscarinic Receptor Antagonist', 'Bronchodilator', 'M1 Muscarinic Receptor Ligand', 'Anticholinergic', 'Muscarinic M3 Receptor Antagonist']"
CHEMBL167150,COP(=O)(OC)C(O)C(Cl)(Cl)Cl,[]
CHEMBL1852164,C/C(=N\O)c1ncc([C@@H](O)[C@H](O)[C@H](O)CO)[nH]1,"['Autoimmune Disorder', 'S1PL Inhibitor', 'S1P Lyase Inhibitor']"
CHEMBL1908919,CNc1ccc(/C=C/c2ccc(OCCOCCOCCF)nc2)cc1,"[""Alzheimer's Disease"", 'PET Tracer', 'Beta-Amyloid Plaque Imaging', 'PET Ligand', 'Beta-Amyloid Imaging Agent', 'Theranostic', 'Amyloid Imaging Agent', 'Tau Imaging']"
CHEMBL2104264,CCN(CC)CCn1cnc2c1c(=O)n(C)c(=O)n2C,['Adenosine Receptor Antagonist']
CHEMBL2105731,Cc1cc(-c2ccccc2[C@@H](C)OC[C@H](O)CNC(C)(C)Cc2ccc(Cl)c(F)c2)ccc1C(=O)O.Cc1cc(-c2ccccc2[C@@H](C)OC[C@H](O)CNC(C)(C)Cc2ccc(Cl)c(F)c2)ccc1C(=O)O.O.O=S(=O)(O)O,[]
CHEMBL2110791,CCN(CC)CCCNCc1cc(Cl)c2cccnc2c1O,[]
CHEMBL2151572,O=C(N[C@H]1CN2CCC1CC2)c1cc2cccc(Cl)c2s1,"['Alpha7-nAChR Agonist', 'Schizophrenia']"
CHEMBL240163,C[C@H]1COc2c(C3(N)CC3)c(F)cc3c(=O)c(C(=O)O)cn1c23,['Antibiotic']
CHEMBL3304485,CN1Cc2c(Cl)cc(Cl)cc2[C@H](c2cccc(S(=O)(=O)NCCOCCOCCNC(=O)NCCCCNC(=O)NCCOCCOCCNS(=O)(=O)c3cccc([C@@H]4CN(C)Cc5c(Cl)cc(Cl)cc54)c3)c2)C1,['NHE3 Inhibitor']
CHEMBL3707205,CC[N+](C)(CC)CCOC(c1ccccc1)c1ccccc1,['Anticholinergic']
CHEMBL38380,O=S(=O)(c1cccc2cnccc12)N1CCCNCC1,"['GSK-3beta Inhibitor', 'Aurora A/B Kinase Inhibitor', 'AKT Inhibitor', 'Protein Kinase Inhibitor', 'CDK Inhibitor', 'Vasodilator', 'DYRK1A Inhibitor', 'ROCK II Inhibitor', 'Src Inhibitor', 'Anti-Invasive', 'Glaucoma', 'RSK1 Inhibitor', 'Malaria', 'CK1Alpha Inhibitor', 'IOP-Lowering', 'PKB Inhibitor', 'Pancreatic Beta-cell Proliferation']"
CHEMBL4297065,CC[C@H]1CCC[C@H](O[C@H]2CC[C@H](N(C)C)[C@@H](C)O2)[C@@H](C)C(=O)C2=C[C@@H]3[C@@H](C=C(C)[C@@H]4C[C@@H](O[C@@H]5O[C@@H](C)[C@H](OC)[C@@H](OC)[C@H]5OC)C[C@@H]34)[C@@H]2CC(=O)O1.CC[C@H]1CCC[C@H](O[C@H]2CC[C@H](N(C)C)[C@@H](C)O2)[C@@H](C)C(=O)C2=C[C@H]3[C@@H]4C[C@H](O[C@@H]5O[C@@H](C)[C@H](OC)[C@@H](OC)[C@H]5OC)C[C@H]4C=C[C@H]3C2CC(=O)O1,[]
CHEMBL4297484,COCCC(=O)N[C@H]1CC[C@H](CCN2CCN(c3cccc(C#N)c3)CC2)CC1,['Dopamine D3/D2 Receptor']
CHEMBL4297488,CC(C)c1cnn2c(NCc3ccccc3)cc(NC[C@H]3CCNC[C@@H]3O)nc12,"['CDK1/CDK2 Inhibitor', 'CDK Inhibitor', 'CDK7 Inhibitor']"
CHEMBL4300944,CCCCCc1ccc(-c2cc3cn([C@H]4C[C@H](O)[C@@H](COC(=O)[C@@H](N)C(C)C)O4)c(=O)nc3o2)cc1,[]
CHEMBL459016,COC(=O)C1=CO[C@@H](O)[C@@H]2C(CO)=CC[C@H]12,[]
CHEMBL501,CC(N)Cc1ccccc1.O=S(=O)(O)O,[]
CHEMBL5314386,Cc1c(O)ccc2c1OC[C@@H](c1ccc(O)cc1)[C@H]2c1ccc(O)cc1,['ERBeta Agonist']
CHEMBL5314907,C[C@H](c1c[nH]c(=O)c2cc(F)c(F)cc12)N(C)C(=O)Nc1ccc(F)c(C#N)c1,[]
CHEMBL592445,CN(C)C1CCN(C(=O)c2ccc(NC(=O)Nc3ccc(-c4nc(N5CCOCC5)nc(N5CCOCC5)n4)cc3)cc2)CC1,"['Anticancer', 'PI3 Kinase Inhibitor', 'mTORC1 Inhibitor']"
CHEMBL1200837,CC(C)NC[C@H](O)COc1ccc(CCOCC2CC2)cc1.Cl,"['Antihypertensive', 'Beta-Adrenoceptor Antagonist', 'Cardioselective']"
CHEMBL1201743,Cl.N#C[C@@H]1C[C@@H]2C[C@@H]2N1C(=O)[C@@H](N)C12CC3CC(CC(O)(C3)C1)C2,"['Anti-Diabetic', 'DPPIV Inhibitor', 'Type 2 Diabetes', 'Diabetes', 'Anti-Viral', 'Dipeptidyl Peptidase-4 Inhibitor', 'FAP Inhibitor', 'GPR120 Partial Agonist', 'DPP8/9 Inhibitor']"
CHEMBL1208422,O=C(O)c1c(Cl)c(Cl)c(Cl)c(Cl)c1-c1c2cc(I)c(=O)c(I)c-2oc2c(I)c(O)c(I)cc12,"['VMAT-2 Inhibitor', 'VGLUT Inhibitor']"
CHEMBL1214185,CC[C@H]1OC(=O)[C@H](C)[C@@H](O[C@H]2C[C@@](C)(OC)[C@@H](O)[C@H](C)O2)[C@H](C)[C@@H](O[C@@H]2O[C@H](C)C[C@H](N(C)C)[C@H]2O)[C@](C)(O)C[C@@H](C)/C(=N\OCOCCOC)[C@H](C)[C@@H](O)[C@]1(C)O,[]
CHEMBL124363,C#C[C@@]1(CO)C=C[C@H](n2cc(C)c(=O)[nH]c2=O)O1,['Anti-HIV-1']
CHEMBL1330729,CC(C)(C)NCC(O)c1cc(Cl)c(N)c(Cl)c1.Cl,"['Beta(3)-Adrenergic Agonist', 'Saluretic']"
CHEMBL1538,CC(C)OC(=O)OCOP(=O)(CO[C@H](C)Cn1cnc2c(N)ncnc21)OCOC(=O)OC(C)C,"['Antiviral', 'HBV Inhibitor']"
CHEMBL1668019,CCCCN1C(=O)[C@@H]([C@H](O)C2CCCCC2)NC(=O)C12CCN(Cc1ccc(Oc3ccc(C(=O)O)cc3)cc1)CC2.Cl,"['Anti-HIV-1', 'CCR5 Receptor Antagonist', 'Antiretroviral', 'CCR5 Inhibitor', 'Anti-Retroviral']"
CHEMBL1779325,CC(=O)N[C@H]1C(O)O[C@H](CO)[C@@H](O)[C@@H]1O[C@H](C)C(=O)N[C@@H](C)C(=O)N[C@H](CCC(=O)O)C(N)=O,['Immunomodulator']
CHEMBL1788390,CCOC(=O)/C(=C/c1ncc([N+](=O)[O-])n1C)C(C)=O,[]
CHEMBL1884833,C[N+]1(CCC(C(N)=O)(c2ccccc2)c2ccccc2)CCCCC1,['Anticholinergic']
CHEMBL1901349,CC(C)(CO)[C@@H](O)C(=O)NCCC(=O)[O-].CC(C)(CO)[C@@H](O)C(=O)NCCC(=O)[O-].[Ca+2],['PanK Inhibitor']
CHEMBL2103790,COC(=O)N1CC2(CC2)C[C@H](C(=O)NO)[C@H]1C(=O)N1CCN(c2ccccc2)CC1,"['MMP Inhibitor', 'HER-2 Sheddase Inhibitor', 'Metzincin Inhibitor']"
CHEMBL2106467,Cc1ccc(C(C)C)c(OCC2=NCCN2)c1,"['Alpha 1-Adrenoceptor Agonist', 'Alpha2-Adrenoceptor Agonist', 'Antisecretory']"
CHEMBL2110641,N=C(N)NNCCOc1c(Cl)cccc1Cl,[]
CHEMBL2178579,O=C(Nc1ccc(Cl)c(S(=O)(=O)N2CCNCC2)c1O)Nc1cccc(F)c1Cl,"['CNS Penetrant', 'CXCR2/CXCR1 Antagonist']"
CHEMBL223228,O=C1Nc2ccc(Cl)cc2[C@@](C#CC2CC2)(C(F)(F)F)O1,"['HIV-1 PR/RT Inhibitor', 'HIV NNRTI', 'Non-nucleoside Reverse Transcriptase Inhibitor', 'HIV-AIDS Treatment']"
CHEMBL239243,NCCS(=O)(=O)O,[]
CHEMBL3235620,COC1=C(OC)[C@H](O)[C@H](C/C=C(\C)CC/C=C(\C)CCC=C(C)C)[C@@H](C)C1=O,"['Cancer Cell Growth Inhibitor', 'Neuronal Differentiation']"
CHEMBL346919,COc1cc(C(C)=O)ccc1O,[]
CHEMBL3707235,N[C@@H](CC(=O)N1CCc2c(nc(C(F)(F)F)nc2C(F)(F)F)C1)CN1CC(F)(F)CCC1=O,['DPPIV Inhibitor']
CHEMBL3707366,C[C@H](N)C(=O)N[C@@H](CCC(N)=O)C(=O)O,"['Chemokine Inhibitor', 'NK Cell Enhancer']"
CHEMBL399910,O=C1C[C@@H](c2ccccc2)Oc2cc(O)cc(O)c21,"['Cytotoxic', 'Anti-Inflammatory', 'Antioxidant', 'Neuraminidase Inhibitor', 'PDK1 Inhibitor', 'Chemopreventive', 'Protein Tyrosine Phosphatase 1B Inhibitor', 'Fatty Acid Synthesis Inhibitor', 'FabI-Inhibitor', 'LOX Inhibitor', 'Glucose Uptake Stimulator', 'Osteogenic', 'Quinone Reductase Inducer', 'HPPD-Inhibitor', 'Anti-Allergic', 'Ubiquitin-Proteasome System Inhibitor', 'DNA Damage Response Modulator', 'FabG4 Inhibitor', 'Oncogene Inhibitor', 'Mitochondrial Depolarization', 'Plant Growth Inhibitor', 'KAS III Inhibitor', 'Procoagulant Inhibitor']"
CHEMBL4065616,CCC(CC)COC(=O)[C@H](C)N[P@](=O)(OC[C@H]1O[C@@](C#N)(c2ccc3c(N)ncnn23)[C@H](O)[C@@H]1O)Oc1ccccc1,['RSV Inhibitor']
CHEMBL4243974,CC1=C(CC(=O)NCc2ccccc2)c2cc(F)ccc2/C1=C\c1ccncc1.Cl,[]
CHEMBL4297624,CCOC(=O)C12CCC(NCC(=O)N3C[C@@H](F)C[C@H]3C#N)(CC1)CC2,"['DPPIV Inhibitor', 'Type 2 Diabetes']"
CHEMBL4297642,CC(=O)N(CCCCNCCCn1c(=O)[nH]c2ccccc2c1=O)CCCn1c(=O)[nH]c2ccccc2c1=O,[]
CHEMBL4303596,C[C@H](Nc1ncnc2[nH]cnc12)c1cc2ccc(F)cc2nc1-c1ccccn1,['PI3KDelta-Gamma Inhibitor']
CHEMBL43708,C[C@@H](O)[C@H]1C(=O)N2C(C(=O)O)=C(SCCNC=N)C[C@H]12.O,"['Antibiotic', 'PBP2 Inhibitor', 'Antibiotic Resistance', 'Drug Efflux Pump Inhibitor']"
CHEMBL448570,CCCCNC(=O)NS(=O)(=O)c1ccc(N)cc1,[]
CHEMBL486386,O=c1c(-c2ccc(O)cc2)coc2c([C@@H]3O[C@H](CO)[C@@H](O)[C@H](O)[C@H]3O)c(O)ccc12,[]
CHEMBL5315055,C=C1CC[C@@]2(O)[C@H]3Cc4ccc(O)c5c4[C@@]2(CCN3CC2CC2)[C@H]1O5.Cl.O.O,"['Analgesic', 'Antinociceptive', 'Opioid Receptor Agonist', 'Opioid Antagonist', 'Narcotic-Antagonist', 'MOR Antagonist', 'Opiate Receptor', 'Opioid Agonist-Antagonist']"
CHEMBL550348,O=C(O)c1ccc(-n2nc(-c3ccccc3O)nc2-c2ccccc2O)cc1,[]
CHEMBL593430,C[C@H]1CC(CN)(CC(=O)O)C[C@@H]1C,"['Analgesic', 'Anticonvulsive', 'Anxiolytic', 'Alpha(2)delta Ligand']"
CHEMBL635,C[C@]12C=CC(=O)C=C1CC[C@@H]1[C@@H]2C(=O)C[C@@]2(C)[C@H]1CC[C@]2(O)C(=O)CO,"['Anti-Inflammatory', 'FPTase Inhibitor', 'Glucocorticoid Modulator', 'CYP3A Substrate', 'Skin Permeation', 'PDE4/7 Inhibitor', 'Human Chymase Inhibitor']"
CHEMBL1094,NC(=O)OCC(COC(N)=O)c1ccccc1,[]
CHEMBL1200870,CC(C)(C)NC[C@H](O)COc1nsnc1N1CCOCC1.O=C(O)/C=C\C(=O)O,"['Beta-Adrenoceptor Blocker', 'Beta-Adrenoceptor Antagonist', 'IOP-Lowering']"
CHEMBL1201748,CO[C@H]1C(=O)[C@]2(C)[C@@H](OC)C[C@H]3OC[C@@]3(OC(C)=O)[C@H]2[C@H](OC(=O)c2ccccc2)[C@]2(O)C[C@H](OC(=O)[C@H](O)[C@@H](NC(=O)OC(C)(C)C)c3ccccc3)C(C)=C1C2(C)C,['Cytotoxic']
CHEMBL1237061,O=C([O-])C[C@H](O)C[C@H](O)/C=C/c1c(C2CC2)nc2ccccc2c1-c1ccc(F)cc1.O=C([O-])C[C@H](O)C[C@H](O)/C=C/c1c(C2CC2)nc2ccccc2c1-c1ccc(F)cc1.[Ca+2],"['HMG-CoA Reductase Inhibitor', 'Cholesterol Synthesis Inhibitor']"
CHEMBL1493,Cc1c(-c2ccccc2)oc2c(C(=O)OCCN3CCCCC3)cccc2c1=O,[]
CHEMBL1508,CN(C)CCC[C@@]1(c2ccc(F)cc2)OCc2cc(C#N)ccc21,"['Antidepressant', 'Serotonin Transporter Inhibitor', 'Serotonin Re-uptake Inhibitor', 'SERT Inhibitor', '5-HT Ligand', 'Serotonin Transporter Ligand', 'D2 Receptor Partial Agonist', 'Norepinephrine Transporter Inhibitor', 'SSRI', 'Selective Serotonin Reuptake Inhibitor', 'ChEs Inhibitor', 'Procognitive', 'hERG Channel Inhibitor', 'hERG Channel Modulator', 'Mood Disorder', 'Glioprotective']"
CHEMBL1569,Cl.NC12CC3CC(CC(C3)C1)C2,['Anti-Parkinson']
CHEMBL159226,CC(=O)Oc1cc(C(C)C)c(OCCN(C)C)cc1C,[]
CHEMBL1605,Nc1nc(/C(=C/CC(=O)O)C(=O)N[C@@H]2C(=O)N3C(C(=O)O)=CCS[C@H]23)cs1,['Antibiotic']
CHEMBL1698,CC(NC(C)(C)C)C(=O)c1cccc(Cl)c1.Cl,['Smoking Cessation Aid']
CHEMBL1743260,CC[C@@]1(O)C(=O)OCc2c1cc1n(c2=O)Cc2cc3c(CC[Si](C)(C)C)cccc3nc2-1,[]
CHEMBL1808388,OC[C@H]1O[C@@H](c2ccc(Cl)c(Cc3ccc(OCCOC4CC4)cc3)c2)[C@H](O)[C@@H](O)[C@@H]1O,"['Anti-Diabetic', 'SGLT1/SGLT2 Inhibitor', 'Diabetes']"
CHEMBL2105581,C=CCN1CCCC1CNC(=O)c1cc(S(N)(=O)=O)cc(OC)c1OC,"['Carbonic Anhydrase Inhibitor', 'D2 Dopamine Receptor Ligand', 'Dopamine D2 Receptor Antagonist', 'Potential Antipsychotic', 'Antidopaminergic']"
CHEMBL2106403,CC[C@H]1OC(=O)[C@H](C)[C@@H](O[C@H]2C[C@@](C)(OC)[C@@H](O)[C@H](C)O2)[C@H](C)[C@@H](O[C@@H]2O[C@H](C)C[C@H](N(C)C)[C@H]2O)[C@](C)(O)C[C@](C)(F)C(=O)[C@H](C)[C@@H](O)[C@]1(C)O,[]
CHEMBL2107387,Br.Cc1ccc(Sc2ccccc2N2CCNCC2)c(C)c1,"['Antidepressant', '5-HT 1A Receptor Agonist', 'SERT Inhibitor']"
CHEMBL2152922,OC1(CN2CCC(COc3noc4cccc(O[C@@H]5CCOC5)c34)CC2)CCOCC1,['5-HT4 Receptor Agonist']
CHEMBL218394,CC(C)(C)NC(=O)N[C@H](C(=O)N1C[C@H]2[C@@H]([C@H]1C(=O)NC(CC1CCC1)C(=O)C(N)=O)C2(C)C)C(C)(C)C,"['HCV NS3 Protease Inhibitor', 'PLpro Inhibitor', 'Hepatitis C Treatment', 'Mpro Inhibitor']"
CHEMBL253376,CN(Cc1cc(Br)cc(Br)c1N)C1CCCCC1,[]
CHEMBL3301626,Cc1nc(C#Cc2ccnc(Cl)c2)c(C)n1-c1ccc(F)cc1,['mGluR5 Positive Allosteric Modulator']
CHEMBL3707234,O=C(NC(Cc1ccccc1)c1ccccc1)c1cccnc1,[]
CHEMBL4297363,CCOC(=O)[C@H](Cc1ccc(Nc2nccc3ccncc23)cc1)NC1=C(Br)C(=O)C12CCCCC2,[]
CHEMBL4297434,CC(C)(CS(=O)(=O)[O-])N(Cl)Cl.O.[Na+],['Topical Antimicrobial']
CHEMBL4297648,[O-][n+]1cccc(-c2nc3c(Cl)cccc3cc2[C@@H](Nc2ncnc3cccnc23)C(F)(F)F)c1,['PI3KDelta-Gamma Inhibitor']
CHEMBL4297657,CC(=O)O.CCc1cc2c(cc1CC)CC(NC[C@H](O)c1ccc(O)c3[nH]c(=O)ccc13)C2,"['Beta(3)-Adrenergic Agonist', 'Bronchodilator', 'Beta-Agonist']"
CHEMBL4594407,CCCCCCCCC=CCCCCCCCC(=O)OCC1COP(=O)(O)C1,"['LPA1 Antagonist', 'Autotaxin Inhibitor', 'PPAR-gamma Ligand']"
CHEMBL460,CCc1c(C)[nH]c2c1C(=O)C(CN1CCOCC1)CC2,['Tranquilizing']
CHEMBL4650314,O=C(O)CNC(=O)c1c(O)c2ccccc2n(OCC2CC2)c1=O,"['HIF PHD Inhibitor', 'Anemia Treatment', 'Collagen Prolyl 4-Hydroxylase Inhibitor']"
CHEMBL468154,O[C@H]1[C@H](O)[C@@H](O)[C@H](O)[C@@H](O)[C@@H]1O,"[""Alzheimer's Disease Therapeutic"", 'Insulin-like']"
CHEMBL481611,CC(C)(F)C[C@H](N[C@@H](c1ccc(-c2ccc(S(C)(=O)=O)cc2)cc1)C(F)(F)F)C(=O)NC1(C#N)CC1,['Cathepsin K Inhibitor']
CHEMBL5095190,COc1cc2c(cc1-c1c(C)noc1C)cc(C)c(=O)n2Cc1ccccn1,"['BET Inhibitor', 'Bromodomain Inhibitor', 'BET Bromodomain Antagonist', 'ApoA1 Up-regulator']"
CHEMBL5314955,CC[C@@H](Oc1ccc(C(=O)C2CC2)cc1)c1nc(-c2ccc(C(=O)N[C@H](C)CO)c(F)c2)no1,['S1P1 Agonist']
CHEMBL550961,CC(C)=CCC/C(C)=C/CC/C(C)=C/CN1C(=O)c2cccc(O)c2Nc2c(O)cc(O)cc21,[]
CHEMBL592868,CC#C[C@]1(O)CC[C@H]2[C@@H]3CCc4cc(O)ccc4[C@H]3CC[C@@]21C,"['Estrogen Receptor Ligand', 'Antifertility']"
CHEMBL956,CC(C(=O)O)c1ccc(C(=O)c2cccs2)cc1,"['Anti-Inflammatory', 'Analgesic', 'COX2 Inhibitor', 'Lipoxygenase Inhibitor', 'Lipoperoxidation Inhibitor', 'IL-8 Inhibitor', 'CXCR1 Inhibitor', 'CXCL8 Inhibitor']"
CHEMBL1175,CNCC[C@H](Oc1cccc2ccccc12)c1cccs1,"['Serotonin Re-uptake Inhibitor', 'Norepinephrin Reuptake Inhibitor', 'Serotonin/Norepinephrine Reuptake Inhibitor']"
CHEMBL1200680,S=[Se]=S,"['Antibiotic', 'Antimalarial', 'Antimicrobial', 'Carbonic Anhydrase Inhibitor', 'Anti-Trypanosomal', 'CA IX Inhibitor', 'CA I Inhibitor', 'H. pylori', 'Carbonic Anhydrase', 'CO2 Hydrase', 'Beta-CA Inhibitor', 'Carbonic Anhydrase IV Inhibitor', 'Anion Inhibitor', 'Carbonic Anhydrase XV Inhibitor']"
CHEMBL1200875,Cc1c(-c2ccccc2)oc2c(C(=O)OCCN3CCCCC3)cccc2c1=O.Cl,[]
CHEMBL1201073,O=C(O)[C@@H](S)[C@@H](S)C(=O)O,"['ATP Citrate Lyase Inhibitor', 'Nucleic Acid Demethylase Inhibitor']"
CHEMBL1201099,COc1ccc2c3c1O[C@H]1[C@@H](O)C=C[C@H]4[C@@H](C2)N(C)CC[C@@]341.O.O=P(O)(O)O,"['Analgesic', 'Narcotic-Antagonist', 'Narcotic Agonist', 'Nociceptin Agonist', 'MRGPRX2 Agonist', 'Opioid Agonist-Antagonist', 'Opiate']"
CHEMBL1201132,Cl.Oc1ccc2c3c1O[C@H]1[C@@H](O)CC[C@@]4(O)[C@@H](C2)N(CC2CCC2)CC[C@]314,"['Analgesic', 'Opioid Receptor Ligand', 'Antitrichomonal', 'Opiate Receptor', 'TLR4 Antagonist']"
CHEMBL1233940,CC(C)(C)NC(=O)[C@@H]1CN(Cc2cc3ccccc3o2)CCN1C[C@@H](O)C[C@@H](Cc1ccccc1)C(=O)N[C@H]1c2ccccc2C[C@H]1O,['HIV Protease Inhibitor']
CHEMBL1350,O=P(O)(O)C(Sc1ccc(Cl)cc1)P(=O)(O)O,[]
CHEMBL1437,NC[C@H](O)c1ccc(O)c(O)c1,[]
CHEMBL1675,CCCCCCCCCCCCCCCC(=O)OC/C=C(C)/C=C/C=C(C)/C=C/C1=C(C)CCCC1(C)C,[]
CHEMBL1765508,O=C(N[C@H]1CCN(C(=O)c2cc(C(F)(F)F)cc(C(F)(F)F)c2)[C@H](Cc2ccc(Cl)cc2)C1)c1ccnc2ccccc12,[]
CHEMBL180022,CCOc1cc2ncc(C#N)c(Nc3ccc(OCc4ccccn4)c(Cl)c3)c2cc1NC(=O)/C=C/CN(C)C,"['Anticancer', 'EGFR Kinase Inhibitor', 'Kinase Inhibitor', 'HER1/HER2 Inhibitor']"
CHEMBL1829174,Cc1cc(OCCCS(C)(=O)=O)cc(C)c1-c1cccc(COc2ccc3c(c2)OC[C@H]3CC(=O)O)c1,"['Anti-Diabetic', 'GPR40/FFA1 Agonist', 'FFA1 Agonist', 'T2DM Treatment', 'Insulinotropic']"
CHEMBL1835919,Nc1ncnc2c1C(=O)N(c1ccc([C@H]3CC[C@H](CC(=O)O)CC3)cc1)CCO2,['DGAT1 Inhibitor']
CHEMBL2104840,O=P([O-])(O)O.O=P([O-])([O-])O.O=S(=O)([O-])[O-].[Cl-].[Cl-].[K+].[K+].[Mg+2].[Na+].[Na+].[Na+],"['Carbonic Anhydrase Inhibitor', 'Anti-Trypanosomal', 'Carbonic Anhydrase', 'CO2 Hydrase', 'Beta-CA Inhibitor', 'Antibiotic Resistance']"
CHEMBL2105373,CC(=O)[C@H]1CC[C@H]2[C@@H]3CC=C4C[C@@H](OC(=O)CCC(=O)O)CC[C@]4(C)[C@H]3CC[C@]12C,[]
CHEMBL2106123,O=C([O-])CC(O)(CC(=O)[O-])C(=O)[O-].O=C([O-])CC(O)(CC(=O)[O-])C(=O)[O-].[Ca+2].[Ca+2].[Ca+2],"['ATP Citrate Lyase Inhibitor', 'ALKBH5 Inhibitor']"
CHEMBL2106633,CCCCCCCCCCCCCCCCCC(=O)[O-].CCCCCCCCCCCCCCCCCC(=O)[O-].[Mg+2],"['Anti-Inflammatory', 'Antimicrobial', 'Cell Growth Inhibitor', 'Metabolic Disease Treatment']"
CHEMBL2325014,Nc1[nH]ncc1-c1cc(Cl)ccc1Oc1cc(F)c(S(=O)(=O)Nc2cscn2)cc1Cl,[]
CHEMBL236593,O=C(N[C@@H]1CC[C@@H](c2cccc(F)c2F)CN(CC(F)(F)F)C1=O)N1CCC(n2c(=O)[nH]c3ncccc32)CC1,"['CGRP Receptor Antagonist', 'Migraine Treatment']"
CHEMBL3544985,COc1c(-c2ccc3cc(NS(C)(=O)=O)ccc3c2)cc(-n2ccc(=O)[n-]c2=O)cc1C(C)(C)C.O.[Na+],['HCV NS5b Polymerase Inhibitor']
CHEMBL3545396,COc1cccc(Nc2ncnn3ccc(CN4CC[C@@H](N)[C@H](O)C4)c23)c1,"['EGFR Kinase Inhibitor', 'HER1/HER2 Inhibitor']"
CHEMBL3661754,Cc1nc(-c2cc(C(=O)N3CCC(c4ccc(C#N)cc4)CC3)c(C)cc2C2CCC2)n[nH]1,['FASN Inhibitor']
CHEMBL3707409,N#CCC1(n2cc(-c3ncnc4[nH]ccc34)cn2)CN(C2CCN(C(=O)c3ccnc(C(F)(F)F)c3F)CC2)C1.O=C(O)CCCCC(=O)O,['JAK1/JAK2 Inhibitor']
CHEMBL3707448,C1N2CN3CN1CN(C2)C3.N#C[S-].N#C[S-].[Ca+2],[]
CHEMBL3908979,COCCNc1cc(NC(=O)N2CCCc3cc(CN4CCN(C)CC4=O)c(C=O)nc32)ncc1C#N,"['Antitumor', 'FGFR4 Inhibitor']"
CHEMBL412272,C[C@H](CCC(=O)NCCS(=O)(=O)O)[C@H]1CC[C@H]2[C@@H]3CC[C@@H]4C[C@H](O)CC[C@]4(C)[C@H]3C[C@H](O)[C@]12C,"['FXR Partial Agonist', 'TGR5 Agonist', 'Organic Anion Transporter', 'Spore Germination Inhibitor', 'Insulinotropic', 'NASH', 'Bile Acid Transporter']"
CHEMBL4175981,CC(C)(C)[C@@H](CO)NC(=O)c1nn(-c2c[n+]([O-])ccn2)c2c1C[C@@H]1C[C@H]21,"['Analgesic', 'CB2 Agonist']"
CHEMBL428647,CC(=O)O[C@H]1C(=O)[C@@]2(C)[C@H]([C@H](OC(=O)c3ccccc3)[C@]3(O)C[C@H](OC(=O)[C@H](O)[C@@H](NC(=O)c4ccccc4)c4ccccc4)C(C)=C1C3(C)C)[C@]1(OC(C)=O)CO[C@@H]1C[C@@H]2O,"['Anticancer', 'Cytotoxic', 'Microtubule Stabilizer', 'Microtubule Disassembly Inhibitor']"
CHEMBL4297439,COCN1C(=O)N(COC)C(=O)C(c2ccccc2)(c2ccccc2)C1=O,[]
CHEMBL4299850,CN1CC2CCCC(C1)C2OC(=O)C(O)(c1ccccc1)C1CCCC1,['M1 Muscarinic Receptor Ligand']
CHEMBL4525964,CC[C@@H]1C[C@]1(NC(=O)[C@@H]1C[C@@H]2CN1C(=O)[C@H](C(C)(C)C)NC(=O)OCC(C)(C)CCCCc1cccc3c1CN(C3)C(=O)O2)C(=O)NS(=O)(=O)C1CC1,"['HCV Inhibitor', 'HCV NS3 Protease Inhibitor']"
CHEMBL4594437,Cc1cccc(N2CCN(CCc3ccc4ccccc4n3)CC2)c1,[]
CHEMBL494753,C[C@]12CC[C@@H]3c4ccc(OS(=O)(=O)O)cc4CC[C@H]3[C@@H]1CCC2=O,"['Steroid Sulphatase Inhibitor', 'CYP1B1 Inhibitor', 'Breast Cancer Treatment']"
CHEMBL5087025,C[C@@H]1Cc2c([nH]c3ccccc23)[C@@H](c2c(Cl)cc(/C=C/C(=O)O)cc2Cl)N1CC(C)(C)F,"['Antitumor', 'SERD', 'ERAlpha+ Breast Cancer', 'Selective Estrogen Receptor Degrader']"
CHEMBL5314500,[2H]c1cc([C@]2(C#N)O[C@H](COC(=O)C(C)C)[C@@H](OC(=O)C(C)C)[C@H]2OC(=O)C(C)C)n2ncnc(N)c12,[]
CHEMBL54893,CC(C)=CCOc1cc(NC(=S)c2ccoc2C)ccc1Cl,"['HIV-1 PR/RT Inhibitor', 'Anti-Viral', 'AIDS']"
CHEMBL80830,CC(C)(S)C(=O)N[C@@H](CS)C(=O)O,[]
CHEMBL927,C=CC1=C(C(=O)O)N2C(=O)[C@@H](NC(=O)/C(=N\O)c3csc(N)n3)[C@H]2SC1,['Antibiotic']
CHEMBL1013,N[C@@H](C(=O)N[C@@H]1C(=O)N2C(C(=O)O)=C(Cl)CC[C@H]12)c1ccccc1,['Antibiotic']
CHEMBL1025,CC(C)OP(=O)(F)OC(C)C,[]
CHEMBL1201251,Oc1ccc(CCCCNC[C@H](O)c2ccc(O)c(O)c2)cc1,"['Beta(3)-Adrenergic Agonist', 'Bronchodilator', 'Beta-AR Agonist']"
CHEMBL1201735,Br.CC(NC(C)(C)C)C(=O)c1cccc(Cl)c1,[]
CHEMBL1215923,O=C(O)Cc1cccc(-c2cc(CCCCCCc3ccc(O[C@H]4O[C@H](CO)[C@@H](O)[C@H](O)[C@@H]4O)c(-c4cccc(CC(=O)O)c4)c3)ccc2O[C@H]2O[C@H](CO)[C@@H](O)[C@H](O)[C@@H]2O)c1,"['Selectin Inhibitor', 'Cell Adhesion']"
CHEMBL1230245,C[C@H](O)[C@H](O)[C@H]1CNc2nc(N)nc(N)c2N1,[]
CHEMBL1278146,CCN(CC)CCN1CCc2[nH]c(/C=C3\C(=O)Nc4ccc(F)cc43)c(C)c2C1=O,"['VEGFR2 Inhibitor', 'PDGFRAlpha Inhibitor', 'Receptor Tyrosine Kinase Inhibitor', 'c-Kit Inhibitor']"
CHEMBL1531134,CC1CCN(CCCC(=O)c2ccc(F)cc2)CC1,['Sigma2 Ligand']
CHEMBL166863,CC1(C)OC(c2ccc(S(N)(=O)=O)cc2)=C(c2cccc(F)c2)C1=O,"['Anti-Inflammatory', 'Analgesic', 'COX2 Inhibitor']"
CHEMBL1672054,CC(=O)N1CCN([C@H]2CCN(C(=O)N(C)[C@H](C)c3cc(C(F)(F)F)cc(C(F)(F)F)c3)[C@@H](c3ccc(F)cc3C)C2)CC1,['Neurokinin Receptor Antagonist']
CHEMBL2107254,O=C1CN2CCOC2(c2ccccc2Cl)c2cc(Cl)ccc2N1,[]
CHEMBL2107371,CCNC(=O)[C@H]1O[C@@H](n2cnc3c(NC4CCCC4)ncnc32)[C@H](O)[C@@H]1O,['Adenosine Receptor Agonist']
CHEMBL2107611,[Na+].[Na+].[S-2],"['Antibiotic', 'Antimalarial', 'Antimicrobial', 'Neuroprotective', 'Carbonic Anhydrase Inhibitor', 'Antihypertensive', 'Anti-Trypanosomal', 'Vasodilator', 'PDE10a Inhibitor', 'Cytoprotective', 'Vasorelaxant', 'Cardioprotective', 'Cardiovascular', 'CA I Inhibitor', 'Type 2 Diabetes Treatment', 'Matriptase Inhibitor', 'CD73 Inhibitor', 'Nootropic', 'H. pylori', 'Tau Phosphorylation Inhibitor', 'H2S Donor', 'Carbonic Anhydrase', 'Amnesia-Reversal', 'NMDAR Antagonist', 'Osteoblast Stimulator', 'Hydrogen Sulfide Donor', 'Mood Disorder', 'Insulin Release Stimulator', 'CO2 Hydrase', 'Beta-CA Inhibitor', 'GPR39 Agonist', 'Carbonic Anhydrase IV Inhibitor', 'IFN-Gamma Inhibitor', 'Cu Chelator', 'Anion Inhibitor', 'H2S-Releasing', 'DNA Cleaving Agent', 'Carbonic Anhydrase XV Inhibitor', 'Tau Protein Inhibitor', 'HD', 'Glycogen Synthase Activator']"
CHEMBL2110700,CC[N+](C)(CC)CCOC(=O)C(O)(c1cccs1)C1CCCC1,"['Anticholinergic', 'Muscarinic M3 Receptor Antagonist']"
CHEMBL2447938,O=[O+][O-],"['Antibiotic', 'Antimalarial', 'Antimicrobial', 'Carbonic Anhydrase Inhibitor', 'Anti-Trypanosomal', 'CA I Inhibitor', 'H. pylori', 'Carbonic Anhydrase', 'CO2 Hydrase', 'Beta-CA Inhibitor', 'Carbonic Anhydrase IV Inhibitor', 'Beta-AR Agonist', 'Anion Inhibitor', 'DNA Cleaving Agent', 'Carbonic Anhydrase XV Inhibitor', 'HD']"
CHEMBL285802,CN(C)CCOC1=Cc2ccccc2Sc2ccc(Cl)cc21,['MDR-Modulator']
CHEMBL292707,CC(C)Cc1ccc(C(C)C(=O)NO)cc1,[]
CHEMBL3828074,CCc1nc2c(C)cc(N3CCN(CC(=O)N4CC(O)C4)CC3)cn2c1N(C)c1nc(-c2ccc(F)cc2)c(C#N)s1,"['ATX Inhibitor', 'Autotaxin Inhibitor', 'Pulmonary Fibrosis']"
CHEMBL426559,CS(=O)(=O)c1cc(F)cc2c3c(n(Cc4ccc(Cl)cc4)c12)[C@@H](CC(=O)O)CC3,"['PDE2 Inhibitor', 'Pro-Cognitive', 'DP-Receptor Antagonist', 'DP Antagonist', 'Prostaglandin D2 Receptor Antagonist', 'DP1 Antagonist']"
CHEMBL4297270,Cc1noc(-c2ccc(-c3ccc(C4(C(=O)O)CC4)cc3)cc2)c1NC(=O)O[C@H](C)c1ccccc1,"['Anti-Fibrotic', 'LPA1 Antagonist']"
CHEMBL4297386,COCCOc1cc(Cn2c(C(=O)O)c(-c3ccc(C(C)(C)C)cc3)c3ccccc32)cc(OCCOC)c1,[]
CHEMBL4297412,CC1(C)C(/C=C/C2=C(Oc3ccc(C[C@H](NC(=O)c4ccc(NCc5cnc6nc(N)[nH]c(=O)c6n5)cc4)C(=O)[O-])cc3)/C(=C/C=C3\N(CCCCS(=O)(=O)[O-])c4ccc(S(=O)(=O)[O-])cc4C3(C)C)CCC2)=[N+](CCCCS(=O)(=O)[O-])c2ccc(S(=O)(=O)[O-])cc21.[H+].[H+].[H+].[H+],[]
CHEMBL4535757,C=CC(=O)N1CCN(c2nc(=O)n(-c3c(C)ccnc3C(C)C)c3nc(-c4c(O)cccc4F)c(F)cc23)[C@@H](C)C1,['KRAS G12D Inhibitor']
CHEMBL4747845,N=C(NOCC(O)CN1CCCCC1)c1cccnc1,[]
CHEMBL4779773,C[C@H](NC(=O)Cn1nnc2ccccc2c1=O)c1ccc(OC(F)(F)F)cc1,"['Schizophrenia', 'GPR139 Antagonist', 'Negative Symptoms']"
CHEMBL4802151,Cc1c(S(C)(=O)=O)c(-c2cc(F)cc(N3CCN(c4ccc(NS(=O)(=O)c5ccc(N[C@H](CCN6CCC(C(=O)OCCCP(=O)(O)O)CC6)CSc6ccccc6)c(S(=O)(=O)C(F)(F)F)c5)cc4)CC3)c2)c(-c2ccc(Cl)cc2)n1C(C)C,"['Anticancer', 'BCL-2 Inhibitor']"
CHEMBL494089,CCn1c(-c2nonc2N)nc2c(C#CC(C)(C)O)ncc(OC[C@H]3CCCNC3)c21,"['Anticancer', 'AKT Inhibitor']"
CHEMBL5314603,CCCCC[C@@H](CC[C@@H]1[C@H]2Cc3cccc(OCC(=O)O)c3C[C@H]2C[C@H]1OP(=O)(O)O)OP(=O)(O)O,[]
CHEMBL5316158,O=C(NO)c1ccc(Cn2cc(CN[C@@H]3C[C@H]3c3ccccc3)cn2)cc1,"['Anticancer', 'LSD1 Inhibitor', 'HDAC6/8 Inhibitor', 'Multiple Myeloma']"
CHEMBL632,C[C@H]1C[C@H]2[C@@H]3CCC4=CC(=O)C=C[C@]4(C)[C@@]3(F)[C@@H](O)C[C@]2(C)[C@@]1(O)C(=O)CO,"['Anti-Inflammatory', 'PDE4 Inhibitor', 'Glucocorticoid Agonist', 'Cytokine Inhibitor', 'Glucocorticoid Receptor Modulator', 'Glucocorticoid Receptor Ligand', 'GR Agonist', 'Topical Antiinflammatory', 'Neutrophil Chemotaxis Inhibitor', 'Autoimmune Disorder', 'CYP3A4 Inducer', 'Vasoconstrictor', 'PXR Activator', 'Glucocorticoid Modulator', 'Skin Permeation', 'PDE4/7 Inhibitor', 'Human Chymase Inhibitor']"
CHEMBL1082,CC1(C)S[C@@H]2[C@H](NC(=O)[C@H](N)c3ccc(O)cc3)C(=O)N2[C@H]1C(=O)O,['Antibiotic']
CHEMBL1095930,CO/N=C(\C(=O)N[C@@H]1C(=O)N2C(C(=O)OC(C)OC(C)=O)=C(COC(N)=O)CS[C@H]12)c1ccco1,"['Antibiotic', 'Bactericidal', 'Mycobacterium tuberculosis', 'Antibiotic Resistance', 'Carbapenemase Inhibitor']"
CHEMBL1180725,CC(C)[N+](C)(CCOC(=O)C1c2ccccc2Oc2ccccc21)C(C)C,"['Gastric Antisecretory', 'Anticholinergic', 'Tryptophanyl tRNA Synthetase Inhibitor']"
CHEMBL1200686,CC[C@@H]1/C=C(\C)C[C@H](C)C[C@H](OC)[C@H]2O[C@@](O)(C(=O)C(=O)N3CCCC[C@H]3C(=O)O[C@H](/C(C)=C/[C@@H]3CC[C@H](Cl)[C@H](OC)C3)[C@H](C)[C@@H](O)CC1=O)[C@H](C)C[C@@H]2OC,['Immunosuppressant']
CHEMBL1200953,CCCC(=O)O[C@]1(C(=O)COC(=O)CC)CC[C@H]2[C@@H]3CCC4=CC(=O)CC[C@]4(C)[C@H]3[C@@H](O)C[C@@]21C,[]
CHEMBL1257030,O=C(O)c1nn(Cc2ccc(Cl)cc2Cl)c2ccccc12,"['Protective', 'Antispermatogenic']"
CHEMBL1292,CC(C)/N=c1\cc2n(-c3ccc(Cl)cc3)c3ccccc3nc-2cc1Nc1ccc(Cl)cc1,['Anti-Tuberculosis']
CHEMBL1485,N=C(N)NCCC[C@H](N)C(=O)O,"['nNOS Inhibitor', 'Neuronal NO Synthase Inhibitor', 'Nitric Oxide Synthase Inhibitor', 'Riboswitch Ligand', 'AGE Inhibitor', 'DDAH-1 Inhibitor', 'NGF Inducer']"
CHEMBL1549,C[C@]12CCC(=O)C=C1CC[C@@H]1[C@@H]2[C@@H](O)C[C@@]2(C)[C@H]1CC[C@]2(O)C(=O)COC(=O)CCC1CCCC1,[]
CHEMBL1587,CN1C(CSCC(F)(F)F)Nc2cc(Cl)c(S(N)(=O)=O)cc2S1(=O)=O,['Carbonic Anhydrase Inhibitor']
CHEMBL1598608,CN1C(=O)COc2c(C(=O)NC3CN4CCC3CC4)cc(Cl)cc21,['5-HT3 Receptor Antagonist']
CHEMBL1639,COCCCOc1cc(C[C@@H](C[C@H](N)[C@@H](O)C[C@H](C(=O)NCC(C)(C)C(N)=O)C(C)C)C(C)C)ccc1OC,['Renin Inhibitor']
CHEMBL176687,CC1=CC(=O)NS(=O)(=O)O1,['hCA IX/XII Inhibitor']
CHEMBL1940832,O=CNc1cc([C@@H](O)CNCCc2ccc(NC[C@H](O)c3ccccc3)cc2)ccc1O,"['Beta(3)-Adrenergic Agonist', 'Bronchodilator', 'Asthma', 'COPD']"
CHEMBL1951032,COc1c(Nc2ccc(S(C)(=O)=O)nc2C)ncnc1OC1CCN(C(=O)OC(C)C)CC1,"['GPR119 Agonist', 'Diabetes Treatment']"
CHEMBL2105630,CO[C@H]1/C=C\C=C(/C)C(=O)NC2=CC(=O)C(NCCN(C)C)=C(C[C@@H](C)C[C@H](OC)[C@H](O)[C@@H](C)/C=C(\C)[C@@H]1OC(N)=O)C2=O.Cl,['Hsp-90 Inhibitor']
CHEMBL277945,CCN1CCCC1CNC(=O)c1cc(S(=O)(=O)CC)ccc1OC,"['D2 Dopamine Receptor Ligand', 'Dopamine D2 Receptor Antagonist', 'Neuroleptic']"
CHEMBL279229,COc1ccccc1N1CCN(CCCNc2cc(=O)n(C)c(=O)n2C)CC1,['5-HT 1A Receptor Agonist']
CHEMBL330829,CCOC(=O)/C=C1\SC(N2CCCCC2)C(=O)N1C,[]
CHEMBL3338194,CS(=O)(=O)c1ccc(-n2cc(Cl)c(OC3CCN(c4ncc(Cl)cn4)CC3)cc2=O)c(F)c1,['GPR119 Agonist']
CHEMBL3989444,CC[C@@H](C)C(=O)O[C@@H]1[C@H](OC(C)=O)c2c(ccc3ccc(=O)oc23)OC1(C)C,[]
CHEMBL4297585,CCCCCCC(=O)OCC(COC(=O)CCCCCC)OC(=O)CCCCCC,"['PKC Modulator', 'Transdermal Permeation Enhancer']"
CHEMBL4301600,CC(C)(O)c1cccn2c(C3(c4ccc(Cl)cc4)CC3)nnc12,['11betaHSD1 Inhibitor']
CHEMBL434,CC(C)NCC(O)c1ccc(O)c(O)c1,"['Beta(3)-Adrenergic Agonist', 'Beta-AR Agonist']"
CHEMBL447878,CC(=O)N[C@@H]1[C@@H](O)[C@H](O)[C@@H](CO)O[C@H]1O,['Cryptosporidium parvum Inhibitor']
CHEMBL4594254,C(=C/[C@H]1CCNC1)\c1cncnc1,[]
CHEMBL5095175,COc1ccc(C2(CCCN(C)C)OCc3cc(C#N)ccc32)cc1,"['Antidepressant', 'Serotonin Transporter Ligand', 'Norepinephrine Transporter Inhibitor', 'Glioprotective']"
CHEMBL5095256,Cc1c(Nc2c(F)ccc(NS(=O)(=O)CCCF)c2Cl)ccc2ncn(C)c(=O)c12,[]
CHEMBL5314515,CC(C)C[C@H](NC(=O)CNC(=O)[C@@H]1CCN1c1ccc(F)cc1F)B1OC(=O)[C@H](CC(=O)O)O1,['Proteasome Inhibitor']
CHEMBL587723,CCN1CCN(Cc2ccc(-c3cc4c(N[C@H](C)c5ccccc5)ncnc4[nH]3)cc2)CC1,"['EGFR Kinase Inhibitor', 'VEGFR2 Inhibitor']"
CHEMBL1092581,CNC(=O)c1c(-c2ccc(F)cc2)oc2cc(N(CCO)S(C)(=O)=O)c(C3CC3)cc12,"['HCV NS5b Polymerase Inhibitor', 'HCV Inhibitor']"
CHEMBL1160714,CC(C)NC[C@H](O)COc1ccc(O)cc1,['Beta(3)-Adrenergic Agonist']
CHEMBL1199324,C[C@@H](O[C@H]1OCCN(Cc2nn(P(=O)(O)O)c(=O)[nH]2)[C@H]1c1ccc(F)cc1)c1cc(C(F)(F)F)cc(C(F)(F)F)c1,"['NK1/NK3 Antagonist', 'Neurokinin Receptor Antagonist', 'hNK1 Antagonist', 'Dual Function']"
CHEMBL1200791,Cc1cc(C(C)(C)C)c(O)c(C)c1CC1=NCCN1.Cl,"['Alpha 1-Adrenoceptor Agonist', 'Cerebro-protective', 'h5-HT1D Receptor Ligand']"
CHEMBL1200965,CCOC(=O)OC(C)OC(=O)[C@@H]1N2C(=O)[C@@H](NC(=O)[C@H](N)c3ccccc3)[C@H]2SC1(C)C.Cl,['Antibiotic']
CHEMBL1221986,CC1=C(CO)C(=O)O[C@H]([C@@H](C)[C@H]2CC[C@H]3[C@@H]4C[C@H]5O[C@]56[C@@H](O)C=CC(=O)[C@]6(C)[C@H]4CC[C@]23C)C1,"['Cytotoxic', 'Antiproliferative', 'NF-kappa B Inhibitor', 'Ovarian Cancer', 'IKKbeta Inhibitor', 'Quinone Reductase Inducer', 'MM', 'Cell Death Inducer', 'Heat Shock Response Inducer']"
CHEMBL1231723,CCCCCCCCCCCCOCCOCCOCCOCCOCCOCCOCCOCCOCCO,['Fatty Acid Synthesis Inhibitor']
CHEMBL1256901,CCCC[N+]1(C)[C@@H]2C[C@@H](OC(=O)[C@H](CO)c3ccccc3)C[C@H]1[C@@H]1O[C@@H]12.[Br-],"['Muscarinic Receptor Antagonist', 'Bronchodilator', 'Anticholinergic', 'Spasmolytic', 'Cholinergic Receptor Antagonist', 'MABA']"
CHEMBL1257096,COc1c(N2CCC/C(=C(\F)CN)C2)c(F)cc2c(=O)c(C(=O)O)cn(C3CC3)c12,['Antibiotic']
CHEMBL1266,c1ccc2c(c1)CCCC2C1=NCCN1,['Alpha 1-Adrenoceptor Agonist']
CHEMBL1900528,C[N+]1(C)[C@@H]2C[C@@H](OC(=O)C(O)(c3cccs3)c3cccs3)C[C@H]1[C@@H]1O[C@@H]12,"['Muscarinic Receptor Antagonist', 'Bronchodilator', 'COPD', 'M1 Muscarinic Receptor Ligand', 'M3 Receptor Antagonist', 'COPD Treatment', 'Anticholinergic', 'M3 Muscarinic Receptor Antagonist', 'Muscarinic M3 Receptor Antagonist', 'OCT1 Substrate', 'Cholinergic Receptor Antagonist', 'Organic Cation Transporter Substrate', 'MABA']"
CHEMBL2105950,CC1(C)S[C@@H]2[C@H](NC(=O)[C@H](N)c3ccc(O)cc3)C(=O)N2[C@H]1C(=O)[O-].[Na+],['Antibiotic']
CHEMBL2107355,Cl.OC[C@H]1NC[C@H](O)[C@@H](O)[C@H]1O,"['Anti-Diabetic', 'Alpha-glucosidase Inhibitor', 'Hypoglycemic', 'Angiogenesis Inhibitor', 'Butylcholinesterase Inhibitor', 'Antihyperglycaemic', 'Cytokine Inhibitor', 'Pharmacologic Chaperone', 'Glycosidase Inhibitor', 'Fluorescent', 'Beta-Glucosidase Inhibitor', 'Beta-Glucocerebrosidase Inhibitor', ""Gaucher's Disease"", 'Beta-Galactofuranosidase Inhibitor', 'Alpha-L-Fucosidase Inhibitor', 'Alpha-Galactosidase Inhibitor', 'Alpha-Mannosidase Inhibitor', 'Lysosomal Storage Disorder', 'Insulin-Releasing', 'Fabry Disease', 'Sucrase Inhibitor', 'Maltase Inhibitor', 'Beta-Mannosidase Inhibitor', 'Postprandial Hyperglycemia', 'Pompe Disease', 'GAA Ligand', 'Lysosomal Beta-Mannosidase Inhibitor']"
CHEMBL24778,C[C@H](Cc1cc2c(c(C(N)=O)c1)N(CCCO)CC2)NCCOc1ccccc1OCC(F)(F)F,['Alpha1-Adrenoceptor Antagonist']
CHEMBL325041,CC(C)C[C@H](NC(=O)[C@H](Cc1ccccc1)NC(=O)c1cnccn1)B(O)O,"['Antitumor', 'Proteasome Inhibitor', 'ERAD Inhibitor']"
CHEMBL3301605,O.O=C(NC1CCNCC1)[C@@H]1CC[C@@H]2CN1C(=O)N2OS(=O)(=O)O,"['Beta-Lactamase Inhibitor', 'Beta-lactamase Inhibitor']"
CHEMBL3544911,COc1cccc(OCCCN)c1-c1cc(Nc2cnc(C#N)cn2)n[nH]1,"['Chk1 Inhibitor', 'DDR Kinase Inhibitor']"
CHEMBL3989408,CC(C)Cc1ccc(C(C)C(=O)[O-])cc1.O.O.[Na+],"['Anti-Inflammatory', 'Analgesic', 'COX2 Inhibitor', 'IL-8 Inhibitor', 'CXCR1 Inhibitor']"
CHEMBL3989927,O=C1CC[C@H](N2Cc3c(OCc4ccc(CN5CCOCC5)cc4)cccc3C2=O)C(=O)N1,"['Protein Degrader', 'Multiple Myeloma Treatment', 'Cereblon E3 Ligase Modulator']"
CHEMBL3989937,CNC(=O)c1ccc(-c2cnc3ncc(Cc4ccc5ncccc5c4)n3n2)cc1F.Cl.Cl.O,['cMET Inhibitor']
CHEMBL4225088,CCc1ccc(N(CC(C)C)S(=O)(=O)c2ccc(OCC3CCOCC3)c(CO)c2)cc1,['RORGamma Inverse Agonist']
CHEMBL4297376,Cc1ccc(NS(=O)(=O)c2cccc(C#N)c2)c2[nH]cc(C#N)c12,[]
CHEMBL4297406,CC(=O)N[C@@H](CSSC[C@H](N)C(=O)O)C(=O)O,[]
CHEMBL4297421,O=C(Nc1nc(-c2ccc(O)c(O)c2)c(-c2ccccc2)s1)c1ccc(O)c(O)c1,[]
CHEMBL4297458,Cc1nnn(C)c1-c1cnc2c3ccc(C(C)(C)O)cc3n([C@H](c3ccccc3)C3CCOCC3)c2c1,"['Cancer', 'BET Inhibitor']"
CHEMBL430,CO/N=C1\CN(c2nc3c(cc2F)c(=O)c(C(=O)O)cn3C2CC2)CC1CN,['Antibiotic']
CHEMBL441765,CN(C(=O)Cc1ccc(Cl)c(Cl)c1)[C@@H]1CCCC[C@H]1N1CCCC1,"['Anti-Inflammatory', 'Analgesic', 'Antinociceptive', 'Kappa Opioid Agonist', 'Sigma-Receptor Ligand', 'Opioid Receptor Agonist', 'Mu Opioid Receptor Agonist', 'Opioid Antagonist', 'Dynamin I GTPase Inhibitor', 'Sigma-1 Agonist', 'Histamine H4 R Antagonist', 'KOR Agonist', 'Fluorescent', 'Sigma Ligand', 'Sigma1 Receptor Antagonist', 'Kappa Opioid Receptor Ligand', 'KOR Antagonist', 'OX1 Antagonist', 'CME Inhibitor', 'Pain Blocker', 'Opioid Kappa Agonist', 'Delta-Antagonist', 'Hydrogen Sulfide Donor', 'Opiate Receptor', 'Opiate Receptor Binder', 'kappa-Opioid Receptor']"
CHEMBL4594425,CCC(=O)N[C@H]1Cc2cccc(C(=O)OCOC(=O)C(CC)CC)c2OB1O,['Beta-Lactamase Inhibitor']
CHEMBL460291,CCOC(=O)C1=C(C)NC(C)=C(C(=O)OCC)C1c1ccccc1/C=C/C(=O)OC(C)(C)C,[]
CHEMBL4650220,Cc1cc(C[C@@H](NC(=O)N2CCC(c3cc4ccccc4[nH]c3=O)CC2)C(=O)N2CCN(C3CCN(C)CC3)CC2)cc2cn[nH]c12.Cl,['CGRP Receptor Antagonist']
CHEMBL483465,Cn1cc(C2=C(c3coc4ccc(F)cc34)C(=O)NC2=O)c2cc3c(cc21)OCO3,"['GSK-3beta Inhibitor', 'Steroidogenesis Stimulator']"
CHEMBL5095420,Cl.Cl.Cl.Cl.NCCNCCNCCN,['Polyamine Transport Inhibitor']
CHEMBL5314555,C=C(C)C(=O)Nc1ccc(-c2c(-c3ccc(Oc4nccc(C)n4)c(F)c3)c3c(N)ncnc3n2C)cc1,[]
CHEMBL615,CC1(C)S[C@@H]2[C@H](NC(=O)COc3ccccc3)C(=O)N2[C@H]1C(=O)O,"['Antibiotic', 'SARS-CoV Mpro Inhibitor', 'Penicillin-Binding Protein Inhibitor']"
CHEMBL82202,Cc1ncc(COP(=O)(O)O)c(C=O)c1O,"['Cerebro-protective', 'Oxidative Stress Inhibitor']"
CHEMBL1109,Nc1ccc(S(=O)(=O)Nc2ccnn2-c2ccccc2)cc1,"['Anti-mycobacterial', 'CYP 2C9 Inhibitor']"
CHEMBL1200354,CCCCC(CC)CCC(CC(C)C)OS(=O)(=O)[O-].[Na+],[]
CHEMBL1200645,COc1cc([C@@H]2c3cc4c(cc3[C@@H](O[C@@H]3O[C@@H]5CO[C@@H](C)O[C@H]5[C@H](O)[C@H]3O)[C@H]3COC(=O)[C@H]23)OCO4)cc(OC)c1OP(=O)(O)O,"['Anticancer', 'Cytotoxic', 'Antitumor']"
CHEMBL1200839,CC(=O)Nc1c(I)c(NC(C)=O)c(I)c(C(=O)O)c1I.CNC[C@H](O)[C@@H](O)[C@H](O)[C@H](O)CO,[]
CHEMBL1200841,CCN(CC)CCOC(=O)c1ccc(N)cc1.Cl,[]
CHEMBL1222883,CN1C(=O)CC[C@H]1C(=O)NCc1cccc(C(F)(F)F)c1Cl,['P2X7 Receptor Antagonist']
CHEMBL1223,CC1(C)S[C@@H]2[C@H](NC(=O)Cc3ccccc3)C(=O)N2[C@H]1C(=O)[O-].[K+],['Antibiotic']
CHEMBL123693,CCCCCC(C)N,[]
CHEMBL1240967,CC(C)(Cc1cccc(CC(=O)NCc2cccc(-c3ccc(O)cc3)c2)c1)NC[C@H](O)c1ccc(O)c(NS(C)(=O)=O)c1,"['Beta(3)-Adrenergic Agonist', 'Bronchodilator', 'Asthma', 'COPD']"
CHEMBL1272307,Cc1nc(C(=O)N2CCCC[C@H]2CNC(=O)c2cccc3occc23)c(-c2ccc(F)cc2)s1,['Orexin-1 Receptor Antagonist']
CHEMBL1474889,CC(CN(C)C)C(C)(O)Cc1ccc(Cl)cc1,[]
CHEMBL1500276,CCN(CC)CCOCCOC(=O)C(CC)(CC)c1ccccc1,[]
CHEMBL1819077,CCC(CC)Nc1c2c(nc3c(-c4ccc(OC)cc4Cl)c(C)nn13)CCC2,['CRF1 Antagonist']
CHEMBL2105801,CCCC(=O)O[C@H]1CN2CC[C@H](O)[C@@H]2[C@@H](O)[C@@H]1O.Cl,[]
CHEMBL2106068,CCCCN(CCCC)C(=O)CN1C[C@H](c2ccc3c(c2)OCO3)[C@@H](C(=O)O)[C@@H]1c1ccc(OC)cc1.Cl,"['Endothelin A Receptor Antagonist', 'ETA-Receptor Antagonist', 'ETB Receptor Antagonist', 'ETA Antagonist', 'ETA Selective Endothelin Receptor Antagonist']"
CHEMBL2107358,COC1=CC(c2cc3ccccc3[nH]2)=N/C1=C\c1[nH]c(C)cc1C.CS(=O)(=O)O,[]
CHEMBL2355051,CCN(CC)CCOc1ccc(C(=C(Cl)c2ccccc2)c2ccccc2)cc1,"['Cholesterol Synthesis Inhibitor', 'Antiestrogen', 'Estrogen Receptor']"
CHEMBL256705,C[C@@H]1CC(=O)c2c(ccc3c2C(=O)c2cccc(O)c2C3=O)C1,['STAT3 Inhibitor']
CHEMBL3186849,O=C(O)CCCCC(CCSCc1ccccc1)SCc1ccccc1,[]
CHEMBL3707338,Cc1ncc(COP(=O)([O-])O)c(C=O)c1O.NC(=O)CC[C@H](N)C(=O)[O-].[Mg+2],[]
CHEMBL3984441,Cc1c(C(=O)Nc2ccc(Oc3ccnc4cc(OCC(C)(C)O)ccc34)c(F)c2)c(=O)n(-c2ccccc2)n1C,['cMET Inhibitor']
CHEMBL3989954,C=C1CC[C@H]2[C@H](CN)[C@@H]([C@@]3(C)CC[C@H](O)C[C@@H]3CO)CC[C@]12C,[]
CHEMBL4297292,C[N+](C)(Cc1ccc(NC(=O)c2ccc(Cl)c(Cl)c2)cc1)C1CCOCC1.[Cl-],['CCR2 Antagonist']
CHEMBL4297388,C[C@@H]1C[C@H]2[C@@H]3C[C@H](F)C4=CC(=O)C=C[C@]4(C)[C@@]3(F)[C@@H](O)C[C@]2(C)[C@@]1(OC(=O)C1C(C)(C)C1(C)C)C(=O)OCC#N,['Anti-Inflammatory']
CHEMBL4297619,O=C(O)CNC(=O)c1c(O)cc(CCc2ccccc2)n2ncnc12,['HIF Prolyl-Hydroxylase Inhibitor']
CHEMBL4297636,C/C=C\C[C@@H](C/C=C\NC(=O)[C@@H](NC(=O)/C=C\C=C/C(C)=C/[C@H](C)[C@@H]1CC=C(OC)C(=O)O1)C(C)(C)C)OC(N)=O,['Cytotoxic']
CHEMBL431770,CCn1c(=O)c2c(nc(/C=C/c3ccc(OC)c(OC)c3)n2C)n(CC)c1=O,"['Adenosine Receptor Antagonist', 'Anti-Parkinson', 'A(2A) Receptor Antagonist']"
CHEMBL4459585,Cn1cc(-c2cn3nccc3c(-c3cnn([C@]4(CC#N)C[C@@H](C#N)C4)c3)n2)cn1,"['JAK1/JAK2 Inhibitor', 'TYK2 Inhibitor', 'Autoimmune Diseases']"
CHEMBL4802136,NC(=O)Nc1cc(C#Cc2cccc(F)c2)sc1C(=O)N[C@H]1CCCNC1,['Chk1 Inhibitor']
CHEMBL506569,CC(=O)O[C@H]1C[C@H](O[C@H]2[C@@H](O)C[C@H](O[C@H]3[C@@H](O)C[C@H](O[C@H]4CC[C@@]5(C)[C@H](CC[C@@H]6[C@@H]5C[C@@H](O)[C@]5(C)[C@@H](C7=CC(=O)OC7)CC[C@]65O)C4)O[C@@H]3C)O[C@@H]2C)O[C@H](C)[C@H]1O[C@@H]1O[C@H](CO)[C@@H](O)[C@H](O)[C@H]1O,"['Cytotoxic', 'Na(+)/K(+)-ATPase Inhibitor']"
CHEMBL5095170,CCN(Cc1nc2c(N)nc3cc(-c4cc[nH]n4)ccc3c2[nH]1)C(C)=O,[]
CHEMBL5095172,O=C1COc2ccc(OCCCCN3CCN(c4cccc(Cl)c4Cl)CC3)cc2N1,"['Antipsychotic', 'Dopamine-Autoreceptor Agonist', 'D2R Agonist']"
CHEMBL71,CN(C)CCCN1c2ccccc2Sc2ccc(Cl)cc21,"['Antimalarial', 'Antioxidant', 'Neuroprotective', 'Acetylcholinesterase Inhibitor', ""Alzheimer's Disease"", 'AChE Inhibitor', 'Butylcholinesterase Inhibitor', 'Antialzheimer', 'Trypanothione Reductase Inhibitor', 'MDR-Modulator', 'NDH-2 Inhibitor', 'Central Nervous System Agent', 'Dopamine Agent']"
CHEMBL1005,CCC(=O)N(c1ccccc1)C1(C(=O)OC)CCN(CCC(=O)OC)CC1,"['Analgesic', 'Opioid Analgesic']"
CHEMBL1062,CC(=O)[C@@]1(O)CC[C@H]2[C@@H]3CCC4=CC(=O)CC[C@]4(C)[C@H]3CC[C@@]21C,"['Progesterone Receptor Agonist', 'Progesterone Receptor Ligand', 'Progesterone Receptor Modulator', 'CYP3A4 Inducer']"
CHEMBL1200613,Cc1ccc(C(=O)c2ccc(CC(=O)[O-])n2C)cc1.[Na+],"['Anti-Inflammatory', 'Analgesic']"
CHEMBL1201010,CC(=O)OCC(=O)[C@@]1(O)CC[C@H]2[C@@H]3CCC4=CC(=O)CC[C@]4(C)[C@@]3(F)[C@@H](O)C[C@@]21C,['Topical Antiinflammatory']
CHEMBL1201407,CCCCCCCC(=O)CC[C@@H]1[C@@H](C/C=C\CCCC(=O)O)[C@@H](O)C[C@H]1O,['Bronchodilator']
CHEMBL1282,CC(C)Cn1cnc2c(N)nc3ccccc3c21,"['IFN Inducer', 'TLR7/8/9 Antagonist']"
CHEMBL1465,CCC(c1ccccc1)c1c(O)c2ccccc2oc1=O,"['HIV Protease Inhibitor', 'Anticoagulant', 'CYP 2C9 Inhibitor', 'Myosin Inhibitor']"
CHEMBL2057236,CN(C)[C@@H]1C(O)=C(C(N)=O)C(=O)[C@@]2(O)C(O)=C3C(=O)c4c(O)c(NC(=O)[C@@H]5CCCN5C)cc(F)c4C[C@H]3C[C@@H]12,['Antibiotic']
CHEMBL2106238,CCCCC/C=C\C/C=C\CCCCCCCC(=O)OCC,[]
CHEMBL2178578,CC(C)(C)c1ccc(S(=O)(=O)Nc2ccc(Cl)cc2C(=O)c2cc[n+]([O-])cc2)cc1,"['CCR9 Antagonist', 'CCR9 Inhibitor']"
CHEMBL2392545,COc1cc(C(=O)NC2CCN(C)CC2)c(F)cc1Nc1ncc2c(n1)N(C1CCCC1)CC(F)(F)C(=O)N2C,['Plk2 Inhibitor']
CHEMBL295619,CN1CCN(c2c(F)cc3c(=O)c(C(=O)O)cn4c3c2SCC4)CC1,['Antibiotic']
CHEMBL3113734,Cc1ccc(O)c(C(=O)N[C@H]2CC[C@@H](NC(=O)c3cc(F)cnc3Oc3ccc(F)c(F)c3)CC2)c1,['PDE4 Inhibitor']
CHEMBL3126832,CC(C)[C@H]1NC(=O)[C@H]2CSSCC/C=C/[C@H](CC(=O)N[C@H](C)C(=O)N2)OC(=O)C[C@@H]1O,"['Antiproliferative', 'HDACs Inhibitor', 'Histone Deacetylase Inhibitor']"
CHEMBL3219124,COC[C@H](C)Oc1cc(Oc2cnc(C(=O)N3CCC3)cn2)cc(C(=O)Nc2cnc(C)cn2)c1,"['Glucokinase Activator', 'T2DM Treatment']"
CHEMBL3545169,CC(C)(C)OC(=O)NCCN1CC2CN(CCOc3ccc(C#N)cc3F)CC(C1)O2,[]
CHEMBL3545378,Cc1cc(Nc2cc(N3CC(F)(C4CC4)C3)nc(O[C@H]3CCN(C(=O)c4cc(Cl)ccc4F)C3)n2)n[nH]1,"['Aurora A/B Kinase Inhibitor', 'MYC Inhibitor']"
CHEMBL355200,C#Cc1c[nH]c(=O)[nH]c1=O,[]
CHEMBL3644587,O=c1[nH]nc2c3c(cccc13)N=C(CN1Cc3ccccc3C1)N2,['PARP1/2 Inhibitor']
CHEMBL3655081,CCCS(=O)(=O)N[C@H]1C[C@@H](N(C)c2ncnc3[nH]ccc23)C1,"['JAK1/JAK2 Inhibitor', 'Autoimmune']"
CHEMBL3707333,O[B-]1(O)OO[B-](O)(O)OO1.[Na+].[Na+],"['Antimalarial', 'Carbonic Anhydrase Inhibitor', 'Anti-Trypanosomal', 'CA I Inhibitor', 'H. pylori', 'Carbonic Anhydrase', 'CO2 Hydrase', 'Beta-CA Inhibitor', 'Carbonic Anhydrase IV Inhibitor', 'Anion Inhibitor', 'Carbonic Anhydrase XV Inhibitor']"
CHEMBL3989698,N[C@@H]1C[C@H]1c1ccccc1.N[C@H]1C[C@@H]1c1ccccc1.O=S(=O)(O)O,"['LSD1 Inhibitor', 'Histone Demethylase Inhibitor', 'Leukemic Cell Differentiation', 'Histone KDM Inhibitor', 'Histone KMT Inhibitor', 'SMOX Inhibitor', 'Negative Chronotropic', 'Estrogen-Dependent Diseases']"
CHEMBL3989947,CCCCCCCCCCCCCCOc1ccc(C(=O)OCC(=O)N(C)CC(=O)OCC)o1,[]
CHEMBL4296719,O=C(CN[C@@H]1CCNC1)N1CCC[C@H]1B(O)O,['DPPIV Inhibitor']
CHEMBL4297277,CC(/C=C1\SC(=S)N(CC(=O)O)C1=O)=C\c1ccccc1.CC(/C=C1\SC(=S)N(CC(=O)[O-])C1=O)=C\c1ccccc1.C[N+](C)(C)CCO,[]
CHEMBL4442620,C[C@@H](O)[C@@H](C)Oc1nc(Nc2ccc(S(=N)(=O)C3CC3)cc2)ncc1C(F)(F)F,"['Anticancer', 'CDK1/CDK2 Inhibitor', 'CDK4/6 Inhibitor', 'NUAK Inhibitor']"
CHEMBL4456085,COc1ccc(Oc2cc(NCCC(F)(F)F)c3ncc(-c4ccc(C(=O)NC5CC5)c(C)c4)n3n2)c(F)c1F,"['Cancer Treatment', 'MPS1 Inhibitor', 'Mps1 Inhibitor', 'Spindle Assembly Checkpoint Inhibitor']"
CHEMBL4518483,N#Cc1ccc(COc2cccc(C3CCN(Cc4nc5ccc(C(=O)O)cc5n4C[C@@H]4CCO4)CC3)n2)c(F)c1,[]
CHEMBL506,COc1cc(NC(C)CCCN)c2ncccc2c1,['Antimalarial']
CHEMBL5095198,CCC(CC)c1cc(C)nc2c(-c3nc(N4CCOCC4)sc3Cl)c(C)nn12,['CRF1 Antagonist']
CHEMBL517231,C#C[C@]1(CO)O[C@@H](n2cnc3c(N)nc(F)nc32)C[C@@H]1O,[]
CHEMBL521606,CC(C)(C)NCC(O)COc1cccc2c1CC(O)C(O)C2,"['Beta-Adrenoceptor Blocker', 'Beta-Adrenergic Receptor Ligand']"
CHEMBL5314576,C[C@@H](Oc1ccc(S(C)(=O)=O)cc1C(=O)N1C[C@@H]2C[C@]2(c2cc(C(F)(F)F)on2)C1)C(F)(F)F,['GlyT1 Inhibitor']
CHEMBL5314607,[2H]C([2H])([2H])C(/C=C/C=C(C)/C=C/C1=C(C)CCCC1(C)C)=C\COC(C)=O,[]
CHEMBL714,CC(C)(C)NCC(O)c1ccc(O)c(CO)c1,"['Beta(3)-Adrenergic Agonist', 'Bronchodilator']"
CHEMBL72,CNCCCN1c2ccccc2CCc2ccccc21,"['Analgesic', 'Antioxidant', 'Neuroprotective', 'Acetylcholinesterase Inhibitor', 'Antidepressant', ""Alzheimer's Disease"", 'Amyloid-Beta Aggregation Inhibitor', 'AChE Inhibitor', 'Butylcholinesterase Inhibitor', 'Antialzheimer', 'Antineuroinflammatory', 'Metal Chelator', 'MDR-Modulator', ""Alzheimer's Treatment"", 'BChE Inhibitor', 'Norepinephrine Transporter Inhibitor', 'BBB Permeable', 'AD Treatment', 'Monoamine Reuptake Inhibitor', 'CNS Stimulant', 'Biometal Chelator', 'Cerebro-protective', 'Organic Cation Transporter', 'Multitarget-Directed Ligand', 'Dopamine Agent', 'CNS Drug Partitioning', 'Benzodiazepine Affinity']"
CHEMBL1088752,Cc1c(F)cc(C(=O)NC2CC2)cc1-c1ccc(C(=O)NCC(C)(C)C)cn1,"['Anti-Inflammatory', 'p38alpha Inhibitor']"
CHEMBL1091024,CCC(=O)O[C@@H]1CC(=O)O[C@H](C)C/C=C/C=C/[C@H](OC(C)=O)[C@H](C)C[C@H](CC=O)[C@H](O[C@@H]2O[C@H](C)[C@@H](O[C@H]3C[C@@](C)(OC(C)=O)[C@@H](OC(=O)CC)[C@H](C)O3)[C@H](N(C)C)[C@H]2O)[C@H]1OC,['Antibiotic']
CHEMBL1178725,CC(C)Oc1cccc(CC(=O)N2CCC[C@](CC[N+]34CCC(c5ccccc5)(CC3)CC4)(c3ccc(Cl)c(Cl)c3)C2)c1,"['NK1/NK3 Antagonist', 'Tachykinin Antagonist']"
CHEMBL1201057,CC1(C)C[C@@H]1C(=O)N/C(=C\CCCCSC[C@H](N)C(=O)O)C(=O)[O-].[Na+],[]
CHEMBL141,Nc1ccn([C@@H]2CS[C@H](CO)O2)c(=O)n1,"['Anti-HIV-1', 'HIV-1 PR/RT Inhibitor', 'HIV Inhibitor', 'HIV NNRTI', 'Anti-HBV', 'Reverse Transcriptase Inhibitor', 'Antiretroviral', 'HBV Inhibitor', 'Ribonucleotide Reductase Inhibitor', 'HBV Capsid Inhibitor', 'Transcriptional Inhibitor', 'RT Inhibitor', 'HIV', 'HBV', 'Anti-BVDV', 'NRTI', 'HBV Capsid Assembly Effector', 'Anti-PDAC', 'Anti-Hepatitis B']"
CHEMBL1908892,N[C@@H](Cc1ccc(OCCF)cc1)C(=O)O,[]
CHEMBL204656,COc1cc2c(cc1Cc1cccc(Cl)c1F)c(=O)c(C(=O)O)cn2[C@H](CO)C(C)C,"['HIV Integrase Inhibitor', 'Antiretroviral', 'RNase H Inhibitor']"
CHEMBL2103862,O=C(c1ccc(CN2CCOCC2)cc1)N1CCN(C2CC2)CC1,['Histamine H3 Receptor Antagonist']
CHEMBL2110609,CCCCCCCCCCCC[N+](CCO)(CCO)Cc1ccccc1,[]
CHEMBL2110786,[SrH2],"['Neuroprotective', 'Osteoblast Stimulator', 'CO2 Hydrase', 'Beta-CA Inhibitor', 'Anion Inhibitor', 'DNA Cleaving Agent', 'Carbonic Anhydrase XV Inhibitor', 'Tau Protein Inhibitor', 'HD', 'Glycogen Synthase Activator']"
CHEMBL2111083,CN(C)C(=O)COc1ccc2c(c1)C[C@@H](NC[C@H](O)c1ccc(O)c(CCO)c1)CC2,"['Beta(3)-Adrenergic Agonist', 'Bronchodilator', 'Beta-AR Agonist']"
CHEMBL2111164,O=[N+]([O-])OCCN(CCO[N+](=O)[O-])CCO[N+](=O)[O-],"['Vasodilator', 'NO-Donor', 'NO-donor']"
CHEMBL21731,CNCCCC12CCC(c3ccccc31)c1ccccc12,[]
CHEMBL2251727,CCN=C=S,['TRPA1 Activator']
CHEMBL259571,CC(C)c1c(O)cc(/C=C/c2ccccc2)cc1O,[]
CHEMBL269277,C=C(C)[C@@H]1CC[C@]2(C(=O)O)CC[C@]3(C)[C@H](CC[C@@H]4[C@@]5(C)CC[C@H](O)C(C)(C)[C@@H]5CC[C@]43C)[C@@H]12,"['Anticancer', 'Cytotoxic', 'Anti-Inflammatory', 'Apoptosis Inducer', 'Anti-HIV-1', 'NF-kappa B Inhibitor', 'Apoptosis', 'Diabetes', 'TGR5 Agonist', 'Mitochondrial-Targeting', 'Apoptotic', 'HIV Maturation Inhibitor', 'MTP Inhibitor', 'DNA-Damaging', 'Renoprotective', 'FPTase Inhibitor', 'Antimelanoma', 'Mitocan']"
CHEMBL273124,COc1nc(C(Cl)(Cl)Cl)c(Cl)c(OC)c1Cl,[]
CHEMBL301829,O=C(O)c1ccc(C(F)(F)F)cc1-c1ccc2c(c1)OC[C@H](Cc1ccccc1)[C@H]2O,[]
CHEMBL3087323,Cc1ncc([N+](=O)[O-])n1CCNS(N)(=O)=O,"['CA IX Inhibitor', 'CA XII Inhibitor']"
CHEMBL3099551,C[C@H](NC(=O)[C@H](CCC(=O)O)NC(=O)CCCC[C@@H]1CCSS1)C(=O)O,['Cytoprotective']
CHEMBL331743,CCOC(=S)SSC(=S)OCC,['FBPase Inhibitor']
CHEMBL3334824,CC(C)[C@@H](NC(=O)NCC(C)(C)O)C(=O)N1CC[C@](O)(c2ccc(Cl)cc2)C(C)(C)C1,"['CCR1 Antagonist', 'Rheumatoid Arthritis Treatment']"
CHEMBL3545413,Cc1ncc(NC(=O)c2ccc(CN3CCN(C)CC3)c(C(F)(F)F)c2)cc1Nc1nccc(-c2cccnc2)n1,"['Bcr-Abl Inhibitor', 'CML Treatment']"
CHEMBL3689071,COc1cc(C2CCN(C)CC2)ccc1Nc1ncc(C(F)(F)F)c(CCc2ccccc2CC(N)=O)n1,['FAK Signaling Inhibitor']
CHEMBL3989909,CCC(=O)N1CC[C@H](Nc2ncnc3c2CN(c2cnc(OC)c(C(F)(F)F)c2)CC3)C1.O=P(O)(O)O,['PI3KDelta-Gamma Inhibitor']
CHEMBL3989910,O=C(O)c1ccc(-c2ccc3cc(O)ccc3n2)c(Cl)c1,[]
CHEMBL412262,CN/C(=N\S(=O)(=O)c1ccc(Cl)cc1)N1C[C@H](c2ccccc2)C(c2ccc(Cl)cc2)=N1,['CB-1 Receptor Antagonist']
CHEMBL4303782,COc1cc2c(c(OC)n1)[C@]1(O)[C@H](O)[C@H](CN(C)C)[C@@H](c3ccccc3)[C@]1(c1ccc(C#N)cc1)O2,"['eIF4A3 Inhibitor', 'RNA Helicase Inhibitor']"
CHEMBL4444976,COc1cc(N2CCN(C(=O)Cn3nc(-c4ncc[nH]4)c4cccnc43)CC2)ccc1Cl,[]
CHEMBL45029,CCC1(c2ccccc2)C(=O)NC(=O)N(C)C1=O,"['Anticonvulsive', 'Hypnotic', 'Sodium Channel Binder', 'Neurotoxicity', 'Voltage-Gated Sodium Channel Ligand', 'hCAR Agonist', 'Constitutive Androstane Receptor Agonist']"
CHEMBL4650485,COc1ccc(F)cc1C(=O)NCc1ccc(-c2nn([C@@H](C)C(F)(F)F)c(N)c2C(N)=O)cc1,[]
CHEMBL567,OCCN1CCN(CCCN2c3ccccc3Sc3ccc(Cl)cc32)CC1,"['MDR-Modulator', 'Anti-Glioblastoma']"
CHEMBL570,CN(C)CCCN1c2ccccc2Sc2ccc(C(F)(F)F)cc21,"['Antimalarial', 'AChE Inhibitor', 'Trypanothione Reductase Inhibitor', 'MDR-Modulator', 'NDH-2 Inhibitor', 'Central Nervous System Agent', 'Dopamine Agent']"
CHEMBL93047,CCN1C(=O)OC(C)(C)C1=O,['Anticonvulsive']
CHEMBL1002,CC(C)(C)NC[C@H](O)c1ccc(O)c(CO)c1,"['Beta(3)-Adrenergic Agonist', 'Bronchodilator', 'Beta-AR Agonist']"
CHEMBL1086440,CSc1nc2cc(Cl)c(Oc3cccc(Cl)c3Cl)cc2[nH]1,[]
CHEMBL1095032,O=C([C@H](O)CS(=O)(=O)c1ccc2cc(Cl)ccc2c1)N1CCC(N2CCCNC2=O)CC1,"['Factor Xa Inhibitor', 'Anticoagulant']"
CHEMBL1129,O=c1[nH]c(=O)n([C@H]2C[C@H](O)[C@@H](CO)O2)cc1C(F)(F)F,"['Antiviral', 'Thymidylate Synthetase Inhibitor']"
CHEMBL1188395,NCc1c[nH]c(=S)n1[C@H]1CCc2c(F)cc(F)cc2C1,['Dopamine Beta-Hydroxylase Inhibitor']
CHEMBL1200661,CCCCCCCC(=O)CC[C@@H]1[C@@H](C/C=C\CCCC(=O)OC(C)C)[C@@H](O)C[C@H]1O,"['Antiglaucoma', 'Antifertility']"
CHEMBL1562610,Cc1ccc(Cl)c(Nc2ccccc2C(=O)[O-])c1Cl.O.[Na+],"['Anti-Inflammatory', 'COX2 Inhibitor', '5-LO Inhibitor', 'NSAID', 'LOX Inhibitor', 'LsrK Inhibitor', 'Quorum Sensing', 'Membrane Permeability']"
CHEMBL1742461,O=C(C[S+]([O-])Cc1ccco1)NC/C=C\COc1cc(CN2CCCCC2)ccn1,[]
CHEMBL1760,CC(C)(C)NCC(O)c1cc(O)cc(O)c1,['Beta(3)-Adrenergic Agonist']
CHEMBL1765293,C=C(C)CNc1ccc(C(C)C(=O)O)cc1,[]
CHEMBL1788403,C=CCC1=C(C)C(OC(=O)[C@@H]2[C@@H](C=C(C)C)C2(C)C)CC1=O,[]
CHEMBL1908373,CN(C)c1ccc([C@H]2C[C@]3(C)[C@@H](CC[C@]3(O)CCCO)[C@@H]3CCC4=CC(=O)CCC4=C32)cc1,"['Progesterone Antagonist', 'GR Antagonist']"
CHEMBL200022,O=C(O)CCN1C(=O)/C(=C/c2ccc(-c3ccc(Cl)cc3)o2)SC1=S,"['Protease Inhibitor', 'Tau Aggregation Inhibitor', 'Anthrax', 'Metalloproteinase Inhibitor']"
CHEMBL2012520,CC(C)(Cc1ccc(Oc2ccc(C(N)=O)cn2)cc1)NC[C@H](O)COc1cccc2[nH]c3ccccc3c12,"['Beta(3)-Adrenergic Agonist', 'Norepinephrine-Serotonin Reuptake Inhibitor']"
CHEMBL2063705,CNC(=O)C[C@@H]1NC(=O)c2csc(n2)-c2ccc(-c3nc(N(CCCCC(=O)O)C(=O)O[C@H]4CC[C@H](C(=O)O)CC4)cs3)nc2-c2csc(n2)-c2csc(n2)[C@H]([C@@H](O)c2ccccc2)NC(=O)CNC(=O)c2nc(sc2COC)[C@H](C(C)C)NC(=O)c2nc1sc2C,"['Antibiotic', 'C. difficile Inhibitor']"
CHEMBL2104523,CCOc1cc(N)c([N+](=O)[O-])cc1C(=O)NC1CCN(CC2CC=CCC2)CC1,[]
CHEMBL2105762,CS(=O)(=O)n1cc2c(n1)CN([C@H]1CO[C@H](c3cc(F)ccc3F)[C@@H](N)C1)C2,"['DPPIV Inhibitor', 'Type 2 Diabetes']"
CHEMBL2105763,Cn1cc(CNCC2CCN(c3ncc(C(=O)NO)cn3)CC2)c2ccccc21,"['Anticancer', 'HDACs Inhibitor', 'Histone Deacetylase Inhibitor', 'Epigenetic Inhibitor', 'Neurodegenerative Disorders']"
CHEMBL2107486,C[C@@H](O)[C@H]1C(=O)N2C(C(=O)OCOC(=O)C(C)(C)C)=C(SC3CN(C4=NCCS4)C3)[C@H](C)[C@H]12,['Antibiotic']
CHEMBL2110727,CCCCOCCOc1ccc(-c2ccc3c(c2)/C=C(/C(=O)Nc2ccc([S@@+]([O-])Cc4cncn4CCC)cc2)CCCN3CC(C)C)cc1,"['Anti-HIV-1', 'CCR5 Receptor Antagonist']"
CHEMBL2216870,CC[C@H](Nc1ncnc2[nH]cnc12)c1nc2cccc(F)c2c(=O)n1-c1ccccc1,"['AKT Inhibitor', 'PI3KDelta-Gamma Inhibitor', 'Immuno-Oncology', 'Hematologic Malignancies', 'Phosphoinositide 3-Kinase Delta Inhibitor']"
CHEMBL246600,COc1ccc(C[C@@H](O)c2cc(OC)c(OC)c(OC)c2)cc1O,"['Cytotoxic', 'Tubulin Inhibitor', 'Vasculature Damaging', 'Pyruvate Carboxylase Inhibitor']"
CHEMBL262075,CC(=O)N(C)c1cccc(-c2ccnc3c(C(=O)c4cccs4)cnn23)c1,['Antiproliferative']
CHEMBL3039503,CC(C)(C)C#Cc1cc(N(C(=O)[C@H]2CC[C@H](C)CC2)[C@H]2CC[C@H](O)CC2)c(C(=O)O)s1,['NS5B RdRp Inhibitor']
CHEMBL364804,CCOc1ccc(-c2nn3ncccc3c2-c2ccc(S(C)(=O)=O)cc2)cc1,['COX2 Inhibitor']
CHEMBL3989798,COc1ccc(CC(C)NCC(O)c2ccc(O)c(NC=O)c2)cc1.COc1ccc(CC(C)NCC(O)c2ccc(O)c(NC=O)c2)cc1.O.O.O=C(O)/C=C/C(=O)O,"['Beta(3)-Adrenergic Agonist', 'Bronchodilator']"
CHEMBL4089083,O/N=c1\cc(-c2cc3sccc3cn2)oc2ccc(CCCN3CCOCC3)cc12,"['mGlu2 PAM', 'Anti-Parkinson']"
CHEMBL4110551,COC(=O)NCCCn1nc([C@@H](C)N(C(=O)[C@H]2CNCCO2)C2CC2)c2ccc(C)nc21,"['Antihypertensive', 'Direct Renin Inhibitor']"
CHEMBL4297312,COC[C@@]1(C)CCCN2CCc3c(oc4ccccc34)[C@@H]21,[]
CHEMBL4297375,Cc1cnc(C[S@@+]([O-])c2nc3ccccc3[n-]2)c(C)c1OCC1COC(C)(C)OC1.[Na+],[]
CHEMBL4297503,COC(=O)OCOc1c2n(ccc1=O)N([C@@H]1c3ccccc3SCc3c1ccc(F)c3F)[C@@H]1COCCN1C2=O,[]
CHEMBL4472508,CC(C)(C[C@H]1CN(S(=O)(=O)c2cccc(C(F)(F)F)c2)c2cc(-c3cc(F)cc(OC(F)F)c3)ccc2O1)C(=O)O,"['Cancer', 'RORGamma Agonist']"
CHEMBL4594438,CC(C)(C#Cc1ccc(-c2ccc(Cl)c3c(NS(C)(=O)=O)nn(CC(F)(F)F)c23)c([C@H](Cc2cc(F)cc(F)c2)NC(=O)Cn2nc(C(F)(F)F)c3c2C(F)(F)[C@@H]2C[C@H]32)n1)S(C)(=O)=O,['HIV-1 Capsid Inhibitor']
CHEMBL5315052,C#CCN[C@@H]1CCc2ccccc21.C#CCN[C@@H]1CCc2ccccc21.O=C(O)C(O)C(O)C(=O)O,['Anti-Parkinson']
CHEMBL561157,CCCCC[C@H](O)CC[C@@H]1[C@H]2Cc3cccc(OCC(=O)[O-])c3C[C@H]2C[C@H]1O.[Na+],['DP1 Antagonist']
CHEMBL578,CCOC(=O)[C@H](CCc1ccccc1)N[C@@H](C)C(=O)N1CCC[C@H]1C(=O)O,"['Antihypertensive', 'ACE Inhibitor', 'Angiotensin Converting Enzyme Inhibitor']"
CHEMBL61872,CC(=O)N1N=C(c2ccc(N)cc2)c2cc3c(cc2C[C@H]1C)OCO3,"['Anticonvulsive', 'AMPA Receptor Antagonist', 'AMPA Receptor Positive Modulator', 'AMPA/Kainate Receptor Antagonist']"
CHEMBL1200329,Cl.Clc1ccc2nsnc2c1NC1=NCCN1,[]
CHEMBL1200498,CS(=O)(=O)O.C[C@H](N)C(=O)N[C@@H](C)C(=O)N[C@H]1[C@@H]2CN(c3nc4c(cc3F)c(=O)c(C(=O)O)cn4-c3ccc(F)cc3F)C[C@@H]21,['Antibiotic']
CHEMBL1200500,CCC(=O)OCC(=O)[C@@]1(OC(=O)CC)[C@@H](C)C[C@H]2[C@@H]3CCC4=CC(=O)C=C[C@]4(C)[C@@]3(Cl)[C@@H](O)C[C@@]21C,"['Anti-Inflammatory', 'Topical Antiinflammatory']"
CHEMBL1617,CO[C@H]1/C=C/O[C@@]2(C)Oc3c(C)c(O)c4c(O)c(c5c(nc6cc(C)ccn65)c4c3C2=O)NC(=O)/C(C)=C\C=C\[C@H](C)[C@H](O)[C@@H](C)[C@@H](O)[C@@H](C)[C@H](OC(C)=O)[C@@H]1C,['Antibiotic']
CHEMBL1648,COC(=O)C1=C(C)NC(C)=C(C(=O)OC(C)C)C1c1cccc2nonc12,"['MR Antagonist', 'L-Type Ca2+ Channel Blocker', 'QT Prolongation', 'L-type Channel Inhibitor', 'CaL Channel Inhibitor']"
CHEMBL19,CC(=O)/N=c1/sc(S(N)(=O)=O)nn1C,['Carbonic Anhydrase Inhibitor']
CHEMBL204021,CCN(CC)CCN(Cc1ccc(-c2ccc(C(F)(F)F)cc2)cc1)C(=O)Cn1c(SCc2ccc(F)cc2)nc(=O)c2c1CCC2,"['Lp-PLA2 Inhibitor', 'Lipoprotein-Associated Phospholipase A(2) Inhibitor']"
CHEMBL20489,N=C(N)NCCC(=O)O,"['Anti-Diabetic', 'Weight Loss']"
CHEMBL2105060,CCc1cc2cc(OC)c(OC)cc2c(Cc2ccccc2)n1,[]
CHEMBL2105682,CN1CCc2nc(C(=O)N[C@@H]3C[C@@H](C(=O)N(C)C)CC[C@@H]3NC(=O)C(=O)Nc3ccc(Cl)cn3)sc2C1.Cc1ccc(S(=O)(=O)O)cc1,['Factor Xa Inhibitor']
CHEMBL2105735,C=C[C@@H]1C[C@]1(NC(=O)[C@@H]1C[C@@H](Oc2ncc(OC)c3ccc(Cl)cc23)CN1C(=O)[C@@H](NC(=O)OC(C)(C)C)C(C)(C)C)C(=O)NS(=O)(=O)C1CC1,"['HCV Inhibitor', 'NS3-4A Protease Inhibitor']"
CHEMBL2111110,C1CCC2(C1)[C@H]1CN(CC3CC3)C[C@@H]2CN(CC2CC2)C1,['Bradycardic']
CHEMBL2178575,COc1cccc2c1c(NS(=O)(=O)c1ccc(Cl)s1)nn2Cc1cccc(NC(=O)CO)c1,['CCR4 Receptor Antagonist']
CHEMBL255231,C#CCN[C@@H]1CCc2ccc(OC(=O)N(C)CC)cc21,"['Neuroprotective', 'Acetylcholinesterase Inhibitor', ""Alzheimer's"", 'Metal Chelator', 'Anti-Parkinson', 'ChEs Inhibitor']"
CHEMBL3039528,CN1CCN([C@@H]2C[C@@H](c3ccccc3)c3ccc(Cl)cc32)CC1(C)C,"['Dopamine D2 Receptor Antagonist', 'Atypical Antipsychotic', 'D1 Receptor Antagonist', '5-HT2 Receptor Affinity', 'DA Uptake Inhibitor']"
CHEMBL3183968,CO/N=C(\C(=O)N[C@@H]1C(=O)N2C(C(=O)[O-])=C(CSc3nc(=O)c([O-])nn3C)CS[C@H]12)c1csc(N)n1.O.O.O.[Na+].[Na+],"['Antibiotic', 'Nephrotoxic', 'Organic Anion Transport Inhibitor', 'Antibiotic Resistance', 'Drug Efflux Pump Inhibitor', 'Beta-Lactamase', 'Antipneumococcal', 'Penicillin-Binding Protein Inhibitor']"
CHEMBL3304486,CN(C)CC(C)(C)OC(=O)C(O)(c1ccccc1)c1ccccc1,[]
CHEMBL344159,Cc1ccccc1C(=O)Nc1ccc(C(=O)N2CCCC(O)c3cc(Cl)ccc32)c(C)c1,['V2-Receptor Antagonist']
CHEMBL3707209,CCCC(C)(CCO[N+](=O)[O-])O[N+](=O)[O-],"['Vasodilator', 'NO-Donor']"
CHEMBL3833382,CCC[N+]12[C@H](O)[C@@H](CC)[C@@H]3C[C@H]1[C@@H]1N(C)c4ccccc4[C@]14C[C@H]2[C@@H]3[C@H]4O,[]
CHEMBL444633,CO[C@H]1/C=C/O[C@@]2(C)Oc3c(C)c(O)c4c(c3C2=O)C2=NC3(CCN(CC(C)C)CC3)NC2=C(NC(=O)/C(C)=C\C=C\[C@H](C)[C@H](O)[C@@H](C)[C@@H](O)[C@@H](C)[C@H](OC(C)=O)[C@@H]1C)C4=O,['Antibiotic']
CHEMBL464982,CCCCC/C=C\C/C=C\C/C=C\CCCCC(=O)O,"['Spore Germination Inhibitor', 'Pancreatic Beta-cell Proliferation', 'OXE Receptor Antagonist', 'Dopamine Agent']"
CHEMBL4802152,O=C(c1cc(Cn2c(=O)[nH]c(=O)c3c(F)cccc32)ccc1F)N1CCN(c2ncccn2)CC1,['PARP1/2 Inhibitor']
CHEMBL487253,Cn1c(CCCC(=O)O)nc2cc(N(CCCl)CCCl)ccc21,[]
CHEMBL501174,CC(C)=CCC/C(C)=C/C=C/C(C)=C/C=C/C(C)=C/C=C/C=C(C)/C=C/C=C(C)/C=C/C=C(\C)CCC=C(C)C,"['RNase H Inhibitor', 'MAO B Inhibitor', 'Squalene Epoxidase Inhibitor', 'Antibiotic Target']"
CHEMBL509,Cc1ccc(Cl)c(Nc2ccccc2C(=O)O)c1Cl,"['Anti-Inflammatory', 'COX2 Inhibitor', 'AKR1C1 Inhibitor', 'NSAID', 'LOX Inhibitor', 'TTR Amyloidogenesis Inhibitor', '17beta-hydroxysteroid Dehydrogenase Inhibitor', 'LsrK Inhibitor', 'Quorum Sensing', 'Membrane Permeability']"
CHEMBL518924,NCCCCN(Cc1nc2ccccc2[nH]1)[C@H]1CCCc2cccnc21,"['HIV Inhibitor', 'CXCR-4 Antagonist']"
CHEMBL5314947,CC(=O)[O-].CC[N+](CC)(CC(=O)Nc1c(C)cccc1C)Cc1ccccc1.O,[]
CHEMBL9967,CN1CCN(CC(=O)N2c3ccccc3C(=O)Nc3cccnc32)CC1,"['Muscarinic Receptor Antagonist', 'M1 Muscarinic Receptor Ligand', 'Antimuscarinic', 'Adenylyl Cyclase Inhibitor']"
CHEMBL1159,CC(N/C(=N\C#N)Nc1ccncc1)C(C)(C)C,"['Hypotensive', 'KATP Channel Opener', 'Potassium Channel Opener', 'Potassium Channel Activator', 'Smooth Muscle Relaxant', 'Bladder Relaxant', 'Urge Urinary Incontinence', 'Mito-K(ATP) Channel Opener']"
CHEMBL1200335,CCCCCCC(=O)O[C@H]1CC[C@H]2[C@@H]3CCC4=CC(=O)CC[C@]4(C)[C@H]3CC[C@]12C,[]
CHEMBL1200706,O[Al](O)O,"['Antimalarial', 'Carbonic Anhydrase Inhibitor', 'Anti-Trypanosomal', 'CA I Inhibitor', 'H. pylori', 'Carbonic Anhydrase', 'CO2 Hydrase', 'Beta-CA Inhibitor', 'Carbonic Anhydrase IV Inhibitor', 'Beta-AR Agonist', 'Anion Inhibitor', 'Carbonic Anhydrase XV Inhibitor']"
CHEMBL1200945,O=C([O-])CN(CCN(CC(=O)[O-])CC(=O)[O-])CCN(CC(=O)[O-])CC(=O)[O-].[Ca+2].[Na+].[Na+].[Na+],"['Neuroprotective', 'Iron Chelating', 'NDM-1 Inhibitor', 'Canavan Disease', 'ANAT Inhibitor', 'Cu Chelator', 'Motility Inhibitor', 'Zinc Chelator']"
CHEMBL1201220,CC(=O)Nc1c(I)c(NC(C)=O)c(I)c(C(=O)O)c1I,[]
CHEMBL1230165,O=C(O)c1ccc2c(c1)nc(Nc1cccc(Cl)c1)c1ccncc12,"['CK2 Inhibitor', 'Cancer Treatment', 'Pim Kinase Inhibitor', 'Protein Kinase CK2 Inhibitor', 'CSC Inhibitor']"
CHEMBL134920,Cn1c([N+](=O)[O-])cnc1/C=C/c1ccnc(N)n1,['Antigiardial']
CHEMBL1382627,Nc1ccc(S(=O)(=O)[N-]c2ncccn2)cc1.[Ag+],"['Antibiotic', 'Anti-mycobacterial', 'Dihydropteroate Synthase Inhibitor', 'DNA Nuclease', 'Antinephritic']"
CHEMBL1520188,O=P([O-])(O)C(Cl)(Cl)P(=O)([O-])O.[Na+].[Na+],"['Farnesyl-Protein Transferase Inhibitor', 'Osteoporosis Treatment', 'Bone Resorption Inhibitor', 'NaPi2b Inhibitor', 'Bone-Targeting', 'Antibiotic Resistance', 'Calcium Chelator']"
CHEMBL1788404,C[N+](C)(CCOc1ccccc1)Cc1ccccc1,[]
CHEMBL2103741,N[C@@H](Cc1cc(I)c(Oc2cc(I)c(O)c(I)c2)c(I)c1)C(=O)[O-].O.[Na+],"['Cholesterol Lowering', 'Thyromimetic', 'Liver-Selective', 'Thyroid Hormone Receptor Agonist', 'CYP3A4 Inducer', 'Thyroid Hormone Receptor Ligand', 'PXR Activator', 'Angiogenesis Modulator', 'TRBeta Agonist', 'TLS Inhibitor', 'TTR Inhibitor']"
CHEMBL2103880,CN(C)CCCOc1ccc2[nH]nc(S(=O)(=O)c3cccc4ccccc34)c2c1,['5-HT(6) Receptor Antagonist']
CHEMBL2104207,CC(NCCn1cnc2c1c(=O)n(C)c(=O)n2C)C(O)c1ccccc1,[]
CHEMBL2107819,CCO[C@@H]1OC(=O)C[C@@H]1NC(=O)[C@@H]1CCCN1C(=O)[C@@H](NC(=O)c1ccc(N)c(Cl)c1)C(C)(C)C,[]
CHEMBL272080,CN[C@@H]1[C@@H](O)[C@@H](O[C@@H]2[C@@H](O)[C@H](O[C@H]3O[C@H](CN)[C@@H](O)[C@H](O)[C@H]3O)[C@@H](N)C[C@H]2NC(=O)[C@@H](O)CN)OC[C@]1(C)O,"['Antibiotic', 'Ribosome Inhibitor', 'Ribosome Binding', 'Protease-Resistant', 'Aminoglycoside', 'Nonsense Mutation Suppressor']"
CHEMBL3545042,CC(C)c1cc2[nH]c(=O)n(NS(C)(=O)=O)c(=O)c2cc1-c1ccnn1C,['AMPA Receptor Antagonist']
CHEMBL39541,CC[C@H](C)[C@@H]([C@@H](CC(=O)N1CCC[C@H]1[C@H](OC)[C@@H](C)C(=O)N[C@@H](Cc1ccccc1)c1nccs1)OC)N(C)C(=O)[C@@H](NC(=O)[C@H](C(C)C)N(C)C)C(C)C,"['Anticancer', 'Cytotoxic', 'Antitumor', 'Antiproliferative', 'Apoptosis Inducer', 'Cytostatic', 'Tubulin Polymerization Inhibitor', 'Antineoplastic', 'Antitubulin', 'P-gp Modulator', 'Microtubule Inhibitor', 'Microtubule-Targeting', 'Tubulin-binding', 'Cytotoxin', 'ADC']"
CHEMBL3989658,CS(=O)(=O)O.Nc1ncnc2c1ncn2CCOC[P@@]1(=O)OCC[C@@H](c2cccc(Cl)c2)O1,[]
CHEMBL4297543,COCCCC(=O)NCc1ccc(C(F)(F)F)cc1,[]
CHEMBL460702,CCOc1ccn(-c2ccc(F)cc2)c(=O)c1C(=O)Nc1ccc(Oc2ccnc(N)c2Cl)c(F)c1,"['cMET Inhibitor', 'Axl Inhibitor', 'Met Kinase Inhibitor', 'MET Inhibitor']"
CHEMBL46740,Cc1c(-c2ccc(O)cc2)n(Cc2ccc(OCCN3CCCCCC3)cc2)c2ccc(O)cc12,"['Estrogen Receptor Ligand', 'ERAlpha Antagonist', 'ER Antagonist']"
CHEMBL4756129,CC(C)CN(C[C@@H](O)[C@H](Cc1ccccc1)NC(=O)O[C@H]1CO[C@H]2OCC[C@H]21)S(=O)(=O)c1ccc2nc(NC3CCN(C4CCCC4)CC3)sc2c1,"['Antiviral', 'HIV Protease Inhibitor']"
CHEMBL5095402,C=CC(=O)N1CCC(Oc2cc3c(Nc4ccc(Cl)c(Cl)c4F)ncnc3cc2OC)CC1.Cl,['EGFR/HER2 Inhibitor']
CHEMBL566752,CNc1ccc(/C=C/c2ccc(OCCOCCOCC[18F])cc2)cc1,"[""Alzheimer's Disease"", 'PET Tracer', 'Beta-Amyloid Plaque Imaging', 'PET Ligand', 'Beta-Amyloid Imaging Agent', 'Theranostic', 'Amyloid Imaging Agent', 'Tau Imaging']"
CHEMBL70418,CN1C(=O)CC(=O)N(c2ccccc2)c2cc(Cl)ccc21,['HIV-1 Capsid Inhibitor']
CHEMBL802,Nc1cc(N2CCCCC2)nc(N)[n+]1[O-],[]
CHEMBL857,O=C(O)CCCC[C@@H]1SC[C@@H]2NC(=O)N[C@@H]21,['Wnt/Beta-catenin Agonist']
CHEMBL862,N=C(N)NC(=O)Cc1c(Cl)cccc1Cl,['Thrombin-Inhibitor']
CHEMBL96,NCCCC(=O)O,"['Anticonvulsive', 'GABA-A Receptor Ligand', 'GABA Uptake Inhibitor', 'GABA(A) Antagonist', 'GABA-T Inhibitor', 'hPAT1 Substrate']"
CHEMBL985,NC(N)=O,"['Alcohol Dehydrogenase Inhibitor', 'Glycine Agonist', 'Ethanol Metabolism Inhibitor', 'Raf-1/MAPK/ERK Inhibitor']"
CHEMBL114283,Nc1ccc2c(c1)CN1C(=O)c3ccccc3C1=N2,['Antitumor']
CHEMBL1177,NC1=NC(=O)C(c2ccccc2)O1,"['Anticonvulsive', 'Glucose Tolerance Improver', 'Insulin Release Potentiator']"
CHEMBL1200430,CC(=O)Oc1ccc2c(c1)CC[C@@H]1[C@@H]2CC[C@]2(C)[C@@H](O)CC[C@@H]12,['CYP1B1 Inhibitor']
CHEMBL1200733,FC(F)OC(F)C(F)(F)F,['Convulsant']
CHEMBL1201314,CC(C)[C@H](N)C(=O)OCC(CO)OCn1cnc2c(=O)[nH]c(N)nc21,['Antiviral']
CHEMBL1237065,COc1cccc(C2(O)CCCCC2CN(C)C)c1.Cl,"['Analgesic', 'Antidepressant', 'Opioid Analgesic']"
CHEMBL1620875,CCN(CC)CCc1nc(-c2ccccc2)no1,"['Sirt2 Inhibitor', 'Larvicide']"
CHEMBL1642,CS(=O)(=O)O.Cc1ccc(NC(=O)c2ccc(CN3CCN(C)CC3)cc2)cc1Nc1nccc(-c2cccnc2)n1,['Gamma Secretase Inhibitor']
CHEMBL1950651,COC(=O)N1CCC(CC#Cc2nc(N)c3ncn([C@@H]4O[C@H](C(=O)NC5CC5)[C@@H](O)[C@H]4O)c3n2)CC1,"['A2A Adenosine Receptor Antagonist', 'A2 Adenosine Receptor Agonist']"
CHEMBL207456,[11CH3]Nc1ccc(-c2nc3ccc(O)cc3s2)cc1,"[""Alzheimer's Disease"", 'Beta-Amyloid Plaque Imaging', 'Beta-Amyloid Imaging Agent', 'Amyloid Imaging Agent', 'Beta-Amyloid Plaque Ligand', 'Imaging Agent', 'Beta-Amyloid Probe', 'Beta-Amyloid Binding']"
CHEMBL2104266,CC1(C)S[C@@H]2[C@H](NC(=O)[C@H](N)C3=CCC=CC3)C(=O)N2[C@H]1C(=O)O,['Antibiotic']
CHEMBL2105148,CC1(CCN2CCCCC2)C(=O)CCc2ccccc21,[]
CHEMBL2107529,OC[C@@H]1O[C@H](O[C@]2(CCl)O[C@H](CCl)[C@@H](O)[C@@H]2O)[C@@H](O)[C@@H](O)[C@H]1Cl,[]
CHEMBL218291,O=c1[nH]cnc2c([C@@H]3N[C@H](CO)[C@@H](O)[C@H]3O)c[nH]c12,"['Antiplasmodial', 'Anti-Malaria', 'PNP Inhibitor', 'Purine Nucleoside Phosphorylase Inhibitor', 'Nucleoside Hydrolase Inhibitor', 'MTAP Inhibitor', 'Purine Metabolism Inhibitor', 'Nucleoside Hydrolase', 'Polyamine Biosynthesis Inhibitor']"
CHEMBL3137322,O[C@H]([C@H](O)[C@@H]1CO1)[C@H]1CO1,[]
CHEMBL3137332,Cc1c(CC(=O)O)c2cccnc2n1Cc1ccc(S(C)(=O)=O)cc1C(F)(F)F,"['CRTH2 Antagonist', 'DP-Receptor Antagonist']"
CHEMBL3301614,Cc1cc(C)c2nc(-c3cnc(NCCCC4CCN(C)CC4)nc3C)[nH]c2c1.Cc1cc(C)c2nc(-c3cnc(NCCCC4CCN(C)CC4)nc3C)[nH]c2c1.O=C(O)C(O)C(O)C(=O)O,[]
CHEMBL3301673,CCCCCNC(=O)c1coc([C@H]2[C@@H](Cc3ccccc3CCC(=O)O)[C@@H]3CC[C@H]2O3)n1,['Thromboxane A2 Receptor Antagonist']
CHEMBL3330226,O=c1nc(N2CCN(CC3CCCCC3)CC2)sc2c([N+](=O)[O-])cc(C(F)(F)F)cc12,"['Antibiotic', 'Anti-Tuberculosis']"
CHEMBL3546271,Fc1ccc(-c2ccc3c(c2)[nH]c2ccncc23)cn1,[]
CHEMBL37390,CC(O)Cn1cnc2c1c(=O)n(C)c(=O)n2C,[]
CHEMBL388590,CCc1oc2ccccc2c1C(=O)c1cc(Br)c(O)c(Br)c1,"['Urate Transporter Inhibitor', 'hURAT1 Inhibitor', 'CYP2C19 Inhibitor']"
CHEMBL3989926,COCCNCc1ccc(-c2cc3nccc(Oc4ccc(NC(=O)C5(C(=O)Nc6ccc(F)cc6)CC5)cc4F)c3s2)nc1,"['VEGFR2 Inhibitor', 'Tyrosine Protein Kinase Inhibitor', 'cMET Inhibitor']"
CHEMBL408701,C[C@H](CCC(=O)NCCS(=O)(=O)O)[C@H]1CC[C@H]2[C@@H]3CC[C@@H]4C[C@H](O)CC[C@]4(C)[C@H]3CC[C@]12C,"['FXR Partial Agonist', 'TGR5 Agonist', 'Protein-Protein Interaction Inhibitor', 'Insulinotropic', 'NASH', 'FXR Ligand', 'Bile Acid Transporter']"
CHEMBL4204869,C[C@H]1OC[C@]2(c3cc(NC(=O)c4cnc(C(F)F)cn4)ccc3F)N=C(N)SC[C@H]12,['BACE-1 Inhibitor']
CHEMBL4297274,CCCCCCCCCCCCNCC(O)CCCCCCCCCn1c(=O)c2c(ncn2C)n(C)c1=O,[]
CHEMBL4594294,CNCC1CCCCN1C(=O)Oc1ccc(CNC(=O)CCCC/C=C/C(C)C)cc1OC,[]
CHEMBL462019,O=P1(N(CCCl)CCCl)OCCCN1CCCl,[]
CHEMBL4650305,O=C(O)CCn1ccc(-c2cc(C(F)(F)F)cc(C(F)(F)F)c2)n1,[]
CHEMBL109,CCCC(CCC)C(=O)O,"['Anticonvulsive', 'Anti-Convulsant', 'Organic Anion Transporter', 'TRPA1 Agonist', 'Metabolic Disease Treatment', 'Antiseizure', 'Anti-Epileptic', 'OAT1 Inhibitor']"
CHEMBL1200388,Cc1onc(-c2ccccc2Cl)c1C(=O)N[C@@H]1C(=O)N2[C@@H]1SC(C)(C)[C@@H]2C(=O)[O-].O.[Na+],['Antibiotic']
CHEMBL1200718,[Mg+2].[OH-].[OH-],"['Antimalarial', 'Antimicrobial', 'Neuroprotective', 'Vasodilator', 'Cytoprotective', 'Vasorelaxant', 'Cardioprotective', 'Cardiovascular', 'Type 2 Diabetes Treatment', 'H2S Donor', 'Carbonic Anhydrase', 'Amnesia-Reversal', 'NMDAR Antagonist', 'Osteoblast Stimulator', 'Hydrogen Sulfide Donor', 'Mood Disorder', 'CO2 Hydrase', 'Beta-CA Inhibitor', 'Carbonic Anhydrase IV Inhibitor', 'IFN-Gamma Inhibitor', 'Cu Chelator', 'Anion Inhibitor', 'H2S-Releasing', 'DNA Cleaving Agent', 'Carbonic Anhydrase XV Inhibitor', 'Tau Protein Inhibitor', 'TASK Channel Modulator', 'HD', 'Glycogen Synthase Activator', 'Neuronal Choline Transporter Ligand']"
CHEMBL1200825,CCC(=O)C(CC(C)N(C)C)(c1ccccc1)c1ccccc1.Cl,['Antiarrhythmic']
CHEMBL1229214,CC[N+]1(CC)CCC(=C(c2ccccc2)c2ccccc2)C1C,[]
CHEMBL1232461,CCNC(=O)C[C@@H]1N=C(c2ccc(Cl)cc2)c2cc(OC)ccc2-n2c(C)nnc21,['BET Bromodomain Antagonist']
CHEMBL1259059,CC(C)OC(=O)[C@H](C)N[P@](=O)(OC[C@H]1O[C@@H](n2ccc(=O)[nH]c2=O)[C@](C)(F)[C@@H]1O)Oc1ccccc1,"['HCV NS5b Polymerase Inhibitor', 'HCV Inhibitor', 'Prodrug', 'SARS-CoV Inhibitor', 'Broad-Spectrum Antiviral', 'Anti-Dengue', 'Drug Delivery', 'DDX3X Inhibitor', 'Host-Targeting']"
CHEMBL1902981,CCc1ccc(C(=O)C(C)CN2CCCCC2)cc1,[]
CHEMBL2105659,CCc1c(C(=O)C(N)=O)c2c(OCC(=O)OC)cccc2n1Cc1ccccc1,"['sPLA2 Inhibitor', 'hnps-PLA2 Inhibitor']"
CHEMBL2111108,N=C(N)c1ncn([C@@H]2O[C@H](CO)[C@@H](O)[C@H]2O)n1,[]
CHEMBL2159122,COc1ccc(CN(C(=O)[C@@H](N)Cc2c(C)cc(C(N)=O)cc2C)[C@@H](C)c2ncc(-c3ccccc3)[nH]2)cc1C(=O)O,[]
CHEMBL2347704,CC1(C)OB(O)c2cc(NC(=O)c3ccc(F)cc3C(F)(F)F)ccc21,[]
CHEMBL2364619,C[N@+]1(CC2CC2)CC[C@]23CC(=O)CC[C@@]2(O)[C@H]1Cc1ccc(C(N)=O)c(O)c13,[]
CHEMBL3707222,CCCC[C@]1(CC)CS(=O)(=O)c2ccc(N(C)C)cc2[C@@H](c2cccc(NC(=O)N[C@@H]3O[C@H](COS(=O)(=O)O)[C@@H](O)[C@H](OCc4ccccc4)[C@H]3O)c2)[C@H]1O,['ASBT Inhibitor']
CHEMBL378544,CC[C@]1(O)C[C@@H]2CN(CCc3c([nH]c4ccccc34)[C@@](C(=O)OC)(c3cc4c(cc3OC)N(C)[C@H]3[C@@](O)(C(=O)OC)[C@H](OC(C)=O)[C@]5(CC)C=CCN6CC[C@]43[C@@H]65)C2)C1.O=S(=O)(O)O,"['Anticancer', 'Cytotoxic', 'Antitumor', 'Antiproliferative', 'Anti-Cancer', 'Tubulin Inhibitor', 'CYP3A4 Inhibitor', 'Tubulin-binding', 'Vascular-Disrupting', 'Anti-Vascular', 'Tubulin Interaction']"
CHEMBL3809489,Nc1nc(Nc2ccc3c(c2)CC[C@@H](N2CCCC2)CC3)nn1-c1cc2c(nn1)-c1ccccc1CCC2,['Axl Inhibitor']
CHEMBL3833302,C/C=C/C(=O)N(CC)C(CC)C(=O)N(C)C.C/C=C/C(=O)N(CCC)C(CC)C(=O)N(C)C,[]
CHEMBL3989916,C/C=C(\C)C(=O)O[C@@H]1[C@@H](C)[C@@]2(O)[C@H]([C@@H]3C(C)(C)[C@]13OC(=O)[C@@H](C)CC)[C@@H]1O[C@]1(CO)[C@@H](O)[C@]1(O)C(=O)C(C)=C[C@H]12,[]
CHEMBL4067549,CCN1CCN(Cc2ccc(Nc3ncc(F)c(-c4sc(NC5CCCC5)nc4C)n3)nc2)CC1,"['Anticancer', 'CDK4/6 Inhibitor']"
CHEMBL4297377,CCC(=O)[N-]S(=O)(=O)c1ccc(NC(=O)Cc2ccc(Br)c(Oc3cc(Cl)cc(C#N)c3)c2F)c(Cl)c1.[Na+],[]
CHEMBL4297394,C=C(C#N)C(=O)OCCC(C)C,[]
CHEMBL4297455,O=C(O)Cc1nn(Cc2nc3cc(C(F)(F)F)ccc3s2)c(=O)c2nccnc12,['Aldose Reductase Inhibitor']
CHEMBL4461070,O=C(NCCN1CCOCC1)Nc1nc2ccc(Sc3nnc4ccc(-c5ccc(F)cc5)nn34)cc2s1,['MET Kinase Inhibitor']
CHEMBL4596392,CNC(=O)c1nnc(NC(=O)C2CC2)cc1Nc1cccc(-c2ncn(C)n2)c1OC,"['JAK1/JAK2 Inhibitor', 'TYK2 Inhibitor', 'Autoimmune Diseases']"
CHEMBL463981,O=S(=O)(N[C@H](CO)C(C(F)(F)F)C(F)(F)F)c1ccc(Cl)s1,[]
CHEMBL478858,CCCCCCCCN1CCc2c(C)c(CC(=O)O)c(C)c(NC(=O)C(C)(C)C)c21,"['ACAT1 Inhibitor', 'Anti-Hyperlipidemic', 'Antiatherosclerotic']"
CHEMBL5314922,Cc1cc(CNc2[nH]nc(Nc3ccc(N4CCOCC4)cc3)c2C(N)=O)cc(C)c1O,[]
CHEMBL66115,Nc1ccn([C@H]2C[C@H](O)[C@@H](CO)O2)c(=O)n1,"['Anticancer', 'Cytotoxic', 'Antitumor', 'Antiviral', 'Anti-HIV-1', 'HBV Inhibitor', 'Ribonucleotide Reductase Inhibitor', 'Thymidine Phosphorylase Inhibitor', 'HBV Capsid Inhibitor', 'DNA Methyltransferase Inhibitor', 'Thymidine Kinase Inhibitor', 'Antiherpes', 'Nitric Oxide Donor', 'Mutagenic', 'Anti-Herpes', 'Organic Cation Transporter', 'DNA Methylation Inhibitor', 'Anti-PDAC', 'Anti-HSV', 'CHB Therapeutic']"
CHEMBL683,CC(C)(Oc1ccc(Cl)cc1)C(=O)O,"['Hypolipidemic', 'PPAR Alpha/Gamma Agonist']"
CHEMBL746,CCCc1c2oc(C(=O)O)cc(=O)c2cc2c(=O)cc(C(=O)O)n(CC)c12,"['Antiallergy', 'Histamine Inhibitor']"
CHEMBL918,NC(=O)NC(=O)Cc1ccccc1,[]
CHEMBL1098659,O,"['Antimalarial', 'Antimicrobial', 'Neuroprotective', 'Carbonic Anhydrase Inhibitor', 'Anti-Trypanosomal', 'Vasodilator', 'PDE10a Inhibitor', 'Cytoprotective', 'Vasorelaxant', 'Cardioprotective', 'Cardiovascular', 'CA I Inhibitor', 'Type 2 Diabetes Treatment', 'CD73 Inhibitor', 'Nootropic', 'H. pylori', 'Tau Phosphorylation Inhibitor', 'H2S Donor', 'Carbonic Anhydrase', 'NMDAR Antagonist', 'Osteoblast Stimulator', 'Hydrogen Sulfide Donor', 'Mood Disorder', 'CO2 Hydrase', 'Beta-CA Inhibitor', 'Carbonic Anhydrase IV Inhibitor', 'IFN-Gamma Inhibitor', 'Cu Chelator', 'Beta-AR Agonist', 'Anion Inhibitor', 'H2S-Releasing', 'DNA Cleaving Agent', 'Carbonic Anhydrase XV Inhibitor', 'Tau Protein Inhibitor', 'HD', 'Glycogen Synthase Activator']"
CHEMBL1201087,C=CCN1C[C@H](C(=O)N(CCCN(C)C)C(=O)NCC)C[C@@H]2c3cccc4[nH]cc(c34)C[C@H]21,"['Dopamine Receptor Agonist', 'Somatostatin sst1 Receptor Antagonist']"
CHEMBL1228,CCCCC1C(=O)N(c2ccccc2)N(c2ccc(O)cc2)C1=O,"['EED Inhibitor', 'OAT1 Inhibitor', 'Prostaglandin Synthase Inhibitor', 'Epigenetic Cancer Therapy']"
CHEMBL1231840,[C-]#[O+],"['Antibiotic', 'Antimalarial', 'Antimicrobial', 'Carbonic Anhydrase Inhibitor', 'Anti-Trypanosomal', 'Vasorelaxant', 'CA I Inhibitor', 'H. pylori', 'Carbonic Anhydrase', 'Osteoblast Stimulator', 'CO2 Hydrase', 'Beta-CA Inhibitor', 'Neurotoxicity', 'Carbonic Anhydrase IV Inhibitor', 'Anion Inhibitor', 'DNA Cleaving Agent', 'Carbonic Anhydrase XV Inhibitor', 'HD']"
CHEMBL1297,CC(C(=O)O)c1cccc(Oc2ccccc2)c1,"['Anti-Inflammatory', 'Analgesic', 'COX2 Inhibitor', 'NSAID', 'IL-8 Inhibitor', 'CXCR1 Inhibitor', 'Prostaglandin Synthase Inhibitor', 'GLO I Inhibitor']"
CHEMBL1448,O=C(Nc1ccc([N+](=O)[O-])cc1Cl)c1cc(Cl)ccc1O,"['SARS-CoV Inhibitor', 'Wnt Inhibitor', 'Zika Inhibitor', 'HAdV Inhibitor', 'Proton Gradient Disruptor', 'TMEM16A Inhibitor']"
CHEMBL1630842,CCN1c2ncc(CCOc3cc[n+]([O-])c4ccccc34)cc2C(=O)N(C)c2cccnc21,['HIV-1 PR/RT Inhibitor']
CHEMBL1646,CC1(C)C(/C=C/C=C/C=C/C=C2\N(CCCCS(=O)(=O)[O-])c3ccc4ccccc4c3C2(C)C)=[N+](CCCCS(=O)(=O)[O-])c2ccc3ccccc3c21.[Na+],"['PRMT Inhibitor', 'Bone-Targeting']"
CHEMBL1652128,CC(C)(C)C(=O)OCOP(=O)(COC1(Cn2cnc3cnc(N)nc32)CC1)OCOC(=O)C(C)(C)C,['Antiviral']
CHEMBL1738797,CCc1cc2c(cc1N1CCC(N3CCOCC3)CC1)C(C)(C)c1[nH]c3cc(C#N)ccc3c1C2=O,['ALK Inhibitor']
CHEMBL1835207,CCOc1ccc(-c2cc(C)cn2-c2ccc(S(N)(=O)=O)cc2)cc1,['COX2 Inhibitor']
CHEMBL1865258,NS(=O)(=O)c1ccc(Cl)c(S(N)(=O)=O)c1,"['Anticonvulsive', 'Carbonic Anhydrase Inhibitor', 'Cerebrovasodilator']"
CHEMBL1899506,CN1CCCC(=C(c2cccs2)c2cccs2)C1,[]
CHEMBL2107065,CC[N+](C)(CC)CCSC1=Nc2ccccc2N=C(c2ccc(Sc3ccccc3)cc2)C1.[I-],[]
CHEMBL2107759,CCC(=O)O[C@H]1C[C@H]2OC[C@@]2(OC(C)=O)C2[C@H](OC(=O)c3ccccc3)[C@]3(O)C[C@H](OC(=O)[C@H](O)[C@@H](CC(=O)OC(C)(C)C)c4ccco4)C(C)=C([C@@H](O)C(=O)[C@@]21C)C3(C)C,['Cytotoxic']
CHEMBL2219425,CCCCCCCCCCCC(=O)OCN1C(=O)CCc2ccc(OCCCCN3CCN(c4cccc(Cl)c4Cl)CC3)cc21,[]
CHEMBL270190,C[C@H]1CN(C[C@H](Cc2ccccc2)C(=O)NCC(=O)O)CC[C@@]1(C)c1cccc(O)c1,"['Opioid Antagonist', 'Mu Opioid Receptor Antagonist', 'GI Motility']"
CHEMBL295316,CC1=CC(=O)c2c(O)cccc2C1=O,"['Cytotoxic', 'DNA Topoisomerase I Inhibitor', 'HRV 3C-Protease Inhibitor', 'MKK7 Inhibitor']"
CHEMBL3084748,O=C(O[C@H]1C[C@H]2CC[C@@H](C1)[N+]21CCCC1)C(O)(c1ccccc1)c1ccccc1.[Cl-],"['Muscarinic Receptor Antagonist', 'Bronchodilator', 'M1 Muscarinic Receptor Ligand', 'COPD Treatment']"
CHEMBL371405,C[C@@]12OC(=O)[C@]1([C@@H](O)[C@@H]1C=CCCC1)NC(=O)[C@@H]2CCCl,['Proteasome Inhibitor']
CHEMBL406050,CCC(C)SSc1ncc[nH]1,['Biofilm Dispersal']
CHEMBL411,CC/C(=C(/CC)c1ccc(O)cc1)c1ccc(O)cc1,"['Estrogen Receptor Ligand', 'Antiestrogen', 'Mammary Tumor Inhibitor', 'PXR Agonist', 'PXR Antagonist', 'CYP3A4 Inducer']"
CHEMBL4297267,CSCO[C@H]1C[C@H]2OC[C@@]2(OC(C)=O)[C@H]2[C@H](OC(=O)c3ccccc3)[C@]3(O)C[C@H](OC(=O)[C@H](O)[C@@H](NC(=O)c4ccccc4)c4ccccc4)C(C)=C([C@@H](OC(C)=O)C(=O)[C@]12C)C3(C)C,"['Cytotoxic', 'Microtubule Stabilizer']"
CHEMBL4297675,CC(=O)OC[C@H](COc1ccc(C(C)(C)c2ccc(OC[C@@H](CCl)OC(C)=O)cc2)cc1)OC(C)=O,['Hypolipidemic']
CHEMBL4302089,OC1CN(CCCOCCc2ccc3sccc3c2)C1,[]
CHEMBL4594251,CS(=O)(=O)O.CS(=O)(=O)O.Cc1ccc(C(=O)OCc2ccc([C@@H](CN)C(=O)Nc3ccc4cnccc4c3)cc2)c(C)c1,[]
CHEMBL46,Cc1nccn1CC1CCc2c(c3ccccc3n2C)C1=O,"['5-HT3 Receptor Antagonist', 'Gastrokinetic', '5-HT(3) Receptor Partial Agonist']"
CHEMBL471036,c1ccc2cc(COC3CCNCC3)ccc2c1,"['SSRI', 'Selective Serotonin Reuptake Inhibitor']"
CHEMBL489095,C[C@H]1CN(Cc2ccc(CC(=O)N3CCC(Nc4cccc(F)c4)CC3)cc2)CCN1,"['Motilin Agonist', 'Gastrointestinal Prokinetic', 'Prokinetic']"
CHEMBL499,CC(C)(C)NC[C@H](O)COc1nsnc1N1CCOCC1,"['Antihypertensive', 'Vasodilator', 'Beta-Adrenoceptor Blocker', 'Antiglaucoma', 'Glaucoma', 'Beta-Adrenergic Receptor Ligand', 'Beta-Adrenoceptor Antagonist', 'HSA-Binding', 'Lipophilicity', 'Cardioselective', 'Oral Bioavailability', 'Anti-Melanoma', 'LIMK2 Inhibitor', 'IOP-Lowering', 'Beta1-Adrenoceptor Antagonist', 'Intraocular Pressure Reducer', 'Blood-Brain Barrier Permeability']"
CHEMBL5314631,C[C@]1(c2ccc(Cl)cn2)Oc2cccc(C3CCN(Cc4nc5ccc(C(=O)O)cc5n4C[C@@H]4CCO4)CC3)c2O1,[]
CHEMBL545315,C=CC(=O)Nc1cc2c(Nc3ccc(F)c(Cl)c3)ncnc2cc1OCCCN1CCOCC1.Cl.Cl,"['EGFR Kinase Inhibitor', 'Tyrosine Protein Kinase Inhibitor', 'Epidermal Growth Factor Receptor Inhibitor']"
CHEMBL650,C[C@H]1C[C@@H]2[C@H]([C@@H](O)C[C@@]3(C)[C@H]2CC[C@]3(O)C(=O)CO)[C@@]2(C)C=CC(=O)C=C12,"['Anti-Inflammatory', 'GR Agonist', 'CYP3A4 Inducer', 'CYP3A Substrate']"
CHEMBL806,CC(C)C(=O)Nc1ccc([N+](=O)[O-])c(C(F)(F)F)c1,[]
CHEMBL842,NS(=O)(=O)c1cc2c(cc1Cl)N=CNS2(=O)=O,"['Diuretic', 'Saluretic']"
CHEMBL924,O=P(O)(O)C(O)(Cn1ccnc1)P(=O)(O)O,"['Farnesyl-Protein Transferase Inhibitor', 'Bone Resorption Inhibitor', 'Geranylgeranyl Pyrophosphate Synthase Inhibitor', 'gammadelta T Cell Activator', 'Neurodegeneration', 'Hepatocellular Carcinoma Inhibitor', 'Protein Prenylation Inhibitor', 'Isoprenoid Biosynthesis Inhibitor']"
CHEMBL972,C#CCN(C)[C@H](C)Cc1ccccc1,"['MAO-B Inhibitor', 'MAO A Inhibitor', 'Monoamine Oxidase-B Inhibitor']"
CHEMBL1200358,O=C([O-])Cc1ccccc1.[Na+],[]
CHEMBL1200762,C[C@H]1C[C@H]2[C@@H]3CCC4=CC(=O)C=C[C@]4(C)[C@@]3(F)[C@@H](O)C[C@]2(C)[C@@]1(O)C(=O)COP(=O)([O-])[O-].[Na+].[Na+],['Anti-Inflammatory']
CHEMBL1200826,O=C([O-])[O-].[Li+].[Li+],"['Antimalarial', 'Carbonic Anhydrase Inhibitor', 'CA I Inhibitor', 'H. pylori', 'Carbonic Anhydrase', 'CO2 Hydrase', 'Beta-CA Inhibitor', 'Carbonic Anhydrase IV Inhibitor', 'Anion Inhibitor', 'DNA Cleaving Agent', 'Carbonic Anhydrase XV Inhibitor', 'HD']"
CHEMBL1220,CCS(=O)(=O)CCn1c([N+](=O)[O-])cnc1C,"['Spermicidal', 'Antiamebic']"
CHEMBL1256841,O=C(CCNNC(=O)c1ccncc1)NCc1ccccc1,['Anti-Tuberculosis']
CHEMBL1361347,CC1CCCC(C)N1NC(=O)c1ccc(Cl)c(S(N)(=O)=O)c1,['Carbonic Anhydrase Inhibitor']
CHEMBL139,O=C(O)Cc1ccccc1Nc1c(Cl)cccc1Cl,"['Anti-Inflammatory', 'COX2 Inhibitor', 'NSAID', 'Anti-Arthritis', 'Insulin-Sensitizing', 'CXCR1 Inhibitor']"
CHEMBL149082,NCCCS(=O)(=O)O,['GABA(A) Antagonist']
CHEMBL1649931,CC(=O)N[C@@H](CCN1[C@@H]2CC[C@H]1C[C@@H](n1c(C)nc3c1CCN(C(=O)C(C)C)C3)C2)c1cccc(F)c1,"['CCR5 Receptor Antagonist', 'HIV-1 Entry Inhibitor']"
CHEMBL1697841,CNC(C)CCC=C(C)C,[]
CHEMBL2103824,CC(=O)NCCOC(=O)[C@H](Oc1cccc(C(F)(F)F)c1)c1ccc(Cl)cc1,[]
CHEMBL2104521,C[C@@H]1C[C@@H](OC(=O)c2cccnc2)CC(C)(C)C1,[]
CHEMBL2104921,COc1ccc(NS(=O)(=O)c2ccc(NC(c3c(C)n(C)n(-c4ccccc4)c3=O)S(=O)(=O)O)cc2)nn1,[]
CHEMBL2105687,CCCN[C@@H]1CCc2nc(N)sc2C1.Cl.Cl.O,"['Dopamine Receptor Agonist', 'D2 Receptor Partial Agonist', 'Anti-Parkinson', 'D2 Agonist', 'Dopamine-Autoreceptor Agonist', 'Beta-Arrestin Biased', 'Alpha-Synuclein Aggregation Inhibitor']"
CHEMBL2105737,Cc1c(C(=O)Nc2ccc(N3C[C@@H](C)O[C@@H](C)C3)nc2)cccc1-c1ccc(OC(F)(F)F)cc1,['Hedgehog Pathway Inhibitor']
CHEMBL2205230,CCc1cc2c(c(OCC(F)(F)F)c(C(=O)NC3CCN(C(=O)CO)CC3)n2C)c(=O)n1CC(=O)c1ccccc1,['Hedgehog Signal Inhibitor']
CHEMBL2448612,CN1C[C@H](C(=O)N[C@]2(C)O[C@@]3(O)[C@@H]4CCCN4C(=O)[C@H](Cc4ccccc4)N3C2=O)C=C2c3cccc4[nH]cc(c34)C[C@H]21.CN1C[C@H](C(=O)N[C@]2(C)O[C@@]3(O)[C@@H]4CCCN4C(=O)[C@H](Cc4ccccc4)N3C2=O)C=C2c3cccc4[nH]cc(c34)C[C@H]21.O=C(O)C(O)C(O)C(=O)O,[]
CHEMBL266195,C=CCc1ccccc1OCC(O)CNC(C)C,['Beta-Adrenoceptor Blocker']
CHEMBL3126842,COc1ccc2c(c1)[C@@H]1C[C@]1(C(=O)N1C3CCC1CN(C)C3)Cn1c-2c(C2CCCCC2)c2ccc(C(=O)NS(=O)(=O)N(C)C)cc21,['HCV NS5b Polymerase Inhibitor']
CHEMBL3264004,CNS(=O)(=O)[N-]c1nccc(Cc2c(C)c3ccc(Oc4ncccn4)cc3oc2=O)c1F.[K+],['Raf/MEK/ERK Inhibitor']
CHEMBL3306803,CN1CCN2c3c(cccc31)[C@@H]1CN(CCCC(=O)c3ccc(F)cc3)CC[C@@H]12,"['Antipsychotic', '5-HT2A Receptor Antagonist', 'Dopamine D2 Receptor Antagonist']"
CHEMBL3663929,C=CC(=O)N1CC[C@@H](Oc2nc(Nc3ccc(N4CCC(N5CCN(C)CC5)CC4)cc3)c(C(N)=O)nc2CC)C1,[]
CHEMBL3715108,COc1ccc(OC(C)C(=O)[O-])cc1.[Na+],[]
CHEMBL4204794,Cn1cc(-c2cc3c(N4CCN(c5ncc([C@@](C)(N)c6ccc(F)cc6)cn5)CC4)ncnn3c2)cn1,"['Anticancer', 'AKT Inhibitor', 'Cancer Treatment']"
CHEMBL4297413,FC(F)(F)C(C(F)(F)F)(C(F)(F)F)C1(F)C(F)(F)C(F)(F)C(F)(F)C(F)(F)C1(F)F,['Convulsant']
CHEMBL5095509,Cc1cc2c(-c3ccccc3F)nc(N3CCNCC3)nc2s1,[]
CHEMBL5314378,CC(=O)O.CC(=O)O.CC[C@H](C)C[C@H](C)CCCCCCCCC(=O)N[C@H]1C[C@@H](O)[C@@H](NCCN)NC(=O)[C@@H]2[C@@H](O)CCN2C(=O)[C@H]([C@H](O)CCN)NC(=O)[C@H]([C@H](O)[C@@H](O)c2ccc(O)cc2)NC(=O)[C@@H]2C[C@@H](O)CN2C(=O)[C@H]([C@@H](C)O)NC1=O,['Antifungal']
CHEMBL580,O=C1Nc2ccc(Cl)cc2C(c2ccccc2Cl)=NC1O,[]
CHEMBL659,COc1ccc2c3c1O[C@H]1C[C@@H](O)C=C[C@@]31CCN(C)C2,['Acetylcholinesterase Inhibitor']
CHEMBL70972,CC1=C(C)C(=O)C(C(CCCCCC(=O)O)c2ccccc2)=C(C)C1=O,"['Antiasthmatic', 'TXA2/PGH2 Receptor Antagonist']"
CHEMBL1083385,COC(=O)[C@H](c1ccccc1Cl)N1CCc2sccc2C1.O=S(=O)(O)O,"['Anti-Platelet', 'Sickle Cell Disease', 'TarO Inhibitor']"
CHEMBL1130,C[C@H]1O[C@@H](n2cc(F)c(=O)[nH]c2=O)[C@H](O)[C@@H]1O,"['Antitumor', 'Translocase I Inhibitor']"
CHEMBL1197091,O=C(CC1NCCCC1O)Cn1cnc2cc(Br)c(Cl)cc2c1=O,"['Antimalarial', 'ThrRS Inhibitor', 'Prolyl-tRNA Synthetase Inhibitor']"
CHEMBL1200559,CC(O)C(=O)O,"['Antilipolytic', 'FTO Inhibitor']"
CHEMBL1200976,CC(=O)[C@]1(O)Cc2c(O)c3c(c(O)c2[C@@H](O[C@H]2C[C@H](N)[C@H](O)[C@H](C)O2)C1)C(=O)c1ccccc1C3=O.Cl,['Antitumor']
CHEMBL1201760,N[C@@H]1CCCCN(c2c(F)cc3c(=O)c(C(=O)O)cn(C4CC4)c3c2Cl)C1,['Antibiotic']
CHEMBL1321,CNNCc1ccc(C(=O)NC(C)C)cc1,[]
CHEMBL1489662,O=C(Cc1ccc(-c2ccccc2)cc1)Nc1ccccn1,[]
CHEMBL1607,CC[C@@]1(O)C(=O)OCc2c1cc1n(c2=O)Cc2cc3c(CN(C)C)c(O)ccc3nc2-1.Cl,"['Cytotoxic', 'Antitumor', 'Topoisomerase I Inhibitor']"
CHEMBL1909324,COc1cc(Br)c(C[N+]2(CCOCCC3CCC4CC3C4(C)C)CCOCC2)cc1OC,[]
CHEMBL2008565,N=C(N)NCC1CCCCCCN1,['Growth Arrest']
CHEMBL209821,CC(=O)Nc1cccc(N2CCN(CCCCNS(=O)(=O)CC3CCCCC3)CC2)c1,"['Anxiolytic', '5-HT 1A Receptor Agonist']"
CHEMBL2104984,Cc1cc(SCc2sc(-c3ccc(C(F)(F)F)cc3F)nc2C)ccc1OC(C)(C)C(=O)O,"['PPAR Alpha/Gamma Agonist', 'PPARdelta Antagonist', 'PPARAlpha/Delta Agonist']"
CHEMBL2106111,CC(O)C(=O)[O-].CC(O)C(=O)[O-].[Ca+2],['FTO Inhibitor']
CHEMBL238804,CC(C)N(CCCCOCC(=O)NS(C)(=O)=O)c1cnc(-c2ccccc2)c(-c2ccccc2)n1,['Prostacyclin Receptor Agonist']
CHEMBL24072,CC(Cc1ccccc1)NCCC(c1ccccc1)c1ccccc1,['CaL Channel Inhibitor']
CHEMBL255044,CCOC(=O)Nc1ccc(NCc2ccc(F)cc2)nc1N,['Bcl-2 Modulator']
CHEMBL318153,CCc1cn([C@H]2C[C@H](O)[C@@H](CO)O2)c(=O)[nH]c1=O,"['Antiviral', 'Anti-Tuberculosis', 'Thymidine Phosphorylase Inhibitor', 'Thymidine Kinase Inhibitor', 'Antiherpes', 'HSV-1 TK Inhibitor']"
CHEMBL3545035,COCCCN1CC[C@@H](CNC(=O)c2cc(Cl)c(N)c3c2OC(C)(C)C3)[C@H](O)C1,['5-HT4 Receptor Agonist']
CHEMBL389507,O=C(Nc1ccc(O)cc1)c1ccccc1O,[]
CHEMBL3935857,Nc1nc2cc(-c3ccc4ncc(C(=O)N5CCOCC5)n4c3)ccc2o1,[]
CHEMBL3963485,COCc1c(-c2cc3cc(C)cc(OC)c3s2)c2c(N)ncnn2c1CN1CCNC(=O)C1,[]
CHEMBL4297294,O=C(Nc1cnccc1Cl)N1CCN(Cc2ccc3c(c2)OC(F)(F)O3)CC1,[]
CHEMBL4297604,O=C(O)c1ccc(CN2C[C@@H]3C[C@H]2CN3Cc2ccc(Oc3ccc(-c4ncco4)cc3)cc2)cc1,['LTA4H Inhibitor']
CHEMBL44354,CC(C)(O/N=C(\C(=O)N[C@@H]1C(=O)N2C(C(=O)[O-])=C(C[n+]3ccccc3)CS[C@H]12)c1csc(N)n1)C(=O)O,['Antibiotic']
CHEMBL4783351,Cc1cc(-c2nc(C(=O)Nc3cc4oc(N5CCOCC5)nc4nc3N3CC[C@@H](O)C3)co2)ccn1,"['IRAK-4 Inhibitor', 'Hematologic Malignancies']"
CHEMBL494397,C/N=C(\N)N(C)C(=N)N.Cl,"['Weight Loss', 'Glucose Uptake Stimulator', 'OXPHOS Inhibitor', 'IL-15 Inhibitor']"
CHEMBL4994054,CC(C)(O)c1nc2ccccc2cc1N,[]
CHEMBL5087506,CCCN(C)C(=O)OCc1c(-c2ccc(O[C@H]3CCC[C@H](C(=O)O)C3)c(C)n2)nnn1C,"['LPA1 Antagonist', 'Lung Fibrosis']"
CHEMBL5095059,[2H][C@@](C)(NC(=O)COC(F)F)c1cc(F)cc(Cl)c1COc1cccc2c(-c3ncnn3C)cc(C)nc12,[]
CHEMBL523299,OC(c1ccccc1)(c1ccccc1)C12CC[N+](CCOCc3ccccc3)(CC1)CC2.[Br-],"['Muscarinic Receptor Antagonist', 'Bronchodilator']"
CHEMBL5314582,CC(C)[C@H](N)C(=O)SCC/C=C/[C@@H]1CC(=O)NCc2nc(cs2)C(=O)NC(C)(C)C(=O)N[C@@H](C(C)C)C(=O)O1.O=S(=O)(O)c1ccccc1,['Histone Deacetylase Inhibitor']
CHEMBL5314595,CCN(CC)CCOC(=O)c1ccccc1OC(C)=O,[]
CHEMBL5316157,CCC(C)OC(=O)OC[N+]1(C)CCN(Cc2ccc(C(=O)Nc3ccc(C)c(Nc4nccc(-c5cccnc5)n4)c3)cc2)CC1,['P-gp/BCRP Inhibitor']
CHEMBL698,CCCCNc1ccc(C(=O)OCCN(C)C)cc1,[]
CHEMBL710,CC(C)(C)NC(=O)[C@H]1CC[C@H]2[C@@H]3CC[C@H]4NC(=O)C=C[C@]4(C)[C@H]3CC[C@]12C,"['5Alpha-Reductase Inhibitor', 'AR Antagonist', 'Steroid 5 alpha-reductase Inhibitor', 'Anti-Androgenic', 'Cell Cycle Regulator', '3BHSD Inhibitor', 'Estrogen Receptor-beta Agonist']"
CHEMBL741,Nc1nnc(-c2cccc(Cl)c2Cl)c(N)n1,[]
CHEMBL753,CC(COc1ccccc1)N(CCCl)Cc1ccccc1,[]
CHEMBL930,NC(=O)CC[C@H](N)C(=O)O,"['Glutamine Synthetase Inhibitor', 'IL-15 Inhibitor']"
CHEMBL93077,O=C(C[S+]([O-])C(c1ccccc1)c1ccccc1)NO,[]
CHEMBL96783,OC[C@@H](O)[C@H](O)[C@@H](O)CO,[]
CHEMBL105184,COC(=O)c1cc(OC)c2c(c1-c1c(C(=O)OC)cc(OC)c3c1OCO3)OCO2,"['P-glycoprotein Inhibitor', 'HCC Inhibitor']"
CHEMBL1193,CN(C)CCC(c1ccccc1)c1ccccn1,"['H1 Receptor Antagonist', 'Histamine H1 Receptor Antagonist']"
CHEMBL1200756,Cc1ncc(CO)c(CO)c1O.Cl,"['Cerebro-protective', 'Oxidative Stress Inhibitor']"
CHEMBL1200795,CN1CCC[C@@H]1CCO[C@](C)(c1ccccc1)c1ccc(Cl)cc1.O=C(O)/C=C/C(=O)O,[]
CHEMBL1201764,CC(C)C(=O)Oc1ccc(CO)cc1[C@H](CCN(C(C)C)C(C)C)c1ccccc1,[]
CHEMBL1663,FC(F)(F)C(F)(F)C(F)(F)F,['Convulsant']
CHEMBL1697843,CO[C@H]1[C@@H](O)C[C@H](O[C@H]2[C@@H](O)C[C@H](O[C@H]3[C@@H](O)C[C@H](O[C@H]4CC[C@@]5(C)[C@H](CC[C@@H]6[C@@H]5C[C@@H](O)[C@]5(C)[C@@H](C7=CC(=O)OC7)CC[C@]65O)C4)O[C@@H]3C)O[C@@H]2C)O[C@@H]1C,['Na(+)/K(+)-ATPase Inhibitor']
CHEMBL1716983,C[n+]1ccc(C(=O)NCc2ccccc2)cc1.[I-],[]
CHEMBL2103778,Cc1nccn1C[C@H]1CCc2c(c3cccc4c3n2CCC4)C1=O,['5-HT3 Receptor Antagonist']
CHEMBL2105890,CC[C@H]1OC(=O)[C@H](C)[C@@H](O[C@H]2C[C@@](C)(OC)[C@@H](O)[C@H](C)O2)[C@H](C)[C@@H](O[C@@H]2O[C@H](C)C[C@H](N(C)C(C)C)[C@H]2O)[C@@]2(C)CC(C)=C(O2)[C@H](C)C(=O)[C@]1(C)OC.O=C(O)/C=C/C(=O)O,[]
CHEMBL2106499,CC(C)[C@H](N)C(=O)O[C@@H]1C[C@@H](n2ccc(N)nc2=O)O[C@H]1CO,[]
CHEMBL2107383,COc1ccc(CCO[C@@H]2CCCC[C@H]2N2CC[C@@H](O)C2)cc1OC.Cl,['Antiarrhythmic']
CHEMBL220492,CC1(C)O[C@@H]2[C@@H](CO[C@@]3(COS(N)(=O)=O)OC(C)(C)O[C@@H]23)O1,"['Anticonvulsive', 'Carbonic Anhydrase Inhibitor', 'CA I Inhibitor', 'Carbonic Anhydrase II Inhibitor', 'CA II Inhibitor', 'Mitochondrial', 'Carbonic Anhydrase XII Inhibitor', 'Anti-Epileptic', 'Carbonic Anhydrase IV Inhibitor']"
CHEMBL29,CC1(C)S[C@@H]2[C@H](NC(=O)Cc3ccccc3)C(=O)N2[C@H]1C(=O)O,['Antibiotic']
CHEMBL3544964,Cn1nccc1Nc1nccc(-c2ccn([C@H](CO)c3ccc(Cl)c(F)c3)c(=O)c2)n1,['ERK1/2 Inhibitor']
CHEMBL3833391,CCCCC1C(=O)N(C)N(C)C1=O.CCN(CC)CCNC(=O)COc1ccc(Cl)cc1.O.O,[]
CHEMBL4069704,CCOC(=O)[C@@H]1CC2(CCN(c3cc(O[C@H](c4ccc(Cl)cc4-c4ccccc4)C(F)(F)F)nc(N)n3)CC2)CN1,['TPH1 Inhibitor']
CHEMBL408513,O=C(/C=C/c1cccc(S(=O)(=O)Nc2ccccc2)c1)NO,['Histone Deacetylase Inhibitor']
CHEMBL4218271,C[C@H](N)C(=O)N1C[C@H](CCCB(O)O)[C@](N)(C(=O)O)C1,"['Cancer Immunotherapy', 'Arginase I Inhibitor']"
CHEMBL4297478,Cc1ccc(C(=O)Nc2ccc(CN3CCN(C)CC3)c(C(F)(F)F)c2)cc1C#Cc1nnc2ccccn12,"['Bcr-Abl Inhibitor', 'CML Treatment']"
CHEMBL433,CCCC(CCC)C(=O)[O-].[Na+],"['Anticonvulsive', 'Anti-Convulsant', 'GABAergic', 'Anti-Epileptic']"
CHEMBL4650359,C=C1C(=O)O[C@@H]2/C=C(\C)C[C@H]3C=C(CC/C=C(\C)CC[C@@H]12)C(=O)O3,['Cytotoxic']
CHEMBL690,CC[C@H](C)C(=O)O[C@H]1C[C@H](O)C=C2C=C[C@H](C)[C@H](CC[C@@H](O)C[C@@H](O)CC(=O)[O-])[C@H]21.[Na+],"['HMG-CoA Reductase Inhibitor', 'Cholesterol Synthesis Inhibitor', 'Bone Formation Stimulator', 'Hypercholesterolemia', 'Hepatoselective', 'Statin']"
CHEMBL1231700,C[N+](C)(C)CCOP(=O)(O)OP(=O)([O-])OC[C@H]1O[C@@H](n2ccc(N)nc2=O)[C@H](O)[C@@H]1O,[]
CHEMBL1286,CC[C@@H](C(N)=O)N1CCCC1=O,"['Anticonvulsive', 'Antiepileptic', 'Antiseizure']"
CHEMBL1433,C[C@H]1c2cccc(O)c2C(=O)C2=C(O)[C@]3(O)C(=O)C(C(N)=O)=C(O)[C@@H](N(C)C)[C@@H]3[C@@H](O)[C@@H]21,"['Antibiotic', 'Antimicrobial', 'Efflux Pump Inhibitor', 'Bactericidal', 'Amyloid Fibril Formation Inhibitor', 'NDM-1 Inhibitor', 'Biofilm Eradicator', 'Anti-Dengue', 'Antibiotic Enhancer', 'RNA Ligand', 'Anti-Amyloidogenic', 'Bacteriostatic', 'FtsZ-Targeting', 'Dicer Inhibitor']"
CHEMBL1456,COc1c(C)c2c(c(O)c1C/C=C(\C)CCC(=O)OCCN1CCOCC1)C(=O)OC2,['IMPDH Inhibitor']
CHEMBL1615439,C[C@H]1[C@H](c2ccccc2)OCCN1C,[]
CHEMBL1697760,CC(c1ccc(Cl)c(Cl)c1)N1N=C(N)CC1=O,[]
CHEMBL1908307,Cn1cc([S+](C)[O-])c(=O)c2ccc(F)cc21,[]
CHEMBL1952329,CN1CCC(CNc2ccc3ncc(-c4cccc(OC(F)(F)F)c4)n3n2)CC1,"['Antimalarial', 'Pim-1 Kinase Inhibitor', 'PfCDPK1 Inhibitor']"
CHEMBL2103863,CN(C)Cc1c(C(=O)NCCOc2ccc(C(=O)NO)cc2)oc2ccccc12,['Histone Deacetylase Inhibitor']
CHEMBL2107143,O=P(NCCCl)(NCCCl)O[C@@H]1O[C@H](CO)[C@@H](O)[C@H](O)[C@H]1O,['Antitumor']
CHEMBL2111029,N[C@@H](CCC(=O)O)C(=O)N[C@@H](Cc1c[nH]c2ccccc12)C(=O)O,[]
CHEMBL284838,O=C(NCCCOc1ccc2[nH]c(=O)ccc2c1)N(C1CC1)[C@@H]1CCCC[C@H]1O,['Anti-Thrombotic']
CHEMBL291278,CN[C@H](CC(=O)O)C(=O)O,"['mGlu2 Antagonist', 'mGluR Agonist', 'Carbonic Anhydrase Activator', 'GluK1 Antagonist', 'Convulsant', 'Epilepsy', 'GluR5 Agonist', 'Ionotropic Glutamate Receptor Ligand', 'GluR6-Antagonist', 'Kainate Receptor Inhibitor']"
CHEMBL34412,Nc1nc2c(c(=O)[nH]1)C[C@@H](CCc1ccc(C(=O)N[C@@H](CCC(=O)O)C(=O)O)cc1)CN2,"['Antitumor', 'Purine Biosynthesis Inhibitor', 'GARFTase Inhibitor', 'Anti-Folate', 'AICAR Tfase Inhibitor', 'GAR Tfase Inhibitor', 'AICARFTase Inhibitor']"
CHEMBL3545064,CC(C)[C@H](N)C(=O)N1CCC[C@H]1B(O)O.CS(=O)(=O)O,['DPPIV Inhibitor']
CHEMBL3545235,COc1cc2ncnc(Nc3ccc(F)c(Cl)c3)c2cc1OCCN1CC2(CC2)C2(C1)OCCO2,['EGFR Kinase Inhibitor']
CHEMBL36255,COc1ccc(/C=C\c2cc(OC)c(OC)c(OC)c2)c(O)c1O,"['Anticancer', 'Cytotoxic', 'Antitumor', 'Antiproliferative', 'Tubulin Polymerization Inhibitor', 'Tubulin Inhibitor', 'Anti-Angiogenic', 'Antineoplastic', 'Vascular-Disrupting Agent', 'Vascular-Disrupting', 'Tubulin Assembly Inhibitor']"
CHEMBL3707303,O=C([O-])[C@@H]1CCC(O)=N1.O=C([O-])[C@@H]1CCC(O)=N1.[Mg+2],[]
CHEMBL3746388,Cn1cc(C(=O)O)c2ccc(N3CCC(OCc4c(-c5c(Cl)cccc5Cl)noc4C4CC4)CC3)cc21,"['FXR Partial Agonist', 'NASH Treatment']"
CHEMBL3989716,CCC(=O)O[C@](Cc1ccccc1)(c1ccccc1)[C@H](C)CN(C)C.O.O=S(=O)(O)c1ccc2ccccc2c1,[]
CHEMBL404108,Cc1ccc(Nc2c(F)cccc2Cl)c(CC(=O)O)c1,['Anti-Inflammatory']
CHEMBL4303228,CC(C)=CCC/C(C)=C/CC/C(C)=C/C=C/C(C)=C/C(=O)O,[]
CHEMBL434394,OC(CNCC(O)C1CCc2cc(F)ccc2O1)C1CCc2cc(F)ccc2O1,[]
CHEMBL449317,COc1ccc([C@@H]2CC(=O)c3c(O)cc(O[C@@H]4O[C@H](CO[C@@H]5O[C@@H](C)[C@H](O)[C@@H](O)[C@H]5O)[C@@H](O)[C@H](O)[C@H]4O)cc3O2)cc1O,['Procoagulant Inhibitor']
CHEMBL4650326,C(=C/c1cccs1)\c1cc[nH]n1,[]
CHEMBL4650339,O=C(CCC(=O)c1ccc2c(c1)OCCO2)c1ccccc1,[]
CHEMBL5314934,CC1(C)C[C@@H]2CCCNc3cccc(n3)S(=O)(=O)NC(=O)c3ccc(-n4ccc(OCCC5C6(CC6)C56CC6)n4)nc3N1C2,"['Cystic Fibrosis', 'CFTR Modulator']"
CHEMBL557,N[C@H](Cc1cc(I)c(Oc2ccc(O)c(I)c2)c(I)c1)C(=O)O,"['Cholesterol Lowering', 'Thyromimetic', 'DNA Replication Inhibitor', 'Androgen Receptor Inhibitor', 'Liver-Selective', 'Thyroid Hormone Receptor Agonist', 'CYP3A4 Inducer', 'Thyroid Hormone Receptor Ligand', 'PXR Activator', 'TRBeta Agonist', 'TLS Inhibitor', 'Bile Acid Transporter']"
CHEMBL57242,CCOc1nc2cccc(C(=O)O)c2n1Cc1ccc(-c2ccccc2-c2noc(=O)[nH]2)cc1,['Angiotensin Receptor Antagonist']
CHEMBL589586,COC(=O)/C=C/C(=O)O,"['FTO Inhibitor', 'Anti-Hemorrhagic']"
CHEMBL750,NS(=O)(=O)Cc1noc2ccccc12,['Carbonic Anhydrase Inhibitor']
CHEMBL8809,CCN1CCC[C@H]1CNC(=O)c1c(O)c(Cl)cc(Cl)c1OC,"['Dopamine D2 Receptor Antagonist', 'Neuroleptic', 'Potential Antipsychotic', 'Antidopaminergic', 'D-2 Dopamine Receptor Imaging Agent']"
CHEMBL917,O=c1[nH]c(=O)n([C@H]2C[C@H](O)[C@@H](CO)O2)cc1F,"['Anticancer', 'Antitumor', 'Antiviral', 'Anti-Tuberculosis', 'Thymidylate Synthetase Inhibitor', 'Thymidine Phosphorylase Inhibitor', 'Antiherpes', 'Nucleoside Transporter Inhibitor', 'TMPKmt Inhibitor', 'Anti-Herpes', 'HSV-1 TK Inhibitor']"
CHEMBL1078261,CCCOC(C(=O)OC1CCN(C)CC1)(c1ccccc1)c1ccccc1,[]
CHEMBL1200682,O=C([O-])CCCO.[Na+],['GHB Binding Ligand']
CHEMBL1201784,CCCCCCOC(=O)CCC(=O)CN,[]
CHEMBL1276342,CO[C@@]1(NC(=O)CSC[C@@H](N)C(=O)O)C(=O)N2C(C(=O)O)=C(CSc3nnnn3C)CS[C@@H]21,['Antibiotic']
CHEMBL1410,CCCCCCCCCc1ccc(OCCOCCOCCOCCOCCOCCOCCOCCOCCO)cc1,[]
CHEMBL1414320,CCCCC1(COC(=O)CCC(=O)O)C(=O)N(c2ccccc2)N(c2ccccc2)C1=O,[]
CHEMBL1449676,Cc1ncc([N+](=O)[O-])n1CC(O)CCl,['Cytotoxin']
CHEMBL1551,C[C@H](CCC(=O)O)[C@H]1CC[C@H]2[C@@H]3[C@@H](O)C[C@@H]4C[C@H](O)CC[C@]4(C)[C@H]3CC[C@]12C,"['Pro-Apoptotic', 'Hepatoprotective', 'FXR Partial Agonist', 'TGR5 Agonist', 'NASH Treatment', 'PPARAlpha/Delta Agonist', 'Migration Inhibitor', 'Spore Germination Inhibitor', 'Insulinotropic', 'VDR Antagonist', 'Mitotic Arrest', 'FXR Modulator', 'NASH', 'FXR Ligand', 'BLT2 Agonist', 'Liver-Protective', 'Cholestatic Liver Diseases', 'Membrane Permeability', 'GP-BAR1 Agonist', 'Antisteatotic', 'Bile Acid Transporter']"
CHEMBL1790041,CNC(=C[N+](=O)[O-])NCCSCc1ccc(CN(C)C)o1,"['Antioxidant', 'Acetylcholinesterase Inhibitor', 'Amyloid-Beta Aggregation Inhibitor', 'AChE Inhibitor', 'Butylcholinesterase Inhibitor', 'Metal Chelator', 'nNOS Inhibitor', 'Anti-H. pylori', 'Histamine H2-Receptor Antagonist', 'Microtubule Polymerization Inhibitor', 'H4 Receptor Antagonist', 'Permeability', 'D2R Antagonist', 'VDR-Coactivator Inhibitor', 'Nitroreductase Substrate', 'CDI', 'Cell Wall Synthesis Inhibitor', 'Gli1 Inhibitor', 'Membrane Permeability', 'Transcription Modulator', 'Gastric Mucosal Protectant', 'C. difficile', 'VRSA']"
CHEMBL1963683,CC(C)OC(=O)CCC/C=C\C[C@@H]1[C@@H](/C=C/C(F)(F)COc2ccccc2)[C@H](O)C[C@@H]1O,"['Antiglaucoma', 'Ocular Hypotensive']"
CHEMBL2005186,CC(C)NC(=O)COc1cccc(-c2nc(Nc3ccc4[nH]ncc4c3)c3ccccc3n2)c1,['Glucose Transporter Inhibitor']
CHEMBL206815,CC1(C)SCCN(S(=O)(=O)c2ccc(OCC#CCO)cc2)[C@H]1C(=O)NO,"['TNF-Alpha Inhibitor', 'TACE Inhibitor']"
CHEMBL2316582,Cc1ccc(C(=O)Nc2ccc(CN3CCN(C)CC3)c(C(F)(F)F)c2)cc1C#Cc1cnc2[nH]ncc2c1,"['Bcr-Abl Inhibitor', 'CML Treatment']"
CHEMBL2364623,CN[C@@H]1[C@@H](O)[C@@H](O[C@@H]2[C@@H](O)[C@H](O[C@H]3OC(CNCCO)=CC[C@H]3N)[C@@H](N)C[C@H]2NC(=O)[C@@H](O)CCN)OC[C@]1(C)O.O=S(=O)(O)O,"['Antibiotic', 'Aminoglycoside']"
CHEMBL267495,CN(C(=O)/C=C/c1ccoc1)[C@@H]1CC[C@@]2(O)[C@H]3Cc4ccc(O)c5c4[C@@]2(CCN3CC2CC2)[C@H]1O5,"['Orexin 2 Receptor Ligand', 'Antitrichomonal', 'Opioid Kappa Agonist', 'Antipruritic']"
CHEMBL277100,CC1CN(c2cc3c(cc2F)c(=O)c(C(=O)O)cn3-c2ccc(F)cc2F)CCN1,['Antibiotic']
CHEMBL3039523,CCC[C@@H](N(NC(=O)c1cccc(OC)c1CC)C(=O)c1cc(C)cc(C)c1)C(C)(C)C,[]
CHEMBL329203,CNC(C)CC1CCCC1,[]
CHEMBL3545059,COCCCOc1cc(C[C@@H](C[C@H](N)[C@@H](O)C[C@H](C(=O)NCC(C)(C)C(N)=O)C(C)C)C(C)C)ccc1OC.COCCCOc1cc(C[C@@H](C[C@H](N)[C@@H](O)C[C@H](C(=O)NCC(C)(C)C(N)=O)C(C)C)C(C)C)ccc1OC.O=C(O)/C=C/C(=O)O,['Renin Inhibitor']
CHEMBL359744,COc1cccc2c1C(=O)c1c(O)c3c(c(O)c1C2=O)C[C@@](O)(C(=O)CO)C[C@@H]3O[C@H]1C[C@H](N)[C@H](O)[C@H](C)O1.Cl,"['Anticancer', 'Cytotoxic', 'Antitumor', 'Cytostatic', 'Anti-Cancer', 'DNA Topoisomerase II Inhibitor', 'DNA Intercalating', 'DNA Binding', 'Chemopreventive', 'Mitochondrial-Targeting', 'G-Quadruplex DNA Binder', 'DNA-Cleavage', 'Multidrug Resistance', 'Lysosome-Targeting', 'RNA Synthesis Inhibitor', 'p53 Activation', 'Resveratrol Analogues', 'CYP3A4 Inducer', 'UGT Inhibitor']"
CHEMBL3613118,CCCCCCC(C)(C)c1cc(OC)c([C@@H]2C=C(CO)[C@@H]3C[C@H]2C3(C)C)c(OC)c1,"['Analgesic', 'CB2 Agonist', 'Cannabinoid Receptor Ligand', 'CB2 Ligand', 'CB1 Agonist', 'Multiple Sclerosis', 'CB2 Inverse Agonist', 'Chronic Pain Treatment', 'CB2 Antagonist', 'Therapeutic', 'Drug Design', 'Biased Ligand', 'CB Receptor Ligand', 'CB(2) Receptor Ligand', 'Glycine Receptor Modulator']"
CHEMBL3833319,CN(CCN1CCC(OC(=O)Nc2ccccc2-c2ccccc2)CC1)C(=O)c1ccc(CN2CCC(C(N)=O)CC2)cc1,[]
CHEMBL3833407,CN[C@@H]1[C@H](O[C@H]2[C@H](O[C@H]3[C@H](O)[C@@H](O)[C@H](NC(=N)N)[C@@H](O)[C@@H]3NC(=N)N)O[C@@H](C)[C@]2(O)C=O)O[C@@H](CO)[C@H](O)[C@H]1O.CN[C@@H]1[C@H](O[C@H]2[C@H](O[C@H]3[C@H](O)[C@@H](O)[C@H](NC(=N)N)[C@@H](O)[C@@H]3NC(=N)N)O[C@@H](C)[C@]2(O)CO)O[C@@H](CO)[C@H](O)[C@H]1O,"['Antibiotic', 'miR-21 Inhibitor', 'Aminoglycoside', 'Nonsense Mutation Suppressor']"
CHEMBL3989834,COc1ccccc1Oc1c(NS(=O)(=O)c2ccc(C)cn2)nc(-c2ccncc2)nc1OC,"['Endothelin A Receptor Antagonist', 'DHPS Inhibitor']"
CHEMBL4297064,CCN(CC)C(=O)C1(c2ccccc2)CC1CN.Cl,"['NMDA Antagonist', 'Norepinephrine-Serotonin Reuptake Inhibitor', 'NSRI']"
CHEMBL4594300,Br.Nc1nc(=O)c2c([nH]1)N[C@@H]1O[C@@H]3COP(=O)(O)O[C@@H]3C(O)(O)[C@@H]1N2.O.O,[]
CHEMBL492399,COc1ccc(N(C)c2nc(C)nc3ccccc23)cc1,"['Tubulin Polymerization Inhibitor', 'Tubulin Inhibitor', 'Microtubule Depolymerizer']"
CHEMBL558752,Cn1c(Nc2ccc(C(F)(F)F)cc2)nc2cc(Oc3ccnc(-c4ncc(C(F)(F)F)[nH]4)c3)ccc21,"['B-Raf(V600E) Inhibitor', 'MAPK/ERK Pathway Inhibitor', 'Raf Kinase Inhibitor']"
CHEMBL585,Nc1nc(N)c2nc(-c3ccccc3)c(N)nc2n1,[]
CHEMBL76370,CCCCCNC(=N)N/N=C/c1c[nH]c2ccc(OC)cc12,"['5-HT4 Receptor Agonist', 'RXFP3 Agonist']"
CHEMBL846,C=C1/C(=C\C=C2/CCC[C@]3(C)[C@@H]([C@H](C)CCCC(C)(C)O)CC[C@@H]23)C[C@@H](O)C[C@@H]1O,"['Antiproliferative', 'Hedgehog Pathway Inhibitor', 'Vitamin D Analogue', 'Antipsoriatic', 'VDR Agonist', 'Vitamin D3 Agonist', 'Cellular Differentiation', 'Antiinvasion', 'VDR Antagonist', 'VDR Ligand', 'VDR Modulator', 'Cellular Differentiation Inducer', 'Anti-Proliferation', 'Differentiation-Inducing', 'Vitamin D Receptor Ligand', 'PSC Inhibitor']"
CHEMBL8659,CCCCCCCC/C=C\CCCCCCCC(=O)O,"['Anti-Inflammatory', 'Antimicrobial', 'Antioxidant', 'Cytostatic', 'COX2 Inhibitor', 'AChE Inhibitor', 'Aromatase Inhibitor', 'Antialzheimer', 'GPR40/FFA1 Agonist', 'DNA Polymerase Inhibitor', 'SHP2 Inhibitor', 'Interleukin 6 Inhibitor', 'Nematicidal', 'Spore Germination Inhibitor', 'RBP4 Antagonist', 'PPAR-gamma Ligand', 'Metabolic Disease Treatment', 'PPARGamma Antagonist', 'Antiglycation', 'Hepatic Steatosis', 'TRPV2 Antagonist', 'NAFLD', 'PPAR Modulator', 'Mosquitocidal', 'Pancreatic Beta-cell Proliferation', 'Negative Chronotropic']"
CHEMBL1200406,CN(C)CCOC(c1ccccc1)c1ccccc1.Cn1c(=O)c2[nH]c(Cl)nc2n(C)c1=O,[]
CHEMBL1201117,COc1ccccc1OCC(O)COC(N)=O,[]
CHEMBL1412041,C[C@H](N)[C@@H](O)c1ccccc1,[]
CHEMBL1444,N#Cc1ccc(C(c2ccc(C#N)cc2)n2cncn2)cc1,['Aromatase Inhibitor']
CHEMBL1697733,CC(=O)O[C@H](CC(=O)[O-])C[N+](C)(C)C,"['Organic Cation Transporter', 'CPT Modulator', 'Carnitine Transporter']"
CHEMBL1766,C[C@@H]1C[C@H]2[C@@H]3CCC4=CC(=O)C=C[C@]4(C)[C@@]3(F)[C@@H](O)C[C@]2(C)[C@H]1C(=O)CO,"['Anti-Inflammatory', 'PDE4 Inhibitor', 'Glucocorticoid Agonist', 'Cytokine Inhibitor', 'Glucocorticoid Receptor Modulator', 'GR Agonist', 'CYP3A4 Inducer', 'Vasoconstrictor', 'Glucocorticoid Modulator', 'PDE4/7 Inhibitor', 'Human Chymase Inhibitor']"
CHEMBL1893913,CCCCNC(=O)OCC#CI,['Aldehyde Dehydrogenase Inhibitor']
CHEMBL196,O=C1O[C@H]([C@@H](O)CO)C(O)=C1O,[]
CHEMBL2364603,COc1c(N2CCC/C(=C(\F)CN)C2)c(F)cc2c(=O)c(C(=O)O)cn(C3CC3)c12.Cl,['Antibiotic']
CHEMBL3039518,COc1cc(NC(=O)CCN2CCC(OC(=O)Nc3ccccc3-c3ccccc3)CC2)c(Cl)cc1CNC[C@H](O)c1ccc(O)c2[nH]c(=O)ccc12,"['Beta(3)-Adrenergic Agonist', 'Muscarinic Receptor Antagonist', 'Bronchodilator', 'COPD', 'MABA']"
CHEMBL3545083,COCCN1CCN(Cc2ccc(-c3n[nH]c4c3C(=O)c3c(NC(=O)NN5CCOCC5)cccc3-4)cc2)CC1,['Cyclin-Dependent Kinase Inhibitor']
CHEMBL3545368,CC(O)C(=O)O.Cc1[nH]c2ccccc2c1CCNCc1ccc(/C=C/C(=O)NO)cc1,"['HDACs Inhibitor', 'Histone Deacetylase Inhibitor']"
CHEMBL3644252,Cc1cccc(Cn2nc(C3CC3)c3c(NC(=O)c4cnc5cc(OCCN6CCN(C)CC6)ccn45)cccc32)n1,[]
CHEMBL3669417,N#Cc1ccc2c(c1)[C@H]1CCCN(C(=O)c3ccc4[nH]cnc4c3)[C@H]1C2,[]
CHEMBL3912251,Cc1cc(C(=O)O)ccc1COc1cc2c(cc1N(CC(C)C)S(=O)(=O)c1nccs1)CCC2,[]
CHEMBL3967849,CC(=O)N1CCc2c(C(=O)N3CCC(c4ccc(F)c(F)c4C(F)(F)F)CC3)n[nH]c2C1,['RBP4 Antagonist']
CHEMBL397783,O=C(O)c1cncc(F)c1,['Niacin Receptor 1 Agonist']
CHEMBL3989936,C[C@]12C[C@H](c3ccc(S(C)(=O)=O)cc3)C3=C4CCC(=O)C=C4CC[C@H]3[C@@H]1CC[C@@]2(O)C(F)(F)C(F)(F)F,[]
CHEMBL4297631,CCCCCCCCCCCCCCCCCC(=O)NCCCCOn1c(CCCC)nc2c(N)nc3ccccc3c21,"['TLR7/8 Agonist', 'Vaccine Adjuvant']"
CHEMBL4300557,CCc1c(O)cc(O)c(C(=O)c2ccc(OCCN3CCOCC3)c(OC)c2)c1CC(=O)N(CCOC)CCOC,['Hsp-90 Inhibitor']
CHEMBL4475481,O=C1Nc2ccccc2C(c2ccccc2)=N[C@@H]1Nc1nnc(-c2ncc(C(F)(F)F)cc2N2CCOCC2)o1,[]
CHEMBL4650229,Cc1cnc(C(=O)c2ncnc3[nH]ccc23)c([N-]S(=O)(=O)c2ccc(Cl)c(C(F)(F)F)c2)c1.[Na+],['ETA Antagonist']
CHEMBL4802150,Nc1cc(S(=O)(=O)c2ccc(OC(F)(F)F)cc2)cnc1-c1nnc(CO)o1,[]
CHEMBL49642,O=C(Nc1ccncc1)C(=O)c1cn(Cc2ccc(Cl)cc2)c2ccccc12,[]
CHEMBL5095399,COc1nsc(NC(=O)N2C[C@H]3C[C@H](N(C)c4ncnc5[nH]ccc45)C[C@H]3C2)n1.O=S(=O)(O)O,['JAK1/JAK2 Inhibitor']
CHEMBL5095416,COc1ccccc1CC[C@@H]1CCc2cc([C@H]3CC[C@](N)(CO)C3)ccc2C1.Cl,"['S1P1 Agonist', 'Partial Agonist', 'Autoimmune Disease', 'S1P1-R Modulator', 'Lymphocyte Reducer']"
CHEMBL54,O=C(CCCN1CCC(O)(c2ccc(Cl)cc2)CC1)c1ccc(F)cc1,"['Antipsychotic', 'Dopamine D2 Receptor Antagonist', 'Eis Inhibitor', 'D2-like Receptor Ligand', 'D2/5-HT2 Antagonist']"
CHEMBL573448,COc1ccc(OC(C)C(=O)O)cc1,[]
CHEMBL727,Nc1nc2[nH]cnc2c(=S)[nH]1,"['DHPS Inhibitor', 'HPPK Inhibitor', 'Dopamine Agent', 'Cytotoxicity Protection']"
CHEMBL838,CCOC(=O)[C@H](CCc1ccccc1)N[C@H]1CCc2ccccc2N(CC(=O)O)C1=O,"['Antihypertensive', 'ACE Inhibitor', 'Angiotensin Converting Enzyme Inhibitor']"
CHEMBL1017,CCCc1nc2c(C)cc(-c3nc4ccccc4n3C)cc2n1Cc1ccc(-c2ccccc2C(=O)O)cc1,"['Antihypertensive', 'PPAR gamma Agonist', 'AT1 Receptor Antagonist']"
CHEMBL111,Cc1c(C(=O)NN2CCCCC2)nn(-c2ccc(Cl)cc2Cl)c1-c1ccc(Cl)cc1,"['Obesity Treatment', 'CB1-R Antagonist', 'Cannabinoid Receptor Antagonist']"
CHEMBL1111,COC(c1ccccc1)(c1ccccc1)[C@H](Oc1nc(C)cc(C)n1)C(=O)O,"['Endothelin A Receptor Antagonist', 'CYP3A4 Inducer']"
CHEMBL11672,CN(C(=O)c1c(O)c2ccccc2n(C)c1=O)c1ccccc1,['Autoimmune Disorder Treatment']
CHEMBL1184,CC(=O)OCC[N+](C)(C)C.[Cl-],"['Cholinergic Agonist', 'Carnitine Transporter', 'Choline Transport Inhibitor', 'Neuronal Choline Transporter Ligand']"
CHEMBL1200977,CC(O)C(=O)O.Cc1[nH]c(=O)c(C#N)cc1-c1ccncc1,['Positive Inotropic']
CHEMBL1201013,O=C([O-])c1cc(/N=N/c2ccc(O)c(C(=O)[O-])c2)ccc1O.[Na+].[Na+],['Sirt5 Inhibitor']
CHEMBL1201159,CCC(=O)N(c1ccccc1)C1CCN(CCc2ccccc2)CC1.Cl,"['Analgesic', 'Mu Opioid Receptor Agonist']"
CHEMBL1201218,Cn1nnnc1SCC1=C(C(=O)O)N2C(=O)[C@@H](NC(=O)[C@H](OC=O)c3ccccc3)[C@H]2SC1,['Antibiotic']
CHEMBL1565476,CCCC1C(=O)N2C(N(C)C)=Nc3ccc(C)cc3N2C1=O,[]
CHEMBL1567,CCN(CC)CCNC(=O)c1c(C)[nH]c(/C=C2\C(=O)Nc3ccc(F)cc32)c1C.O=C(O)C[C@H](O)C(=O)O,"['VEGFR2 Inhibitor', 'FLT3 Inhibitor', 'PDGFRAlpha Inhibitor']"
CHEMBL161,CO/N=C(\C(=O)N[C@@H]1C(=O)N2C(C(=O)O)=C(CSc3nc(=O)c(O)nn3C)CS[C@H]12)c1csc(N)n1,"['Antibiotic', 'Antipneumococcal']"
CHEMBL1615372,Cl.O=C1[C@@H]2[C@H]3CC[C@H](C3)[C@@H]2C(=O)N1C[C@@H]1CCCC[C@H]1CN1CCN(c2nsc3ccccc23)CC1,['Antipsychotic']
CHEMBL1625,COc1ccc(C(=O)c2ccccc2)c(O)c1,[]
CHEMBL1696,CNCCCN1c2ccccc2CCc2ccccc21.Cl,"['Analgesic', 'Antioxidant', 'Neuroprotective', 'Acetylcholinesterase Inhibitor', 'Antidepressant', ""Alzheimer's Disease"", 'BACE-1 Inhibitor', 'Amyloid-Beta Aggregation Inhibitor', 'AChE Inhibitor', 'Cognition-Enhancer', 'Butylcholinesterase Inhibitor', 'Antialzheimer', 'Serotonin Transporter Inhibitor', 'Antineuroinflammatory', 'Metal Chelator', ""Alzheimer's Treatment"", 'BChE Inhibitor', 'Norepinephrine Transporter Inhibitor', 'Neuroprotectant', 'BBB Permeable', 'Anti-Depressant', 'AD Treatment', 'Monoamine Reuptake Inhibitor', 'CNS Stimulant', 'Biometal Chelator', 'Cerebro-protective', 'Organic Cation Transporter', 'Multitarget-Directed Ligand', 'Dopamine Agent', 'CNS Drug Partitioning', 'Benzodiazepine Affinity']"
CHEMBL1718,C=CCN1CC[C@]23c4c5ccc(O)c4O[C@H]2C(=O)CC[C@@]3(O)[C@H]1C5.Cl,"['Analgesic', 'Antinociceptive', 'Opioid Receptor Ligand', 'Opioid Receptor Agonist', 'Mu Opioid Receptor Agonist', 'Opioid Antagonist', 'Opioid', 'Mu Opioid Receptor Antagonist', 'Narcotic-Antagonist', 'Opioid Analgesic', 'MOR Antagonist', 'Opiate Receptor', 'TLR4 Antagonist', 'kappa-Opioid Receptor', 'Opioid Agonist-Antagonist']"
CHEMBL2105161,CCCCOCCOC(=O)c1cccnc1,[]
CHEMBL2107636,Cc1nnc(SCC2=C(C(=O)O)N3C(=O)[C@@H](NC(=O)Cn4cc(Cl)c(=O)c(Cl)c4)[C@H]3SC2)s1,['Antibiotic']
CHEMBL2110587,O=C(NS(=O)(=O)c1ccc(Br)s1)c1ccc(Cl)cc1Cl,['Antitumor']
CHEMBL2338397,C[C@H](NC(=O)CCC(F)(F)F)C(=O)N[C@@H]1C(=O)N(CCO)c2ncccc2-c2ccccc21,"[""Alzheimer's Disease"", 'Gamma Secretase Inhibitor', 'Notch Inhibitor']"
CHEMBL2362410,CC1(C)OC[C@@H](COC(=O)CCc2ccc(OC[C@@H](O)CNCCNC(=O)N3CCOCC3)cc2)O1.Cl,[]
CHEMBL283120,COc1cc([C@@H]2c3cc4c(cc3[C@H](O)[C@H]3COC(=O)[C@@H]23)OCO4)cc(OC)c1OC,"['Anticancer', 'Cytotoxic', 'Antitumor', 'Antiproliferative', 'Apoptosis Inducer', 'Cytostatic', 'Anti-Cancer', 'Tubulin Polymerization Inhibitor', 'Tubulin Inhibitor', 'Apoptosis', 'DNA Topoisomerase II Inhibitor', 'Cell-Cycle Arrest', 'G2/M Phase Arrest', 'Microtubule Disruptor', 'Prostate Cancer Inhibitor', 'Melanoma-Targeting', 'CYP3A Substrate', 'Antihepatotoxic']"
CHEMBL295698,CC(=O)N1CCN(c2ccc(OC[C@@H]3CO[C@@](Cn4ccnc4)(c4ccc(Cl)cc4Cl)O3)cc2)CC1,[]
CHEMBL3109802,COc1ncnc(Cn2cc(C(=O)NCCO)c3ncc(C)cc32)c1C,"['Anti-Tuberculosis', 'Anti-mycobacterial', 'DprE1 Inhibitor']"
CHEMBL3137317,Cc1c(C(=O)Nc2ccc(N3C[C@@H](C)O[C@@H](C)C3)nc2)cccc1-c1ccc(OC(F)(F)F)cc1.O=P(O)(O)O.O=P(O)(O)O,[]
CHEMBL3392776,COc1ccc(S(=O)(=O)Nc2cc(-c3c(O)ccc4ccccc34)c(O)c3ccccc23)cc1,[]
CHEMBL3653256,COc1ncc(-c2nc3c(n2C(C)C)[C@H](c2ccc(Cl)cc2)N(c2cc(Cl)cn(C)c2=O)C3=O)c(OC)n1,"['Anticancer', 'Anti-Cancer', 'p53/MDM2 Inhibitor']"
CHEMBL3707362,CC(C(=O)N1c2ccccc2Sc2ccccc21)N(C)C,['Ferroptosis Inhibitor']
CHEMBL4068108,CC1=C(CC(=O)NCc2ccccc2)c2cc(F)ccc2/C1=C\c1ccncc1,[]
CHEMBL4297280,N[C@@H](CNC(=O)CC[C@@H](NC(=O)c1ccc(NCc2c[nH]c3ncnc(=O)c-3n2)cc1)C(=O)O)C(=O)N[C@@H](CC(=O)O)C(=O)N[C@@H](CS)C(=O)O,[]
CHEMBL4297334,O=C(O)CC[C@H](NC(=O)N[C@@H](CCCCNC(=O)c1ccc([18F])nc1)C(=O)O)C(=O)O,"['PSMA Inhibitor', 'Prostate Cancer Imaging']"
CHEMBL4297470,COc1cc(F)ccc1-c1c(C)sc2cnc(Nc3cnn(C4CCNCC4)c3)nc12,[]
CHEMBL4297528,Cc1cn2nc(-c3cc(=O)n4cc(N5CCNC6(CC6)C5)ccc4n3)cc(C)c2n1,"['SMA Treatment', 'Splicing Modifier']"
CHEMBL43,COc1cc(NS(C)(=O)=O)ccc1Nc1c2ccccc2nc2ccccc12,[]
CHEMBL47050,OC1(c2ccc(Cl)c(C(F)(F)F)c2)CCN(CCCC(c2ccc(F)cc2)c2ccc(F)cc2)CC1,['Autophagy Inducer']
CHEMBL485940,COc1cc(NS(=O)(=O)c2ccc(N)cc2)nc(C)n1,[]
CHEMBL496102,COc1ccc2c(OCc3nnc4ccc(-c5ccccc5)nn34)ccnc2c1,['cMET Inhibitor']
CHEMBL503160,O=C(O)/C=C/C(=O)O,"['HIF PHD Inhibitor', 'FTO Inhibitor', 'HCA2 Agonist', 'Nucleic Acid Demethylase Inhibitor', 'Pyruvate Carboxylase Inhibitor', 'Collagen Prolyl 4-Hydroxylase Inhibitor', 'Anti-Hemorrhagic']"
CHEMBL5095177,CNC(=O)CC1=Cc2nn(Cc3ncc(C)c(OC)c3C)c3nc(N)nc(c23)SC1,['Hsp-90 Inhibitor']
CHEMBL5314402,O=C(N[C@@H]1C2CCN(CC2)[C@H]1Cc1cccnc1)c1cc(F)cc(F)c1,"['Cognition-Enhancer', 'Alpha7-nAChR Agonist', 'Schizophrenia']"
CHEMBL65567,CN1CC(=O)NC1=N,[]
CHEMBL107360,c1ccc2c(c1)CCc1ccccc1N2C1CN2CCC1CC2,[]
CHEMBL1096882,Nc1nc(F)nc2c1ncn2[C@@H]1O[C@H](COP(=O)(O)O)[C@@H](O)[C@@H]1O,"['Adenylate Kinase Inhibitor', 'Nucleoside Hydrolase']"
CHEMBL1114,Cn1cnc2c1c(=O)[nH]c(=O)n2C,"['Adenosine Receptor Antagonist', 'Metastasis Inhibitor']"
CHEMBL1200694,FCOC(C(F)(F)F)C(F)(F)F,"['Convulsant', 'Lipophilicity Modulator']"
CHEMBL1201192,NC(=O)C[S@@+]([O-])C(c1ccccc1)c1ccccc1,[]
CHEMBL1229,CCOC(=O)C1=C[C@@H](OC(CC)CC)[C@H](NC(C)=O)[C@@H](N)C1,"['Antiviral', 'Neuraminidase Inhibitor', 'Influenza Inhibitor', 'Anti-Viral', 'Influenza', 'Anti-Influenza A', 'H5N1 Inhibitor', 'Influenza Entry Inhibitor', 'HA Inhibitor', 'Hemagglutinin Inhibitor', 'HSV Inhibitor', 'H1N1 Inhibitor', 'PA-PB1 Interaction Inhibitor', 'Influenza HA Inhibitor', 'HA Fusion Inhibitor']"
CHEMBL1237105,CCCCC[C@](C)(O)/C=C/[C@@H]1[C@@H](C/C=C\CCCC(=O)O)[C@@H](O)C[C@H]1O.NC(CO)(CO)CO,"['Bronchodilator', 'Ocular Hypotensive']"
CHEMBL1276308,CC#C[C@]1(O)CC[C@H]2[C@@H]3CCC4=CC(=O)CCC4=C3[C@@H](c3ccc(N(C)C)cc3)C[C@@]21C,"['Glucocorticoid Receptor Antagonist', 'GR Antagonist', 'KLF5 Inhibitor']"
CHEMBL1908315,CCCCC(C)(C)[C@H](O)/C=C/[C@H]1[C@H](O)CC(=O)[C@@H]1CCCC/C=C/C(=O)OC,['Antifertility']
CHEMBL1908917,N[C@]1(C(=O)O)C[C@@H](F)C1,[]
CHEMBL2048028,CS(=O)(=O)c1cccc(C[C@H](NC(=O)c2c(Cl)cc3c(c2Cl)CCN(C(=O)c2ccc4ccoc4c2)C3)C(=O)O)c1,['LFA-1 Antagonist']
CHEMBL2106124,O=P([O-])([O-])OCC(O)CO.[Ca+2],[]
CHEMBL2177390,CC(C)NC[C@@H](C(=O)N1CCN(c2ncnc3c2[C@H](C)C[C@H]3O)CC1)c1ccc(Cl)cc1,"['Anticancer', 'Antitumor', 'AKT Inhibitor', 'Protein Kinase Inhibitor', 'AKT Degrader']"
CHEMBL2368924,CS(=O)(=O)O.O.O=C(O[C@@H]1C[C@@H]2C[C@H]3C[C@H](C1)N2CC3=O)c1c[nH]c2ccccc12,[]
CHEMBL27,CC(C)NCC(O)COc1cccc2ccccc12,"['Antihypertensive', '5-HT 1A Receptor Agonist', 'Vasodilator', 'Antiarrhythmic', '5-HT(1A) Receptor Antagonist', 'Hypotensive', 'Beta-Adrenoceptor Blocker', 'MDR-Modulator', '5-HT(1B/1D) Agonist', 'Beta-Blocker', 'Beta-Adrenergic Antagonist', 'Beta-Adrenergic Receptor Ligand', 'Beta-Adrenoceptor Antagonist', 'Lipophilicity', 'Glioblastoma Inhibitor', 'Oral Bioavailability', 'Anti-Melanoma', 'Serotonin Release Inhibitor', 'Beta1-Adrenoceptor Antagonist', 'Negative Inotropic', '5-HT1A Receptor Inhibitor', 'CNS Drug Partitioning', 'hBChE Inhibitor']"
CHEMBL3545186,Cc1cc2c(CCc3sc(-c4ccc(C(F)(F)F)cc4)nc3C(C)C)noc2cc1OCC(=O)O,['PPARdelta Antagonist']
CHEMBL3654384,O=C(Cc1c(Cl)c[n+]([O-])cc1Cl)c1ccc(OC(F)F)c2c1OC1(CCS(=O)(=O)CC1)O2,['PDE4 Inhibitor']
CHEMBL3833334,CN1CC[C@]23c4c5ccc(O)c4O[C@H]2[C@@H](O)C=C[C@H]3[C@H]1C5.COc1ccc(Cc2nccc3cc(OC)c(OC)cc23)cc1OC.COc1ccc2c3c1OC1[C@@H](O)C=C[C@H]4[C@@H](C2)N(C)CC[C@]314.Cl.Cl.Cl,[]
CHEMBL4297511,N[C@@H](CCS(=O)(=O)O)CSSC[C@@H](N)CCS(=O)(=O)O,[]
CHEMBL4297582,O=C(CCCCCCC(=O)Nc1ccc(CN[C@H](C(=O)OC2CCCC2)c2ccccc2)cc1)NO,"['Anticancer', 'HDACs Inhibitor', 'Histone Deacetylase Inhibitor']"
CHEMBL4298173,CN1C/C=C/CCOc2cccc(c2)-c2ccnc(n2)Nc2cccc(c2)C1.O=C(O)CC(O)(CC(=O)O)C(=O)O,"['JAK1/JAK2 Inhibitor', 'FLT3 Inhibitor']"
CHEMBL4594440,Fc1cc(F)c2c(c1)C[C@@H](n1c(CCNCc3ccccc3)c[nH]c1=S)CO2,[]
CHEMBL5095024,C=CC(=O)Nc1cc(C#CC(C)(C)N2CCN(C)CC2)cc2ncnc(Nc3ccc(F)c(Cl)c3)c12.Cc1ccc(S(=O)(=O)O)cc1.Cc1ccc(S(=O)(=O)O)cc1,['EGFR Kinase Inhibitor']
CHEMBL5314427,Cc1nc(N2CCC3(CC2)CO[C@@H](C)[C@H]3N)c(CO)nc1Sc1ccnc(N)c1Cl,"['Anticancer', 'SHP2 Inhibitor']"
CHEMBL5314573,Cc1cc(-c2nc(C(=O)Nc3cc4oc(N5CCOCC5)nc4nc3N3CC[C@@H](O)C3)co2)ccn1.O=P(O)(O)O,"['IRAK-4 Inhibitor', 'Hematologic Malignancies']"
CHEMBL614,NC(=O)c1cnccn1,['Anti-mycobacterial']
CHEMBL73234,CCN(CC)CCOCCOC(=O)C1(c2ccccc2)CCCC1,"['Sigma 1 Ligand', 'Antitussive', 'Sigma1 Receptor Antagonist']"
CHEMBL1200925,O=P([O-])(O)O.[K+],"['Carbonic Anhydrase Inhibitor', 'Carbonic Anhydrase', 'NaPi2b Inhibitor', 'CO2 Hydrase', 'Beta-CA Inhibitor', 'Intestinal Permeability']"
CHEMBL1213553,CC(C)NC(=N)NC(=N)Nc1ccc(Cl)c(Cl)c1,['Antimalarial']
CHEMBL12420,CN(C)CCc1c[nH]c2ccccc12,['Hallucinogen']
CHEMBL13960,O=C(O)C(Cl)Cl,['Mutagen']
CHEMBL1568698,CC(=O)[C@H]1CC[C@H]2[C@@H]3CC[C@H]4C[C@](C)(O)CC[C@]4(C)[C@H]3CC[C@]12C,"['Anticonvulsive', 'GABA A Modulator', 'GABA-A Receptor Ligand', '11Beta-hydroxylase Inhibitor', 'GABA(A) Positive Modulator']"
CHEMBL1697708,CC1(C)S[C@@H]2[C@H](NC(=O)[C@H](NC(=O)N3CCN(S(C)(=O)=O)C3=O)c3ccccc3)C(=O)N2[C@H]1C(=O)[O-].[Na+],[]
CHEMBL170630,CS(=O)(=O)OCCOS(C)(=O)=O,[]
CHEMBL1736151,CCN(CC)CCOc1ccccc1C(=O)CCc1ccccc1,['MDR-Modulator']
CHEMBL1767164,O=c1c2ccccc2c(Cc2ccc(Cl)cc2)nn1C[C@H]1CCCN1CCCCc1ccc(OCCCN2CCCCCC2)cc1,"['H3 Receptor Antagonist', 'H1 Receptor Antagonist', 'Histamine Receptor Antagonist']"
CHEMBL1957287,Fc1ccccc1-c1nc2ccn(Cc3ccc(-c4ccc(C(F)(F)F)cc4C(F)(F)F)nn3)cc-2n1,['HCV NS5b Polymerase Inhibitor']
CHEMBL2103791,CCCc1c(Cn2ccnc2-c2ncccc2F)ncn2nc(C)nc12,[]
CHEMBL2110862,CN(C)CCOCCOC(=O)N1c2ccccc2Sc2ccccc21,"['Acetylcholinesterase Inhibitor', 'Butylcholinesterase Inhibitor']"
CHEMBL2165326,NS(=O)(=O)Nc1ncnc(OCCOc2ncc(Br)cn2)c1-c1ccc(Br)cc1,"['Endothelin A Receptor Antagonist', 'Pulmonary Arterial Hypertension', 'ERAs']"
CHEMBL243712,CCN1CCCC1CNC(=O)c1cc(S(=O)(=O)CC)c(N)cc1OC,['Neuroleptic']
CHEMBL272485,CCCCOC(=O)c1ccccc1C(=O)OCCCC,[]
CHEMBL28564,OC(CN1CCC(Cc2ccc(F)cc2)CC1)c1ccc(Cl)cc1,"['NMDA Antagonist', 'NR2B Selective', 'GluN2B Antagonist', 'Antiallodynic', 'GluN2B Ligand']"
CHEMBL3402762,CN1CCC(COc2cnc(-c3cccc(Cn4nc(-c5cccc(C#N)c5)ccc4=O)c3)nc2)CC1,['cMET Inhibitor']
CHEMBL3989506,CN(C)CCOCC(=O)NC12CC3CC(CC(C3)C1)C2,[]
CHEMBL416956,OC(c1cc(C(F)(F)F)nc2c(C(F)(F)F)cccc12)C1CCCCN1,"['Antimalarial', 'Anti-Tuberculosis', 'Antiplasmodial', 'HMG-CoA Reductase Inhibitor', 'Anti-Malaria', 'Angiotensin Converting Enzyme Inhibitor', 'ATP Synthase Inhibitor', 'Antiamoebic', 'Plasmepsin Inhibitor', 'Class III Antiarrhythmic', 'Anti-Parasitic', 'Zika Inhibitor', 'hERG Channel Inhibitor', 'Ebola Virus Inhibitor', 'DNA Methyltransferase Inhibitor', 'Adenosine A2A Agonist', 'Anti-Dengue', 'Anti-Glioblastoma', 'IKr Channel Blocker', 'CDK7 Inhibitor', 'CYP2J2 Inhibitor', 'Dopamine Agent']"
CHEMBL4298152,Cn1nc(C(F)(F)C(F)(F)F)c(C(F)(F)F)c1-n1cc(-c2ccc(Cl)c(C(=O)NC3(C#N)CC3)c2)cn1,[]
CHEMBL4529465,COc1cc([C@](O)(CCN(C)C)[C@@H](c2cc3cc(Br)ccc3nc2OC)c2cccc(OC)c2F)cc(OC)n1,"['Anti-Tuberculosis', 'hERG Inhibitor']"
CHEMBL4650224,COc1ncc(C)c(-c2ccc3c(c2)[nH]c(=O)c2cnn([C@H]4CCOC4)c23)c1C.O=C(O)/C=C/C(=O)O,[]
CHEMBL4802240,C[C@@](Cc1ccc(OP(=O)(O)O)c(O)c1)(NN)C(=O)O,[]
CHEMBL49080,CC(C)(C)NCC(O)c1cc(Cl)c(N)c(Cl)c1,['Beta(3)-Adrenergic Agonist']
CHEMBL5095240,CCOc1cc([C@@H](CS(C)(=O)=O)N2C(=O)c3csc(NC(C)=O)c3C2=O)ccc1OC,"['PDE4 Inhibitor', 'Phosphodiesterase 4 Inhibitor']"
CHEMBL511,COc1ccc(CN(CCN(C)C)c2ccccn2)cc1,['Mast Cell Inhibitor']
CHEMBL5316168,CNC(=O)c1nnc(NC(=O)[C@@H]2CC23CC3)cc1Nc1ncccc1S(C)(=O)=O,['TYK2 Inhibitor']
CHEMBL561,CCn1cc(C(=O)O)c(=O)c2cc(F)c(N3CCNC(C)C3)c(F)c21,"['Antibiotic', 'Quinolone Antibiotic']"
CHEMBL70246,Cn1c(=O)c2c(ncn2CC(=O)O)n(C)c1=O,[]
CHEMBL773,NCC(=O)O,"['GABA Uptake Inhibitor', 'GABA(A) Antagonist', 'Glycine Agonist', 'AGE Inhibitor', 'GABA-T Inhibitor', 'hPAT1 Substrate']"
CHEMBL777,O=C(O)[C@H]1/C(=C/CO)O[C@@H]2CC(=O)N21,"['Mycobacterium tuberculosis', 'Cholestatic DILI', 'Beta-Lactamase', 'Penicillin-Binding Protein Inhibitor', 'Carbapenemase Inhibitor']"
CHEMBL885,Nc1nc(=O)n([C@@H]2CS[C@H](CO)O2)cc1F,"['Anti-HIV-1', 'Reverse Transcriptase Inhibitor', 'NRTI', 'Anti-Hepatitis B']"
CHEMBL926,CC(CCc1ccc(O)cc1)NCCc1ccc(O)c(O)c1,['Cardioactive']
CHEMBL997,CCCCCN(C)CCC(O)(P(=O)(O)O)P(=O)(O)O,"['Antiparasitic', 'Farnesyl-Protein Transferase Inhibitor', 'Trypanosoma cruzi Inhibitor']"
CHEMBL1091,CC(=O)OCC(=O)[C@@]1(O)CC[C@H]2[C@@H]3CCC4=CC(=O)CC[C@]4(C)[C@H]3[C@@H](O)C[C@@]21C,"['Topical Antiinflammatory', 'FPTase Inhibitor']"
CHEMBL1094982,O=C(O[C@H]1[C@H](OC(=O)c2cccnc2)[C@@H](OC(=O)c2cccnc2)[C@H](OC(=O)c2cccnc2)[C@@H](OC(=O)c2cccnc2)[C@H]1OC(=O)c1cccnc1)c1cccnc1,[]
CHEMBL1200950,C[N+]12CCC(CC1)C(OC(=O)C(O)(c1ccccc1)c1ccccc1)C2.[Br-],"['Muscarinic Receptor Antagonist', 'Bronchodilator', 'COPD Treatment', 'Anticholinergic']"
CHEMBL1255653,C[C@H](O)C(=O)C1=Nc2c(nc(N)[nH]c2=O)NC1,['DHPS Inhibitor']
CHEMBL1336,CNC(=O)c1cc(Oc2ccc(NC(=O)Nc3ccc(Cl)c(C(F)(F)F)c3)cc2)ccn1,"['Antitumor', 'Apoptosis Inducer', 'VEGFR2 Inhibitor', 'Multi-target Kinase Inhibitor', 'Raf Kinase Inhibitor']"
CHEMBL1371200,C[C@]12CCC(=O)C=C1C=C[C@@H]1[C@@H]2CC[C@@]2(C)[C@H]1CC[C@@]2(O)CCC(=O)[O-].[K+],"['Selective Androgen Receptor Modulator', 'Aldosterone Antagonist']"
CHEMBL1544,N[C@@H](Cc1cc(I)c(Oc2ccc(O)c(I)c2)c(I)c1)C(=O)O,"['Cholesterol Lowering', 'Thyromimetic', 'Androgen Receptor Inhibitor', 'Liver-Selective', 'Thyroid Hormone Receptor Agonist', 'CYP3A4 Inducer', 'Thyroid Hormone Receptor Ligand', 'PXR Activator', 'TRBeta Agonist', 'TLS Inhibitor', 'Bile Acid Transporter']"
CHEMBL1963249,C[C@@H]1CN[C@@H](C2CC2)C(=O)N(C)[C@H](C)C(=O)N[C@H](Cc2ccc(F)cc2)C(=O)NCCCc2ccccc2O1,['Ghrelin Receptor Agonist']
CHEMBL2104797,C[N+]1(CCC(O)(c2ccccc2)c2cccs2)CCOCC1.[I-],"['Muscarinic Receptor Antagonist', 'Anticholinergic']"
CHEMBL2106071,CN(C)[C@@H]1C(O)=C(C(=O)NCO)C(=O)[C@@]2(O)C(O)=C3C(=O)c4c(O)ccc(Cl)c4[C@@](C)(O)[C@H]3C[C@@H]12,['Antibiotic']
CHEMBL210651,Nc1ccn([C@H]2CO[C@@H](CO)S2)c(=O)n1,"['Anti-HIV-1', 'Anti-HBV', 'Anti-Hepatitis B']"
CHEMBL2107806,C=Cc1c(C)c2cc3nc(c(CC(=O)N[C@@H](CC(=O)[O-])C(=O)[O-])c4[nH]c(cc5nc(cc1[nH]2)C(C)=C5CC)c(C)c4C(=O)[O-])[C@@H](CCC(=O)[O-])[C@@H]3C.[Na+].[Na+].[Na+].[Na+],[]
CHEMBL2165402,CC1=C[C@]23C(=O)[C@@H](C=C(CO)[C@@H](O)[C@]2(O)[C@H]1O)[C@H]1[C@@H](C[C@H]3C)C1(C)C,['Actinic Keratosis Treatment']
CHEMBL217899,CCc1nn(C2CCCC2)c2c1CCn1c(-c3cccs3)nnc1-2,"['PDE4 Inhibitor', 'Phosphodiesterase Inhibitor']"
CHEMBL2303621,COC(=O)N[C@H](C(=O)N1CCC[C@H]1c1ncc(-c2ccc(-c3ccc(-c4cnc([C@@H]5CCCN5C(=O)[C@@H](NC(=O)OC)C(C)C)[nH]4)cc3)cc2)[nH]1)C(C)C.Cl.Cl,"['HCV NS5b Polymerase Inhibitor', 'HCV Inhibitor']"
CHEMBL2308885,CCCC(=O)O[C@]1(C(=O)CCl)[C@H](C)C[C@@H]2[C@@H]3CCC4=CC(=O)C=C[C@]4(C)[C@]3(F)C(=O)C[C@@]21C,"['Anti-Inflammatory', 'Topical Antiinflammatory']"
CHEMBL2331680,CCNC(=O)Nc1ccc(-c2nc3c(c(N4CCOC[C@@H]4C)n2)CCN(C2COC2)C3)cc1,['mTORC1 Inhibitor']
CHEMBL2346738,Fc1ccc2nc(CCC#Cc3ccccn3)cn2c1,['mGlu2 Antagonist']
CHEMBL24147,Oc1cccc(O)c1,[]
CHEMBL272980,Nc1ccccc1NC(=O)c1ccc(CNc2nccc(-c3cccnc3)n2)cc1,"['Anticancer', 'HDACs Inhibitor', 'Histone Deacetylase Inhibitor', 'HDAC11 Inhibitor']"
CHEMBL307429,OC[C@H]1NC[C@H](O)[C@@H](O)[C@@H]1O,"['Anticancer', 'Cytotoxic', 'Apoptosis Inducer', 'Anti-Diabetic', 'EGFR Kinase Inhibitor', 'Anti-Cancer', 'Alpha-glucosidase Inhibitor', 'Hypoglycemic', 'Angiogenesis Inhibitor', 'Butylcholinesterase Inhibitor', 'Antihyperglycaemic', 'Immunosuppressive', 'Anti-Bacterial', 'NO Donor', 'Cytokine Inhibitor', 'Pharmacologic Chaperone', 'Glycosidase Inhibitor', 'Fluorescent', 'Beta-Glucosidase Inhibitor', 'Beta-Glucocerebrosidase Inhibitor', ""Gaucher's Disease"", 'Beta-Galactofuranosidase Inhibitor', 'Alpha-L-Fucosidase Inhibitor', 'Chaperone', 'Alpha-Galactosidase Inhibitor', 'Alpha-Mannosidase Inhibitor', 'Lysosomal Storage Disorder', 'Insulin-Releasing', 'Fabry Disease', 'Sucrase Inhibitor', 'Maltase Inhibitor', 'Beta-Mannosidase Inhibitor', 'Postprandial Hyperglycemia', 'Pompe Disease', 'GAA Ligand', 'Alpha-l-rhamnosidase Inhibitor', 'Lysosomal Beta-Mannosidase Inhibitor', 'Glycogenolysis Inhibitor']"
CHEMBL3137320,Cn1ncnc1[C@H]1c2n[nH]c(=O)c3cc(F)cc(c23)N[C@@H]1c1ccc(F)cc1,"['Anticancer', 'PARP1/2 Inhibitor', 'Cancer Therapy', 'Synthetic Lethality', 'DDR Kinase Inhibitor']"
CHEMBL3137358,COc1ccc2c(O[C@@H]3C[C@H]4C(=O)N[C@]5(C(=O)[N-]S(=O)(=O)C6CC6)C[C@H]5/C=C\CCCCN(C)C(=O)[C@@H]4C3)cc(-c3nc(C(C)C)cs3)nc2c1C.[Na+],"['Antiviral', 'HCV NS3 Protease Inhibitor']"
CHEMBL334830,O=C1C[C@@]2(C(=O)N1)C(=O)N(Cc1ccc(Br)cc1F)C(=O)c1cccn12,['Aldose Reductase Inhibitor']
CHEMBL358150,CC(C)(Oc1ccc(Cl)cc1)C(=O)OCCOC(=O)c1cccnc1,[]
CHEMBL364713,COc1ccc2c(c1OC)C(=O)O[C@@H]2[C@H]1c2c(cc3c(c2OC)OCO3)CCN1C,['S Phase Arrest']
CHEMBL3707218,O=C1N(Cc2ccc(C(F)(F)F)o2)c2ccccc2[C@]12COc1cc3c(cc12)OCO3,['NaV1.7 Blocker']
CHEMBL4283683,Cn1cc(-c2ccc(S(=O)(=O)n3ccc(/C=C/C(=O)Nc4ccccc4N)c3)cc2)cn1,"['Anticancer', 'Histone Deacetylase Inhibitor']"
CHEMBL4297325,C=CCc1c(OC(=O)N2CCC(N3CCCCC3)CC2)ccc2nc3c(cc12)Cn1c-3cc2c(c1=O)COC(=O)[C@]2(O)CC.Cl,[]
CHEMBL4297494,O=C(CCc1ccc(CN[C@H](C(=O)OC2CCCC2)C2CCCCC2)cn1)NO,[]
CHEMBL457299,OCCO,[]
CHEMBL4594430,CC(C)c1nc2c([nH]1)C(=O)C(=O)c1ccccc1-2,['NQO1 Substrate']
CHEMBL4650232,CCCCCCCCCCCCCCCCOC(=O)COc1cccc2c1C[C@H]1C[C@@H](O)[C@H](CC[C@@H](O)CCCCC)[C@H]1C2,[]
CHEMBL4791762,O=C(c1ccc2nonc2c1)N1CCOCC1,['Biotin Biosynthesis Inhibitor']
CHEMBL4802135,CC(C)(C)[C@H](NC(=O)C(F)(F)F)C(=O)N1C[C@H]2[C@@H]([C@H]1C(=O)N[C@H](C#N)C[C@@H]1CCNC1=O)C2(C)C,"['Antiviral', 'SARS-CoV 3CL Protease Inhibitor', 'SARS-CoV Inhibitor', 'Covalent Inhibitor', 'COVID-19', 'Main Protease Inhibitor']"
CHEMBL5095106,CC(C)(c1ccc(OCc2ccnc(NS(C)(=O)=O)n2)cc1)c1cc(Cl)c(OCCCl)c(C#N)c1,[]
CHEMBL5314496,Cc1nc(N2CC([C@H]3CCCN([C@H]4C[C@](C)(C(=O)O)C4)C3)C2)nc(N[C@H](C)c2ccc(Cl)cc2Cl)c1Cl,['CCR4 Receptor Antagonist']
CHEMBL542541,Cl.NNc1nncc2ccccc12,[]
CHEMBL579217,COc1cc2c(cc1OCCCF)CCN1C[C@@H](CC(C)C)[C@H](O)C[C@H]21,"['VMAT-2 Inhibitor', 'VMAT2 Ligand']"
CHEMBL762,Cc1cc(C(C)(C)C)c(O)c(C)c1CC1=NCCN1,"['5-HT(1B/1D) Agonist', 'Alpha 1-Adrenoceptor Agonist', 'h5-HT1D Receptor Ligand']"
CHEMBL76222,CNC(=O)[C@@H](NC(=O)[C@H](CC(C)C)NC(=O)[C@@H](S)CCN1C(=O)N(C)C(C)(C)C1=O)C(C)(C)C,[]
CHEMBL105,CO[C@@]12[C@H](COC(N)=O)C3=C(C(=O)C(C)=C(N)C3=O)N1C[C@@H]1N[C@@H]12,['Antitumor']
CHEMBL1200323,CC(CCc1ccccc1)NCC(O)c1ccc(O)c(C(N)=O)c1.Cl,"['Antihypertensive', 'Farnesyl-Protein Transferase Inhibitor', 'Vasodilator', 'MRSA', 'Beta-Adrenoceptor Blocker', 'H1 Receptor Antagonist', 'CYP1B1 Inhibitor', 'Heparanase Inhibitor', 'Alpha 1-Adrenoceptor Blocker', 'Beta-Adrenoceptor Antagonist', 'HSA-Binding', 'TTR Amyloidogenesis Inhibitor', 'Anti-Melanoma', 'Permeability', 'MCT1 Inhibitor', 'Antihistamine', 'OCT1 Substrate', 'Pgp Substrate', 'Cell Wall Synthesis Inhibitor', 'Pesticide Design', 'Blood-Brain Barrier Permeability']"
CHEMBL1200751,O.S=c1[nH]cnc2nc[nH]c12,[]
CHEMBL1201147,CCCCC(CC)COC(=O)C(C#N)=C(c1ccccc1)c1ccccc1,[]
CHEMBL1472989,CC(C)NCC(O)COc1ccc(COCCOC(C)C)cc1.CC(C)NCC(O)COc1ccc(COCCOC(C)C)cc1.O=C(O)/C=C/C(=O)O,[]
CHEMBL1726,COC(=O)C1=C(C)NC(C)=C(C(=O)OCC(C)C)C1c1ccccc1[N+](=O)[O-],"['Vasodilator', 'Ca2+ Antagonist', 'Hypertension', 'Mineralocorticoid Antagonist', 'MR Antagonist', 'Indoleamine 2,3-Dioxygenase Inhibitor', 'L-Type Ca2+ Channel Blocker', 'CYP3A4 Inducer', 'PXR Activator', 'QT Prolongation', 'L-type Channel Inhibitor', 'CaL Channel Inhibitor', 'Alpha-Adrenolytic']"
CHEMBL1887147,CS(=O)(=O)c1cc(C(F)(F)F)ccc1C(=O)c1cnoc1C1CC1,[]
CHEMBL2104956,CCCCC(CC)COc1ccc(-c2nc(-c3ccc(OC)cc3)nc(-c3ccc(OCC(CC)CCCC)cc3O)n2)c(O)c1,[]
CHEMBL2105302,c1ccc(C(Cc2noc(CCN3CCCCC3)n2)c2ccccc2)cc1,[]
CHEMBL2219414,CN(C)[C@@H]1C(O)=C(C(N)=O)C(=O)[C@@]2(O)C(O)=C3C(=O)c4c(O)c(NC(=O)CN5CCCC5)cc(F)c4C[C@H]3C[C@@H]12.Cl.Cl,['Antibiotic']
CHEMBL267225,C[C@H]1[C@H](C)CC[C@]2(C)CC[C@]3(C)C(=CC[C@@H]4[C@@]5(C)CC[C@@H](O)[C@](C)(C(=O)O)[C@@H]5CC[C@]43C)[C@H]12,"['Cytotoxic', 'Anti-Inflammatory', 'COX2 Inhibitor', 'NF-kappa B Inhibitor', 'PTP1b Inhibitor', 'Protein Tyrosine Phosphatase 1B Inhibitor', 'LOX Inhibitor', 'Apoptotic', 'SENP Inhibitor', 'Anti-Arthritis', 'AKR1B1 Inhibitor', 'DNA Polymerase Beta Inhibitor', 'Insulin Pathway Modulator']"
CHEMBL295829,COc1ccc2c(c1)c(CC(=O)NO)c(C)n2C(=O)c1ccc(Cl)cc1,"['COX2 Inhibitor', 'Nitric Oxide Donor']"
CHEMBL3039524,Cc1ccc(S(=O)(=O)O)cc1.O=C(Nc1ccc(Cl)c(S(=O)(=O)N2CCNCC2)c1O)Nc1cccc(F)c1Cl,['CXCR2/CXCR1 Antagonist']
CHEMBL3182314,CC(C)(C)C(=O)Oc1ccc(S(=O)(=O)Nc2ccccc2C(=O)NCC(=O)[O-])cc1.O.O.O.O.[Na+],[]
CHEMBL325109,COc1cc(N)c(Cl)cc1C(=O)NC1CCN(Cc2ccccc2)CC1,"['Dopamine D2 Receptor Antagonist', 'Dopamine Antagonist', '5-HT4 Receptor Agonist', 'Gastrokinetic']"
CHEMBL32994,C[Si](C)(C)c1cc(C(=O)Nc2ccc(C(=O)O)cc2)cc([Si](C)(C)C)c1,"['FXR Partial Agonist', 'Retinoidal']"
CHEMBL350775,COc1cc(C(=O)C(=O)N2CCCC[C@H]2C(=O)OC(CCCc2cccnc2)CCCc2cccnc2)cc(OC)c1OC,"['PAF-Receptor Antagonist', 'FKBP12 Ligand', 'Rotamase Inhibitor', 'PPIase Inhibitor']"
CHEMBL354077,Nc1ccncc1N,['Cholinergic Agonist']
CHEMBL3707248,COc1cc2c(cc1OC)[C@H]1C[C@@H](OC(=O)[C@@H](N)C(C)C)[C@H](CC(C)C)CN1CC2.Cc1ccc(S(=O)(=O)O)cc1.Cc1ccc(S(=O)(=O)O)cc1,['VMAT-2 Inhibitor']
CHEMBL3833333,C=C(C)[C@@H]1CCC(C)=C[C@H]1c1c(O)cc(CCCCC)cc1O.CCCCCc1cc(O)c2c(c1)OC(C)(C)[C@@H]1CCC(C)=C[C@@H]21,[]
CHEMBL3909517,CNC[C@@H](NC(=O)c1ccc(-c2nc([C@H]3CC[C@H](O)[C@@H](F)C3)cnc2N)cc1F)c1cc(F)cc(Br)c1,['AKT Inhibitor']
CHEMBL4297266,CCCCC[C@@H](O)/C=C/c1ccccc1/C=C/[C@@H](O)[C@@H](O)CCCC(=O)O,[]
CHEMBL4297387,C[C@@H](c1cc(Cl)cc2ccccc12)N(C)C(=O)CC1(c2ccc(F)cc2)CCN(C)CC1,[]
CHEMBL4594432,CC(C)(O)c1cc(Nc2cc(Oc3cn(C4CC4)nc3C3CCOCC3)ccn2)ccn1,"['ALK5 Inhibitor', 'TGF-BetaR1 Inhibitor']"
CHEMBL482968,Cc1cc(Nc2cc(N3CCN(C)CC3)nc(/C=C/c3ccccc3)n2)n[nH]1,"['Anticancer', 'TRIM37-Amplified Breast Cancer']"
CHEMBL5314511,C=CC(=O)N1CCC[C@@H](c2c(F)cc(C(N)=O)c3[nH]c4c(c23)CCCCC4)C1,['BTK Inhibitor']
CHEMBL534,CN1CCC(=C2c3ccccc3CC(=O)c3sccc32)CC1,"['Antiallergy', 'H1 Receptor Antagonist', 'Antihistaminic', 'Histamine H1 Receptor Antagonist', 'Anticholinergic', 'Histamine Receptor Antagonist', 'Anti-Allergic', 'Thyroid Cancer', 'Degranulation Inhibitor', 'Cholestatic DILI', 'H(1)/5-HT(2A) Receptor Antagonist', 'Opiate-Like']"
CHEMBL550495,CN(C)c1ccc2nc3ccc(=[N+](C)C)cc-3sc2c1.O.O.O.[Cl-],[]
CHEMBL647,Nc1cc(Cl)c(N=C2NCCN2)c(Cl)c1,[]
CHEMBL75094,CC1(C)SCCN(S(=O)(=O)c2ccc(Oc3ccncc3)cc2)[C@H]1C(=O)NO,['MMP13 Inhibitor']
CHEMBL1179047,CCN(CC)CCOC(=O)c1ccc(N)cc1Cl,[]
CHEMBL1200803,O=C(O)CCC(=O)O.O=C(O[C@H]1CN2CCC1CC2)N1CCc2ccccc2[C@@H]1c1ccccc1,[]
CHEMBL1201150,CNS(=O)(=O)Cc1ccc2[nH]cc(CCN(C)C)c2c1.O=C(O)CCC(=O)O,"['5-HT(1B/1D) Agonist', 'Anti-Migraine']"
CHEMBL1222250,OC[C@H]1OC(O)[C@H](O)[C@@H](O)[C@@H]1O,['Glucose Uptake Stimulator']
CHEMBL1412,C1CNCCN1,[]
CHEMBL1568276,CCOc1ccc2ccccc2c1C(=O)N[C@@H]1C(=O)N2[C@@H]1SC(C)(C)[C@@H]2C(=O)[O-].O.[Na+],['Antibiotic']
CHEMBL1738889,C[C@](O)(COc1ccc(C#N)cc1)C(=O)Nc1ccc(C#N)c(C(F)(F)F)c1,"['SARM', 'Androgen Receptor Ligand', 'Selective Androgen Receptor Modulator', 'Androgen Receptor Agonist', 'Selective Androgen Receptor Degrader']"
CHEMBL184,Nc1nc2c(ncn2COCCO)c(=O)[nH]1,"['Antiviral', 'Antiherpetic', 'Anti-Herpes']"
CHEMBL1910936,O=C(CN1C(=O)C2(CCCC2)NC[C@H]1c1cc(F)cc(F)c1)Nc1ccc2c(c1)C[C@@]1(C2)C(=O)Nc2ncccc21,['CGRP Receptor Antagonist']
CHEMBL2105456,CCCCC(C(=O)O)C(=O)N(Nc1ccccc1)c1ccccc1,[]
CHEMBL2105497,COC(CN1CCN(CC(O)C(OC)c2ccccc2)CC1)c1ccccc1,[]
CHEMBL2110372,CNC(=C[N+](=O)[O-])NCCSCc1ccc(CN(C)C)o1.Cl,"['Antioxidant', 'Acetylcholinesterase Inhibitor', 'Amyloid-Beta Aggregation Inhibitor', 'AChE Inhibitor', 'Butylcholinesterase Inhibitor', 'Metal Chelator', 'nNOS Inhibitor', 'Gastric Antisecretory', 'Anti-H. pylori', 'Microtubule Polymerization Inhibitor', 'H4 Receptor Antagonist', 'Permeability', 'VDR-Coactivator Inhibitor', 'Nitroreductase Substrate', 'CDI', 'Multitarget-Directed Ligand', 'Cell Wall Synthesis Inhibitor', 'Gli1 Inhibitor', 'Membrane Permeability', 'Transcription Modulator', 'Gastric Mucosal Protectant', 'C. difficile', 'VRSA', 'GIRK Channel Modulator', 'Gastric Acid Stimulator', 'OX2 Receptor Agonist', 'OX1 Receptor Agonist']"
CHEMBL211538,OB1OCc2cc(Cl)ccc21,['Leucyl tRNA Synthetase Inhibitor']
CHEMBL284642,Cc1c[nH]c2c(O)cc3c(c12)[C@H](CCl)CN3C(=O)c1cc2cc(NC(=O)Nc3ccc4[nH]c(C(=O)N5C[C@@H](CCl)c6c5cc(O)c5[nH]cc(C)c65)cc4c3)ccc2[nH]1,['Antitumor']
CHEMBL284906,O=C(NCCO[N+](=O)[O-])c1cccnc1,"['Vasodilator', 'Potassium Channel Opener', 'Antianginal']"
CHEMBL3092995,NS(=O)(=O)NC[C@H]1COc2cc(Cl)ccc2O1,['Carbonic Anhydrase Inhibitor']
CHEMBL318191,CC(=O)c1ccc2c(c1)[C@H](NC(=O)c1ccc(F)c(Cl)c1)[C@H](O)C(C)(C)O2,['Antimigraine']
CHEMBL3979920,Cn1cc(-c2nc(N[C@@H]3CCCC[C@@H]3N)c(F)c3c2C(=O)NC3)cn1,['SYK Inhibitor']
CHEMBL3989573,CN1C(=O)CC[C@H]1c1cccnc1.CN1C(=O)CC[C@H]1c1cccnc1.O=C(O)/C=C/C(=O)O,[]
CHEMBL4297482,Cc1c2c(nn1C)CSCc1cc(n(C)n1)CSc1cc(c3ccccc3c1)OCCCc1c(C(=O)O)n(C)c3c-2c(Cl)ccc13,[]
CHEMBL4469414,Cc1cc(-c2cnn3c(NC[C@H]4C[C@@](C)(O)C4)cc(Oc4cccnc4)nc23)ccc1C(=O)NC1CC1,"['TTK Inhibitor', 'MPS1 Inhibitor']"
CHEMBL4859268,CC(C)(Cc1ccc(F)cc1)NC(=O)[C@H](CCC(=O)O)NC(=O)c1ccc(-c2ccccc2)cc1,['DMOAD']
CHEMBL5314540,O=C1CCC(N2Cc3cc(CNC(=O)C(=O)c4ccc(C5(C(F)(F)F)CC5)cc4)ccc3C2=O)C(=O)N1,"['Protein Degrader', 'GSPT1/2 Degrader', 'Cereblon E3 Ligase Modulator']"
CHEMBL5314959,CCOC(=O)N1CCC[C@H](N2CCC(C(=O)NC3(C)CCC3)CC2)CC1,['M1 Agonist']
CHEMBL5315125,C[C@H](Nc1ncnc2nc[nH]c12)c1cc2cccc(Cl)c2c(=O)n1-c1ccccc1.O,"['PI3KDelta-Gamma Inhibitor', 'Immuno-Oncology']"
CHEMBL53929,NCC(O)c1ccc(O)cc1,[]
CHEMBL629,CN(C)CCC=C1c2ccccc2CCc2ccccc21,"['Analgesic', 'Anticonvulsive', 'Antidepressant', 'Antipsychotic', '5-HT2A Receptor Antagonist', '5-HT6 Receptor Ligand', '5-HT(7) Receptor Antagonist', 'GABA Uptake Inhibitor', 'Norepinephrine Transporter Inhibitor', 'H1 Receptor Antagonist', 'Hypnotic', '5-HT6 Agonist', 'Histamine H1 Receptor Antagonist', 'CNS Stimulant', 'Sedative', 'Organic Cation Transporter', 'Psychotropic', 'Histamine H(1) Receptor Ligand', 'Norepinephrine Uptake Inhibitor', 'CYP2J2 Inhibitor', 'GIRK Channel Inhibitor', 'Organic Cation Transporter Substrate', 'ASM Inhibitor', 'CNS Drug Partitioning', 'H1 Receptor Ligand', 'Thymoleptic']"
CHEMBL864,CN(C)CCOC(c1ccc(Cl)cc1)c1ccccn1,"['H1 Receptor Antagonist', 'CNS Drug Partitioning']"
CHEMBL894,CC(NC(C)(C)C)C(=O)c1cccc(Cl)c1,['Smoking Cessation Aid']
CHEMBL1161,C[C@@H]1C[C@H]2[C@@H]3CCC4=CC(=O)C=C[C@]4(C)[C@@]3(Cl)[C@@H](O)C[C@]2(C)[C@@]1(OC(=O)c1ccco1)C(=O)CCl,"['Anti-Inflammatory', 'Topical Antiinflammatory']"
CHEMBL1201016,COCC1=C(C(=O)OC(C)OC(=O)OC(C)C)N2C(=O)[C@@H](NC(=O)/C(=N\OC)c3csc(N)n3)[C@H]2SC1,['Antibiotic']
CHEMBL1236183,O=C(CO)[C@@H](O)[C@@H](O)[C@H](O)CO,[]
CHEMBL1254709,Clc1ccc2c(NCCCN3CCC(NC(c4ccccn4)c4ccccn4)CC3)ccnc2c1,['Antimalarial']
CHEMBL1272,CCOc1cc(CC(=O)N[C@@H](CC(C)C)c2ccccc2N2CCCCC2)ccc1C(=O)O,"['Hypoglycemic', 'Insulin Secretion', 'Insulinotropic', 'ALR2 Inhibitor']"
CHEMBL130880,Nc1c2c(nc3c1CCC3)CCCC2,"['Acetylcholinesterase Inhibitor', 'AChE Inhibitor']"
CHEMBL1628234,CN(C)CCC=C1c2ccccc2COc2ccccc21.Cl,"['Analgesic', 'Anticonvulsive', 'Antidepressant', 'GABA Uptake Inhibitor', 'CNS Drug Partitioning']"
CHEMBL168815,CC1OC2(CS1)CN1CCC2CC1,['Cholinergic Agonist']
CHEMBL1751,C[C@H]1O[C@@H](O[C@H]2[C@@H](O)C[C@H](O[C@H]3[C@@H](O)C[C@H](O[C@H]4CC[C@@]5(C)[C@H](CC[C@@H]6[C@@H]5C[C@@H](O)[C@]5(C)[C@@H](C7=CC(=O)OC7)CC[C@]65O)C4)O[C@@H]3C)O[C@@H]2C)C[C@H](O)[C@@H]1O,"['Cytotoxic', 'Antiproliferative', 'Apoptosis Inducer', 'Positive Inotropic', 'Na(+)/K(+)-ATPase Inhibitor', 'Blood-Brain Barrier', 'OCT1 Substrate', 'Organic Anion Transport Inhibitor', 'Male Contraceptive', 'Neuronal Differentiation']"
CHEMBL2105845,CCCCCCCCCCCCCCCCCC(=O)OC[C@H](CCOC(=O)[C@@H](N)C(C)C)Cn1cnc2c(=O)[nH]c(N)nc21,[]
CHEMBL2107456,CCCC[C@H](C)C[C@H](O)/C=C/[C@H]1[C@H](O)CC(=O)[C@@H]1CCCC/C=C/C(=O)O,[]
CHEMBL2205807,Cc1ccc(-c2ccc(C)cn2)nc1,['CYP2A6 Inhibitor']
CHEMBL292687,O=[N+]([O-])c1ccc(Cl)c([N+](=O)[O-])c1,[]
CHEMBL3039596,CCC(=O)O[C@@H](O[P@](=O)(CCCCc1ccccc1)CC(=O)N1C[C@H](C2CCCCC2)C[C@H]1C(=O)[O-])C(C)C.[Na+],['Angiotensin Converting Enzyme Inhibitor']
CHEMBL3137316,Cc1ncccc1NC(=O)c1ccc2c(c1)CC[C@@H]1C[C@@](OP(=O)(O)O)(C(F)(F)F)CC[C@@]21Cc1ccccc1,[]
CHEMBL3348846,COc1cc(CCc2cc(NC(=O)c3ccc(N4C[C@@H](C)N[C@@H](C)C4)cc3)n[nH]2)cc(OC)c1,"['FGFR1 Inhibitor', 'FGFR4 Inhibitor', 'FGFR3 Inhibitor']"
CHEMBL3806158,CCCCCC[C@@H]1CCc2cc([C@H]3CC[C@](N)(CO)C3)ccc2C1,"['S1P1 Agonist', 'Partial Agonist', 'Autoimmune Disease', 'S1P1-R Modulator', 'Arthritis', 'Autoimmune Disorder', 'Lymphocyte Reducer']"
CHEMBL3989949,NC(=O)O[C@@H](Cn1ncnn1)c1ccccc1Cl,[]
CHEMBL4104957,Nc1nc(O[C@H](c2ccc(Cl)cc2-c2ccccc2)C(F)(F)F)cc(N2CCC3(CC2)CN[C@H](C(=O)O)C3)n1,['TPH1 Inhibitor']
CHEMBL413,CO[C@H]1C[C@@H]2CC[C@@H](C)[C@@](O)(O2)C(=O)C(=O)N2CCCC[C@H]2C(=O)O[C@H]([C@H](C)C[C@@H]2CC[C@@H](O)[C@H](OC)C2)CC(=O)[C@H](C)/C=C(\C)[C@@H](O)[C@@H](OC)C(=O)[C@H](C)C[C@H](C)/C=C/C=C/C=C/1C,"['mTORC1 Inhibitor', 'Glutaminase Inhibitor', 'S Phase Arrest']"
CHEMBL4544478,CN1CCC(Nc2nc(Nc3ccc(Oc4ccccc4)cc3)c3c(=O)[nH]cc(Br)c3n2)CC1,[]
CHEMBL506871,C[C@]1(c2nc3c(C(N)=O)cccc3[nH]2)CCCN1,"['Anticancer', 'PARP1/2 Inhibitor', 'Cancer Therapy', 'Cancer Treatment', 'DHODH Inhibitor', 'Dual-Inhibitor', 'Cystic Fibrosis', 'DDR Kinase Inhibitor']"
CHEMBL50882,Nc1n[n+]([O-])c2ccccc2[n+]1[O-],"['Antitumor', 'Hypoxia-Selective Cytotoxic', 'Hypoxia-Selective', 'Hypoxic Cytotoxin']"
CHEMBL559288,N#CC(CCN1CCC(C(N)=O)(N2CCCCC2)CC1)(c1ccccc1)c1ccccc1,[]
CHEMBL9113,Cc1ccccc1,['CYP2A6 Inhibitor']
CHEMBL934,CC(C)(C(=O)c1cccnc1)c1cccnc1,"['11Beta-hydroxylase Inhibitor', 'GABA(A) Positive Modulator']"
CHEMBL941,Cc1ccc(NC(=O)c2ccc(CN3CCN(C)CC3)cc2)cc1Nc1nccc(-c2cccnc2)n1,"['Kinase Inhibitor', 'Gamma Secretase Inhibitor', 'PDGFRAlpha Inhibitor', 'Bcr-Abl Inhibitor']"
CHEMBL1165342,CC[C@]12CCCN3CCc4c(n(c5ccccc45)[C@@](O)(C(=O)OC)C1)[C@@H]32,['Vasorelaxant']
CHEMBL1200878,CC(C)(C)CC(=O)OCC(=O)[C@@]12OC(C)(C)O[C@@H]1C[C@H]1[C@@H]3CCC4=CC(=O)C=C[C@]4(C)[C@@]3(F)[C@@H](O)C[C@@]12C,[]
CHEMBL1201139,CC(=O)O[C@]1(C(C)=O)CC[C@H]2[C@@H]3C=C(C)C4=CC(=O)CC[C@]4(C)[C@H]3CC[C@@]21C,['Progesterone Receptor Modulator']
CHEMBL1201173,CC(=O)[C@H]1CC[C@H]2[C@@H]3C[C@H](C)C4=CC(=O)CC[C@]4(C)[C@H]3[C@@H](O)C[C@]12C,"['FXR Modulator', 'CYP3A4 Inducer']"
CHEMBL1201733,Cc1ccc(Nc2nccc(N(C)c3ccc4c(C)n(C)nc4c3)n2)cc1S(N)(=O)=O.Cl,['VEGFR2 Inhibitor']
CHEMBL1213251,CC(Cc1ccccc1)NCc1ccccc1Cl,[]
CHEMBL1334692,O=C(O)Cc1cn(-c2ccccc2)nc1-c1ccc(Cl)cc1,"['Anti-Inflammatory', 'CRTH2 Antagonist', 'Cell Wall Biosynthesis']"
CHEMBL1518,CCCc1cc(=O)[nH]c(=S)[nH]1,[]
CHEMBL1570,O=S(O)CNc1ccc(S(=O)(=O)c2ccc(NCS(=O)O)cc2)cc1,[]
CHEMBL1615438,C[C@@H]1CN([C@H]2CC[C@](C#N)(c3ccc(F)cc3)CC2)CC[C@]1(C(=O)O)c1ccccc1,[]
CHEMBL1650595,NCC(=O)Nc1ccc(-n2nc(C(F)(F)F)cc2-c2ccc3c(ccc4ccccc43)c2)cc1,"['Antibiotic', 'MRSA', 'ILK Inhibitor']"
CHEMBL1875999,C[C@]12CC[C@H](O)CC1=CC(=O)C1C2CC[C@]2(C)C(=O)CCC12,"['Aromatase Inhibitor', 'CBG Binding Affinity']"
CHEMBL189475,C[C@@H](C(=O)NS(C)(=O)=O)c1ccc(OS(=O)(=O)C(F)(F)F)cc1,"['IL-8 Inhibitor', 'CXCR1 Inhibitor', 'CXCL8 Inhibitor']"
CHEMBL2105669,Cn1nnc(-c2ccc(-c3ccc(N4C[C@H](COP(=O)(O)O)OC4=O)cc3F)cn2)n1,['Antibiotic']
CHEMBL2105709,CC(C)(C)c1cc(NC(=O)Nc2ccc(-c3cn4c(n3)sc3cc(OCCN5CCOCC5)ccc34)cc2)no1.Cl.Cl,"['FLT3 Inhibitor', 'VEGFR-3 Inhibitor']"
CHEMBL2107801,COc1cccc(-c2nccc3[nH]c(=O)c(-c4noc(C)n4)cc23)c1,[]
CHEMBL2364635,COc1cc(C)c2c(Oc3cccc(C(F)(F)F)c3)c(OC)cc(NC(C)CCCN)c2n1.O=C(O)CCC(=O)O,['Antimalarial']
CHEMBL259223,CC(C)=CCC/C(C)=C/CC/C(C)=C/CC/C(C)=C/CC1=C(C)C(=O)c2ccccc2C1=O,['Neuronal Differentiation']
CHEMBL3247378,C[As](C)SC[C@H](NC(=O)CC[C@H](N)C(=O)O)C(=O)NCC(=O)O,['Carcinostatic']
CHEMBL3545365,O=C(Nc1cc(Oc2cc(F)c(NC(=O)C3(C(=O)Nc4ccc(F)cc4)CC3)cc2F)ccn1)C1CC1,"['VEGFR2 Inhibitor', 'cMET Inhibitor']"
CHEMBL377300,Cc1cc2c(F)c(Oc3ncnn4cc(OC[C@@H](C)O)c(C)c34)ccc2[nH]1,"['VEGFR2 Inhibitor', 'FGFR1 Inhibitor', 'Metabolism']"
CHEMBL3916243,C[C@@]1(c2cc(NC(=O)c3ccc(C#N)cn3)ccc2F)C=CSC(N)=N1,"['BACE-1 Inhibitor', ""Alzheimer's"", 'Antialzheimer']"
CHEMBL3989974,CC(C)(O/N=C(\C(=O)N[C@@H]1C(=O)N2C(C(=O)[O-])=C(C[N+]3(CCNC(=O)c4ccc(O)c(O)c4Cl)CCCC3)CS[C@H]12)c1csc(N)n1)C(=O)O,['Gram-Negative Antibiotic']
CHEMBL4297067,O=C1C=CC2C(=C1)Oc1cc(O)ccc1C21OC(=O)c2ccccc21,[]
CHEMBL4297188,Nc1ncccc1-c1nc2ccc(-c3ccccc3)nc2n1-c1ccc(C2(N)CCC2)cc1,"['Anticancer', 'AKT Inhibitor', 'AKT Degrader', 'AKT PROTAC']"
CHEMBL4297469,Cc1cc(C)c(-c2ccc(NC(=O)[C@H](Cc3ccc(C(=O)NCCS(=O)(=O)O)cc3)c3ccc(-c4ccc(C(C)(C)C)cc4)cc3)cc2)c(C)c1,['Glucagon Antagonist']
CHEMBL4297661,Cn1cnc([N+](=O)[O-])c1C[N+](C)(C)C/C=C/C(=O)Nc1cc2c(Nc3ccc(Cl)c(Br)c3)ncnc2cn1,['EGFR Kinase Inhibitor']
CHEMBL4297866,C=CC(=O)Nc1cccc(Oc2nc(Nc3ccc(N4CCN(C)CC4)c(F)c3)nc3[nH]ccc23)c1.O.O.O=C(O)/C=C\C(=O)O,"['EGFR Kinase Inhibitor', 'EGFR-TKI']"
CHEMBL4650443,Cn1cc2cc(C(F)(F)c3nnc4ccc(-c5cnn(C6CC6)c5)nn34)c(F)cc2n1,['cMET Inhibitor']
CHEMBL466246,CO[C@@H]([C@@H]1OC(C(=O)O)=C[C@H](NC(=N)N)[C@H]1NC(C)=O)[C@H](O)CO,['Neuraminidase Inhibitor']
CHEMBL5095038,CNc1nc(NC2CCN(Cc3ccc4c(cc(C#N)n4C[C@H](C)N4CCN(S(C)(=O)=O)CC4)c3C)CC2)c2cc(CC(F)(F)F)sc2n1,['Menin-MLL1 Inhibitor']
CHEMBL5314387,C[C@H](N)c1ccc([C@H](O)CNC(C)(C)C)cc1,[]
CHEMBL541388,Cl.O=S(=O)(c1cccc2cnccc12)N1CCCNCC1,"['Anti-Inflammatory', 'Kinase Inhibitor', 'PI3 Kinase Inhibitor', 'GSK-3beta Inhibitor', 'p38 MAP Kinase Inhibitor', 'Aurora A/B Kinase Inhibitor', 'AKT Inhibitor', 'Protein Kinase Inhibitor', 'CDK Inhibitor', 'Vasodilator', 'DYRK1A Inhibitor', 'ROCK II Inhibitor', 'Rho-kinase Inhibitor', 'Src Inhibitor', 'Anti-Invasive', 'Glaucoma', 'RSK1 Inhibitor', 'Malaria', 'CK1Alpha Inhibitor', 'PLK4 Inhibitor', 'IOP-Lowering', 'PKB Inhibitor', 'Pancreatic Beta-cell Proliferation', 'Pulmonary Hypertension']"
CHEMBL728,CN1CCN(CCCN2c3ccccc3Sc3ccc(Cl)cc32)CC1,['Anti-Glioblastoma']
CHEMBL782,CCCCNC(=O)NS(=O)(=O)c1ccc(C)cc1,[]
CHEMBL82301,COC[C@@H](c1ccc(C(F)(F)F)cc1)N1CCN(C2(C)CCN(C(=O)c3c(C)ncnc3C)CC2)C[C@@H]1C,"['HIV Inhibitor', 'CCR5 Receptor Antagonist']"
CHEMBL1096380,CC(C)(C)c1[nH]cnc1/C=c1\[nH]c(=O)/c(=C/c2ccccc2)[nH]c1=O,"['Cytotoxic', 'Antimicrotubule', 'Vascular-Disrupting']"
CHEMBL1198857,OCc1cc([C@@H](O)CNCCCCCCOCCOCc2c(Cl)cccc2Cl)ccc1O,"['Beta(3)-Adrenergic Agonist', 'Bronchodilator']"
CHEMBL1200322,CN(C)CCC[C@@]1(c2ccc(F)cc2)OCc2cc(C#N)ccc21.O=C(O)C(=O)O,"['Antidepressant', 'Serotonin Transporter Inhibitor', 'Serotonin Re-uptake Inhibitor', 'SERT Inhibitor', 'Serotonin Transporter Ligand', 'Norepinephrine Transporter Inhibitor', 'Selective Serotonin Reuptake Inhibitor', 'hERG Channel Inhibitor', 'Mood Disorder', 'Glioprotective']"
CHEMBL1200409,CCN(CC)CC(=O)Nc1c(C)cccc1C.Cl.O,"['Antiarrhythmic', 'Local Anesthetic']"
CHEMBL1200598,CC/C(=C(/CC)c1ccc(OP(=O)(O)O)cc1)c1ccc(OP(=O)(O)O)cc1,"['PXR Antagonist', 'CYP3A4 Inducer']"
CHEMBL1200744,[18F-].[Na+],"['Antibiotic', 'Antimalarial', 'Antimicrobial', 'Neuroprotective', 'Carbonic Anhydrase Inhibitor', 'Antihypertensive', 'Anti-Trypanosomal', 'Vasodilator', 'PDE10a Inhibitor', 'Cytoprotective', 'Vasorelaxant', 'Cardioprotective', 'Cardiovascular', 'CA I Inhibitor', 'Insulin Secretagogue', 'Type 2 Diabetes Treatment', 'Matriptase Inhibitor', 'CD73 Inhibitor', 'Nootropic', 'H. pylori', 'Tau Phosphorylation Inhibitor', 'H2S Donor', 'Carbonic Anhydrase', 'Amnesia-Reversal', 'NMDAR Antagonist', 'Osteoblast Stimulator', 'Hydrogen Sulfide Donor', 'Mood Disorder', 'Insulin Release Stimulator', 'CO2 Hydrase', 'Beta-CA Inhibitor', 'GPR39 Agonist', 'Carbonic Anhydrase IV Inhibitor', 'IFN-Gamma Inhibitor', 'Cu Chelator', 'Anion Inhibitor', 'H2S-Releasing', 'DNA Cleaving Agent', 'Carbonic Anhydrase XV Inhibitor', 'Tau Protein Inhibitor', 'HD', 'Glycogen Synthase Activator']"
CHEMBL1200962,CO/N=C(\C(=O)N[C@@H]1C(=O)N2C(C(=O)O)=C(C[N+]3(C)CCCC3)CS[C@H]12)c1csc(N)n1.Cl.O.[Cl-],"['Antibiotic', 'PBP2 Inhibitor', 'Antibiotic Resistance', 'Drug Efflux Pump Inhibitor']"
CHEMBL1442422,CN(C)CCN1C(=O)c2ccccc2N(C)c2ccccc21,"['Dopamine Antagonist', 'Histamine H1 Receptor Antagonist']"
CHEMBL1489,Nc1ncn([C@@H]2O[C@H](CO)[C@@H](O)[C@H]2O)c(=O)n1,"['Anticancer', 'Cytotoxic', 'Antitumor', 'Antiviral', 'Cytostatic', 'Prodrug', 'Chk1 Inhibitor', 'Ribonucleotide Reductase Inhibitor', 'PKM2 Activator', 'G9a Inhibitor', 'DNA Methyltransferase Inhibitor', 'Thymidine Kinase Inhibitor', 'Spore Germination Inhibitor', 'Anti-Arthritis', 'Antiherpes', 'DHPS Inhibitor', 'Anti-Herpes', 'RNA Synthesis Inhibitor', 'Hematologic Malignancies', 'Uridine-Deoxyuridine Phosphorylase Inhibitor', 'Electron Transport Inhibitor', 'Calcium Modulator', 'Erythroid Differentiation Inducer', 'Anti-PDAC', 'Mitochondrial Respiratory Chain Inhibitor', 'Cytotoxicity Protection', 'sAC Inhibitor']"
CHEMBL1628502,CC(OC(=O)NCC1(CC(=O)O)CCCCC1)OC(=O)C(C)C,[]
CHEMBL1631221,Nc1ccn([C@@H]2S[C@H](CO)[C@@H](O)[C@@H]2O)c(=O)n1,['Antitumor']
CHEMBL1737,CCCc1nn(C)c2c(=O)[nH]c(-c3cc(S(=O)(=O)N4CCN(C)CC4)ccc3OCC)nc12.O=C(O)CC(O)(CC(=O)O)C(=O)O,"['PDE 5 Inhibitor', 'Erectile Dysfunction', 'Erectile Dysfunction Treatment']"
CHEMBL2103812,N[C@H](CCC(=O)N[C@@H](Cc1c[nH]c2ccccc12)C(=O)O)C(=O)O,[]
CHEMBL2111286,CNC(=C[N+](=O)[O-])NCCSCc1ccc(CN(C)C)o1.O=C([O-])CC(O)(CC(=O)[O-])C(=O)[O-].[Bi+3],"['AChE Inhibitor', 'VDR-Coactivator Inhibitor', 'Gastric Mucosal Protectant', 'C. difficile', 'VRSA']"
CHEMBL2151591,Cc1c(O)cc2c(c1C)O[C@](C)(CCC[C@H](C)CCC[C@H](C)CCCC(C)C)CC2,"['Antioxidant', 'PXR Agonist']"
CHEMBL2359966,C=C[C@H]1CN2CC[C@H]1C[C@H]2[C@H](O)c1ccnc2ccc(OC)cc12.C=C[C@H]1CN2CC[C@H]1C[C@H]2[C@H](O)c1ccnc2ccc(OC)cc12.O.O.O=S(=O)(O)O,"['Cytotoxic', 'Antimalarial', 'Anti-Tuberculosis', 'Antimicrobial', 'Antiplasmodial', 'Anti-Trypanosomal', 'P-glycoprotein Inhibitor', 'Antiarrhythmic', 'CYP3A4 Inhibitor', 'hERG Inhibitor', 'MDR-Modulator', 'CYP450 Inhibitor', 'Cyp11B1 Inhibitor', 'Aldosterone Synthase Inhibitor', 'ATP Synthase Inhibitor', 'Antiamoebic', 'Chikungunya Inhibitor', 'Ebola Virus Inhibitor', 'Heart Failure', 'Spermicidal', 'Anti-Dengue', 'Organic Cation Transporter', 'SKCa Channel Blocker', 'OATP Inhibitor', 'Microbicidal', 'Organic Cation Transporter 2 Inhibitor', 'hBChE Inhibitor']"
CHEMBL2403238,C[C@H]1CO[C@@H]2Cn3cc(C(=O)NCc4ccc(F)cc4F)c(=O)c(O)c3C(=O)N12,"['HIV Integrase Inhibitor', 'Antiretroviral', 'Integrase Inhibitor', 'Hydrogen Sulfide Donor']"
CHEMBL3039520,CN1CCC(C(=O)c2cccc(NC(=O)c3c(F)cc(F)cc3F)n2)CC1,['5-HT(1F) Receptor Agonist']
CHEMBL306700,CCOc1ccccc1OCC1CNCCO1,['Antidepressant']
CHEMBL3291398,C=C[C@]1(C)C[C@@H](OC(=O)CS[C@@H]2CC[C@@H](N)C[C@H]2O)[C@]2(C)[C@H](C)CC[C@]3(CCC(=O)[C@H]32)[C@@H](C)[C@@H]1O,"['Antibiotic', 'CYP3A4 Inhibitor', 'Ribosome Binding', 'Anti-Wolbachia', 'Onchocerciasis', 'Filarial Infection']"
CHEMBL3545155,COc1ccc(Br)cc1NC(=O)Nc1cccc2c1ccn2Cc1ccnc(N)c1,['VEGFR2 Inhibitor']
CHEMBL358850,C[C@@H](O)C(=O)O,"['Toxic', 'Antilipolytic', 'FTO Inhibitor']"
CHEMBL383322,CCOCc1nc2c(N)nc3ccccc3c2n1CC(C)(C)O,"['Immunomodulator', 'TLR7/8 Agonist', 'TLR7/8/9 Antagonist']"
CHEMBL3989791,CC1CCCCC1(c1cccs1)N1CCCCC1,[]
CHEMBL4285417,C[C@@H]1COCCN1c1cc(C2([S@](C)(=N)=O)CC2)nc(-c2cc[nH]c3nccc2-3)n1,['ATR Inhibitor']
CHEMBL4297331,CN1C2C(=O)c3ccccc3C1C1=C2C(=O)c2ccccc2C1=O,[]
CHEMBL4297635,CCCCCc1cccc(CC(=O)O)c1,['Anti-Inflammatory']
CHEMBL4298139,COC(=O)[C@H](c1ccccc1)[C@H]1CCCCN1C(=O)OC[n+]1cccc(C(=O)N[C@@H](CO)C(=O)O)c1.[Cl-],[]
CHEMBL5314950,Cc1cc(C(=O)N(C)[C@H](CN2CC(O)C2)C(C)C)ccc1F,['Kappa Opioid Agonist']
CHEMBL561057,CC(C)=CCC/C(C)=C/CNCCNC1C2CC3CC(C2)CC1C3,[]
CHEMBL853,Nc1ccn([C@H]2CC[C@@H](CO)O2)c(=O)n1,"['Antiviral', 'Anti-HIV-1', 'HIV-1 PR/RT Inhibitor', 'HIV Inhibitor', 'HIV NNRTI', 'Anti-HBV', 'Reverse Transcriptase Inhibitor', 'Antiretroviral', 'HBV Inhibitor', 'HBV Capsid Inhibitor', 'RT Inhibitor', 'HIV', 'Anti-Herpes', 'HBV', 'NRTI', 'HBV Capsid Assembly Effector', 'Anti-Hepatitis B']"
CHEMBL105318,Cc1cn([C@H]2C[C@H](F)[C@@H](CO)O2)c(=O)[nH]c1=O,['Anti-HIV-1']
CHEMBL146927,N[C@H]1C[C@@H](C(=O)O)CC1=C(F)F,[]
CHEMBL148674,CCc1c(C(=O)C(N)=O)c2c(OCC(=O)O)cccc2n1Cc1ccccc1,"['sPLA2 Inhibitor', 'hnps-PLA2 Inhibitor']"
CHEMBL1625260,CCOC(=O)Nc1ccc2c(c1)N(C(=O)CN(C)C)c1ccccc1CC2,['CAR Inverse Agonist']
CHEMBL1678,COc1cc2c(cc1OC)C(=O)C(CC1CCN(Cc3ccccc3)CC1)C2.Cl,"['Antioxidant', 'Neuroprotective', 'Acetylcholinesterase Inhibitor', ""Alzheimer's Disease"", 'BACE-1 Inhibitor', ""Alzheimer's"", 'Amyloid-Beta Aggregation Inhibitor', 'AChE Inhibitor', 'Butylcholinesterase Inhibitor', 'Antialzheimer', 'BuChE Inhibitor', 'Antineuroinflammatory', 'Metal Chelator', ""Alzheimer's Treatment"", 'BChE Inhibitor', 'Anticholinesterase', 'Anti-Beta-amyloid Aggregation', 'Anti-AD', 'ChEs Inhibitor', 'Multi-Functional', 'Multi-target', 'AD Treatment', 'AD', 'Multitarget-Directed Ligand', 'AChE-Induced A beta Aggregation Inhibitor', 'hBChE Inhibitor']"
CHEMBL1767408,O=c1ccn([C@@H]2O[C@H](COP(=O)([O-])OP(=O)([O-])OP(=O)([O-])OP(=O)([O-])OC[C@H]3O[C@@H](n4ccc(=O)[nH]c4=O)[C@H](O)[C@@H]3O)[C@@H](O)[C@H]2O)c(=O)[nH]1.[Na+].[Na+].[Na+].[Na+],"['P2Y Receptor Antagonist', 'P2Y2 Agonist', 'NPP1 Inhibitor']"
CHEMBL1946170,CNC(=O)c1cc(Oc2ccc(NC(=O)Nc3ccc(Cl)c(C(F)(F)F)c3)c(F)c2)ccn1,"['Antitumor', 'Apoptosis Inducer', 'VEGFR2 Inhibitor', 'Multi-target Kinase Inhibitor', 'Raf Kinase Inhibitor']"
CHEMBL198362,O=C(NC[C@H]1CN(c2ccc(N3CCOCC3=O)cc2)C(=O)O1)c1ccc(Cl)s1,"['Factor Xa Inhibitor', 'Anticoagulant', 'Antithrombotic', 'FXa Inhibitor', 'Hepsin Inhibitor', 'HGFA Inhibitor']"
CHEMBL2087003,NC(=O)OC[C@@H](O)c1ccccc1Cl,[]
CHEMBL2105097,COc1ccccc1OC(=O)c1ccccc1OC(C)=O,[]
CHEMBL2219413,N=C(N)NCCCCC(=O)Nc1cc(C(F)(F)F)cc(NC(=O)c2cc(C(=O)Nc3cc(C(F)(F)F)cc(NC(=O)CCCCNC(=N)N)c3O[C@@H]3CCNC3)ncn2)c1O[C@@H]1CCNC1,[]
CHEMBL222863,C[C@@H]1O[C@@H](O[C@H]2C[C@@H](O)[C@]3(CO)[C@H]4[C@H](O)C[C@]5(C)[C@@H](C6=CC(=O)OC6)CC[C@]5(O)[C@@H]4CC[C@]3(O)C2)[C@H](O)[C@H](O)[C@H]1O,"['Cytotoxic', 'Cardiotonic', 'Na(+)/K(+)-ATPase Inhibitor', 'Male Contraceptive']"
CHEMBL226345,Nc1[nH]cnc2ncnc1-2,['PI 4-Kinase Inhibitor']
CHEMBL2364609,CN[C@]1(c2ccccc2Cl)CCCCC1=O.Cl,"['Analgesic', 'Neuroprotective', 'Acetylcholinesterase Inhibitor', 'Anticonvulsive', 'NMDA Antagonist', 'Butylcholinesterase Inhibitor', 'mGlu5 NAM', '5-HT Agonist', 'Enzyme Inhibitor', 'NMDA Receptor Inhibitor', 'NMDA Receptor Ligand', 'Anesthetic', 'Hypnotic', 'NMDA Receptor Blocker', 'CNS Penetration', 'mGlu NAM', 'Intravenous Anesthetic', 'General Anesthetic', 'VGCC Blocker', 'TASK Channel Modulator']"
CHEMBL2364611,Cc1cccc(-c2nn3c(c2-c2ccnc4ccc(C(N)=O)cc24)CCC3)n1,"['ALK5 Inhibitor', 'TGF-BetaR1 Inhibitor', 'TGFBeta Inhibitor', 'Transforming Growth Factor-beta Type I Receptor Inhibitor']"
CHEMBL296468,CC(C)(C)c1cnc(CSc2cnc(NC(=O)C3CCNCC3)s2)o1,"['Anticancer', 'Antitumor', 'Apoptosis', 'CDK1/CDK2 Inhibitor', 'CDK9 Inhibitor', 'CDK7 Inhibitor', 'CDK12 Inhibitor']"
CHEMBL3287735,CC[C@H](C)n1cc(C)c2c(C(=O)NCc3c(C)cc(C)[nH]c3=O)cc(-c3ccc(N4CCNCC4)nc3)cc21,"['Anticancer', 'Cancer Therapy', 'Histone Methyltransferase Inhibitor', 'EZH2 Inhibitor', 'PRC2 Inhibitor', 'EED Inhibitor', 'Lymphoma Treatment', 'EZH1 Inhibitor', 'Epigenetic Cancer Therapy']"
CHEMBL3301594,COc1cnc(-n2cnc(C)n2)c2c1c(C(=O)C(=O)N1CCN(C(=O)c3ccccc3)CC1)cn2COP(=O)(O)O,['HIV Attachment Inhibitor']
CHEMBL3360975,CC(C)(O)c1cn(-c2ccc(-c3cccc(S(C)(=O)=O)c3)cc2)c(C(C)(C)c2ccccc2Cl)n1,['LXRalpha Agonist']
CHEMBL3544966,O=C1NC(=O)/C(=C/c2ccc3nccc(-c4ccncc4)c3c2)S1,[]
CHEMBL383634,COc1ccc2c(c1)C(=O)N(CCc1ccc(S(=O)(=O)NC(=O)NC3CCCCC3)cc1)C(=O)C2(C)C,[]
CHEMBL3986824,Nc1cncc(-c2cn3ccnc3c(Nc3ccc(N4CCN(C5COC5)CC4)cc3)n2)n1,"['Autoimmune', 'SYK Inhibitor']"
CHEMBL4079239,C[C@@H]1c2nnn(-c3ncc(F)cn3)c2CCN1C(=O)c1cccc(C(F)(F)F)c1Cl,['P2X7 Receptor Antagonist']
CHEMBL4279455,CC(=O)O[C@H]1C(=O)[C@]23C[C@H]2C[C@H]2OC[C@@]2(OC(C)=O)[C@H]3[C@H](OC(=O)c2ccccc2)[C@]2(O)C[C@H](OC(=O)[C@H](O)[C@@H](NC(=O)OC(C)(C)C)c3ccccc3)C(C)=C1C2(C)C,"['Anticancer', 'Microtubule Stabilizer']"
CHEMBL4297603,[2H]C([2H])([2H])C(c1cc(C(C)(C)C)c(NC(=O)c2c[nH]c3ccccc3c2=O)cc1O)(C([2H])([2H])[2H])C([2H])([2H])[2H],['CFTR Potentiator']
CHEMBL45816,COCC(=O)O[C@]1(CCN(C)CCCc2nc3ccccc3[nH]2)CCc2cc(F)ccc2[C@@H]1C(C)C,"['Antihypertensive', 'IKr Channel Blocker']"
CHEMBL5314539,C=CC(=O)Nc1cc(Nc2nc(-c3ccnc(N4CCn5c(cc6c5CC(C)(C)C6)C4=O)c3CO)cn(C)c2=O)ccc1N1CCN(C2CCOCC2)C[C@@H]1C,"['BTK Inhibitor', 'Btk Inhibitor']"
CHEMBL595573,O=C1O[C@]2(CC[C@H](C(=O)Nc3ccn(-c4ccccc4F)n3)CC2)c2cnccc21,['NPY Y5 Receptor Antagonist']
CHEMBL1200989,CCC(=O)OCC(=O)[C@@]1(OC(=O)CC)[C@H](C)C[C@H]2[C@H]3[C@H]([C@@H](O)C[C@@]21C)[C@@]1(C)C=CC(=O)C=C1C[C@H]3Cl,['Topical Antiinflammatory']
CHEMBL1230982,c1cncc(C2=NCCCC2)c1,[]
CHEMBL126224,CN(C)CCCn1c2c(c3ccccc31)CCCCCC2,[]
CHEMBL1571,C[C@]12C=CC(=O)C=C1CC[C@@H]1[C@@H]2CC[C@]2(C)OC(=O)CC[C@@H]12,['Aromatase Inhibitor']
CHEMBL17976,C=C(C)[C@]12C[C@@H](C)[C@@]34O[C@](Cc5ccccc5)(O[C@@H]1[C@@H]3C=C(COC(=O)Cc1ccc(O)c(OC)c1)C[C@]1(O)C(=O)C(C)=C[C@@H]41)O2,['TRPV1 Ligand']
CHEMBL1923502,C[C@@H]1CN[C@@H](C2CC2)C(=O)N(C)[C@H](C)C(=O)N[C@H](Cc2ccc(F)cc2)C(=O)NCCCc2ccccc2O1.Cl.O,['Ghrelin Receptor Agonist']
CHEMBL1987462,CCCCNCC(O)c1ccc(O)cc1,['Beta(3)-Adrenergic Agonist']
CHEMBL2007884,Cc1c(F)c(N)c2c(=O)cc(-c3ccc(NC(=O)[C@@H](N)CCCCN)c(F)c3)oc2c1F,['Anticancer']
CHEMBL2104340,Nc1nc(=O)n([C@H]2C[C@H](O)[C@@H](CO)O2)cc1I,"['Antiviral', 'Antiherpes', 'Anti-Herpes']"
CHEMBL2104967,CCOCc1cc(OC)c(-c2ccc(C[C@H](NC(=O)c3c(F)cccc3F)C(=O)O)cc2)c(OC)c1,['VLA-4 Antagonist']
CHEMBL2107341,OCCOCCOc1ccc(/C(=C(/CCCl)c2ccccc2)c2ccccc2)cc1,['Thyroid Cancer']
CHEMBL2107372,CC(=O)O[C@@]12CO[C@@H]1C[C@H](O)[C@@]1(C)C(=O)[C@H](OC(=O)C3CCCC3)C3=C(C)[C@@H](OC(=O)[C@H](O)[C@@H](NC(=O)OC(C)C)c4cccs4)C[C@@](O)([C@@H](OC(=O)c4ccccc4)[C@H]21)C3(C)C,['Antitumor']
CHEMBL2107726,[O-][n+]1cccc(/C(Cl)=N/OC[C@H](O)CN2CCCCC2)c1,[]
CHEMBL2163631,COc1cc(C(=O)c2cnc(-c3c[nH]c4ccccc34)[nH]2)cc(OC)c1OC,"['Anticancer', 'Tubulin Inhibitor']"
CHEMBL222645,Cc1onc(-c2c(F)cccc2Cl)c1C(=O)N[C@@H]1C(=O)N2[C@@H]1SC(C)(C)[C@@H]2C(=O)O,['Antibiotic']
CHEMBL257704,CN(C)CCO/N=C(/C=C/c1ccc(O)cc1)c1ccccc1F,[]
CHEMBL3085504,Cc1c(N)nc([C@H](CC(N)=O)NC[C@H](N)C(N)=O)nc1C(=O)N[C@H](C(=O)N[C@H](C)[C@@H](O)[C@H](C)C(=O)N[C@H](C(=O)NCCc1nc(-c2nc(C(=O)NCCC[S+](C)C)cs2)cs1)[C@@H](C)O)[C@@H](O[C@@H]1O[C@@H](CO)[C@@H](O)[C@H](O)[C@@H]1O[C@H]1O[C@H](CO)[C@@H](O)[C@H](OC(N)=O)[C@@H]1O)c1c[nH]cn1.O=S(=O)(O)O,"['Antitumor', 'DNA Binding', 'DNA Cleavage', '2OG Oxygenase Inhibitor']"
CHEMBL308954,Cc1cc(C#N)cc(C)c1Oc1nc(Nc2ccc(C#N)cc2)nc(N)c1Br,"['Anti-HIV-1', 'HIV-1 PR/RT Inhibitor', 'HIV NNRTI', 'Reverse Transcriptase Inhibitor']"
CHEMBL3329435,Cc1nc2c(N3CCNCC3)cccc2n1S(=O)(=O)c1ccccc1,"['5-HT(6) Receptor Antagonist', '5-HT2A Receptor Inverse Agonist', 'Glioprotective']"
CHEMBL3545036,Cc1cc(C)c(N)c(C#Cc2cccc(F)c2)n1,['mGluR5 Positive Allosteric Modulator']
CHEMBL3707266,CN(C)C(=O)c1cc2cnc(Nc3ccc(N4CCNCC4)cn3)nc2n1C1CCCC1.O=C(O)CCC(=O)O,"['CDK9 Inhibitor', 'CDK4/6 Inhibitor']"
CHEMBL47072,CCC(=O)C1(c2cccc(O)c2)CCN(C)CC1,"['Analgesic', 'Opioid Analgesic']"
CHEMBL4802159,N#Cc1ccc(N2C[C@H](N)C[C@H](C(F)(F)F)C2)c2cccnc12,[]
CHEMBL501849,COc1ccc2c(O[C@@H]3C[C@H]4C(=O)N[C@]5(C(=O)NS(=O)(=O)C6CC6)C[C@H]5/C=C\CCCCN(C)C(=O)[C@@H]4C3)cc(-c3nc(C(C)C)cs3)nc2c1C,"['Antiviral', 'HCV NS3 Protease Inhibitor']"
CHEMBL5095239,O=C(Nc1ccc(F)c(-c2ccn3c(N4CCOCC4)cnc3n2)c1)N1CCCC1,"['Proteasome Inhibitor', 'Visceral Leishmaniasis']"
CHEMBL5095421,Cc1cc(-c2nc(C(=O)Nc3cc4oc(N5CCOCC5)nc4nc3N3CC[C@@H](O)C3)co2)ccn1.Cl,"['IRAK-4 Inhibitor', 'Hematologic Malignancies']"
CHEMBL5095423,CCN1CCC(S(=O)(=O)NC(=O)Nc2c3c(cc4c2CCC4)CCC3)CC1,"['NLRP3 Inhibitor', 'Interleukin-1beta Inhibitor']"
CHEMBL5314375,Nc1ccn(C[C@@H](CO)OCP(=O)(O)O)c(=O)n1.O.O,['Antiviral']
CHEMBL5314579,Nc1ncc(-c2ccc([C@@]34C[C@@H]3CN(C3CCOCC3)C4)cc2)cc1C(=O)NC12CCC(O)(CC1)CC2,[]
CHEMBL53418,O=C1c2cccc(O)c2C(=O)c2c(O)cccc21,"['EBV Inhibitor', 'Antitumor-Promoter', 'Epstein-Barr Inhibitor', 'Platelet Anti-Aggregatory', 'BH3 Mimic']"
CHEMBL58061,COc1cc(Cc2cnc(N)nc2N)cc(OC)c1OC.Cc1cc(NS(=O)(=O)c2ccc(N)cc2)no1,"['Antibiotic', 'Dihydrofolate Inhibitor']"
CHEMBL58510,CCN(CC)CCCC(C)Nc1ccnc2cc(Cl)ccc12.O=P(O)(O)O.O=P(O)(O)O,"['Cytotoxic', 'Antimalarial', 'Antiplasmodial', 'Antibreast Cancer', 'Anti-Malaria', 'Antiprion', 'Antiamoebic', 'Spasmolytic', 'PfDHODH Inhibitor', 'S Phase Arrest']"
CHEMBL83527,COc1cc(/C=C/c2ccc(O)cc2)cc(OC)c1,"['Cytotoxic', 'Anti-Inflammatory', 'Antioxidant', 'COX2 Inhibitor', 'NF-kappa B Inhibitor', 'NO Production Inhibitor', 'Pro-Apoptotic', 'COX1⧹2 Inhibitor', 'Chemopreventive', 'CYP1B1 Inhibitor', 'PGE-2 Inhibitor', 'Apoptotic', 'Radioprotective', 'Quinone Reductase Inducer', 'Cell Cycle Blocker', 'TRPA1 Modulator', 'QR2 Inhibitor', 'Beta-Amyloid Plaque Ligand', 'PKC Activator', 'Neurogenesis Stimulator', 'Virulence Factor Suppressor']"
CHEMBL1200495,C[C@]12CCC(=O)C=C1CC[C@@H]1[C@@H]2[C@@H](O)C[C@@]2(C)[C@H]1CC[C@]2(O)C(=O)COC(=O)CCC(=O)[O-].[Na+],['FPTase Inhibitor']
CHEMBL1200929,O=S(=O)([O-])[O-].[Zn+2],"['Antibiotic', 'Antimalarial', 'Antimicrobial', 'Carbonic Anhydrase Inhibitor', 'Anti-Trypanosomal', 'CA I Inhibitor', 'H. pylori', 'Carbonic Anhydrase', 'CO2 Hydrase', 'Beta-CA Inhibitor', 'Carbonic Anhydrase IV Inhibitor', 'Anion Inhibitor', 'Carbonic Anhydrase XV Inhibitor']"
CHEMBL1201313,CN(C)CCC(O)(c1ccccc1)c1ccccc1Cl,[]
CHEMBL1201342,CN1CCCC(CC2c3ccccc3Sc3ccccc32)C1,[]
CHEMBL1255871,CC1=C(/C=C/C(C)=C/C=C/C(C)=C/C=C/C=C(C)/C=C/C=C(C)/C=C/C2=C(C)C(=O)[C@@H](O)CC2(C)C)C(C)(C)C[C@H](O)C1=O,[]
CHEMBL1430,CC(C)(S)[C@@H](N)C(=O)O,"['MRP1 Inhibitor', 'AGE Inhibitor', 'Cholestatic DILI']"
CHEMBL1491,CCOC(=O)C1=C(COCCN)NC(C)=C(C(=O)OC)C1c1ccccc1Cl,"['Ca2+ Antagonist', 'MR Antagonist']"
CHEMBL1609,O=C(O)C(O)c1ccccc1,['Glycolic Acid Oxidase Inhibitor']
CHEMBL1624767,O=S(=O)(O)CC(S)CS,[]
CHEMBL181,CC1=Nc2ccc(Cl)cc2S(=O)(=O)N1,"['Angiogenesis Inhibitor', 'AMPA Receptor Positive Modulator']"
CHEMBL1928262,CCOc1ncc(S(=O)(=O)N2CCN(CC)CC2)cc1-c1nc2c(CC)n(CCOC)nc2c(=O)[nH]1,['PDE 5 Inhibitor']
CHEMBL1980297,Nc1ncc(-c2cnn(CCO)c2)c2scc(-c3ccc(NC(=O)Nc4cccc(F)c4)cc3)c12,[]
CHEMBL2095212,Nc1nc(CC(=O)Nc2ccc(CCNC[C@H](O)c3ccccc3)cc2)cs1,"['Beta(3)-Adrenergic Agonist', 'Beta-AR Agonist']"
CHEMBL2104251,C=C(C#N)C(=O)OCCCC,['Cysteine-Targeting']
CHEMBL2105656,CCO.O=C(N[C@@H]1CC[C@@H](c2cccc(F)c2F)CN(CC(F)(F)F)C1=O)N1CCC(n2c([O-])nc3ncccc32)CC1.[K+],['CGRP Receptor Antagonist']
CHEMBL2105977,C[N+]1(CC2CC2)[C@@H]2C[C@@H](OC(=O)[C@H](CO)c3ccccc3)C[C@H]1[C@@H]1O[C@@H]12.[Br-],"['Muscarinic Receptor Antagonist', 'Bronchodilator', 'Anticholinergic', 'Spasmolytic', 'OCT1 Substrate', 'Cholinergic Receptor Antagonist', 'Organic Cation Transporter Substrate']"
CHEMBL2145077,COc1cc2c(cc1OC)CC(=O)N(CCCN(C)C[C@H]1Cc3cc(OC)c(OC)cc31)CC2.Cl,"['Bradycardic Agent', 'Bradycardic']"
CHEMBL2146086,CC1(COc2ccc3c(c2)ncn3-c2ccc3cccc(N4CCC(N)CC4)c3n2)COC1.O=S(=O)(O)c1ccccc1,[]
CHEMBL2218894,CC(C)n1c(/C=C/C(O)CC(O)CC(=O)[O-])c(-c2ccc(F)cc2)c2ccccc21.[Na+],"['HMG-CoA Reductase Inhibitor', 'Cholesterol Synthesis Inhibitor', 'Squalene Epoxidase Inhibitor', 'NTCP Inhibitor', 'Hepatotoxic', 'Sirtuin Activator', 'CNS Drug Partitioning', 'Statin', 'TdT Inhibitor']"
CHEMBL2387408,CCCC[C@]1(CC)CS(=O)(=O)c2cc(CNC(CC(=O)O)CC(=O)O)c(OC)cc2[C@@H](c2ccccc2)N1,"['Type 2 Diabetes', 'ASBT Inhibitor']"
CHEMBL29404,Cc1nc(OCCCCCN2CCCCC2)cc(-c2ccc(F)cc2)n1,"['Sigma-1 Agonist', 'Antineuropathic Pain']"
CHEMBL3181870,Cc1ncc(COP(=O)(O)O)c(C=O)c1O.O,['Cerebro-protective']
CHEMBL3181947,Nc1c(CC(=O)[O-])cccc1C(=O)c1ccc(Br)cc1.Nc1c(CC(=O)[O-])cccc1C(=O)c1ccc(Br)cc1.O.O.O.[Na+].[Na+],[]
CHEMBL3833340,C[C@H]1[C@H](NC(=O)/C(=N\OC(C)(C)C(=O)O)c2csc(N)n2)C(=O)N1S(=O)(=O)O.NCCCC[C@H](N)C(=O)O,['Antibiotic']
CHEMBL3989943,CS(=O)(=O)CCC#N,['Aldehyde Dehydrogenase Inhibitor']
CHEMBL3989962,NC(CO)(CO)CO.NC(CO)(CO)CO.Nc1nc(=O)c2c(CCc3ccc(C(=O)N[C@@H](CCC(=O)O)C(=O)O)cc3)c[nH]c2[nH]1.O.O,[]
CHEMBL408,Cc1c(C)c2c(c(C)c1O)CCC(C)(COc1ccc(CC3SC(=O)NC3=O)cc1)O2,"['Anti-Diabetic', 'Hypoglycemic', 'Hypolipidemic', 'Lipoperoxidation Inhibitor', 'Euglycemic']"
CHEMBL4206129,Nc1nc(/C(=N/OC2(C(=O)O)CC2)C(=O)N[C@@H]2C(=O)N(S(=O)(=O)O)[C@@H]2CN2CCOC2=O)cs1,['Antibiotic']
CHEMBL4297437,O=C1N=C2C=CC=CN2C12Cc1ccccc1C2,[]
CHEMBL440294,NC(=O)C1(N2CCCCC2)CCN(CCCC(=O)c2ccc(F)cc2)CC1,[]
CHEMBL441687,CC1(C)[C@@H](O[C@H]2O[C@H](C(=O)O)[C@@H](O)[C@H](O)[C@H]2O[C@@H]2O[C@H](C(=O)O)[C@@H](O)[C@H](O)[C@H]2O)CC[C@]2(C)[C@H]3C(=O)C=C4[C@@H]5C[C@@](C)(C(=O)O)CC[C@]5(C)CC[C@@]4(C)[C@]3(C)CC[C@@H]12,"['Anti-Inflammatory', 'Anti-Diabetic', 'NF-kappa B Inhibitor', '11betaHSD1 Inhibitor', 'PPAR gamma Agonist', 'Nrf2-ARE Activator', 'Glycogen Phosphorylase Inhibitor', 'Hepatoprotective', 'AMPK Activator', 'MAPK/ERK Pathway Inhibitor', 'Dengue Inhibitor', 'Immune Stimulant', 'Cancer Chemopreventive', 'Chemopreventive', 'Enzyme Inhibitor', 'Type 2 Diabetes Treatment', 'Antitussive', 'Metabolic Disease Treatment', 'H1N1 Inhibitor', 'OATP Inhibitor', 'Hyaluronidase Inhibitor', 'Anti-Aging', 'MRP2 Inhibitor', 'Antihepatotoxic']"
CHEMBL4594266,CC[C@@]1(O)C(=O)OCc2c1cc1n(c2=O)Cc2c-1nc1cc(F)c(C)c3c1c2[C@@H](NC(=O)COCNC(=O)CNC(=O)[C@H](Cc1ccccc1)NC(=O)CNC(=O)CNC(=O)CCCCCN1C(=O)CCC1=O)CC3,[]
CHEMBL4650228,C[S@+]([O-])CCOc1cc(N2CCN(CCn3c(=O)sc4c3nc(N)n3nc(-c5ccco5)nc43)CC2)c(F)cc1F.Cl,"['A2A Adenosine Receptor Antagonist', 'Parkinson Disease', 'Depression']"
CHEMBL49429,Cc1ccc(F)cc1C(=O)Nc1ccc(C(=O)N2Cc3cccn3Cc3ccccc32)c(Cl)c1,"['Vasopressin Receptor Antagonist', 'V2-Receptor Antagonist']"
CHEMBL5095261,C[C@@H](O)[C@H](N)C(=O)N[C@@H](CCCCN)C(=O)N1CCC[C@H]1C(=O)N[C@@H](CCCNC(=N)N)C(=O)NCC(=O)N[C@@H](Cc1ccc(O)c(/N=N/c2ccc(OP(=O)([O-])OCC[N+](C)(C)C)cc2)c1)C(=O)O,[]
CHEMBL5314454,O=C(/C=C/c1cnn2ccc(N3CCC[C@@H]3c3cc(F)ccc3F)nc12)N1CCNCC1,"['Anticancer', 'Cancer Therapy', 'TRK Kinase Inhibitor', 'Pan-Trk Inhibitor', 'GBM']"
CHEMBL5315124,C[C@H]1COc2c(N3CCN(C)CC3)c(F)cc3c(=O)c(C(=O)O)cn1c23.C[C@H]1COc2c(N3CCN(C)CC3)c(F)cc3c(=O)c(C(=O)O)cn1c23.O,"['Antibiotic', 'Anti-mycobacterial', 'DNA GyraseB Inhibitor', 'Antistaphylococcal', 'Bacteriostatic']"
CHEMBL554230,COCCC1CC2CN3CCc4c([nH]c5ccccc45)C(C(=O)OC)(C2)C13.Cl,[]
CHEMBL779,CN1CC(=O)N2[C@H](c3ccc4c(c3)OCO4)c3[nH]c4ccccc4c3C[C@@H]2C1=O,"['PDE 5 Inhibitor', 'TRPM8 Antagonist', 'PDE Inhibitor', 'TbrPDE Inhibitor', 'Glioblastoma Inhibitor', 'ED Treatment', 'Erectile Dysfunction Treatment']"
CHEMBL1113,Clc1ccc2c(c1)C(N1CCNCC1)=Nc1ccccc1O2,"['Antidepressant', 'Dopamine Receptor Agonist', 'Neuroleptic', 'Serotonin Modulator', 'CNS Drug Partitioning']"
CHEMBL1200454,CC(C)[C@H](N)C(=O)OCC(CO)OCn1cnc2c(=O)nc(N)[nH]c21.Cl,"['Antiviral', 'Prodrug']"
CHEMBL1200678,COC(=O)N[C@H](C(=O)N[C@@H](Cc1ccccc1)[C@@H](O)CN(Cc1ccc(-c2ccccn2)cc1)NC(=O)[C@@H](NC(=O)OC)C(C)(C)C)C(C)(C)C.O=S(=O)(O)O,"['Antiviral', 'HIV Protease Inhibitor', 'HIV Maturation Inhibitor', 'Anti-AIDS']"
CHEMBL1201225,II,"['Antimalarial', 'Antimicrobial', 'Carbonic Anhydrase Inhibitor', 'Anti-Trypanosomal', 'PDE10a Inhibitor', 'Cytoprotective', 'Vasorelaxant', 'Cardioprotective', 'Cardiovascular', 'CA I Inhibitor', 'Type 2 Diabetes Treatment', 'H. pylori', 'H2S Donor', 'Carbonic Anhydrase', 'NMDAR Antagonist', 'Osteoblast Stimulator', 'Insulin Release Stimulator', 'CO2 Hydrase', 'Beta-CA Inhibitor', 'Carbonic Anhydrase IV Inhibitor', 'IFN-Gamma Inhibitor', 'Anion Inhibitor', 'H2S-Releasing', 'DNA Cleaving Agent', 'Carbonic Anhydrase XV Inhibitor', 'Tau Protein Inhibitor', 'HD', 'Glycogen Synthase Activator']"
CHEMBL1209734,COc1nc(N)nc2c1ncn2[C@@H]1O[C@H](COP(=O)(N[C@@H](C)C(=O)OCC(C)(C)C)Oc2cccc3ccccc23)[C@@H](O)[C@@]1(C)O,['HCV Inhibitor']
CHEMBL134702,CCCC,['Convulsant']
CHEMBL1354,CC(=O)[O-].[Na+],"['Toxic', 'Neurotoxicity']"
CHEMBL1371937,CC(C)(CO)C(O)C(=O)NCCCO,['PanK Inhibitor']
CHEMBL1661,OC[C@@H](O)[C@@H](O[C@@H]1O[C@H](CO)[C@H](O)[C@H](O)[C@H]1O)[C@H](O)[C@@H](O)CO,['Cryptosporidium parvum Inhibitor']
CHEMBL1684,NS(=O)(=O)c1cc2c(cc1C(F)(F)F)NC(Cc1ccccc1)NS2(=O)=O,['Carbonic Anhydrase Inhibitor']
CHEMBL189,Cc1[nH]c(=O)c(C#N)cc1-c1ccncc1,"['Vasodilator', 'Cyclic AMP PDE Inhibitor', 'Cardiotonic', 'Positive Inotropic', 'PDE3/4 Inhibitor', 'PDE Inhibitor', 'MPS1 Inhibitor', 'Cardiac Stimulant', 'Negative Inotropic', 'PDE-III Inhibitor']"
CHEMBL2103796,COc1cccc2c1C(=O)c1c(O)c3c(c(O)c1C2=O)C[C@@](O)(C(=O)CO)C[C@@H]3O[C@H]1C[C@H](N)[C@H](OCc2ccccc2)[C@H](C)O1.Cl,['Antitumor']
CHEMBL242341,COc1ccc(-c2coc3cc(O)ccc3c2=O)cc1,['Antidipsotropic']
CHEMBL278315,COC1=C2C[C@@H](C)C[C@H](OC)[C@H](O)[C@@H](C)/C=C(\C)[C@H](OC(N)=O)[C@@H](OC)/C=C\C=C(/C)C(=O)NC(=CC1=O)C2=O,['Hsp-90 Inhibitor']
CHEMBL304902,CN1CCN(C2=Nc3ccccc3Sc3ccc(Cl)cc32)CC1,"['Antipsychotic', 'Dopamine D2 Receptor Antagonist', 'Neuroleptic', 'Atypical Antipsychotic', 'Dopamine Antagonist', 'Central Nervous System Agent', 'Chemokine Receptor Inhibitor']"
CHEMBL3617964,Cc1c(-c2ccnn2C)cc(C(=O)NCc2ccc(S(C)(=O)=O)cn2)c(=O)n1-c1cccc(C(F)(F)F)c1,[]
CHEMBL3989740,CCO.C[C@H]1c2cccc(O)c2C(=O)C2=C(O)[C@]3(O)C(=O)C(C(N)=O)=C(O)[C@@H](N(C)C)[C@@H]3[C@@H](O)[C@@H]21.C[C@H]1c2cccc(O)c2C(=O)C2=C(O)[C@]3(O)C(=O)C(C(N)=O)=C(O)[C@@H](N(C)C)[C@@H]3[C@@H](O)[C@@H]21.Cl.Cl.O,"['Antibiotic', 'Efflux Pump Inhibitor', 'RNA Ligand']"
CHEMBL399510,CCN(CC)CCNC(=O)c1cc(Br)c(N)cc1OC,['Antiemetic']
CHEMBL406,CC1Cc2ccccc2N1NC(=O)c1ccc(Cl)c(S(N)(=O)=O)c1,['Carbonic Anhydrase VII Inhibitor']
CHEMBL4297275,Nc1nc(=O)n([C@H]2C[C@H](O)[C@@H](CO)O2)cc1Cl,"['Antiviral', 'Antiherpes']"
CHEMBL4297309,CC(C)CCNc1ncccc1C(=O)N1CCN(Cc2ccccc2)CC1.O=P(O)(O)O,[]
CHEMBL4297382,CCC(C)(C)C(=O)C(=O)N1CCC[C@H]1C(=O)O,[]
CHEMBL4297658,O=C(O)[C@@H]1CCCN1.OC[C@H]1O[C@@H](c2ccc(F)c(Cc3cc4ccccc4s3)c2)[C@H](O)[C@@H](O)[C@@H]1O,['SGLT1/SGLT2 Inhibitor']
CHEMBL4594304,Cn1cc(S(=O)(=O)[C@@](C)(F)C2CCN(C(=O)Nc3ccon3)CC2)c(C(F)F)n1,[]
CHEMBL4802243,CS(=O)(=O)O.Cn1nccc1Nc1nccc(-c2cc3c(s2)C(C)(C)N(CCN2CCOCC2)C3=O)n1,[]
CHEMBL480853,C=C1CC[C@@H]2[C@](C)(CO[C@@H]3O[C@H](CO)[C@@H](O)[C@H](O)[C@H]3O)CCC[C@@]2(C)[C@@H]1CCC1=CCOC1=O,['Antiasthma']
CHEMBL4873876,CCOCc1nc(O)c(-c2nnc(Cc3ccc(Cl)cn3)o2)c(O)c1-c1c(OC)cccc1OC,['APJ Receptor Agonist']
CHEMBL5095215,CC/C=C\C/C=C\C/C=C\C/C=C\CC/C=C/CSCC(=O)C(F)(F)F,[]
CHEMBL5095403,CS(=N)(=O)c1ccc(-c2ccc([C@@H](O)[C@@H](CF)NC(=O)C(F)F)cc2)cn1,[]
CHEMBL5095415,[2H]C([2H])(/C=C\CCCCC)/C=C\CCCCCCCC(=O)OCC,[]
CHEMBL5095418,CC1(C)SC(Nc2ccccc2O)=N[C@@H]1C(=O)O.Cl,[]
CHEMBL5314914,CC1(C)Oc2cc(Cl)ccc2[C@@H]2OCC3(CCN(CCn4ccnc4)CC3)C[C@H]21,[]
CHEMBL61593,NS(=O)(=O)c1cc2c(cc1Cl)NC(C1CC3C=CC1C3)NS2(=O)=O,"['Anticonvulsive', 'Carbonic Anhydrase Inhibitor', 'Diuretic', 'AMPA Receptor Positive Modulator', 'Saluretic']"
CHEMBL90983,COc1ccc(C[C@@H](C)[C@@H](C)Cc2ccc(OC)c(OC)c2)cc1OC,"['Anti-HIV-1', 'Anti-mycobacterial', 'Lipoxygenase Inhibitor', 'Anti-Melanoma']"
CHEMBL1021,NC(=O)Cc1cccc(C(=O)c2ccccc2)c1N,['Anti-Inflammatory']
CHEMBL1187646,NCCCC(=O)OCCN1CCN(CCCN2c3ccccc3Sc3ccc(Cl)cc32)CC1,[]
CHEMBL1200804,O=C([O-])Cc1ccccc1Nc1c(Cl)cccc1Cl.[K+],"['Anti-Inflammatory', 'Analgesic', 'COX2 Inhibitor', 'COX1⧹2 Inhibitor', '5-LOX/COX Inhibitor', 'Cyclooxygenase Inhibitor', 'NSAID', 'LOX Inhibitor', '15-LOX-1 Inhibitor', 'Anti-Arthritis', 'Antipyretic', 'Insulin-Sensitizing', 'CXCR1 Inhibitor', 'Membrane Permeability', 'Antiulcerogenic']"
CHEMBL1256686,CNc1ccc2oc(C[C@H]3O[C@@]4(CC[C@H]3C)O[C@H]([C@H](C)C(=O)c3ccc[nH]3)[C@H](C)C[C@H]4C)nc2c1C(=O)O,[]
CHEMBL1558,COc1cc2nc(N3CCN(C(=O)c4ccco4)CC3)nc(N)c2cc1OC.Cl,"['Antihypertensive', 'Alpha1-Adrenoceptor Antagonist', 'AKT Inhibitor', 'EphA2 Agonist']"
CHEMBL1568057,CC(C)NCC(O)c1cc(O)cc(O)c1.CC(C)NCC(O)c1cc(O)cc(O)c1.O=S(=O)(O)O,['Beta(3)-Adrenergic Agonist']
CHEMBL1615779,N=C(N)NCc1cccc([131I])c1,[]
CHEMBL1762,Cc1cccc(C)c1NC(=O)C(C)N,"['Anticonvulsive', 'Na(v)1.4 Channel Blocker']"
CHEMBL186113,CCn1nnc([C@H]2O[C@@H](n3cnc4c(N)nc(N[C@H](CO)Cc5ccccc5)nc43)[C@H](O)[C@@H]2O)n1,"['Adenosine Receptor Agonist', 'Adenosine A2A Agonist']"
CHEMBL189676,CCc1c(C(=O)NN2CCCCC2)nn(-c2ccc(Cl)cc2Cl)c1-c1ccc(Br)cc1,"['Obesity Treatment', 'CB1-R Antagonist', 'CB2 Ligand']"
CHEMBL2096631,O=C([O-])C1N=C(c2ccccc2)c2cc(Cl)ccc2NC1=O.[K+].[K+].[OH-],[]
CHEMBL2104940,CCC(C)N(CC(O)c1cccn1Cc1ccccc1Cl)C(C)CC,['Notch-Sparing']
CHEMBL2106991,O=c1[nH]c(=O)n([C@H]2C[C@H](F)[C@@H](CO)O2)cc1Cl,"['Antiviral', 'Anti-HIV-1']"
CHEMBL2322189,C[C@@H]1O[C@@H]1P(=O)([O-])O.[Na+],[]
CHEMBL267227,CCCCCc1cc(O)c2c(c1)OC(C)(C)[C@@H]1CC=C(C)C[C@@H]21,"['Cannabinoid Receptor Ligand', 'CB2 Ligand', 'CB1 Agonist', 'Adenylyl Cyclase Inhibitor', 'CB2 Antagonist', 'Cannabinoid', 'CB Receptor Ligand', 'CB(2) Receptor Ligand']"
CHEMBL301523,N[C@@H](Cc1ccccc1)C(=O)O,"['LAT1 Inhibitor', 'Amino Acid Transporter', 'LAT-1 Substrate']"
CHEMBL317052,CNC(=O)c1cnn(-c2nc(N)c3ncn([C@@H]4O[C@H](CO)[C@@H](O)[C@H]4O)c3n2)c1,['Adenosine A2 Receptor Ligand']
CHEMBL328250,CN(C)Cc1nnc2n1-c1ccc(Cl)cc1C(c1ccccc1)=NC2,"['Antidepressant', 'Anxiolytic', 'Antianxiety']"
CHEMBL3360203,COc1ccc(Cl)c(Nc2nc3ccccc3nc2NS(=O)(=O)c2cccc(NC(=O)C(C)(C)N)c2)c1,[]
CHEMBL3545137,Cn1cc(C2=Nc3cc(NC(=O)C(N)C4CCCCC4)cc4c3C2=CNNC4=O)cn1,[]
CHEMBL3546168,Cl[Te]1(Cl)OCCO1,['Carbonic Anhydrase Inhibitor']
CHEMBL3707395,CSc1ccc(C(=O)/C=C/c2cc(C)c(OC(C)(C)C(=O)O)c(C)c2)cc1,['NLRP3 Inhibitor']
CHEMBL400599,CC(Cc1cccc(C(F)(F)F)c1)NCCOC(=O)c1ccccc1,[]
CHEMBL4076837,CN1CCN(C(=O)c2ccc3cc(CCNc4ncnc5ccc(C#N)cc45)ccc3c2)CC1,"['Leukemia', 'CDK8 Inhibitor']"
CHEMBL4297676,Cl.O=C(NC[C@H](O)CO)c1ccncc1Nc1ccc(I)cc1F,['MEK1 Inhibitor']
CHEMBL4299851,O=C(O)CC[C@H](NC(=O)N[C@@H](CCCCNC(=O)c1ccc(F)nc1)C(=O)O)C(=O)O,"['Theranostic', 'PSMA Inhibitor']"
CHEMBL4574601,COc1ncc(-c2nc(N3CCOCC3)nc3c(CN4CCC(C(C)(C)O)CC4)cc(F)cc23)cc1NS(C)(=O)=O,['PI3 Kinase Inhibitor']
CHEMBL4802144,C=CC[C@@]12CCCN1C(=O)CNC2=O,[]
CHEMBL4802146,CCCn1cc(-n2c(Cl)c(Sc3cccc(C(=O)O)c3F)c3ccc(Cl)c(F)c32)cn1,[]
CHEMBL491571,C[C@@H](O)[C@H]1C(=O)N2C(C(=O)O)=C(S[C@@H]3CN[C@H](CNS(N)(=O)=O)C3)[C@H](C)[C@H]12,['Antibiotic']
CHEMBL5095243,COCC1(CN[C@@H]2C[C@H]2c2ccccc2)CCN(CC2(C(=O)O)CCC2)CC1,[]
CHEMBL5314393,CC(C)(CN1CCN(C2=Nc3ccccc3Oc3ccccc32)CC1)C(=O)O,[]
CHEMBL5314484,CCc1ccc(Oc2ncccc2-c2cnccc2OC)cc1,[]
CHEMBL718,CC(N)(Cc1ccc(O)c(O)c1)C(=O)O,[]
CHEMBL1006,NCCCNCCSP(=O)(O)O,['Radioprotector']
CHEMBL1026,CS(=O)(=O)O.Oc1ccc(C2CNCCc3c2cc(O)c(O)c3Cl)cc1,"['Dopamine Receptor Agonist', 'Renal Vasodilator']"
CHEMBL1077896,CCCN1CCCC[C@H]1C(=O)Nc1c(C)cccc1C,"['Antiarrhythmic', 'Local Anesthetic', 'CYP3A Substrate', 'TASK Channel Modulator', 'Local Anaesthetic']"
CHEMBL1086863,OC[C@H]1O[C@H](O)[C@H](F)[C@@H](O)[C@@H]1O,[]
CHEMBL1200420,Cc1ncc2n1-c1ccc(Cl)cc1C(c1ccccc1F)=NC2.Cl,['PAF-Receptor Antagonist']
CHEMBL1200506,CC[C@H]1OC(=O)[C@H](C)[C@@H](O[C@H]2C[C@@](C)(OC)[C@@H](O)[C@H](C)O2)[C@H](C)[C@@H](O[C@@H]2O[C@H](C)C[C@H](N(C)C)[C@H]2O)[C@](C)(O)C[C@@H](C)C(=O)[C@H](C)[C@@H](O)[C@]1(C)O.O=C(O)[C@H](O)[C@@H](O)[C@H](O[C@@H]1O[C@H](CO)[C@H](O)[C@H](O)[C@H]1O)[C@H](O)CO,['Motilin Agonist']
CHEMBL1201110,CC(C)[C@H](N)C(=O)OCCOCn1cnc2c(=O)nc(N)[nH]c21.Cl,['Antiviral']
CHEMBL1201270,C1N2CN3CN1CN(C2)C3,[]
CHEMBL1201776,CC[C@@H](c1cccc(O)c1)[C@@H](C)CN(C)C,[]
CHEMBL1238,O=C(O)CCCCCCCC(=O)O,['Metabolic Disease Treatment']
CHEMBL1346,NC(=O)C(c1ccccc1)(c1ccccc1)[C@@H]1CCN(CCc2ccc3c(c2)CCO3)C1,[]
CHEMBL1349073,CCOC(=O)COc1ccc2c(=O)cc(-c3ccccc3)oc2c1,[]
CHEMBL1483,CCCSc1ccc2[nH]c(NC(=O)OC)nc2c1,[]
CHEMBL1738,C[C@@H](CN1CC(=O)NC(=O)C1)N1CC(=O)NC(=O)C1,['Topoisomerase IIBeta Inhibitor']
CHEMBL1741134,O=S(=O)(O)Oc1ccc(C(c2ccc(OS(=O)(=O)O)cc2)c2ccccn2)cc1,[]
CHEMBL1788388,CCCCOC(=O)CCC(=O)OCCCC,[]
CHEMBL188952,CC(C(=O)O)c1ccc(N2CC=CC2)c(Cl)c1,[]
CHEMBL191083,CN(C)c1ccc2nc3ccc(=[N+](C)C)cc-3sc2c1,['HCV IRES Inhibitor']
CHEMBL2104607,CCN(CC)C(=O)c1cccnc1,[]
CHEMBL2107261,Cc1ccc(C(CCN(C)C)c2ccccc2)cc1,[]
CHEMBL2111176,CCC(C)C(C(=O)OCC[N+](C)(CC)CC)c1ccccc1,['Anticholinergic']
CHEMBL2251240,Br.CN1[C@@H]2C[C@@H](OC(=O)[C@H](CO)c3ccccc3)C[C@H]1[C@@H]1O[C@@H]12.O.O.O,"['PDE4 Inhibitor', 'Cognition-Enhancer', '5-HT(1A) Receptor Ligand', 'DHODH Inhibitor', 'H1 Receptor Antagonist', 'M1 Muscarinic Receptor Ligand', 'Antimuscarinic', 'Sigma Ligand', 'Adenylyl Cyclase Inhibitor', 'Anticholinergic', 'Nootropic', 'Spasmolytic', 'Dopamine Modulator', 'Lipophilicity', 'Cognitive Impairment', 'Anticonflict', 'Antihistamine', 'M5 Antagonist', 'Cholinergic Receptor Antagonist', 'M1AChR Agonist', 'mAChR5 Ligand', 'Urinary Bladder', 'Memory Impairment', 'SerB653 Inhibitor', 'Parasympatholytic', 'Pan-Muscarinic Antagonist', 'Muscarinic Receptor Modulator', 'Benzodiazepine Affinity', 'D-2 Dopamine Receptor Imaging Agent']"
CHEMBL23393,CCCCCCCCCCCCOS(=O)(=O)[O-].[Na+],"['HIV Fusion Inhibitor', 'nAChR Inhibitor', 'Antibiotic Resistance', 'Drug Efflux Pump Inhibitor', 'Multidrug Efflux Pump']"
CHEMBL248594,CCCCC1OC(=O)c2ccccc21,[]
CHEMBL3306918,CC(C)n1c(=O)c(C(=O)NCCCN2CCCCC2)c(O)c2ccsc21,[]
CHEMBL3334567,C[C@@H](c1ccc2nccn2c1)n1nnc2ncc(-c3cnn(C)c3)nc21,"['cMET Inhibitor', 'PDE Inhibitor']"
CHEMBL3545280,Cc1cc(Oc2ccc3nc(COc4ccc(CC5SC(=O)NC5=O)cc4)n(C)c3c2)cc(C)c1N,['PPAR gamma Agonist']
CHEMBL358040,NCC(O)c1cccc(O)c1,[]
CHEMBL3742465,CC(C)[C@]12O[C@H]1[C@@H]1O[C@]13[C@]1(O[C@H]1C[C@H]1C4=C(CC[C@@]13C)C(=O)OC4)[C@@H]2OCOP(=O)(O)O,"['Anticancer', 'Antihepatocellular Carcinoma']"
CHEMBL39736,CCCCNC(=N)NC(=N)N,['Weight Loss']
CHEMBL3989516,COc1cc(Nc2ncc(F)c(Nc3ccc4c(n3)N(COP(=O)([O-])[O-])C(=O)C(C)(C)O4)n2)cc(OC)c1OC.O.O.O.O.O.O.[Na+].[Na+],[]
CHEMBL4217292,N#Cc1ccc(Cn2ccc(NC(=O)Cc3ccc(C4(C(F)(F)F)CC4)cc3)n2)nc1,"['T-type Ca2+ Channel Blocker', 'Antiepileptic']"
CHEMBL4297298,CCc1c(O)cc(O)c(C(=O)c2ccc(OCCN3CCOCC3)c(OC)c2)c1CC(=O)N(CCOC)CCOC.Cl,['Hsp-90 Inhibitor']
CHEMBL4297371,[2H]C([2H])([2H])[C@H](O)C([2H])([2H])CCCn1c(=O)c2c(ncn2C)n(C)c1=O,[]
CHEMBL4297474,C[C@@H](OP(=O)(N1CC1)N1CC1)c1ccc([N+](=O)[O-])c(Oc2cccc(C(=O)N(C)C)c2)c1,[]
CHEMBL4594276,Cl.N#CCC1CCN(c2nc(Nc3ccc(N4CCC(O)CC4)cc3)c3c(=O)[nH]ncc3n2)CC1,[]
CHEMBL4594427,CCCCCCCCCCCCCCCCCCCCCCCC(=O)N[C@@H](CO[C@H]1O[C@H](CNC(C)=O)[C@H](O)[C@H](O)[C@H]1O)[C@H](O)[C@H](O)CCCCCCCCCCCCCC,[]
CHEMBL4650301,CC(C)[C@H](N)C(=O)NCCCS(=O)(=O)O,[]
CHEMBL495,CCCCC[C@H](O)/C=C/[C@H]1[C@H](O)CC(=O)[C@@H]1CCCCCCC(=O)O,[]
CHEMBL502,COc1cc2c(cc1OC)C(=O)C(CC1CCN(Cc3ccccc3)CC1)C2,"['Antioxidant', 'Acetylcholinesterase Inhibitor', ""Alzheimer's Disease"", 'BACE-1 Inhibitor', ""Alzheimer's"", 'Amyloid-Beta Aggregation Inhibitor', 'AChE Inhibitor', 'Metal Chelator', 'BChE Inhibitor', 'Anti-AD', 'ChEs Inhibitor', 'Multi-Functional', 'AD', 'AChE-Induced A beta Aggregation Inhibitor', 'hBChE Inhibitor']"
CHEMBL503481,CCCCCCCCCCCCCCSCC(=O)OC[C@H](COP(=O)([O-])OCC[N+](C)(C)C)OC(=O)CSCCCCCCCCCCCCCC,[]
CHEMBL5095188,Cc1c(C=Cc2cc(CNC(C)(CO)C(=O)O)ccc2C(F)(F)F)cccc1-c1ccc2c(c1)OCCO2,"['PD-L1/PD-1 Inhibitor', 'Cancer Immunotherapy']"
CHEMBL5185221,Cn1cnc(Cn2c(=O)[nH]/c(=N\c3cc4cn(C)nc4cc3Cl)n(Cc3cc(F)c(F)cc3F)c2=O)n1.O=C(O)/C=C/C(=O)O,[]
CHEMBL5314424,O=Cc1c(O)cccc1OC[C@@H]1COCCN1C(=O)c1cccnc1CCO,[]
CHEMBL5314930,O.O.O.O.O.OB1OB(O)O[B-]2(O1)OB(O)OB(O)O2.[Na+],"['Carbonic Anhydrase Inhibitor', 'Carbonic Anhydrase', 'CO2 Hydrase', 'Beta-CA Inhibitor']"
CHEMBL5315053,Nc1nc2[nH]cc(CCc3ccc(C(=O)N[C@@H](CCC(=O)O)C(=O)O)cc3)c2c(=O)[nH]1.O,"['Antitumor', 'Thymidylate Synthetase Inhibitor', 'Tumor-Targeting', 'GARFTase Inhibitor', 'SHMT Inhibitor', 'AICARFTase Inhibitor']"
CHEMBL564,CN(C)CCCN1c2ccccc2Sc2ccccc21,"['Antimalarial', 'Antioxidant', 'Neuroprotective', 'Acetylcholinesterase Inhibitor', ""Alzheimer's Disease"", 'Amyloid-Beta Aggregation Inhibitor', 'AChE Inhibitor', 'Butylcholinesterase Inhibitor', 'Antialzheimer', 'Trypanothione Reductase Inhibitor', 'MDR-Modulator', ""Alzheimer's Treatment"", 'BChE Inhibitor', 'AD Treatment', 'NDH-2 Inhibitor', 'Central Nervous System Agent', 'Multitarget-Directed Ligand']"
CHEMBL601,NCC(=O)CCC(=O)O,['GABA-T Inhibitor']
CHEMBL831,CN1CCN(C2=Nc3ccccc3Oc3ccc(Cl)cc32)CC1,"['Atypical Antipsychotic', 'Central Nervous System Agent', 'Chemokine Receptor Inhibitor', 'H4R Agonist', 'Central Nervous System']"
CHEMBL982,C=C1CC[C@@]2(O)[C@H]3Cc4ccc(O)c5c4[C@@]2(CCN3CC2CC2)[C@H]1O5,[]
CHEMBL1029,CCCCN1C[C@H](O)[C@@H](O)[C@H](O)[C@H]1CO,"['Dengue Inhibitor', 'Pharmacologic Chaperone', 'Anti-Viral', 'Beta-Glucocerebrosidase Inhibitor', 'Glucosylceramide Synthase/ Glucosylceramidase Inhibitor', 'GCase Inhibitor', 'Lysosomal Storage Disorder', 'Type-2 Diabetes Therapeutic', 'Beta-Mannosidase Inhibitor', 'Postprandial Hyperglycemia', 'Pompe Disease', 'GAA Ligand']"
CHEMBL1104,CC[N+](C)(C)c1cccc(O)c1,[]
CHEMBL1144,CC[C@H](C)C(=O)O[C@H]1C[C@H](O)C=C2C=C[C@H](C)[C@H](CC[C@@H](O)C[C@@H](O)CC(=O)O)[C@H]21,"['HMG-CoA Reductase Inhibitor', 'Cholesterol Synthesis Inhibitor', 'Bone Formation Stimulator', 'Hypercholesterolemia', 'Hepatoselective', 'Statin']"
CHEMBL1200330,CC[C@@H]1C(=O)OC[C@@H]1Cc1cncn1C.Cl,['M1 Agonist']
CHEMBL1256391,Cc1ccc(=O)n(-c2ccccc2)c1,['m A Demethylase Inhibitor']
CHEMBL1371770,c1cnc(N2CCN(Cc3ccc4c(c3)OCO4)CC2)nc1,[]
CHEMBL1401,CC(=O)Oc1ccccc1C(=O)Nc1ncc([N+](=O)[O-])s1,['Cryptosporidium parvum Inhibitor']
CHEMBL1512080,CN1C(=O)/C(=N\NC(N)=S)c2ccccc21,[]
CHEMBL1624126,CN(CCO)CC(O)Cn1cnc2c1c(=O)n(C)c(=O)n2C,[]
CHEMBL1650818,CC(C)(C)C(=O)OCOC(=O)[C@@H]1N2C(=O)[C@@H](/N=C/N3CCCCCC3)[C@H]2SC1(C)C,['Antibiotic']
CHEMBL1652465,CC(C)COC(=O)[C@H](Cc1ccccc1)NP(=O)(COCCn1cnc2c(NC3CC3)nc(N)nc21)N[C@@H](Cc1ccccc1)C(=O)OCC(C)C,[]
CHEMBL2068884,O=C([O-])[C@H]1O[C@H](O)[C@H](O)[C@@H](O)[C@@H]1O.[Na+],[]
CHEMBL2105613,CCCC(CCC)C(=O)O.CCCC(CCC)C(=O)[O-].[Na+],['Anti-Inflammatory']
CHEMBL2323775,Cn1cc(-c2cnc3ccc4ccc(CS(=O)(=O)NCc5ccccn5)cc4c(=O)c3c2)cn1,"['Anticancer', 'Kinase Inhibitor', 'Cancer', 'cMET Inhibitor']"
CHEMBL3099695,N#Cc1ccc([C@H]2CCc3cncn32)c(F)c1,"['Aromatase Inhibitor', 'Cyp11B1 Inhibitor', 'Aldosterone Synthase Inhibitor', 'CYP17A1 Inhibitor', 'Estrogen Biosynthesis Inhibitor']"
CHEMBL329091,Nc1ncc2ncn(CC3(OCP(=O)(O)O)CC3)c2n1,[]
CHEMBL3353410,C=CC(=O)Nc1cc(Nc2nccc(-c3cn(C)c4ccccc34)n2)c(OC)cc1N(C)CCN(C)C,"['Anticancer', 'EGFR Kinase Inhibitor', 'NSCLC Therapy']"
CHEMBL3527358,CO[C@@H]1[C@H](OC(=O)N[C@@H](C(N)=O)C(C)C)CC[C@]2(CO2)[C@H]1[C@@]1(C)O[C@@H]1CC=C(C)C,"['Anti-Angiogenic', 'Angiogenesis Inhibitor', 'MetAP1 Inhibitor']"
CHEMBL3696475,Cc1c([C@@H](O)CN2CCN(C[C@H](O)c3ccc4c(c3C)COC4=O)CC2)ccc2c1COC2=O,"['Diuretic', 'Hypertension', 'Heart Failure', 'ROMK Inhibitor', 'Natriuretic']"
CHEMBL3704901,Cc1cnc(-c2ccnc(C(C)(C)O)n2)cc1-n1c(C)cc(OCc2ncc(F)cc2F)c(Cl)c1=O,[]
CHEMBL3989931,CC(C)(O)CNc1nc(Nc2ccnc(C(F)(F)F)c2)nc(-c2cccc(C(F)(F)F)n2)n1.CS(=O)(=O)O,['IDH2 R140Q Inhibitor']
CHEMBL3989959,NCCONC(=O)[C@@H]1CC[C@@H]2CN1C(=O)N2OS(=O)(=O)O,"['Beta-Lactamase Inhibitor', 'Beta-lactamase Inhibitor']"
CHEMBL4594421,[2H]C([2H])([2H])NC(=O)c1ccc(N2C(=S)N(c3ccc(C#N)c(C(F)(F)F)c3)C(=O)C2(C)C)cc1F,"['Androgen Receptor Antagonist', 'Anti-Prostate Cancer', 'CRPC Treatment']"
CHEMBL4596566,O=C(NCc1ncccc1F)c1coc(CCNCCc2nc3ccccc3[nH]2)n1,[]
CHEMBL4650216,COc1ccc(-n2nccn2)c(C(=O)N2CCC[C@@]2(C)c2nc3c(C)c(Cl)ccc3[nH]2)c1.Cl,"['Orexin-1 Receptor Antagonist', 'PrCP Inhibitor']"
CHEMBL467,NC(=O)NO,[]
CHEMBL469449,C[C@@H]1OC(O)[C@@H](O)[C@H](O)[C@@H]1O,[]
CHEMBL490672,CCc1cc(CC[C@]2(C3CCCC3)CC(O)=C(Cc3nc4nc(C)cc(C)n4n3)C(=O)O2)cc(CC)n1,"['Antiviral', 'HCV NS5b Polymerase Inhibitor', 'Allosteric']"
CHEMBL5095259,Cc1ccc(-c2noc(C)c2COc2ccc(C(=O)NC3CCOCC3)nn2)cn1,[]
CHEMBL5095406,CC1(C)CC(Oc2ccc(-c3ccc(-c4cn[nH]c4)cc3O)nn2)CC(C)(C)N1.Cl,"['SMA Treatment', 'Splicing Modulator']"
CHEMBL550755,Cl.O=c1[nH]cnc2c([C@@H]3N[C@H](CO)[C@@H](O)[C@H]3O)c[nH]c12,"['PNP Inhibitor', 'Purine Nucleoside Phosphorylase Inhibitor', 'Nucleoside Hydrolase Inhibitor', 'MTAP Inhibitor', 'Purine Metabolism Inhibitor', 'Nucleoside Hydrolase', 'Polyamine Biosynthesis Inhibitor']"
CHEMBL646,Cc1nnc2n1-c1ccc(Cl)cc1C(c1ccccc1Cl)=NC2,['Anxiolytic']
CHEMBL95431,NC(=O)c1nnn(Cc2cc(Cl)c(C(=O)c3ccc(Cl)cc3)c(Cl)c2)c1N,[]
CHEMBL1089,NNCCc1ccccc1,['VAP-1 Inhibitor']
CHEMBL1161632,O=C(O)O,"['Antimalarial', 'Carbonic Anhydrase Inhibitor', 'Type 2 Diabetes Treatment', 'Carbonic Anhydrase', 'NaPi2b Inhibitor', 'CO2 Hydrase', 'Beta-CA Inhibitor', 'Carbonic Anhydrase IV Inhibitor', 'Anion Inhibitor', 'Carbonic Anhydrase XV Inhibitor', 'HD']"
CHEMBL1171829,C[C@H](Oc1ccc(S(C)(=O)=O)cc1C(=O)N1CCN(c2ncc(C(F)(F)F)cc2F)CC1)C(F)(F)F,"['Schizophrenia', 'GlyT1 Inhibitor', 'GPR139 Antagonist', 'Negative Symptoms']"
CHEMBL1189679,O=C1c2cccc3c2[C@H](CCC3)CN1[C@@H]1CN2CCC1CC2,"['5-HT3 Receptor Antagonist', 'IBS Treatment', '5-HT(3) Receptor Partial Agonist']"
CHEMBL1213633,CON,['Neuronal Choline Transporter Ligand']
CHEMBL1230227,C[C@@H]1O[C@@H](O[C@@H]2[C@H](C)O[C@@H](O[C@H]3C[C@](O)(C(=O)CO)Cc4c(O)c5c(c(O)c43)C(=O)c3ccccc3C5=O)C[C@@H]2O)C[C@H](N)[C@@H]1O,['Antitumor']
CHEMBL1370446,Cc1sc2ccccc2c1CC1=NCCN1,[]
CHEMBL1511,CCCCC(=O)O[C@H]1CC[C@H]2[C@@H]3CCc4cc(O)ccc4[C@H]3CC[C@]12C,[]
CHEMBL1908336,CCOC(=O)[C@@H]1CC(=O)O[C@H](C)C/C=C/C=C/[C@H](O)[C@H](C)C[C@H](CC=O)[C@H](O[C@@H]2O[C@H](C)[C@@H](O[C@H]3C[C@@](C)(O)[C@@H](OC(=O)CC)[C@H](C)O3)[C@H](N(C)C)[C@H]2O)[C@H]1OC,['Antibiotic']
CHEMBL2103773,CCCCCCCCOc1ccccc1C(=O)Nc1ccc(C(=O)OCC[N+](C)(CC)CC)cc1.[Br-],[]
CHEMBL2105643,COc1ccc(/C=C\c2cc(OC)c(OC)c(OC)c2)cc1OP(=O)(O)O.NC(CO)(CO)CO,"['Tubulin Inhibitor', 'Antineoplastic', 'Vascular-Disrupting Agent']"
CHEMBL2110784,CCOC(=O)CN1CCN(C(=O)/C=C/c2cc(OC)c(OC)c(OC)c2)CC1,[]
CHEMBL2133806,Cn1cc(-c2ccc3nnc(C(F)(F)c4ccc5ncccc5c4)n3n2)cn1,"['cMET Inhibitor', 'Aldehyde Oxidase Inhibitor']"
CHEMBL2263632,COc1cccc(-c2cc(F)c(Nc3ncccc3C(=O)O)c(F)c2)c1,"['DHODH Inhibitor', 'hDHODH Inhibitor']"
CHEMBL3545040,CC(C)(C)OC(=O)NCCN1CC2CN(C[C@H](O)COc3ccc(C#N)cc3)CC(C1)O2,[]
CHEMBL3545432,CC(C)C[C@H](NC(=O)CNC(=O)c1cc(Cl)ccc1Cl)B1OC(=O)C(CC(=O)O)(CC(=O)O)O1,['Proteasome Inhibitor']
CHEMBL36,CCc1nc(N)nc(N)c1-c1ccc(Cl)cc1,"['Antimalarial', 'Dihydrofolate Inhibitor', 'Pf-DHFR Inhibitor', 'Chaperone', 'Beta-N-acetylhexosaminidase Inhibitor']"
CHEMBL3657311,COc1cc(C(=O)NC2CCN(C)CC2)c(F)cc1Nc1ncc(C(F)(F)F)c(Oc2cccc3c2C(=O)N(C)C3)n1,['FAK Signaling Inhibitor']
CHEMBL3833338,CN[C@@H]1[C@H](O[C@H]2[C@H](O[C@H]3[C@H](O)[C@@H](O)[C@H](NC(=N)N)[C@@H](O)[C@@H]3NC(=N)N)O[C@@H](C)[C@]2(O)C=O)O[C@@H](CO)[C@H](O)[C@H]1O.CN[C@@H]1[C@H](O[C@H]2[C@H](O[C@H]3[C@H](O)[C@@H](O)[C@H](NC(=N)N)[C@@H](O)[C@@H]3NC(=N)N)O[C@@H](C)[C@]2(O)CO)O[C@@H](CO)[C@H](O)[C@H]1O.O=S(=O)(O)O.O=S(=O)(O)O,['Aminoglycoside']
CHEMBL3833401,Cl[Al](Cl)Cl,"['Antimalarial', 'Carbonic Anhydrase Inhibitor', 'CA I Inhibitor', 'Carbonic Anhydrase', 'CO2 Hydrase', 'Beta-CA Inhibitor', 'Anion Inhibitor', 'DNA Cleaving Agent', 'Carbonic Anhydrase XV Inhibitor']"
CHEMBL398615,CS(=O)(=O)c1ccc2c(c1)N(CCCN1CCC(C(N)=O)CC1)c1ccccc1S2,['Chemotaxis Inhibitor']
CHEMBL3989901,CC(CCCCCCCCCCCCc1ccc([123I])cc1)CC(=O)O,['Hypolipidemic']
CHEMBL4297224,CN(C)CC1CCOC1(c1ccccc1)c1ccccc1,[]
CHEMBL4297289,CN1CCN(C(=O)[C@H](CCCN[C@@H]2C[C@H]2c2ccc(F)cc2)NC(=O)c2ccc(-n3ccnn3)cc2)CC1,['LSD1 Inhibitor']
CHEMBL4297451,CC[C@@H](C)Nc1cc(C(=O)N[C@H]2C[C@H]3CC[C@@H](C2)N3c2ccc(C(=O)C3CC3)cn2)c(C)cc1C(N)=O,['Hsp-90 Inhibitor']
CHEMBL4297542,CC(C)Oc1ncc(-c2nc(-c3cccc4c3ccn4CCCC(=O)O)no2)cc1Cl,"['S1P1 Agonist', 'Multiple Sclerosis']"
CHEMBL4297590,COc1ccc(-n2nccn2)c(C(=O)N2CCC[C@@]2(C)c2nc3c(C)c(Cl)ccc3[nH]2)c1,"['Orexin-1 Receptor Antagonist', 'PrCP Inhibitor']"
CHEMBL4437054,CS(=O)(=O)CCCn1c(Cn2c(=O)n(CC(F)(F)F)c3ccncc32)cc2cc(Cl)ccc21,"['RSV Fusion Protein Inhibitor', 'RSV Inhibitor']"
CHEMBL450895,C[C@@H]1[C@H](O)[C@@H](C)/C=C/C=C/CC/C=C/C=C/C=C/C=C/[C@H](O[C@@H]2O[C@H](C)[C@@H](O)[C@H](N)[C@@H]2O)C[C@@H]2O[C@](O)(C[C@@H](O)[C@H](O)CC[C@@H](O)C[C@@H](O)C[C@@H](O)CC(=O)O[C@H]1C)C[C@H](O)[C@H]2C(=O)O,"['Cytotoxic', 'Antibiotic', 'Antifungal', 'Antimicrobial', 'FabB Inhibitor']"
CHEMBL452076,COCCOC(=O)C1=C(C)NC(C)=C(C(=O)OC/C=C/c2ccccc2)C1c1cccc([N+](=O)[O-])c1,"['Ca2+ Antagonist', 'Indoleamine 2,3-Dioxygenase Inhibitor', 'QT Prolongation', 'L-type Channel Inhibitor', 'CaL Channel Inhibitor']"
CHEMBL4650350,CC(C)n1ccc(S(=O)(=O)NC(=O)Nc2c3c(cc4c2CCC4)CCC3)n1,"['NLRP3 Inhibitor', 'Interleukin-1beta Inhibitor']"
CHEMBL476413,[11CH3]Oc1ccc(-c2c(C#N)c(C(=O)NN3CCCCC3)nn2-c2ccc(Cl)cc2Cl)cc1,[]
CHEMBL4802585,O=C(O)[C@@H](Cc1cccc(CN(Cc2cccc(C[C@H](C(=O)O)[C@H]3CCNC3)c2)Cc2cccc(C[C@H](C(=O)O)[C@H]3CCNC3)c2)c1)[C@H]1CCNC1,['Cardiovascular']
CHEMBL5095173,COc1cccc2c1C(=N)c1c(O)c3c(c(O)c1C2=O)C[C@@](O)(CCO)C[C@@H]3O[C@H]1C[C@H](N)[C@H](O)[C@H](C)O1,"['Anticancer', 'Cytotoxic', 'Antitumor', 'DNA Binding']"
CHEMBL5095214,Cc1cn([C@H]2O[C@@H](CO[P@@](=O)(N[C@@H](C)C(=O)OC(C)C)Oc3ccccc3)[C@H](O)[C@H]2F)c(=O)[nH]c1=O,[]
CHEMBL5095226,O=C1CC[C@H](N2C(=O)c3cccc(NCc4ccc(CN5CC(N6CCOCC6)C5)cc4F)c3C2=O)C(=O)N1,[]
CHEMBL5095419,CCCCCC(=O)N[C@@H](Cc1ccc(OP(=O)(O)O)cc1)C(=O)N[C@H](C(=O)NCCCCCC(N)=O)[C@@H](C)CC,[]
CHEMBL5095491,C=CC(=O)Nc1cc(Nc2nccc(-c3cn(C4CC4)c4ccccc34)n2)c(OC)cc1N(C)CCN(C)C.CS(=O)(=O)O,"['Anticancer', 'EGFR Kinase Inhibitor', 'NSCLC Therapy']"
CHEMBL511115,COc1ccc([C@]2(C#N)CC[C@@H](C(=O)O)CC2)cc1OC1CCCC1,"['PDE4 Inhibitor', 'TbrPDE Inhibitor']"
CHEMBL5314472,Cc1cc2n(c1)S(=O)(=O)c1ccc(C(=O)NCC[C@H]3COCCO3)cc1NC2=O,[]
CHEMBL5314557,Cc1cc(C)c2c(n1)CN(C(=O)CC1CN(c3ccnc(C(F)(F)F)c3)C1)C2,[]
CHEMBL5314949,COc1ccc(Cc2sccc2O[C@@H]2O[C@H](CO)[C@@H](O)[C@H](O)[C@H]2O)cc1,"['Anti-Diabetic', 'SGLT1/SGLT2 Inhibitor']"
CHEMBL617,CC(=O)OCC1=C(C(=O)O)N2C(=O)[C@@H](NC(=O)Cc3cccs3)[C@H]2SC1,"['Antibiotic', 'Mycobacterium tuberculosis', 'Beta-Lactamase', 'Penicillin-Binding Protein Inhibitor', 'Carbapenemase Inhibitor']"
CHEMBL695,CN1C(=O)OC(C)(C)C1=O,['Anticonvulsive']
CHEMBL99946,CCN(CC)C(=O)[C@@]1(c2ccccc2)C[C@H]1CN,"['Antidepressant', 'NMDA Antagonist', 'Serotonin Transporter Inhibitor', 'Serotonin Re-uptake Inhibitor', 'Norepinephrine Transporter Inhibitor', 'Monoamine Transporter Inhibitor', 'NMDA Receptor Blocker', 'OCT1 Substrate', 'SNRI', 'Norepinephrine-Serotonin Reuptake Inhibitor', 'NSRI']"
CHEMBL1172,Clc1ccc2c(c1)CCc1cccnc1C2=C1CCNCC1,"['H1 Receptor Antagonist', 'Histamine Receptor Antagonist', 'Antihistamine']"
CHEMBL1200978,O=[As]O[As]=O,"['Carbonic Anhydrase Inhibitor', 'Anti-Trypanosomal', 'CA I Inhibitor', 'H. pylori', 'Carbonic Anhydrase', 'CO2 Hydrase', 'Beta-CA Inhibitor', 'Neurotoxicity', 'Carbonic Anhydrase IV Inhibitor', 'Anion Inhibitor', 'Carbonic Anhydrase XV Inhibitor']"
CHEMBL1201325,C[N+]1(C)CCN(CC(O)(c2ccccc2)C2CCCCC2)CC1,[]
CHEMBL129,Cc1cn([C@H]2C[C@H](N=[N+]=[N-])[C@@H](CO)O2)c(=O)[nH]c1=O,"['Antiviral', 'Anti-HIV-1', 'HIV Inhibitor', 'Reverse Transcriptase Inhibitor', 'HIV', 'NRTI']"
CHEMBL1373254,NS(=O)(=O)c1cc2c(cc1Cl)NC(CC1CCCC1)NS2(=O)=O,"['Diuretic', 'AMPA Receptor Positive Modulator', 'Saluretic']"
CHEMBL178459,Cc1c(-c2cnccn2)ssc1=S,['Phase II Enzyme Inducer']
CHEMBL1828820,c1cc([C@H]2CC[C@]3(CC2)OO[C@]2(O3)C3CC4CC(C3)CC2C4)ccc1OCCN1CCOCC1,['Antimalarial']
CHEMBL190412,COCCOCCOCCOCCOC(=O)OC[n+]1ccc(N/C(=N/C#N)NCCCCCCOc2ccc(Cl)cc2)cc1.[Cl-],[]
CHEMBL2017974,Nc1cc(C(F)(F)F)c(-c2cc(N3CCOCC3)nc(N3CCOCC3)n2)cn1,"['Anticancer', 'PI3 Kinase Inhibitor', 'mTORC1 Inhibitor']"
CHEMBL2104988,CCCc1c(SCCCOc2ccc(C(C)=O)c(OCCCC(=O)O)c2CCC)ccc(C(C)=O)c1O,"['Bronchodilator', 'Leukotriene Antagonist', 'Leukotriene D4 Receptor Antagonist', 'SRS-A Antagonist']"
CHEMBL2105741,CC(=O)Nc1cccc(-n2c(=O)n(C3CC3)c(=O)c3c(Nc4ccc(I)cc4F)n(C)c(=O)c(C)c32)c1.C[S+](C)[O-],[]
CHEMBL2107583,O=[N+]([O-])OC[C@H](O[N+](=O)[O-])[C@@H](CO[N+](=O)[O-])O[N+](=O)[O-],"['Vasodilator', 'NO-Donor']"
CHEMBL2110731,CCc1ccc(Cc2ccc3c(c2)[C@]2(OC3)O[C@H](CO)[C@@H](O)[C@H](O)[C@H]2O)cc1,"['Anti-Diabetic', 'Type 2 Diabetes', 'SGLT1/SGLT2 Inhibitor']"
CHEMBL278519,O=C1c2ccccc2C(=O)C1c1ccc(Cl)cc1,[]
CHEMBL289480,C1COC(NC(C2CC2)C2CC2)=N1,[]
CHEMBL3137303,COc1cc(OC)c(/C=C/S(=O)(=O)Cc2ccc(OC)c(OP(=O)([O-])[O-])c2)c(OC)c1.[Na+].[Na+],"['Anticancer', 'Mitotic Inhibitor', 'Cyclin D1-CDK4 Inhibitor']"
CHEMBL3769414,CN1C(=O)c2c(nn(Cc3ccc(-c4cccc(F)n4)cc3)c2Nc2ccccc2)N2C1=N[C@@H]1CCC[C@@H]12,"['PDE1A Inhibitor', 'Cognitive Impairment']"
CHEMBL4094396,CNC(C)C(=O)c1ccc(C)cc1,[]
CHEMBL4297460,CCOc1cc([C@@H](CS(C)(=O)=O)N2Cc3cccc(NC(=O)C4CC4)c3C2=O)ccc1OC,"['PDE4 Inhibitor', 'Phosphodiesterase 4 Inhibitor']"
CHEMBL4297501,Cc1c(CN(C)C(=O)/C=C/c2cnc3c(c2)CCC(=O)N3COP(=O)(O)O)oc2ccccc12,"['FabI-Inhibitor', 'FabK Inhibitor']"
CHEMBL46730,c1ccc2c(c1)ccc1ccccc12,"['CYP450 Inhibitor', 'Mutagenic', 'Osteoblast Differentiation', 'Cyclooxygenase/5-Lipoxygenase Inhibitor', 'GGT1 Inhibitor']"
CHEMBL47298,CCN(CC)CCOc1ccc2c(c1)C(=O)c1cc(OCCN(CC)CC)ccc1-2,[]
CHEMBL5095186,COc1ncnc(C2CC2)c1-c1ncc2cnn(Cc3ccc(-c4nc(C(F)(F)F)cn4C(C)C)cc3)c2n1,[]
CHEMBL53,CN1CCc2cccc3c2[C@H]1Cc1ccc(O)c(O)c1-3,"['5-HT 1A Receptor Agonist', 'D2 Dopamine Receptor Ligand', 'Dopamine D2 Receptor Antagonist', 'Dopamine Receptor Agonist', 'Anti-Parkinson', 'Dopamine Antagonist', 'Dopamine Ligand', 'D2 Agonist', 'D1 Dopamine Receptor Agonist', 'EED Inhibitor', 'Serotonergic', 'Adrenergic Agonist', 'Epigenetic Cancer Therapy']"
CHEMBL559362,Br.O=C(CC1NCCCC1O)Cn1cnc2cc(Br)c(Cl)cc2c1=O,"['ThrRS Inhibitor', 'Prolyl-tRNA Synthetase Inhibitor']"
CHEMBL566,O=c1cc[nH]c(=O)[nH]1,[]
CHEMBL1187694,OC(c1ccccc1)(c1ccccc1)C1CN2CCC1CC2,[]
CHEMBL1196,CCCOc1ccc(C(=O)OCCN(CC)CC)cc1N,[]
CHEMBL1200814,CC(=O)Nc1nnc(S([NH-])(=O)=O)s1.[Na+],"['Carbonic Anhydrase Inhibitor', 'CA IX Inhibitor', 'CA I Inhibitor', 'hCA IX/XII Inhibitor', 'Antiglaucoma', 'hCA XII Inhibitor', 'Intraocular Pressure-Lowering', 'Carbonic Anhydrase XII Inhibitor']"
CHEMBL1208829,COc1c(NC(=O)C(=O)c2ccc(OCCN3CCOCC3)c3ccccc23)cc(C(C)(C)C)cc1NS(C)(=O)=O,"['p38 MAP Kinase Inhibitor', 'MAPK/ERK Pathway Inhibitor', 'SR-BI Inhibitor', 'Lipid Uptake Inhibitor']"
CHEMBL121,CN(CCOc1ccc(CC2SC(=O)NC2=O)cc1)c1ccccn1,"['Anti-Diabetic', 'Hypoglycemic', 'PPAR gamma Agonist', 'Antihyperglycaemic', 'Hypolipidemic', 'PPAR Alpha/Gamma Agonist', 'GPR119 Agonist', 'Blood Glucose-Lowering', 'PPAR Agonist', 'Insulin Sensitiser', 'PPARdelta Antagonist', 'Lipid Lowering', 'Anti-Hyperlipidemic', 'PPARAlpha/Delta Agonist', 'PPAR Gamma Modulator', 'Diabetes Treatment', 'Dyslipidemia', 'PPARGamma Partial Agonist', 'PPAR-gamma Ligand', 'Dual Agonist', 'Insulinotropic', 'Insulin-Sensitizing', 'Lipid Modulator', 'PPAR Modulator', 'Glucose Uptake Promoter', 'sEH/PPARGamma Modulator', 'Glucose Tolerance', 'FFAR2 Agonist', 'Euglycemic', 'Glycogen Synthase Activator']"
CHEMBL1697737,CCc1cc2c(s1)N(C)C(=O)CN=C2c1ccccc1Cl,[]
CHEMBL173929,CC1=C[C@H](O)CC(C)(C)[C@H]1/C=C/C(C)=C/C=C/C(C)=C/C=C/C=C(C)/C=C/C=C(C)/C=C/C1=C(C)C[C@@H](O)CC1(C)C,[]
CHEMBL188462,CN[C@@H](C)C/C=C/c1cncc(OC(C)C)c1,[]
CHEMBL2095223,CCN(CC)CCCC(C)Nc1ccnc2cc(Cl)ccc12.O=S(=O)(O)O,"['Antimalarial', 'Antiplasmodial', 'Spasmolytic', 'S Phase Arrest']"
CHEMBL2105708,Cc1ccc(C(=O)Nc2ccc(CN3CCN(C)CC3)c(C(F)(F)F)c2)cc1C#Cc1cnc2cccnn12.Cl,"['Bcr-Abl Inhibitor', 'CML Treatment']"
CHEMBL2105755,CC(C)(NC(=O)C1=C(O)[C@@H]2Oc3c(O)ccc4c3[C@@]23CCN(CC2CC2)[C@H](C4)[C@]3(O)C1)c1nc(-c2ccccc2)no1,['Opioid Antagonist']
CHEMBL2107334,CC(C)(C)[N+]([O-])=Cc1ccc(S(=O)(=O)[O-])cc1S(=O)(=O)[O-].[Na+].[Na+],['Salidiuretic']
CHEMBL2107349,C[C@H](CN(C(=O)c1ccc(C#N)cc1)c1ccccn1)N1CCN(c2cccc3c2OCCO3)CC1.Cl,[]
CHEMBL2111090,CC(C)(C)[N+]([O-])=Cc1ccc(S(=O)(=O)O)cc1S(=O)(=O)O,[]
CHEMBL218427,Cc1cc(C)c2cccc(OCc3c(Cl)ccc(S(=O)(=O)NC4(C(=O)N5CCN(C(=O)[C@@H](N)CCC[N+](C)(C)C)CC5)CCOCC4)c3Cl)c2n1,"['Bronchoconstriction Inhibitor', 'B2 Receptor Antagonist']"
CHEMBL221326,O=c1ccn([C@@H]2O[C@H](COP(=O)(O)OP(=O)(O)OP(=O)(O)OP(=O)(O)OC[C@H]3O[C@@H](n4ccc(=O)[nH]c4=O)[C@H](O)[C@@H]3O)[C@@H](O)[C@H]2O)c(=O)[nH]1,"['P2Y2 Agonist', 'NPP1 Inhibitor']"
CHEMBL24441,CNCCc1ccccn1,['Histamine H1-Receptor Agonist']
CHEMBL3183409,CNC(=O)c1ccc(N2C(=S)N(c3cnc(C#N)c(C(F)(F)F)c3)C(=O)C23CCC3)cc1F,"['Prostate Cancer', 'Androgen Receptor Antagonist', 'AR Antagonist', 'Selective Androgen Receptor Degrader', 'Pan-Antagonist']"
CHEMBL370252,CC1CCc2cc(F)cc3c(=O)c(C(=O)O)cn1c23,['Antibiotic']
CHEMBL3989519,CCN1CC(CCN2CCOCC2)C(c2ccccc2)(c2ccccc2)C1=O.Cl.O,['Antiarrhythmic']
CHEMBL3989970,C=CC(=O)N[C@@H]1CN(c2nc(Nc3cn(C)nc3OC)c3ncn(C)c3n2)C[C@H]1F,"['EGFR Kinase Inhibitor', 'NSCLC', 'Irreversible']"
CHEMBL4297463,COc1cc(C)[nH]c(=O)c1CNC(=O)c1c(C)n([C@H](C)C2CCN(CC(F)(F)F)CC2)c2ccccc12,"['Histone Methyltransferase Inhibitor', 'EZH2 Inhibitor']"
CHEMBL4298171,COc1cc(F)c(-n2c(=O)[nH]c3csc(C(=O)[O-])c3c2=O)cc1OCc1c(OC)ccc(F)c1F.C[N+](C)(C)CCO,[]
CHEMBL4594351,Cc1c(Cc2ccc(-n3cccn3)cc2)cc2c(c1F)CN([C@H]1COCC[C@@H]1O)C2=O,['M1 PAM']
CHEMBL4742157,CONC(=O)c1ccccc1Nc1cc(Nc2cc(C)nn2C(C)C)ncc1Cl,['FAK Signaling Inhibitor']
CHEMBL4802134,N#CCNC(=O)CNc1ccc(C(=O)O)cc1,[]
CHEMBL52939,COc1cccc(CCc2ccccc2OCC(CN(C)C)OC(=O)CCC(=O)O)c1,"['Antiplatelet Aggregation Inhibitor', 'Antithrombotic', 'S2 Serotonergic Receptor Antagonist']"
CHEMBL5314535,Cc1nc(NC(=O)N2CCC(C)(C)C2=O)ccc1Oc1ccnc(-c2cnn(C)c2)c1,['CSF-1R Inhibitor']
CHEMBL5314545,CCN1CCN(Cc2ccc(Nc3ncc(F)c(-c4cc(F)c5nc6n(c5c4)[C@H](C)CCC6)n3)nc2)CC1,"['Anticancer', 'CDK4/6 Inhibitor', 'GBM Treatment']"
CHEMBL5314945,CC(=O)O.N=C(N)N/N=C/C=C/c1cccn1-c1ccccc1[N+](=O)[O-],[]
CHEMBL605525,C=C1[C@H](O)CC(=C/C=C2\CCC[C@]3(C)[C@@H]([C@@H](C)CCCC(C)(C)O)CC[C@@H]23)C[C@H]1O,"['Partial Agonist', 'Vitamin D Analogue', 'VDR Agonist', 'Vitamin D3 Agonist', 'Cellular Differentiation', 'VDR Antagonist', 'VDR Modulator']"
CHEMBL62193,COc1cc(NS(=O)(=O)c2ccc(N)cc2)nc(OC)n1,[]
CHEMBL6966,COc1ccc(CCN(C)CCCC(C#N)(c2ccc(OC)c(OC)c2)C(C)C)cc1OC,"['Antimalarial', 'Neuroprotective', 'Amyloid-Beta Aggregation Inhibitor', 'AChE Inhibitor', 'P-glycoprotein Inhibitor', 'MDR-Reversal', 'Antialzheimer', 'P-gp Modulator', 'Efflux Pump Inhibitor', 'Chemosensitizer', 'Multidrug Resistance Reversal', 'Ca2+ Antagonist', 'Mycobacterium tuberculosis Inhibitor', 'MDR-Modulator', 'MRP1 Inhibitor', 'P-glycoprotein Substrate', 'MDR-Reversal Agent', 'ATPase Inhibitor', 'Cathepsin D Inhibitor', 'Multidrug-Resistance Modulator', 'Bradycardic Agent', 'CaV1.3 Antagonist', 'LTCC Inhibitor', 'VEEV Inhibitor', 'Serotonin Release Inhibitor', 'MRP1 Modulator']"
CHEMBL826,CCn1cc(C(=O)O)c(=O)c2cc(F)c(N3CCNCC3)nc21,"['Antibiotic', 'Quinolone Antibiotic']"
CHEMBL1090,Nc1ncnc2c1ncn2[C@@H]1O[C@H](CO)[C@@H](O)[C@@H]1O,"['Cytostatic', 'Antiplatelet Aggregation Inhibitor', 'Adenosine Receptor Antagonist', 'Cardiovascular', 'Adenosine Kinase Inhibitor', 'Adenosine Receptor Agonist', 'Antiherpetic', 'Adenosine Deaminase Inhibitor', 'Coronary Vasodilator', 'Adenylyl Cyclase Inhibitor', 'Adenosine A2A Agonist', 'gGAPDH Inhibitor', 'Spore Germination Inhibitor', 'Histidine Kinase Inhibitor', 'HSP70 Inhibitor', 'FGFR3 Inhibitor', 'ENT1 Inhibitor', 'Electron Transport Inhibitor', 'PI 4-Kinase Inhibitor', 'Cytotoxicity Protection']"
CHEMBL1096,CC(C)c1ccc2oc3nc(N)c(C(=O)O)cc3c(=O)c2c1,"['Antiallergy', 'Anti-Obesity', 'TBK1/IKKi Inhibitor', 'IKKEpsilon Inhibitor']"
CHEMBL1160819,N,"['Antibiotic', 'Antimalarial', 'Antimicrobial', 'Neuroprotective', 'Carbonic Anhydrase Inhibitor', 'Antihypertensive', 'Anti-Trypanosomal', 'Vasodilator', 'PDE10a Inhibitor', 'Cytoprotective', 'Vasorelaxant', 'Cardioprotective', 'Cardiovascular', 'CA I Inhibitor', 'Type 2 Diabetes Treatment', 'Matriptase Inhibitor', 'CD73 Inhibitor', 'H. pylori', 'H2S Donor', 'Carbonic Anhydrase', 'Amnesia-Reversal', 'NMDAR Antagonist', 'Osteoblast Stimulator', 'Hydrogen Sulfide Donor', 'Mood Disorder', 'CO2 Hydrase', 'Beta-CA Inhibitor', 'GPR39 Agonist', 'Carbonic Anhydrase IV Inhibitor', 'IFN-Gamma Inhibitor', 'Cu Chelator', 'Anion Inhibitor', 'H2S-Releasing', 'DNA Cleaving Agent', 'Carbonic Anhydrase XV Inhibitor', 'Tau Protein Inhibitor', 'HD', 'Glycogen Synthase Activator']"
CHEMBL1201104,C1N2CN3CN1CN(C2)C3.O=C(O)CNC(=O)c1ccccc1,[]
CHEMBL1201234,CNC(C)(C)Cc1ccccc1,[]
CHEMBL1230314,C[C@]12CC[C@@H]3c4ccc(O)cc4CC[C@H]3[C@@H]1[C@@H](O)[C@@H](O)[C@@H]2O,"['Estrogen Receptor Ligand', 'P-glycoprotein Inducer', 'Organic Anion Transporter 1 Substrate', 'Pgp-ATPase Stimulator', 'CBG Binding Affinity']"
CHEMBL1700,CC(C)NCC(O)c1ccc(NS(C)(=O)=O)cc1.Cl,"['Beta(3)-Adrenergic Agonist', 'Class III Antiarrhythmic']"
CHEMBL172513,C[N+](C)(C)CC(O)CC(=O)[O-],"['Organic Cation Transporter', 'Carnitine Transporter']"
CHEMBL1882461,C[N+]1(C)CCCCC1COC(=O)C(O)(c1ccccc1)c1ccccc1,['Anticholinergic']
CHEMBL192986,CN(c1ccc(Cl)cc1)c1cc[n+](Cc2ccc(-c3ccc(C[n+]4ccc(N(C)c5ccc(Cl)cc5)c5ccccc54)cc3)cc2)c2ccccc12.[Br-].[Br-],"['Antiproliferative', 'Choline Kinase Inhibitor']"
CHEMBL2105458,CN1CCC(N(Cc2cccs2)c2ccccc2)CC1,[]
CHEMBL221722,NC(=O)c1nc(F)cnc1O,[]
CHEMBL267476,CCCCC/C=C\C/C=C\CCCCCCCC(=O)O,"['Antimicrobial', 'GPR40/FFA1 Agonist', 'SHP2 Inhibitor', 'Interleukin 6 Inhibitor', 'Spore Germination Inhibitor', 'RBP4 Antagonist', 'TRPV2 Antagonist', 'Pancreatic Beta-cell Proliferation', 'Negative Chronotropic']"
CHEMBL4291143,Cc1cnc(N2CC3(CCOCC3)C2)c(C(=O)Nc2ccc(C(=O)N3CCc4cc(C(=O)Nc5c(C)cccc5F)sc4-c4ccccc43)cc2)c1,['RSV RNA Polymerase Inhibitor']
CHEMBL4297303,C=C[C@@H]1C[C@]1(NC(=O)[C@@H]1C[C@@H]2CN1C(=O)[C@H](C1CCCC1)NC(=O)O[C@@H]1CCC[C@H]1CCCCCn1c(nc3cc(OC)ccc3c1=O)O2)C(=O)NS(=O)(=O)C1(C)CC1,['HCV NS3 Protease Inhibitor']
CHEMBL4297492,CCC[C@H](C)Oc1nc(N)c2[nH]c(=O)n(CCCCCN3CCCCC3)c2n1,['TLR7/8 Agonist']
CHEMBL4438269,N#Cc1cc(Cl)cc(Oc2c(Br)ccc(CC(=O)Nc3ccc(S(N)(=O)=O)cc3Cl)c2F)c1,['HIV-1 PR/RT Inhibitor']
CHEMBL455491,C=CC(=C)CCC=C(C)C,"['Acaricide', 'Repellent']"
CHEMBL4594253,Cn1cc(-c2nc(N[C@@H]3CCCC[C@@H]3N)c(F)c3c2C(=O)NC3)cn1.O=C(O)CC(O)(CC(=O)O)C(=O)O,[]
CHEMBL4594429,CC(C)n1c(=O)n(C)c2cnc3cc(F)c(-c4ccc(OCCCN5CCCCC5)nc4)cc3c21,"['DNA Damage Response', 'ATM Inhibitor', 'DDR Kinase Inhibitor']"
CHEMBL4650360,COc1ccc(-c2c(-c3ccc(C#N)c(F)c3)nc(N3CCC(N)CC3)n(C)c2=O)cc1F.O=S(=O)(O)c1ccccc1,['Anticancer']
CHEMBL503,CC[C@H](C)C(=O)O[C@H]1C[C@@H](C)C=C2C=C[C@H](C)[C@H](CC[C@@H]3C[C@@H](O)CC(=O)O3)[C@H]21,"['Antimalarial', 'Hypocholesterolemic', 'HMG-CoA Reductase Inhibitor', 'Dengue Inhibitor', 'Cholesterol Lowering', 'Squalene Synthetase Inhibitor', 'Cholesterol Synthesis Inhibitor', 'Lipid Lowering', 'Anti-Osteoporotic', 'Anti-Hyperlipidemic', 'Cell Adhesion Inhibitor', 'LFA-1/ICAM Inhibitor', 'Geranylgeranyl Pyrophosphate Synthase Inhibitor', 'HMGR Inhibitor', 'Bone Formation Stimulator', 'OATP Inhibitor', 'Hepatoselective', 'BMP-2 Up-regulator', 'TASK Channel Modulator', 'Statin']"
CHEMBL620,C[N+]12CCC(CC1)C(OC(=O)C(O)(c1ccccc1)c1ccccc1)C2,"['Muscarinic Receptor Antagonist', 'COPD Treatment']"
CHEMBL88712,O=C(O)[C@@H](c1ccc(OCc2ccc3ccccc3n2)cc1)C1CCCC1,"['FLAP Inhibitor', 'Leukotriene Receptor Antagonist']"
CHEMBL908,CN(C)CC/C=C1/c2ccccc2Sc2ccc(Cl)cc21,['MDR-Modulator']
CHEMBL96172,C/C1=C/C[C@@H](/C(C)=C/c2csc(C)n2)OC(=O)C[C@H](O)C(C)(C)C(=O)[C@H](C)[C@@H](O)[C@@H](C)CCC1,['Cytotoxic']
CHEMBL119423,Sc1ncnc2[nH]ncc12,[]
CHEMBL1199480,CCCCCCCCN=c1ccn(CCCCCCCCCCn2ccc(=NCCCCCCCC)cc2)cc1,"['Bactericidal', 'Synergistic', 'Anti-Trichomonas', 'Membrane Permeabilizing', 'Haemolytic Activity', 'Topical Antimicrobial']"
CHEMBL1200836,Clc1ccc(CO/N=C(\Cn2ccnc2)c2ccc(Cl)cc2Cl)c(Cl)c1.O=[N+]([O-])O,['Antifungal']
CHEMBL1239,O=C(OCc1ccccc1)c1ccccc1,"['Hypertension', 'Angiotensin Antagonist', 'Acaricidal']"
CHEMBL1329455,CCOC(=O)[N-]c1c[n+](N2CCOCC2)no1,[]
CHEMBL2103745,N#C[C@@H]1C[C@@H]2C[C@@H]2N1C(=O)[C@@H](N)C12CC3CC(CC(O)(C3)C1)C2.O,"['Anti-Diabetic', 'DPPIV Inhibitor', 'Type 2 Diabetes', 'Diabetes', 'Anti-Viral', 'Dipeptidyl Peptidase-4 Inhibitor', 'FAP Inhibitor', 'GPR120 Partial Agonist', 'DPP8/9 Inhibitor', 'DP-IV Inhibitor', 'Neurological']"
CHEMBL2105689,N#C/C(=C1/SC[C@@H](c2ccc(Cl)cc2Cl)S1)n1ccnc1,[]
CHEMBL2106988,CC(=O)OCOC(=O)[C@@H]1N2C(=O)[C@@H](NC(=O)Cc3ccccc3)[C@H]2SC1(C)C,"['Antibiotic', 'Mycobacterium tuberculosis']"
CHEMBL2107067,CCCCCCCCCCC(=O)O[C@H]1CC[C@H]2[C@@H]3CCC4=CC(=O)CC[C@]4(C)[C@H]3CC[C@]12C,[]
CHEMBL2152646,[O-][n+]1ccc(O)c(O)c1-c1c(O)c(O)cc[n+]1[O-],[]
CHEMBL3545253,[18F]c1ccc(-c2ccc3c(c2)[nH]c2ccncc23)cn1,[]
CHEMBL3707312,COC(=O)c1cccc(CCN(C)CCC[C@@](C#N)(c2ccc(OC)c(OC)c2)C(C)C)c1,"['CaV1.3 Antagonist', 'LTCC Inhibitor', 'VEEV Inhibitor']"
CHEMBL4065122,C[C@H]1CN(C2COC2)CCN1c1ccc(Nc2cc(-c3ccnc(N4CCn5c(cc6c5CC(C)(C)C6)C4=O)c3CO)cn(C)c2=O)nc1,"['Immunomodulator', 'Btk Inhibitor']"
CHEMBL415087,Clc1ccc(C(OCCN2CCCCC2)c2ccccc2)cc1,[]
CHEMBL4594376,CCc1[nH]nc(C(=O)Nc2ccc([C@H]3CNCCO3)cc2)c1C,[]
CHEMBL4594426,N#Cc1ccc(COc2ccc(C#Cc3ccc(C(F)(F)[C@](O)(Cn4cnnn4)c4ccc(F)cc4F)nc3)cc2)cc1,"['Antifungal', 'CYP51 Inhibitor']"
CHEMBL491473,COc1cc2c(Oc3ccc4[nH]c(C)cc4c3F)ncnc2cc1OCCCN1CCCC1,['VEGFR2 Inhibitor']
CHEMBL498,CCCNC(=O)NS(=O)(=O)c1ccc(Cl)cc1,[]
CHEMBL539697,CCCCCCOC(=O)NC(=N)c1ccc(NCc2nc3cc(C(=O)N(CCC(=O)OCC)c4ccccn4)ccc3n2C)cc1,"['Thrombin-Inhibitor', 'Anticoagulant', 'Anti-Platelet']"
CHEMBL76725,N=C(N)NCC1COc2ccccc2O1,[]
CHEMBL93,CC(c1cc2ccccc2s1)N(O)C(N)=O,['5-Lipoxygenase Inhibitor']
CHEMBL117785,COc1cc2c(cc1OC)C1CC(=O)C(CC(C)C)CN1CC2,"['VMAT-2 Inhibitor', 'Neuronal nAChR Ligand', 'VMAT2 Ligand']"
CHEMBL1200392,CN(C)CCOC(C)(c1ccccc1)c1ccccn1.O=C(O)CCC(=O)O,[]
CHEMBL1200477,O=c1[n-]cnc2[nH]ncc12.[Na+],[]
CHEMBL1200521,CN(C)CCc1c[nH]c2ccc(CS(=O)(=O)N3CCCC3)cc12.O=C(O)CC(O)C(=O)O,"['5-HT(1B/1D) Agonist', 'Anti-Migraine']"
CHEMBL1201232,CC(C)[N+](C)(CCC(C(N)=O)(c1ccccc1)c1ccccc1)C(C)C,"['Antiarrhythmic', 'Anticholinergic', 'IKr Channel Blocker', 'Organic Cation Transporter 2 Inhibitor']"
CHEMBL1241348,C=C[C@@H]1C[C@]1(NC(=O)[C@@H]1C[C@@H](Oc2cc(-c3csc(NC(=O)C(C)C)n3)nc3c(Br)c(OC)ccc23)CN1C(=O)[C@@H](NC(=O)OC1CCCC1)C(C)(C)C)C(=O)O,"['HCV Inhibitor', 'NS3-4A Protease Inhibitor']"
CHEMBL1316726,O=C(O)/C=C\c1c[nH]cn1,[]
CHEMBL132530,C[C@]12CCC(=O)C(O)=C1CC[C@@H]1[C@@H]2CC[C@]2(C)C(=O)CC[C@@H]12,['Aromatase Inhibitor']
CHEMBL1328898,COC(=O)[C@@H](N)Cc1ccc(O)c(O)c1,[]
CHEMBL1407943,Clc1ccc(Cn2c(CN3CCCC3)nc3ccccc32)cc1,"['HO-1 Inhibitor', 'HO-2 Inhibitor']"
CHEMBL193,COC(=O)C1=C(C)NC(C)=C(C(=O)OC)C1c1ccccc1[N+](=O)[O-],"['Vasodilator', 'Ca2+ Antagonist', 'Hypertension', 'MR Antagonist', 'Indoleamine 2,3-Dioxygenase Inhibitor', 'L-Type Ca2+ Channel Blocker', 'CYP3A4 Inducer', 'PXR Activator', 'QT Prolongation', 'L-type Channel Inhibitor', 'CaL Channel Inhibitor', 'Alpha-Adrenolytic']"
CHEMBL197084,C[C@@]1(C(=O)N[C@@H](CCC(=O)O)C(=O)O)CCCN1C(=O)CN,[]
CHEMBL2021430,C[C@@H]1C[C@H]2[C@@H]3CCC4=CC(=O)C=C[C@]4(C)[C@@]3(F)[C@@H](O)C[C@]2(C)[C@@]1(O)C(=O)COP(=O)([O-])[O-].[Na+].[Na+],['Anti-Inflammatory']
CHEMBL207413,CC(=O)O[C@H]1CC[C@]2(C)[C@H]3C(=O)C=C4[C@@H]5C[C@@](C)(C(=O)O)CC[C@]5(C)CC[C@@]4(C)[C@]3(C)CC[C@H]2C1(C)C,"['Cytotoxic', '11betaHSD1 Inhibitor', 'Metabolic Disease Treatment']"
CHEMBL2103855,Cc1ccn(-c2cc(Cl)ccc2[C@@H](Oc2cc(-c3ccc(C[C@H](N)C(=O)O)cc3)nc(N)n2)C(F)(F)F)n1,"['TPH1 Inhibitor', 'Serotonin Modulator']"
CHEMBL2104986,Cc1ccc(Sc2ccccc2C2CCNCC2)cc1,"['Antidepressant', 'SERT Inhibitor']"
CHEMBL2105080,COCc1c(C(=O)OC(C)C)ncc2[nH]c3cccc(Oc4ccc(Cl)cc4)c3c12,[]
CHEMBL2105728,CC1(COc2ccc3c(c2)ncn3-c2ccc3cccc(N4CCC(N)CC4)c3n2)COC1,[]
CHEMBL2105754,Cn1c(=O)cc(N2CCC[C@@H](N)C2)n(Cc2cc(F)ccc2C#N)c1=O.O=C(O)CCC(=O)O,"['Anti-Diabetic', 'DPPIV Inhibitor']"
CHEMBL23,COc1ccc([C@@H]2Sc3ccccc3N(CCN(C)C)C(=O)[C@@H]2OC(C)=O)cc1,"['Antihypertensive', 'Vasorelaxant', 'Calcium Channel Blocker']"
CHEMBL23194,NCCCNCCCCNCCCN,"['Antitumor', 'Antineoplastic', 'NMDA Receptor Ligand', 'Polyamine Transport Ligand', 'Deoxyhypusine Synthase Inhibitor', 'Polyamine Transport Inhibitor', 'Antibiotic Sensitizer', 'Growth Arrest', 'Polyamine Metabolism']"
CHEMBL241694,C#C[C@]1(O)CC[C@H]2[C@@H]3CCC4=CC(=O)CC[C@]4(C)[C@H]3CC[C@@]21C,"['Progesterone Receptor Agonist', 'Selective Androgen Receptor Modulator', 'Progesterone Receptor Ligand', 'SHBG Ligand', 'P-glycoprotein Inducer', 'Osteoblast Stimulator', 'CYP3A4 Inducer', 'Pgp-ATPase Stimulator']"
CHEMBL282121,CCN(CCCCOC(=O)c1ccc(OC)c(OC)c1)C(C)Cc1ccc(OC)cc1,[]
CHEMBL3545110,CN(C)C(=O)c1cc2cnc(Nc3ccc(N4CCNCC4)cn3)nc2n1C1CCCC1,"['CDK9 Inhibitor', 'CDK4/D Inhibitor', 'Pancreatic Cancer', 'CDK4/6 Inhibitor', 'GBM Treatment']"
CHEMBL3545985,C[C@@H](Cc1ccccc1)N(C)Cc1ccccc1,[]
CHEMBL4,CC1COc2c(N3CCN(C)CC3)c(F)cc3c(=O)c(C(=O)O)cn1c23,"['Antibiotic', 'Anti-Tuberculosis', 'Antimicrobial', 'Anti-mycobacterial', 'BACE-1 Inhibitor', ""Alzheimer's"", 'AChE Inhibitor', 'DNA GyraseB Inhibitor', 'Antialzheimer', 'BuChE Inhibitor', 'Efflux Pump Inhibitor', 'MRSA', 'Metal Chelator', 'Bactericidal', 'Antibiotic Adjuvant', 'Mycobacterium tuberculosis Inhibitor', 'Peptide Deformylase Inhibitor', 'Synergistic', 'FabI-Inhibitor', 'ChEs Inhibitor', 'DNA Replication Inhibitor', 'Glutamate Racemase Inhibitor', 'Broad-spectrum Antibiotic', 'Antistaphylococcal', 'Pks13 Inhibitor', 'Bacteriostatic', 'Organic Cation Transporter', 'NAD Synthetase Inhibitor', 'Antipneumococcal']"
CHEMBL415324,COc1ccc(/C=C/C(=O)Nc2ccccc2C(=O)O)cc1OC,"['Anti-Fibrotic', 'TRPA1 Modulator', 'Ischemic Injury']"
CHEMBL4297616,NC(=O)[C@](O)(CNc1nc(-c2cc(-c3ccon3)n(Cc3ccccc3F)n2)ncc1F)C(F)(F)F,['sGC Stimulator']
CHEMBL456341,CCCCCCC(C)(C)c1cc(O)c2c(c1)OC(C)(C)[C@@H]1CC=C(C(=O)O)C[C@@H]21,"['Analgesic', 'CB1 Agonist', 'Cannabinoid Agonist', 'Adenylyl Cyclase Inhibitor', 'Chronic Pain Treatment', 'Cancer Cell Proliferation Inhibitor', 'CB(2) Receptor Ligand']"
CHEMBL4594290,NCCNC1CCC(CC(=O)N[C@H]2Cc3cccc(C(=O)O)c3OB2O)CC1,['Beta-lactamase Inhibitor']
CHEMBL4594353,Cc1nc2ccc(F)cc2n1-c1nc(N)c(F)c(Nc2ccc(C(F)(F)F)cc2)n1,[]
CHEMBL4788758,O=C(c1cccc(-c2nc3ccccc3[nH]2)n1)N1CCN(C(=O)c2cccc(-c3nc4ccccc4[nH]3)n2)CC1,['IBD Therapeutic']
CHEMBL4802242,CC(C)c1ccc(CC(=O)N[C@H](C)c2ccc(OCC(F)(F)F)cn2)cc1.Cl,['T-Type Calcium Channel Inhibitor']
CHEMBL5095492,C=CC(=O)Nc1cc(C#CC(C)(C)N2CCN(C)CC2)cc2ncnc(Nc3ccc(F)c(Cl)c3)c12,['EGFR Kinase Inhibitor']
CHEMBL511142,CO[C@@]12CC[C@@]3(C[C@@H]1[C@](C)(O)C(C)(C)C)[C@H]1Cc4ccc(O)c5c4[C@@]3(CCN1CC1CC1)[C@H]2O5,['KOR Agonist']
CHEMBL5314524,CCOC(=O)c1cnc2[nH]ccc2c1N[C@@H]1CCCN(CC(=O)C#N)C1,['JAK1/JAK2 Inhibitor']
CHEMBL5314547,CCCS(=O)(=O)Nc1cc(F)c(F)c(C(=O)c2ccc3ncc(N4CCOCC4)nc3c2)c1F,[]
CHEMBL5314938,Nc1nc2c(ncn2[C@@H]2O[C@H](CO)[C@@H](O)[C@@H]2[18F])c(=O)[nH]1,[]
CHEMBL604710,O=C(CC(c1ccccc1)c1ccccc1)N1CCN(C(c2ccccc2)c2ccccc2)CC1,"['Analgesic', 'Neuropathic Pain', 'N-Type Calcium Channel Blocker']"
CHEMBL633,CCCCc1oc2ccccc2c1C(=O)c1cc(I)c(OCCN(CC)CC)c(I)c1,"['TNBC', 'Autophagy Modulator']"
CHEMBL757,C[C@]12CC[C@H]3[C@@H](CCC4=CC(=O)CC[C@@H]43)[C@@H]1CC[C@@H]2O,"['Butylcholinesterase Inhibitor', 'Androgen Receptor Modulator', 'Androgen Receptor Ligand', 'Selective Androgen Receptor Modulator', 'Aldosterone Antagonist']"
CHEMBL816,NCCN,['Metalloproteinase Inhibitor']
CHEMBL86,CCN(CC)CCNC(=O)c1cc(Cl)c(N)cc1OC,['Antiemetic']
CHEMBL112302,O=[Se]([O-])[O-].[Na+].[Na+],"['Antibiotic', 'Antimalarial', 'Antimicrobial', 'Carbonic Anhydrase Inhibitor', 'Anti-Trypanosomal', 'CA I Inhibitor', 'H. pylori', 'Carbonic Anhydrase', 'CO2 Hydrase', 'Beta-CA Inhibitor', 'Carbonic Anhydrase IV Inhibitor', 'Anion Inhibitor', 'Carbonic Anhydrase XV Inhibitor']"
CHEMBL1200850,Nc1nc([O-])c2ncn(COC(CO)CO)c2n1.[Na+],"['Antiviral', 'Anti-Herpes']"
CHEMBL1200966,Nc1ccc(C(=O)[O-])c(O)c1.[Na+],[]
CHEMBL1201245,CN(C)CCOC(c1ccccc1)c1ccc(Br)cc1,[]
CHEMBL1201775,C[C@H](O)[C@H](O)[C@H]1CNc2[nH]c(N)nc(=O)c2N1.Cl.Cl,[]
CHEMBL126,CC(=O)NC[C@H]1CN(c2ccc(N3CCOCC3)c(F)c2)C(=O)O1,['Antibiotic']
CHEMBL127300,COc1cc(C(=O)OCCCN(C)CCN(C)CCCOC(=O)c2cc(OC)c(OC)c(OC)c2)cc(OC)c1OC,['ENT1 Inhibitor']
CHEMBL1523964,CN[C@@H](C)[C@H](O)c1ccccc1.CN[C@@H](C)[C@H](O)c1ccccc1.O=S(=O)(O)O,[]
CHEMBL1730601,Oc1cc(O)c(Cl)cn1,[]
CHEMBL187927,c1cnc2c(c1)O[C@H]1CCN3CC[C@@]1(C2)C3,['Alpha7-nAChR Agonist']
CHEMBL2096635,N[14C](N)=O,"['Carbonic Anhydrase', 'CO2 Hydrase', 'Beta-CA Inhibitor', 'Glycine Agonist', 'Anion Inhibitor', 'Carbonic Anhydrase XV Inhibitor', 'Raf-1/MAPK/ERK Inhibitor']"
CHEMBL2104282,CCN(CC)CCn1c(-c2ccccc2)noc1=N,[]
CHEMBL2105534,CS(=O)(=O)c1ccc(-c2cn3ccccc3n2)cc1,[]
CHEMBL2105705,C=C1/C(=C\C=C2/CCC[C@]3(C)C([C@H](C)C/C=C/S(=O)(=O)C(C)(C)C)=CC[C@@H]23)C[C@@H](O)C[C@@H]1O,[]
CHEMBL2106186,NS(=O)(=O)c1cc2c(cc1Cl)NC(c1ccccc1)NC2=O,"['Diuretic', 'Saluretic']"
CHEMBL2179529,O=C(c1ccc(Cl)o1)N1CC2CNCC2C1,"['Cognition-Enhancer', 'Alpha4Beta2-nAChR Agonist']"
CHEMBL220360,C[C@H](NC(=O)C(C)(C)Oc1ccc(C(F)(F)F)cn1)[C@@H](Cc1ccc(Cl)cc1)c1cccc(C#N)c1,"['Obesity Treatment', 'CB1 Inverse Agonist', 'Cannabinoid-1 Receptor Inverse Agonist']"
CHEMBL254219,C[C@H]1O[C@@H](O[C@H]2[C@@H](O)C[C@H](O[C@H]3[C@@H](O)C[C@H](O[C@H]4CC[C@@]5(C)[C@H](CC[C@@H]6[C@@H]5CC[C@]5(C)[C@@H](C7=CC(=O)OC7)CC[C@]65O)C4)O[C@@H]3C)O[C@@H]2C)C[C@H](O)[C@@H]1O,"['Cytotoxic', 'Apoptosis Inducer', 'Positive Inotropic', 'Na(+)/K(+)-ATPase Inhibitor', 'Neuronal Differentiation']"
CHEMBL254468,N[C@]1(C(=O)O)C[C@@H]([18F])C1,[]
CHEMBL3545181,C[N+]1(C)[C@@H]2C[C@@H](OC(=O)C(O)(c3cccs3)c3cccs3)C[C@H]1[C@@H]1O[C@@H]12.O.[Br-],"['Anti-Inflammatory', 'PDE4 Inhibitor', 'Muscarinic Receptor Antagonist', 'Bronchodilator', 'COPD', 'M3 Receptor Antagonist', 'COPD Treatment', 'Anticholinergic', 'M3 Muscarinic Receptor Antagonist', 'Muscarinic M3 Receptor Antagonist', 'OCT1 Substrate', 'Cholinergic Receptor Antagonist', 'Organic Cation Transporter Substrate', 'MABA']"
CHEMBL3545291,CN(C)C(=O)CCn1nc(Nc2ccc3c(c2)OC(F)(F)O3)nc1-c1ccncc1,[]
CHEMBL3785909,COCCOc1cnc2ccn([C@H](C)c3nnc4c(F)cc(-c5cnn(C)c5)cn34)c(=O)c2c1,['cMET Inhibitor']
CHEMBL3989922,Cc1ccc(S(=O)(=O)O)cc1.NC(=O)c1cccc2cn(-c3ccc([C@@H]4CCCNC4)cc3)nc12.O,[]
CHEMBL4084907,Nc1cc(C(F)(F)F)c(-c2nc(N3CCOCC3)nc(N3CCOCC3)n2)cn1,"['Anticancer', 'PI3 Kinase Inhibitor', 'mTORC1 Inhibitor', 'Oncology']"
CHEMBL426926,NCC[C@H](O)C(=O)N[C@@H]1C[C@H](N)[C@@H](O[C@H]2O[C@H](CN)CC[C@H]2N)[C@H](O)[C@H]1O[C@H]1O[C@H](CO)[C@@H](O)[C@H](N)[C@H]1O,"['Antibiotic', 'Ribosome Inhibitor', 'Aminoglycoside']"
CHEMBL4297397,O=c1c(O)c(-c2ccc(O)c(OP(=O)(O)O)c2)oc2cc(O)cc(O)c12,[]
CHEMBL4297589,CCCCOC(=O)N1CCN(C(=O)[C@H](CP(=O)(O)O)NC(=O)c2cc(N3CC[C@H](OC)C3)nc(-c3ccccc3)n2)CC1,"['Antiplatelet Aggregation Inhibitor', 'P2Y Receptor Antagonist', 'P2Y Inhibitor']"
CHEMBL4297637,CC(=O)OC/C=C(C)/C=C/C=C(C)\C=C\C1=C(C)CCCC1(C)C,['Chemopreventive']
CHEMBL43452,Nc1cccc2c1C(=O)N(C1CCC(=O)NC1=O)C2=O,"['Antiproliferative', 'Anti-Cancer', 'NF-kappa B Inhibitor', 'TNF-Alpha Inhibitor', 'Angiogenesis Inhibitor', 'STAT3 Inhibitor', 'PROTAC', 'Immunomodulatory', 'CML Treatment', 'Protein Degradation', 'EGFR Degrader', 'Protein Degrader', 'AKT Degrader', 'CDK12 Inhibitor', 'Multiple Myeloma Treatment', 'BCR-ABL Degrader', 'Hepatocellular Carcinoma', 'Antimyeloma', 'GSPT1/2 Degrader', 'Cereblon E3 Ligase Modulator', 'TNF-alpha Regulator']"
CHEMBL5095187,Cc1cccc(C)c1CNc1cc(C(=O)NCCOC(=O)CCCC(=O)O)cn2c(C)c(C)nc12,"['Gastric Acid Inhibitor', 'Acid Pump Antagonist']"
CHEMBL64391,CCC(C)n1ncn(-c2ccc(N3CCN(c4ccc(OCC5COC(Cn6cncn6)(c6ccc(Cl)cc6Cl)O5)cc4)CC3)cc2)c1=O,"['Antifungal', 'Antimicrobial', 'Antioxidant', 'VEGFR2 Inhibitor', 'Anti-Angiogenic', 'Angiogenesis Inhibitor', 'CRF1 Antagonist', 'CYP3A4 Inhibitor', 'CYP51 Inhibitor', 'Hedgehog Pathway Inhibitor', 'Hh Pathway Antagonist', 'Antimycotic', 'P-glycoprotein Substrate', 'Hh Signaling Inhibitor', 'Ergosterol Biosynthesis Inhibitor', 'Anti-Infectious', 'Sterol 14alpha-demethylase Inhibitor', 'Radio Diagnostics', 'CNS Agents', 'CYP51/HDAC Inhibitor']"
CHEMBL666,O=C(O)P(=O)(O)O,"['Carbonic Anhydrase Inhibitor', 'CA I Inhibitor', 'Antiherpes', 'Carbonic Anhydrase', 'NaPi2b Inhibitor', 'Bone-Targeting', 'CO2 Hydrase', 'Beta-CA Inhibitor', 'Antibiotic Resistance', 'Anti-AIDS', 'Intestinal Permeability', 'Organic Anion Transporter 1 Substrate']"
CHEMBL686,Cc1cccc(Nc2ccccc2C(=O)O)c1C,"['Anti-Inflammatory', 'AKR1C1 Inhibitor', '17beta-hydroxysteroid Dehydrogenase Inhibitor', 'LsrK Inhibitor', 'Quorum Sensing', 'Tryptophan Biosynthesis Inhibitor']"
CHEMBL1040,C=C1CC[C@H](O)C/C1=C/C=C1\CCC[C@]2(C)[C@@H]([C@H](C)CCCC(C)(C)O)CC[C@@H]12,"['Hedgehog Pathway Inhibitor', 'Vitamin D Analogue', 'Antipsoriatic', 'Cellular Differentiation', 'VDR Antagonist']"
CHEMBL1082508,NC(=O)NC[C@@H]1CCCc2cc(S(=O)(=O)c3cccc(F)c3)ccc21,"['5-HT6 Receptor Ligand', 'Antagonist']"
CHEMBL108545,COC(=O)c1ccccc1O,[]
CHEMBL1146,Cn1nnnc1SCC1=C(C(=O)O)N2C(=O)[C@@H](NC(=O)[C@H](O)c3ccccc3)[C@H]2SC1,['Antibiotic']
CHEMBL1200397,CN(Cc1ccc(C(C)(C)C)cc1)Cc1cccc2ccccc12.Cl,['Antifungal']
CHEMBL1201129,Nc1ncn([C@H]2C[C@H](O)[C@@H](CO)O2)c(=O)n1,"['Anticancer', 'Cytotoxic', 'Antitumor', 'Antiviral', 'Anti-HIV-1', 'DNA Methyltransferase Inhibitor', 'Anti-Herpes', 'Anti-PDAC']"
CHEMBL1201179,CS(=O)(=O)CCNCc1ccc(-c2ccc3ncnc(Nc4ccc(OCc5cccc(F)c5)c(Cl)c4)c3c2)o1.Cc1ccc(S(=O)(=O)O)cc1.Cc1ccc(S(=O)(=O)O)cc1.O,"['Tyrosine Protein Kinase Inhibitor', 'EGFR/HER2 Inhibitor', 'Dual Kinase Inhibitor', 'Hepatotoxic']"
CHEMBL1201320,COc1ccc2[nH]c([S@@+]([O-])Cc3ncc(C)c(OC)c3C)nc2c1,"['NHE3 Inhibitor', 'Antiulcerogenic', 'Anti-Ulcer']"
CHEMBL1201766,CC(C)c1cccc(C(C)C)c1OCOP(=O)(O)O,[]
CHEMBL1214124,N#Cc1ccccc1-c1cc(-c2ccccn2)cn(-c2ccccc2)c1=O,"['AMPA Receptor Antagonist', 'Antiepileptic']"
CHEMBL1241,CN(C)CCN(Cc1ccccc1)c1ccccn1,[]
CHEMBL1258006,O=C(N[C@@H]1C2CCN(CC2)[C@H]1Cc1cccnc1)c1cc2ccccc2o1,"['Cognition-Enhancer', 'Alpha7-nAChR Agonist', 'Schizophrenia', 'Acetylcholine Binding Protein Ligand']"
CHEMBL2016893,Cc1c(NCCN2CCCC2)cc(C(=O)CCC(F)(F)F)cc1N1CCN(c2ncnc3[nH]nc(Br)c23)CC1,"['Anticancer', 'p70S6 Kinase Inhibitor']"
CHEMBL2095224,COc1ccc2nc3cc(Cl)ccc3c(Nc3cc(CN4CCCC4)c(O)c(CN4CCCC4)c3)c2n1.O=P(O)(O)O.O=P(O)(O)O.O=P(O)(O)O.O=P(O)(O)O,['Antimalarial']
CHEMBL2104993,Cc1ccc(Sc2ccccc2N2CCNCC2)c(C)c1,"['Antidepressant', '5-HT 1A Receptor Agonist', 'SERT Inhibitor']"
CHEMBL2107378,C1CCC2(C1)[C@H]1CN(CC3CC3)C[C@@H]2CN(CC2CC2)C1.C1CCC2(C1)[C@H]1CN(CC3CC3)C[C@@H]2CN(CC2CC2)C1.O=C(O)/C=C/C(=O)O.O=C(O)/C=C/C(=O)O.O=C(O)/C=C/C(=O)O,[]
CHEMBL27769,C[C@]12CCC(=O)C[C@@H]1CC[C@@H]1[C@@H]2CC[C@]2(C)[C@@H](O)CC[C@@H]12,"['17beta-HSD Inhibitor', 'Androgen Receptor Antagonist', 'Anti-Prostate Cancer', 'TGR5 Agonist', 'Anti-Androgen', 'Androgen Receptor Modulator', 'Osteoporosis Treatment', 'AR Antagonist', 'SARM', 'Androgen Receptor Ligand', 'Selective Androgen Receptor Modulator', 'Anabolic', 'SHBG Ligand', 'Anti-Androgenic', 'Androgen Receptor Agonist', 'Androgenic', 'Androgen Receptor', 'Aldosterone Antagonist', 'AR Agonist', 'Organic Anion Transporter 1 Substrate', 'CBG Binding Affinity']"
CHEMBL3218578,COc1ccc(-c2ccc3ncc4c(c3c2)n(-c2ccc(N3CCNCC3)c(C(F)(F)F)c2)c(=O)n4C)cn1,[]
CHEMBL349803,NS(=O)(=O)c1cc(C(=O)O)cc(N2CCCC2)c1Oc1ccccc1,['Salidiuretic']
CHEMBL3545252,CC(=O)O[C@@]12CO[C@@H]1C[C@H](O)[C@@]1(C)C(=O)[C@H](O)C3=C(C)[C@@H](OC(=O)[C@H](O)[C@@H](NC(=O)OC(C)(C)C)c4ccccc4)C[C@@](O)([C@@H](OC(=O)c4ccccc4)[C@H]21)C3(C)C.O.O.O,"['Anticancer', 'Cytotoxic', 'Antitumor', 'Antimitotic', 'Pro-Apoptotic', 'Microtubule Stabilizer', 'Mitotic Inhibitor', 'Tubulin Interaction', 'PSMA-Targeting', 'Microtubule Disassembly Inhibitor']"
CHEMBL3989525,[N-]=[N+]=NCC(=O)N[C@H](CO)[C@H](O)c1ccc([N+](=O)[O-])cc1,[]
CHEMBL4078100,COc1nnc2ccc(N3CCC(c4ccc(OCCN5CCN(C)C(=O)[C@H]5C)cc4)CC3)nn12,"['Anticancer', 'BET Inhibitor', 'Bromodomain Inhibitor', 'ER+ Breast Cancer']"
CHEMBL4091762,O=C(NCCN1CCCC1)c1cc(-c2ccc(CN3CCOCC3)cc2)nc2ccc(F)cc12,"['Antimalarial', 'Antiplasmodial']"
CHEMBL411907,C=CCN(/C=C1/C(=O)O[C@H](COC)[C@@]2(C)C1=C(O)C(=O)C1=C2[C@H](OC(C)=O)C[C@]2(C)C(=O)CC[C@@H]12)CC=C,"['Anticancer', 'PI3 Kinase Inhibitor']"
CHEMBL4297666,CC(C)OC(=O)CNc1cccc(CN(Cc2ccc(-n3cccn3)cc2)S(=O)(=O)c2cccnc2)n1,"['Ocular Hypotensive', 'EP2 Agonist']"
CHEMBL434200,CC(C)(C)NCC(O)COc1cccc2c1SCCC2,"['Beta-Adrenoceptor Blocker', 'Beta-Adrenergic Receptor Ligand']"
CHEMBL4594428,COc1cc(OC)c(F)c(COc2cnc(Nc3cnn(CCO)c3)nc2)c1F,"['FGFR4 Inhibitor', 'hERG Channel Inhibitor', 'HCC Treatment', 'FGFR3 Inhibitor']"
CHEMBL4646511,CO[C@H]1C[C@H](C)CC2=C(NCCCCCC[P+](c3ccccc3)(c3ccccc3)c3ccccc3)C(=O)C=C(NC(=O)/C(C)=C/C=C\[C@H](OC)C[C@@H](OC(N)=O)/C(C)=C/[C@H](C)[C@H]1O)C2=O,['Hsp-90 Inhibitor']
CHEMBL4650363,C[N+](C)(C)CCOC(=O)CCCC[C@@H]1CCSS1.[Cl-],[]
CHEMBL4754493,Cn1ncc(-c2nc(N[C@H]3CC[C@H](N)CC3)ncc2Cl)c1CC1CC1,[]
CHEMBL4783446,CC(C)OC(=O)[C@H](C)NP(=S)(OC[C@H]1O[C@@H](n2ccc(=O)[nH]c2=O)[C@](C)(O)[C@@H]1O)Oc1ccccc1,['HCV NS5b Polymerase Inhibitor']
CHEMBL498485,COc1ccc(-c2oc3c(CC=C(C)C)c(O)cc(O)c3c(=O)c2O)cc1,[]
CHEMBL5314404,CC[C@H]1[C@@H]2C[C@H]3[C@@H]4N(C)c5ccccc5[C@]45C[C@@H]([C@@H]2[C@H]5O)N3[C@@H]1O,[]
CHEMBL5314528,COc1cc(O[C@H]2C(C)(C)[C@H](NC(=O)c3ccc(N4CCC(CN5CCN(c6ccc(C(=O)N[C@H]7CCC(=O)NC7=O)c(F)c6)CC5)CC4)cc3)C2(C)C)ccc1C#N,"['PROTAC', 'Androgen Receptor Degrader']"
CHEMBL61780,COc1ccccc1Oc1c(NS(=O)(=O)c2ccc(C(C)C)cn2)nc(-c2ccnc(-c3nnn[nH]3)c2)nc1OCCO,"['Endothelin A Receptor Antagonist', 'ETA-Receptor Antagonist']"
CHEMBL655,Cc1ncc2n1-c1ccc(Cl)cc1C(c1ccccc1F)=NC2,"['Anxiolytic', 'PAF-Receptor Antagonist']"
CHEMBL787,CC(C)(O)c1ccccc1CC[C@@H](SCC1(CC(=O)O)CC1)c1cccc(/C=C/c2ccc3ccc(Cl)cc3n2)c1,"['CysLT1 Antagonist', 'GPBAR1 Agonist', 'HsClpP Agonist', 'LTD(4) Antagonist']"
CHEMBL821,N=C(N)N,"['DHPS Inhibitor', 'Antiglycation', 'Organic Cation Transporter', 'AGE Inhibitor', 'Carnitine Transporter']"
CHEMBL91397,Cc1cncc(CN2CCC(=C3c4ccc(Cl)cc4CCc4cccnc43)CC2)c1,"['Antiallergy', 'PAF-Receptor Antagonist', 'H1 Antihistaminic']"
CHEMBL944,CCN(CC)CCOC(=O)c1ccc(N)cc1Cl.Cl,[]
CHEMBL1200946,CCCCCCCCCC(=O)O[C@H]1CC[C@H]2[C@@H]3CCC4=CC(=O)CC[C@@H]4[C@H]3CC[C@]12C,[]
CHEMBL121626,Cc1c(Cl)cccc1Nc1ccccc1C(=O)O,"['Anti-Inflammatory', 'COX2 Inhibitor', 'AKR1C1 Inhibitor', 'AR Inhibitor', '17beta-hydroxysteroid Dehydrogenase Inhibitor', 'LsrK Inhibitor', 'Quorum Sensing', 'Membrane Permeability']"
CHEMBL1288810,OC[C@@H](O)CN1CCN(c2ccccc2)CC1,[]
CHEMBL135626,CC,[]
CHEMBL169896,Cc1nc2ccc3ccc(CNc4ccc5c(c4)CN([C@@H](CCC(=O)O)C(=O)O)C5=O)cc3c2c(=O)[nH]1,"['Cytotoxic', 'Thymidylate Synthetase Inhibitor']"
CHEMBL18901,Cc1cc(C)cc(NC(=O)Cc2ccc(OC(C)(C)C(=O)O)cc2)c1,['Hemoglobin Modulator']
CHEMBL192,CCCc1nn(C)c2c(=O)[nH]c(-c3cc(S(=O)(=O)N4CCN(C)CC4)ccc3OCC)nc12,"['PDE 5 Inhibitor', 'Erectile Dysfunction', 'PDE Inhibitor', 'ED Treatment', 'Erectile Dysfunction Treatment']"
CHEMBL2068971,C[C@]12CC[C@H](O)C[C@H]1CC[C@@H]1[C@@H]2CC[C@]2(C)[C@@](O)(c3ccoc3)CC[C@]12O,['Na(+)/K(+)-ATPase Inhibitor']
CHEMBL2105734,COCC[n+]1c2c(n(Cc3cnccn3)c1C)C(=O)c1ccccc1C2=O.[Br-],"['Anti-Tuberculosis', 'Bactericidal']"
CHEMBL2106179,O=C1CC[C@H](C(=O)N2CCCCC2)N1,['Neuritogenic']
CHEMBL2111086,N[C@@H](CCC(=O)N[C@@H](CS(=O)(=O)CCOP(=O)(N(CCCl)CCCl)N(CCCl)CCCl)C(=O)N[C@@H](C(=O)O)c1ccccc1)C(=O)O,[]
CHEMBL284616,O=C(/C=C/c1ccc(O)c(O)c1)O[C@@H]1C[C@](O)(C(=O)O)C[C@@H](O)[C@H]1O,"['Neuraminidase Inhibitor', 'Gluconeogenesis Inhibitor', 'Glycogenolysis Inhibitor']"
CHEMBL3545210,CCN(CC)Cc1ccc(OCC[C@H]2CCC3C4C(CC[C@@]32C)c2ccc(O)cc2C[C@H]4C)c(OC)c1.O=C(O)CC(O)(CC(=O)O)C(=O)O,[]
CHEMBL3547132,N[C@@H](Cc1cc(O)c(O)cc1F)C(=O)O,[]
CHEMBL363392,CCCCC1(CCCC)CS(=O)(=O)c2ccc(N(C)C)cc2[C@@H](c2ccc(OCc3ccc(C[N+]45CCN(CC4)CC5)cc3)cc2)[C@H]1O,['ASBT Inhibitor']
CHEMBL374731,Cc1cn([C@@H]2C[C@@H](O)[C@H](CO)O2)c(=O)[nH]c1=O,"['Antiviral', 'Anti-Tuberculosis', 'Anti-HIV-1', 'Thymidine Phosphorylase Inhibitor', 'Thymidine Kinase Inhibitor', 'Antiherpes', 'TMPKmt Inhibitor', 'Anti-Herpes', 'Organic Cation Transporter', 'HSV-1 TK Inhibitor', 'TP Inhibitor', 'CHB Therapeutic']"
CHEMBL3918017,CC[C@@H](C(N)=O)N1C[C@H](C=C(F)F)CC1=O,['Antiepileptic']
CHEMBL3989512,CC[C@H](C)[C@@H]([C@@H](CC(=O)N1CCC[C@H]1[C@H](OC)[C@@H](C)C(=O)NCCc1ccccc1)OC)N(C)C(=O)[C@@H](NC(=O)[C@H](C(C)C)N(C)C)C(C)C,"['Anticancer', 'Cytotoxic', 'Antitubulin', 'ADC']"
CHEMBL3989829,CCN[C@@H]1C[C@H](N)[C@@H](O[C@H]2OC(CN)=CC[C@H]2N)[C@H](O)[C@H]1O[C@H]1OC[C@](C)(O)[C@H](NC)[C@H]1O.CCN[C@@H]1C[C@H](N)[C@@H](O[C@H]2OC(CN)=CC[C@H]2N)[C@H](O)[C@H]1O[C@H]1OC[C@](C)(O)[C@H](NC)[C@H]1O.O=S(=O)(O)O.O=S(=O)(O)O.O=S(=O)(O)O.O=S(=O)(O)O.O=S(=O)(O)O,['Aminoglycoside']
CHEMBL4072756,COc1cccc([C@@H](Oc2ccc3c(cnn3-c3ccc(F)cc3)c2)[C@H](C)NC(=O)C(F)(F)F)c1,"['Anti-Inflammatory', 'Glucocorticoid Agonist', 'Glucocorticoid Receptor Modulator', 'GR Agonist']"
CHEMBL4594380,[2H]c1c([2H])c([2H])c2c([nH]c(=O)n2CCCN2CCC(n3c(=O)[nH]c4cc(Cl)ccc43)CC2)c1[2H],[]
CHEMBL4788728,c1cnc2c(c1)CNC2,[]
CHEMBL5314400,FC(F)(F)c1cccnc1-c1ccc(-c2nc3ccc(Br)cc3[nH]2)nc1,[]
CHEMBL564829,CNC(=O)c1nn(C)c2c1C(C)(C)Cc1cnc(Nc3ccc(N4CCN(C)CC4)cc3)nc1-2,"['Antiproliferative', 'CDK1/CDK2 Inhibitor', 'CDK Inhibitor', 'Cyclin-Dependent Kinase Inhibitor']"
CHEMBL601773,CC(C)[C@@]1(NC(=O)[C@@H]2C[C@@H]3c4cccc5[nH]cc(c45)C[C@H]3N(C)C2)O[C@@]2(O)[C@@H]3CCCN3C(=O)[C@H](Cc3ccccc3)N2C1=O,[]
CHEMBL1093,CCCNC(C)C(=O)Nc1c(C)csc1C(=O)OC,[]
CHEMBL114,CC(C)(C)NC(=O)[C@@H]1C[C@@H]2CCCC[C@@H]2CN1C[C@@H](O)[C@H](Cc1ccccc1)NC(=O)[C@H](CC(N)=O)NC(=O)c1ccc2ccccc2n1,"['Antiviral', 'HIV Protease Inhibitor', 'MDR-Reversal', 'BSEP Inhibitor', 'DILI', 'Pgp Substrate', 'HTLV-1 PR Inhibitor', 'Microbicide', 'OATP Inhibitor', 'Anti-AIDS']"
CHEMBL1200419,CCc1c(C)[nH]c2c1C(=O)C(CN1CCOCC1)CC2.Cl,"['Analgesic', 'Tranquilizing']"
CHEMBL1200444,CC(=O)O.CC(C)(C)NCC(O)c1ccc(O)c(CO)n1,"['Beta(3)-Adrenergic Agonist', 'Bronchodilator', 'Cardiac Stimulant']"
CHEMBL1200699,C[C@H]1c2cccc(O)c2C(=O)C2=C(O)[C@]3(O)C(=O)C(C(N)=O)=C(O)[C@@H](N(C)C)[C@@H]3[C@@H](O)[C@@H]21.O,"['Antibiotic', 'Antimicrobial', 'Efflux Pump Inhibitor', 'Bactericidal', 'Amyloid Fibril Formation Inhibitor', 'NDM-1 Inhibitor', 'Biofilm Eradicator', 'Anti-Dengue', 'Antibiotic Enhancer', 'RNA Ligand', 'Anti-Amyloidogenic', 'Bacteriostatic', 'FtsZ-Targeting', 'Dicer Inhibitor']"
CHEMBL1201149,Cl.O=C1CC[C@@]2(O)[C@H]3Cc4ccc(O)c5c4[C@@]2(CCN3CC2CC2)[C@H]1O5,"['Analgesic', 'Opioid Receptor Ligand', 'Opioid Receptor Agonist', 'Opioid Antagonist', 'CNS-Active', 'Mu Opioid Receptor Antagonist', 'Narcotic-Antagonist', 'KOR Antagonist', 'Antitrichomonal', 'MOR Antagonist', 'Glutathione Reductase Inhibitor', 'Opiate Receptor', 'Micro-Opioid Receptor Agonist', 'TLR4 Antagonist', 'kappa-Opioid Receptor', 'Opioid Agonist-Antagonist', 'GI Motility']"
CHEMBL1201264,CC[N+](C)(CC)CCOC(=O)C1c2ccccc2Oc2ccccc21,"['Gastric Antisecretory', 'Anticholinergic']"
CHEMBL1256723,C[C@H]1c2cccc(O)c2C(=O)C2=C(O)[C@]3(O)C(=O)C(C(N)=O)=C(O)[C@@H](N(C)C)[C@@H]3[C@@H](O)[C@@H]21.Cl,"['Antibiotic', 'Antimicrobial', 'Efflux Pump Inhibitor', 'Bactericidal', 'Amyloid Fibril Formation Inhibitor', 'NDM-1 Inhibitor', 'Biofilm Eradicator', 'Antibiotic Enhancer', 'RNA Ligand', 'Anti-Amyloidogenic', 'Bacteriostatic', 'FtsZ-Targeting', 'Dicer Inhibitor']"
CHEMBL12856,Nc1cc(-c2ccncc2)c[nH]c1=O,"['Positive Inotropic', 'MPS1 Inhibitor', 'Negative Inotropic']"
CHEMBL1519,CCOC(=O)[C@H](CCc1ccccc1)N[C@@H](C)C(=O)N1[C@H](C(=O)O)C[C@H]2CCCC[C@@H]21,"['ACE Inhibitor', 'Angiotensin Converting Enzyme Inhibitor', 'Metalloenzyme Inhibitor']"
CHEMBL1650317,CCC(C)(C)C(=O)[O-].[Na+],[]
CHEMBL1689772,CN(C)c1cc(CNCC(C)(C)C)c(O)c2c1C[C@H]1C[C@H]3[C@H](N(C)C)C(O)=C(C(N)=O)C(=O)[C@@]3(O)C(O)=C1C2=O,['Antibiotic']
CHEMBL1788132,CC(Oc1c(Cl)cccc1Cl)C1=NCCN1.Cl,"['Alpha 2-Adrenoceptor Antagonist', 'Alpha2-Adrenoceptor Agonist', 'Antisecretory']"
CHEMBL1870768,CC(C1=C(CCN(C)C)Cc2ccccc21)c1ccccn1.O=C(O)/C=C\C(=O)O,[]
CHEMBL2104591,CC(CCN1CCOCC1)OC(=O)C1(c2ccccc2)CCOCC1,[]
CHEMBL2105395,OCCOc1ccc(/C(=C(/CCCl)c2ccccc2)c2ccccc2)cc1,"['Antibreast Cancer', 'Thyroid Cancer']"
CHEMBL2105662,CS(=O)(=O)O.O=C(NC1CCN(CCCCC2(C(=O)NCC(F)(F)F)c3ccccc3-c3ccccc32)CC1)c1ccccc1-c1ccc(C(F)(F)F)cc1,[]
CHEMBL2107832,O=C(NC[C@H](O)CO)c1ccncc1Nc1ccc(I)cc1F,"['MEK1 Inhibitor', 'MEK1/2 Degrader', 'VHL-Recruiting']"
CHEMBL279433,N#Cc1ccc(Cn2cncc2CN2CCN(c3cccc(Cl)c3)C(=O)C2)cc1,"['Farnesyl-Protein Transferase Inhibitor', 'Geranylgeranyltransferase Inhibitor']"
CHEMBL3186534,N#CC1(c2ccc(NC(=O)c3cccnc3NCc3ccncc3)cc2)CCCC1,"['VEGFR2 Inhibitor', 'P-Glycoprotein Reversal Agent']"
CHEMBL337612,O=C1CN2C(=O)CCC2N1,[]
CHEMBL3545423,NC1CCCN(c2c(/C=C3/SC(=O)NC3=O)cccc2-c2ccccc2)C1,['Pim Kinase Inhibitor']
CHEMBL3786098,C=CC(=O)N1C[C@H](COc2nc(Nc3cnn(C)c3)nc3[nH]cc(Cl)c23)[C@@H](OC)C1,"['EGFR Kinase Inhibitor', 'NSCLC', 'Irreversible']"
CHEMBL3822773,O=C(O)c1ccc([C@H]2C[C@@H]2c2ccc(OCc3c(-c4c(Cl)cccc4Cl)noc3C3CC3)cc2Cl)cc1,['FXR Partial Agonist']
CHEMBL3916700,COc1cc(NC(=O)OCCN(C)[C@H]2CC[C@H](OC(=O)C(O)(c3cccs3)c3cccs3)CC2)c(Cl)cc1CNC[C@H](O)c1ccc(O)c2[nH]c(=O)ccc12,"['Beta(3)-Adrenergic Agonist', 'Bronchodilator', 'COPD', 'MABA']"
CHEMBL3989507,O.O.O=C([O-])CN(CCN(CC(=O)[O-])CC(=O)O)CC(=O)O.[Na+].[Na+],"['Neuroprotective', 'Iron Chelating', 'NDM-1 Inhibitor', 'Cu Chelator', 'Motility Inhibitor']"
CHEMBL4116008,CCS(=O)(=O)N1CCN(c2ccc(Nc3ncc(C(N)=O)c(NC4CC4)n3)cc2)CC1,"['JAK1/JAK2 Inhibitor', 'FLT3 Inhibitor']"
CHEMBL4207852,CC(C)[C@H](NC(=O)C(C)(F)F)[C@H](Oc1ccc2c(cnn2-c2ccc(=O)n(C)c2)c1)c1ccccc1,"['Anti-Inflammatory', 'Glucocorticoid Receptor Modulator']"
CHEMBL4297329,C[C@]1(O)C[C@@](N)(c2ccc(-c3nc4n(c3-c3ccccc3)COc3ccncc3-4)cc2)C1,[]
CHEMBL4297344,FC(F)(F)Oc1ccc(Nc2ccc3cccc(Cl)c3n2)cc1,[]
CHEMBL4298142,CC(=O)Oc1ccccc1C(=O)OC1=CC[C@H]2[C@H]3Cc4ccc(OC(=O)c5ccccc5OC(C)=O)c5c4[C@@]2(CCN3C)[C@H]1O5.Cl,[]
CHEMBL4301163,CCC(=O)NS(=O)(=O)c1ccc(NC(=O)Cc2ccc(Br)c(Oc3cc(Cl)cc(C#N)c3)c2F)c(Cl)c1,[]
CHEMBL435224,COc1cccc([C@H]2O[C@H](CC(=O)N3CCC(CC(=O)O)CC3)C(=O)N(CC(C)(C)COC(C)=O)c3ccc(Cl)cc32)c1OC,"['Squalene Synthetase Inhibitor', 'Cholesterol Synthesis Inhibitor']"
CHEMBL4594447,CCCNCCOc1cc(F)cc(S(C)(=O)=O)c1,[]
CHEMBL4597193,Cc1cc(C)c(CNC(=O)c2cc(Cl)c3c(c2C)O[C@@](C)([C@H]2CC[C@H](N(C)C)CC2)O3)c(=O)[nH]1,"['Histone Methyltransferase Inhibitor', 'EZH2 Inhibitor']"
CHEMBL4650334,C[C@H]1CN(C(=O)CC[C@@]2(C3CC3)NC(=O)NC2=O)CCN1c1cc(F)cc(F)c1,"['Osteoarthritis', 'ADAMTS-5 Inhibitor', 'DMOAD']"
CHEMBL4650718,N[C@@]1(c2ccccc2Cl)CCC[C@@H](O)C1=O,[]
CHEMBL4802293,O=C(c1cccc(F)c1-c1ncccn1)N1C[C@H]2C[C@@H](Oc3ccc(C(F)(F)F)cn3)[C@@H]1C2,['Orexin-1 Receptor Antagonist']
CHEMBL50444,CC(O)(CC(=O)O)CC(=O)O,['HMG-CoA Reductase Inhibitor']
CHEMBL5095426,C[C@H]1CNC(=O)Nc2cnn3ccc(nc23)N2C[C@@H](F)C[C@@H]2c2cc(F)cnc2O1,"['TRK Kinase Inhibitor', 'Pan-Trk Inhibitor']"
CHEMBL5183847,Cn1cnc(Cn2c(=O)[nH]/c(=N\c3cc4cn(C)nc4cc3Cl)n(Cc3cc(F)c(F)cc3F)c2=O)n1,['COVID-19']
CHEMBL56564,CN1[C@@H]2CC[C@H]1C[C@@H](OC(=O)c1c[nH]c3ccccc13)C2,"['5-HT3 Receptor Antagonist', '5-HT4R Antagonist', '5-HT(3) Receptor Ligand', '5-HT4 Receptor Agonist', 'Alpha7 nAChR Antagonist', '5-HT(4)R Ligand', 'Muscarinic M1 Agonist', 'Antiemetic', 'Glycine Receptor Ligand', 'Pan-Muscarinic Antagonist', 'D-2 Dopamine Receptor Imaging Agent', 'Glycine Receptor Modulator']"
CHEMBL709,COc1cc2nc(N(C)CCCNC(=O)C3CCCO3)nc(N)c2cc1OC,"['Antihypertensive', 'Alpha1-Adrenoceptor Antagonist']"
CHEMBL80386,CCNCC[C@H](O)CNCCCCNC[C@@H](O)CCNCC,[]
CHEMBL1200467,O=C(O)c1cc2ccccc2c(Cc2c(O)c(C(=O)O)cc3ccccc23)c1O.OCCOCCN1CCN(C(c2ccccc2)c2ccc(Cl)cc2)CC1,[]
CHEMBL1201066,COc1ccc(C(CN(C)C)C2(O)CCCCC2)cc1.Cl,"['Analgesic', 'Antidepressant', 'Serotonin Re-uptake Inhibitor', 'Norepinephrin Reuptake Inhibitor', 'Triple Re-uptake Inhibitor', 'Dopamine Reuptake Inhibitor', 'SNRI', 'CYP3A Substrate', 'CNS Drug Partitioning']"
CHEMBL1382,Cc1ccc(O)c([C@H](CCN(C(C)C)C(C)C)c2ccccc2)c1,[]
CHEMBL1446,NC[C@H]1O[C@H](O[C@H]2[C@H](O)[C@@H](O[C@H]3O[C@H](CO)[C@@H](O)[C@H](N)[C@H]3O)[C@H](N)C[C@@H]2N)[C@H](O)[C@@H](O)[C@@H]1O.O=S(=O)(O)O,"['Aminoglycoside', 'Nonsense Mutation Suppressor']"
CHEMBL1527608,Cn1c(=O)c2c(ncn2CC2OCCO2)n(C)c1=O,[]
CHEMBL1614,C[C@H]1O[C@@H](O[C@H]2CC[C@@]3(C)[C@H](CC[C@@H]4[C@@H]3C[C@@H](O)[C@]3(C)[C@@H](C5=CC(=O)OC5)CC[C@]43O)C2)C[C@H](O)[C@@H]1O[C@H]1C[C@H](O)[C@H](O[C@H]2C[C@H](O)[C@H](O[C@@H]3O[C@H](CO)[C@@H](O)[C@H](O)[C@H]3O)[C@@H](C)O2)[C@@H](C)O1,['Na(+)/K(+)-ATPase Inhibitor']
CHEMBL1685,C[C@@]12CCCCC[C@@H](Cc3ccc(O)cc31)[C@@H]2N,[]
CHEMBL1742466,CC1(C)OC[C@@H](COC(=O)CCc2ccc(OC[C@@H](O)CNCCNC(=O)N3CCOCC3)cc2)O1,[]
CHEMBL1829335,C[C@@H]1CCCN1CCCOc1ccc(-c2ccc(=O)[nH]n2)cc1,"['Histamine H3 Receptor Antagonist', 'Histamine H3 Receptor Inverse Agonist', 'Wake-Promoting', 'Wake Promoting']"
CHEMBL1865134,CC(C)(C)c1ccc2c(S(=O)(=O)O)c(C(C)(C)C)ccc2c1,[]
CHEMBL1908372,CCN1CCN(C(=O)N[C@@H](C(=O)N[C@]2(OC)C(=O)N3C(C(=O)O)=C(CSc4nnnn4C)CS[C@@H]32)[C@H](C)O)C(=O)C1=O,['Antibiotic']
CHEMBL2074725,CC(=O)O[C@H]1C[C@H](O[C@H]2[C@@H](O)C[C@H](O[C@H]3[C@@H](O)C[C@H](O[C@H]4CC[C@@]5(C)[C@H](CC[C@@H]6[C@@H]5C[C@@H](O)[C@]5(C)[C@@H](C7=CC(=O)OC7)CC[C@]65O)C4)O[C@@H]3C)O[C@@H]2C)O[C@H](C)[C@H]1O,['Na(+)/K(+)-ATPase Inhibitor']
CHEMBL2105949,COc1ccc(-c2sc3cc(O)ccc3c2Oc2ccc(OCCN3CCCCC3)cc2)cc1.Cl,[]
CHEMBL2106083,C[N+](C)(C)CCOC(Cc1ccccc1)c1ccccc1.[Br-],[]
CHEMBL270362,CCCc1cc(=O)oc2c3c(c4c(c12)OC(C)(C)C=C4)OC(C)C(C)C3O,"['Anti-HIV-1', 'HIV-1 PR/RT Inhibitor', 'HIV Inhibitor']"
CHEMBL320775,Cc1ccc2nc(N)[nH]c(=O)c2c1Sc1ccncc1,"['Antitumor', 'Dihydrofolate Inhibitor', 'Thymidylate Synthetase Inhibitor']"
CHEMBL3287255,O=C(CCCCNC(=O)c1nc(-c2nccs2)sc1C1CC1)NO,['Histone Deacetylase Inhibitor']
CHEMBL334966,CSCCNc1nc(SCCC(F)(F)F)nc2c1ncn2[C@@H]1O[C@H](COP(=O)(O)OP(=O)(O)C(Cl)(Cl)P(=O)(O)O)[C@@H](O)[C@H]1O,['P2Y Receptor Antagonist']
CHEMBL3545420,CCNCc1cncc(-c2ccc3c(c2)/C(=C2/N=c4cc(F)cc(F)c4=N2)NN3)c1C,['EED Inhibitor']
CHEMBL3659477,CCCOc1ccc([C@H]2CNC(=O)N2c2ccc3[nH]cnc3c2)cc1,[]
CHEMBL3989694,Cc1cc2c(s1)Nc1ccccc1N=C2N1CCN(C)CC1.O.O=C(O)c1cc2ccccc2c(Cc2c(O)c(C(=O)O)cc3ccccc23)c1O,[]
CHEMBL4071161,CC#CC(=O)N1CC[C@@H](n2c(=O)n(-c3ccc(Oc4ccccc4)cc3)c3c(N)ncnc32)C1,"['BTK Inhibitor', 'Btk Inhibitor', 'Anti-Arthritis']"
CHEMBL4297318,COc1ccc(C(=O)Nc2ccc(S(=O)(=O)NC(CC#CCN3CCOCC3)C(=O)O)cc2)cc1,['MMP13 Inhibitor']
CHEMBL438,Cc1ccnc(NS(=O)(=O)c2ccc(N)cc2)n1,[]
CHEMBL4594271,N#Cc1cccc(C(NCC2CC2)c2ccc(F)c(NC(=O)c3cc(C(F)(F)F)nn3-c3cccc(CN)c3)c2)c1,"['Plasma Kallikrein Inhibitor', 'HAE Prophylactic']"
CHEMBL4802148,C=C1C[C@@H]2CC[C@@]34C[C@@H]5O[C@@H]6[C@@H](O[C@H]7CC[C@H](CC(=O)O[C@@H]8[C@@H](C)[C@@H]9O[C@@H]%10C[C@]%11(C[C@@H]%12O[C@]%13(C[C@H](C)[C@@H]%14O[C@H](CN)[C@H](O)C[C@@H]%14O%13)C[C@H](C)[C@@H]%12O%11)O[C@@H]%10C[C@@H]9O[C@H]8C[C@H]8O[C@@H](CC[C@@H]1O2)C[C@@H](C)C8=C)O[C@@H]7[C@@H]6O3)[C@H]5O4,['Cell Growth Inhibitor']
CHEMBL517199,Cc1cccc(C)c1NC(=O)c1cc(S(N)(=O)=O)c(Cl)cc1O,[]
CHEMBL5314425,O=S1(=O)CCOCN1,[]
CHEMBL5314498,C=CC(=O)NC1CCN(c2ncc3ncnc(Nc4ccc(Oc5ccc6c(c5)ncn6C)c(C)c4)c3n2)CC1,['EGFR Kinase Inhibitor']
CHEMBL631,CCCNCC(O)COc1ccccc1C(=O)CCc1ccccc1,"['P-glycoprotein Inhibitor', 'Neuraminidase Inhibitor', 'Multidrug Resistance Reversal', 'MDR-Modulator', 'Antiglaucoma', 'HIV-1 Capsid Inhibitor', 'Carbonic Anhydrase II Inhibitor', 'FPR2 Agonist', 'Lipophilicity', 'Glioblastoma Inhibitor', 'Pks13 Inhibitor', 'TP Inhibitor', 'Systemic Sclerosis']"
CHEMBL1201749,CCCC(=O)O[C@]1(C(=O)COC(C)=O)CC[C@H]2[C@@H]3C[C@H](F)C4=CC(=O)C=C[C@]4(C)[C@@]3(F)[C@@H](O)C[C@@]21C,"['Anti-Inflammatory', 'Topical Antiinflammatory', 'Mast Cell Inhibitor']"
CHEMBL1215661,N#Cc1c[nH]c2c(C(=O)N3CCN(CCc4ccc(F)cc4)CC3)cccc12,[]
CHEMBL1255582,CCC1(c2c[nH]cn2)Cc2ccc(F)cc2C1,['Alpha1A Adrenoceptor Partial Agonist']
CHEMBL1257073,O=C(NN1C(=O)[C@@H]2[C@@H]3C=C[C@@H]([C@H]4C[C@@H]34)[C@@H]2C1=O)c1ccc(C(F)(F)F)cc1,['Poxvirus Inhibitor']
CHEMBL1413199,O=C1c2ccccc2C(=O)C1C(=O)C(c1ccccc1)c1ccccc1,[]
CHEMBL1484,COC(=O)C1=C(C)NC(C)=C(C(=O)OCCN(C)Cc2ccccc2)C1c1cccc([N+](=O)[O-])c1,"['P-glycoprotein Inhibitor', 'MDR-Reversal', 'P-gp Modulator', 'Ca2+ Antagonist', 'Coronary Vasodilator', 'RORGammat Agonist', 'Indoleamine 2,3-Dioxygenase Inhibitor', 'CYP3A4 Inducer', 'QT Prolongation', 'L-type Channel Inhibitor', 'CaL Channel Inhibitor', 'Alpha-Adrenolytic']"
CHEMBL1504,CC1(C)O[C@@H]2C[C@H]3[C@@H]4CCC5=CC(=O)C=C[C@]5(C)[C@@]4(F)[C@@H](O)C[C@]3(C)[C@]2(C(=O)CO)O1,"['Anti-Inflammatory', 'Glucocorticoid Agonist']"
CHEMBL1615209,COCCCOc1ccnc(C[S@@+]([O-])c2nc3ccccc3[nH]2)c1C,[]
CHEMBL1643895,Cn1cc(C(=O)[C@@H]2CCc3[nH]cnc3C2)c2ccccc21,"['IBS Therapy', '5-HT(3) Receptor Partial Agonist']"
CHEMBL1659,CN(C)CCC(c1ccc(Cl)cc1)c1ccccn1.O=C(O)/C=C\C(=O)O,[]
CHEMBL1829433,Cc1ccc(C(=O)N(CCCN)C(c2nc3snc(C)c3c(=O)n2Cc2ccccc2)C(C)C)cc1,"['Anticancer', 'KSP Inhibitor', 'Eg5 Inhibitor']"
CHEMBL193482,C[C@]12CC[C@@H]3c4ccc(O)cc4CC[C@H]3[C@@H]1C[C@@H](O)[C@@H]2O,"['Estrogen Receptor Ligand', '17beta-HSD Inhibitor', 'Estrogen Receptor Agonist', 'Anti-Osteoporotic', 'Antiestrogenic', 'Organic Anion Transporter', 'SHBG Ligand', 'P-glycoprotein Inducer', 'Alpha-synuclein Aggregation Inhibitor', 'Mitogenic', 'Organic Anion Transporter 1 Substrate', 'Pgp-ATPase Stimulator', 'CBG Binding Affinity']"
CHEMBL1976040,C=CCn1c(=O)c2cnc(Nc3ccc(N4CCN(C)CC4)cc3)nc2n1-c1cccc(C(C)(C)O)n1,"['Cancer', 'Wee1 Kinase Inhibitor']"
CHEMBL2103852,COc1cc([C@H]2C(C#N)=C(N)Oc3c2ccc(N)c3N)cc(Br)c1OC,"['Anticancer', 'Apoptosis Inducer', 'Apoptosis-Inducing']"
CHEMBL2105987,CC1=CC(=O)C=C2CC[C@@H]3[C@H](CC[C@]4(C)C(=O)CC[C@@H]34)[C@@]12C,['Aromatase Inhibitor']
CHEMBL2110756,CC[C@H]1OC(=O)[C@H](C)[C@@H](O[C@H]2C[C@@](C)(OC)[C@@H](O)[C@H](C)O2)[C@H](C)[C@@H](O[C@@H]2O[C@H](C)C[C@H](N(C)C(C)C)[C@H]2O)[C@@]2(C)CC(C)=C(O2)[C@H](C)C(=O)[C@]1(C)OC,"['Gastrointestinal Prokinetic', 'Prokinetic']"
CHEMBL2165191,Cc1cc([C@@H](C)Nc2ccccc2C(=O)O)c2nc(N3CCOCC3)cc(=O)n2c1,"['PI3 Kinase Inhibitor', 'Anti-Platelet', 'PI3KBeta Inhibitor', 'PTEN-Deficient Tumors']"
CHEMBL2397751,CCOC(=O)c1c(C)cc2nc(COC(=O)NCCO)n(-c3ccccc3S(=O)(=O)NC)c(=O)c2c1C,['IOP-Lowering']
CHEMBL243716,COc1nc(N)nc2c1ncn2[C@H]1CC[C@@H](CO)O1,['Anti-HIV-1']
CHEMBL303933,Clc1ccc2c(N3CCN(CCCN4CCN(c5ccnc6cc(Cl)ccc56)CC4)CC3)ccnc2c1,['Antimalarial']
CHEMBL3286830,C[C@H]1Oc2cc(cnc2N)-c2c(nn(C)c2C#N)CN(C)C(=O)c2ccc(F)cc21,"['ALK Inhibitor', 'ROS1 Kinase Inhibitor', 'BBB Penetration']"
CHEMBL3545039,Cc1cc(Cl)cc2c1N(Cc1cccc(C(F)(F)F)c1)C(=O)C21NC(=O)NC1=O,['Aldose Reductase Inhibitor']
CHEMBL3833336,CC(C)(Oc1ccc(Cl)cc1)C(=O)[O-].CC(C)(Oc1ccc(Cl)cc1)C(=O)[O-].[Al+3].[OH-],"['Hypoglycemic', 'Hypolipidemic', 'Glucose Transport-Enhancing']"
CHEMBL3989515,CC1(C)S[C@@H]2[C@H](NC(=O)Cc3ccccc3)C(=O)N2[C@H]1C(=O)O.CC1(C)S[C@@H]2[C@H](NC(=O)Cc3ccccc3)C(=O)N2[C@H]1C(=O)O.O.O.O.O.c1ccc(CNCCNCc2ccccc2)cc1,[]
CHEMBL4297107,CC(C)N1CC(O)C2=CC(=NNC(N)=O)C(=O)C=C21,[]
CHEMBL4297618,CCOC(=O)C(COC(=O)Cc1ccc(NC(=O)c2ccccc2-c2ccc(C(F)(F)F)cc2)c(C(=O)N(C)C)c1)(C(=O)OCC)c1ccccc1,['MTP Inhibitor']
CHEMBL4298159,C[C@@H]1CN(c2nc(-n3ccc(OCCC4(C(F)(F)F)CC4)n3)ccc2C(=O)[N-]S(=O)(=O)c2ccccc2)C(C)(C)C1.[K+],[]
CHEMBL4594257,CCOC(=O)[C@H](C)N[P@](=O)(CO[C@@H]1C=C(F)[C@H](n2cnc3c(N)ncnc32)O1)Oc1ccccc1,[]
CHEMBL4594274,Cc1c(-c2cc(C(=O)O)c3c(O[C@H](C)C4CCOCC4)ccc(C)c3n2)oc2ccccc12,['MsbA Inhibitor']
CHEMBL4650338,CC#CC(=O)N1CC[C@@H](n2cc(-c3ccc(Oc4c(F)cccc4F)cc3)c3c(N)n[nH]c(=O)c32)C1,"['BTK Inhibitor', ""Bruton's Tyrosine Kinase Inhibitor""]"
CHEMBL485629,O=C(NC1CC1)c1cn(-c2cccc(C#Cc3ccc[n+]([O-])c3)c2)c2ncccc2c1=O,['PDE4 Inhibitor']
CHEMBL5095061,CCN1Cc2c(ccc(F)c2C#N)O[C@@H](C)CNC(=O)c2c(N)nn3ccc1nc23,[]
CHEMBL5095071,CCOC(=O)C1=C(CN2CCN3C(=O)N(CC(C)(C)C(=O)O)C[C@@H]3C2)N=C(c2nccs2)N[C@H]1c1cccc(F)c1C,['HBV Capsid Inhibitor']
CHEMBL5314594,CC(=O)O[C@@]12CO[C@@H]1C[C@H](O)[C@@]1(C)C(=O)[C@H](O)C3=C(C)[C@@H](OC(=O)[C@H](OC(=O)CCC(=O)O)[C@@H](NC(=O)OC(C)(C)C)c4ccccc4)C[C@@](O)([C@@H](OC(=O)c4ccccc4)[C@H]21)C3(C)C,['Cytotoxic']
CHEMBL70,CN1CC[C@]23c4c5ccc(O)c4O[C@H]2[C@@H](O)C=C[C@H]3[C@H]1C5,"['Analgesic', 'Antinociceptive', 'Opioid Receptor Ligand', 'Opioid Receptor Agonist', 'Mu Opioid Receptor Agonist', 'Opioid Antagonist', 'Opioid', 'Narcotic-Antagonist', 'MOR Agonist', 'Opioid Analgesic', 'NPFF1 Antagonist', 'Narcotic Analgesic', 'DOR Antagonist', 'Narcotic Agonist', 'OCT1 Substrate', 'Nociceptin Agonist', 'Opiate Receptor', 'TLR4 Antagonist', 'kappa-Opioid Receptor', 'MRGPRX2 Agonist', 'Opioid Agonist-Antagonist', 'Mu-Agonist']"
CHEMBL1200343,CC(C)(C)N.CCC[C@H](N[C@@H](C)C(=O)N1[C@H](C(=O)O)C[C@@H]2CCCC[C@@H]21)C(=O)OCC,['ACE Inhibitor']
CHEMBL1201162,CCN[C@H]1C[C@H](C)S(=O)(=O)c2sc(S(N)(=O)=O)cc21.Cl,"['Antibiotic', 'Antitumor', 'Antifungal', 'Anti-mycobacterial', 'Carbonic Anhydrase Inhibitor', 'CA IX Inhibitor', 'CA I Inhibitor', 'hCA IX/XII Inhibitor', 'Antiglaucoma', 'hCA XII Inhibitor', 'CA XII Inhibitor', 'Carbonic Anhydrase II Inhibitor', 'Glaucoma', 'Glaucoma Treatment', 'Ocular Hypotensive', 'hCA Inhibitor', 'Malaria', 'hCA II Inhibitor', 'CA II Inhibitor', 'Intraocular Pressure-Lowering', 'Topical Antiglaucoma', 'Carbonic Anhydrase XII Inhibitor', 'IOP-Lowering', 'Glutathione Reductase Inhibitor', 'Anti-Dandruff']"
CHEMBL1201286,CC[N+](C)(CC)CCOC(=O)C(O)(c1ccccc1)C1CCCCC1,['Anticholinergic']
CHEMBL1201864,C[C@]12CCC3=C4CCC(=O)C=C4CC[C@H]3[C@@H]1CC[C@@]2(O)CC#N,['Progesterone Receptor Ligand']
CHEMBL1230607,CC(C)CC(=O)Nc1n[nH]c2c1CN(C(=O)C1CCN(C)CC1)C2(C)C,[]
CHEMBL1233058,OC[C@H]1O[C@H](O)[C@H](O)[C@@H](O)[C@H]1O,"['Glucose Uptake Stimulator', 'Cryptosporidium parvum Inhibitor']"
CHEMBL1240977,CN1CCCN=C1/C=C/c1cccc(O)c1,[]
CHEMBL1276127,O=C1Nc2ccccc2/C1=C1/Nc2ccccc2C1=O,[]
CHEMBL1323699,CCCCC(CC)COC(=O)c1ccc(N(C)C)cc1,[]
CHEMBL1439,C[C@]1(Cn2ccnn2)[C@H](C(=O)[O-])N2C(=O)C[C@H]2S1(=O)=O.[Na+],"['Beta-Lactamase Inhibitor', 'Beta-lactamase Inhibitor', 'Antibiotic Resistance Inhibitor', 'Carbapenemase Inhibitor']"
CHEMBL151445,OCC(O)CN1CCN(c2ccccc2)CC1,[]
CHEMBL1743757,CC(C)[C@H](N)C(=O)O[C@@H]1[C@@H](CO)O[C@@H](n2ccc(N)nc2=O)[C@]1(C)O.Cl.Cl,[]
CHEMBL1795071,N#CC[C@H](C1CCCC1)n1cc(-c2ncnc3[nH]ccc23)cn1.O=P(O)(O)O,"['JAK1/JAK2 Inhibitor', 'Immunomodulator', 'STAT3 Inhibitor', 'TYK2 Inhibitor', 'TAK1-Inhibitor', 'JAK/HDAC Inhibitor']"
CHEMBL1822916,CN1CCc2cc(Cl)c(O)cc2[C@H]2c3ccccc3CC[C@@H]21.Cl,"['D2 Dopamine Receptor Ligand', 'Dopamine D2 Receptor Antagonist', 'Dopamine Antagonist', 'D1 Receptor Antagonist', 'Dopamine D1 Antagonist']"
CHEMBL1915540,CN[C@@H]1CCN(c2cc(NCC3CC3)nc(N)n2)C1,"['Histamine H4 R Antagonist', 'Atopic Dermatitis']"
CHEMBL22,COc1cc(Cc2cnc(N)nc2N)cc(OC)c1OC,"['Antibiotic', 'Dihydrofolate Inhibitor']"
CHEMBL28333,CN1CCN=C(c2ccccc2)c2cc(Cl)ccc21,['Antidepressant']
CHEMBL284348,Nc1ccncc1,"['VAP-1 Inhibitor', 'NOX2 Inhibitor', 'Antituberculostic', 'Neuronal Choline Transporter Ligand']"
CHEMBL3137326,[2H]C([2H])([2H])Oc1cc2c(cc1OC([2H])([2H])[2H])C1CC(=O)C(CC(C)C)CN1CC2,['VMAT-2 Inhibitor']
CHEMBL3244648,CN(Cc1cnc2nc(N)nc(N)c2n1)c1ccc(C(=O)N[C@@H](CCC(=O)[O-])C(=O)[O-])cc1.[Na+].[Na+],['Antitumor']
CHEMBL3813842,CC1(C)OCCn2c1nc1c(N3CCOCC3)nc(-c3cnc(N)nc3)nc12,"['PI3 Kinase Inhibitor', 'mTORC1 Inhibitor']"
CHEMBL3894518,CCn1nc(C2CCN(C(=O)CCO)CC2)nc1-c1cnc(N)c(-c2nnc(C(C)(C)C)o2)n1,[]
CHEMBL416146,Cc1ccc(-c2ncc(Cl)cc2-c2ccc(S(C)(=O)=O)cc2)cn1,['COX2 Inhibitor']
CHEMBL4227505,CNC(=O)c1cc(Oc2ccc3nc(N[C@@H]4CCCC[C@H]4O)sc3c2)ccn1,"['CSF-1R Inhibitor', 'Neuroinflammation Imaging Ligand']"
CHEMBL429,CC(CCc1ccccc1)NCC(O)c1ccc(O)c(C(N)=O)c1,"['Antihypertensive', 'Farnesyl-Protein Transferase Inhibitor', 'Vasodilator', 'MRSA', 'Beta-Adrenoceptor Blocker', 'H1 Receptor Antagonist', 'CYP1B1 Inhibitor', 'Heparanase Inhibitor', 'Alpha 1-Adrenoceptor Blocker', 'Beta-Adrenoceptor Antagonist', 'HSA-Binding', 'TTR Amyloidogenesis Inhibitor', 'Anti-Melanoma', 'Permeability', 'MCT1 Inhibitor', 'Antihistamine', 'OCT1 Substrate', 'Pgp Substrate', 'Cell Wall Synthesis Inhibitor', 'Pesticide Design', 'Blood-Brain Barrier Permeability']"
CHEMBL4297423,Cc1sc2c(c1C)C(c1ccc(Cl)cc1)=N[C@@H](CC(=O)NCCCN1CCN(C)CC1)c1nnc(C)n1-2,['BET Bromodomain Antagonist']
CHEMBL4594350,C=C(F)C(=O)N1CCN(c2nc(OC[C@@H]3CCCN3C)nc3c2CCN(c2cccc4cccc(Cl)c24)C3)C[C@@H]1CC#N,['KRAS G12D Inhibitor']
CHEMBL462605,Clc1ccc(CCCOCCCN2CCCCC2)cc1,['Histamine H3 Receptor Ligand']
CHEMBL5095242,COc1ccc(CN2CCN(CCOC(=O)c3cccnc3)CC2)c(OC)c1OC,[]
CHEMBL5314431,Cc1c(-c2ccnc(C(F)(F)F)c2)ncn1CC(=O)Nc1ccc(-c2cnccn2)cn1,['Porcupine Inhibitor']
CHEMBL5314501,O=C(O)CC[C@H](NC(=O)N[C@@H](CCCCNC(=O)CCCCCCCNC(=O)[C@@H](Cc1ccccc1)NC(=O)[C@@H](Cc1ccccc1)NC(=O)CCCC(=O)NC12CNCCNCC(NC(=O)CCCC(=O)N[C@H](Cc3ccccc3)C(=O)N[C@H](Cc3ccccc3)C(=O)NCCCCCCCC(=O)NCCCC[C@H](NC(=O)N[C@@H](CCC(=O)O)C(=O)O)C(=O)O)(CNCCNC1)CNCCNC2)C(=O)O)C(=O)O,[]
CHEMBL5314587,CC[C@H](C)[C@@H]([C@@H](CC(=O)N1CCC[C@H]1[C@H](OC)[C@@H](C)C(=O)N[C@@H](Cc1ccccc1)C(=O)O)OC)N(C)C(=O)[C@@H](NC(=O)[C@H](C(C)C)N(C)CCOCCOCCOCCON)C(C)C,"['Anticancer', 'ADC']"
CHEMBL6273,CN1CCN(c2c(F)cc3c(=O)c(C(=O)O)cn(CCF)c3c2F)CC1,['Antibiotic']
CHEMBL651,CCC(=O)C(CC(C)N(C)C)(c1ccccc1)c1ccccc1,[]
CHEMBL880,CC(=O)OCC(CCn1cnc2cnc(N)nc21)COC(C)=O,[]
CHEMBL92401,CC(C)NNC(=O)c1ccncc1,['Anti-Tuberculosis']
CHEMBL977,C[C@]12CCC(=O)C=C1CC[C@@H]1[C@@H]2[C@@H](O)C[C@@]2(C)[C@H]1CC[C@]2(O)C(=O)COC(=O)CCC(=O)O,['FPTase Inhibitor']
CHEMBL1042,C=C1CC[C@H](O)C/C1=C/C=C1\CCC[C@]2(C)[C@@H]([C@H](C)CCCC(C)C)CC[C@@H]12,"['Hedgehog Pathway Inhibitor', 'Hh Signaling Inhibitor', 'VDR Antagonist']"
CHEMBL1079175,NC1(c2ccc(-c3nc4ccn5c(=O)[nH]nc5c4cc3-c3ccccc3)cc2)CCC1,"['AKT Inhibitor', 'Chk1 Inhibitor']"
CHEMBL1112,O=C1CCc2ccc(OCCCCN3CCN(c4cccc(Cl)c4Cl)CC3)cc2N1,"['Antipsychotic', 'Dopamine-Autoreceptor Agonist', 'D2R Agonist']"
CHEMBL1166,CC1CNc2c(cccc2S(=O)(=O)N[C@@H](CCCNC(=N)N)C(=O)N2CC[C@@H](C)C[C@@H]2C(=O)O)C1,['Thrombin-Inhibitor']
CHEMBL1201,CN1CCN(CC/C=C2/c3ccccc3Sc3ccc(S(=O)(=O)N(C)C)cc32)CC1,"['H1 Receptor Antagonist', 'Thymoleptic']"
CHEMBL1201224,CO/N=C(\C(=O)N[C@@H]1C(=O)N2C(C(=O)O)=C(CSc3nnnn3C)CS[C@H]12)c1csc(N)n1,"['Antibiotic', 'PBP2 Inhibitor', 'Organic Anion Transport Inhibitor']"
CHEMBL1201761,Cl.N[C@@H]1CCCCN(c2c(F)cc3c(=O)c(C(=O)O)cn(C4CC4)c3c2Cl)C1,['Antibiotic']
CHEMBL12198,CC(N)C(=O)O,"['PKM2 Activator', 'NMDA Receptor Agonist', 'PKM2 Inhibitor', 'Amino Acid Transporter', 'IFN-Gamma Inhibitor', 'Glycine Agonist', 'AGE Inhibitor', 'hPAT1 Substrate']"
CHEMBL1408594,CCN(CCCc1ccccc1)CCCc1ccccc1.O=C(O)CC(O)(CC(=O)O)C(=O)O,[]
CHEMBL1533,C#C[C@]1(O)CC[C@H]2[C@@H]3CCC4=CCCC[C@@H]4[C@H]3C(=C)C[C@@]21CC,"['Progesterone Receptor Ligand', 'Osteoblast Stimulator', 'Pgp-ATPase Stimulator']"
CHEMBL1560089,CN(CCO)CC(O)Cn1cnc2c1c(=O)n(C)c(=O)n2C.O=C(O)c1cccnc1,[]
CHEMBL1614713,c1cc(OCCN2CCCCC2)cc(-c2n[nH]c3ccc(-c4nnc[nH]4)cc23)c1,['Chek1 Inhibitor']
CHEMBL1614766,O=C(NOCCO)c1cc(CN2OCCCC2=O)c(F)c(F)c1Nc1ccc(I)cc1F,"['Anticancer', 'MEK1 Inhibitor']"
CHEMBL1615371,CN1c2c([nH]c(N)nc2=O)NC[C@@H]1CNc1ccc(C(=O)N[C@@H](CCC(=O)[O-])C(=O)[O-])cc1.[Ca+2],[]
CHEMBL17157,CC(C)(C)c1ccc(C(O)CCCN2CCC(C(O)(c3ccccc3)c3ccccc3)CC2)cc1,"['Antimicrobial', 'Topoisomerase Inhibitor', 'Antiallergy', 'H1 Receptor Antagonist', 'CYP2J2 Inhibitor']"
CHEMBL1752,Cn1c(=O)c2c(ncn2CC(O)CO)n(C)c1=O,[]
CHEMBL2105753,CN[C@@]1(C)[C@@H]2CC[C@@H](C2)C1(C)C.Cl,[]
CHEMBL2106370,COc1ccnc(C[S+]([O-])c2nc3cc(-n4cccc4)ccc3[nH]2)c1C,[]
CHEMBL2107823,Cc1cc(Nc2cc(CN3CCOCC3)c3nc(C)c(Cc4ccc(Cl)cc4F)n3n2)n[nH]1,['TRIM37-Amplified Breast Cancer']
CHEMBL2146140,COc1ccc2[n-]c([S@@+]([O-])Cc3ncc(C)c(OC)c3C)nc2c1.COc1ccc2[n-]c([S@@+]([O-])Cc3ncc(C)c(OC)c3C)nc2c1.O.O.O.O.[Sr+2],[]
CHEMBL2216859,CC(C)N1CCN(Cc2cnc(-c3cc(-c4cccc5[nH]ccc45)cc4[nH]ncc34)o2)CC1,[]
CHEMBL2396989,NC1=N[C@@]2(c3cc(NC(=O)c4ccc(F)cn4)ccc3F)COC[C@H]2CS1,"[""Alzheimer's Disease"", 'BACE-1 Inhibitor', ""Alzheimer's""]"
CHEMBL282042,CC(C)(C)NC(=O)[C@@H]1C[C@@H]2CCCC[C@@H]2CN1C[C@@H](O)[C@H](Cc1ccccc1)NC(=O)[C@H](CC(N)=O)NC(=O)c1ccc2ccccc2n1.CS(=O)(=O)O,"['Antiviral', 'HIV Protease Inhibitor', 'Pgp Substrate', 'HTLV-1 PR Inhibitor', 'Anti-AIDS']"
CHEMBL3707389,NC(CCCN1C(=O)NC(c2ccccc2)(c2ccccc2)C1=O)C(=O)O,[]
CHEMBL4297520,CS(=O)(=O)Nc1ccc2oc3c(OC(F)F)ccc(C(=O)Nc4c(Cl)cncc4Cl)c3c2c1,['PDE4 Inhibitor']
CHEMBL443,Cc1cc(NS(=O)(=O)c2ccc(N)cc2)no1,"['ETA-Receptor Antagonist', 'ETB Receptor Antagonist', 'Antibiotic Prodrug', 'PAD4 Inhibitor']"
CHEMBL460499,CCCCCCNC(=O)n1cc(F)c(=O)[nH]c1=O,"['AC Inhibitor', 'Antimelanoma']"
CHEMBL4650347,COCCCOc1cccc(C[S+]([O-])c2nc3cc4c(cc3[n-]2)OCC4)c1C.[Na+],[]
CHEMBL4802163,CCc1cc(O)ccc1-c1ccc2c(-c3nc4c([nH]3)C[C@@H](C(=O)N3CC(N(C)C)C3)N(C(C)C)C4)n[nH]c2c1,['Pan-JAK Inhibitor']
CHEMBL504,C[S+](C)[O-],[]
CHEMBL5077861,C=CC(=O)N1CC2(CC(n3nc(-c4ccc5c(cnn5C)c4)c(-c4c(Cl)c(C)cc5[nH]ncc45)c3C)C2)C1,"['Cancer Treatment', 'KRAS G12D Inhibitor']"
CHEMBL5095099,Cc1ccc(NC(=O)N2CC[C@@H](CC(F)(F)F)C2)cc1-c1cc(N[C@H](C)CO)nc(N2CCOCC2)c1,['RAF Inhibitor']
CHEMBL513521,Cl.NCCCC(=O)OCCN1CCN(CCCN2c3ccccc3Sc3ccc(Cl)cc32)CC1,[]
CHEMBL5315324,Cc1ccsc1C(=O)Nc1cc(CN2CCN(C(=O)CO)CC2)ccc1/C=C/c1n[nH]c2ccccc12,[]
CHEMBL600325,C[C@@H]1O[C@@H](O[C@@H]2C=C3CC[C@@H]4[C@H](CC[C@]5(C)[C@@H](c6ccc(=O)oc6)CC[C@]45O)[C@@]3(C)CC2)[C@H](O)[C@H](O)[C@H]1O,"['Cytotoxic', 'Cancer Cell Growth Inhibitor']"
CHEMBL1115,CN(C)C(=O)Oc1ccc[n+](C)c1,"['Acetylcholinesterase Inhibitor', 'AChE Inhibitor', 'Butylcholinesterase Inhibitor', 'BChE Inhibitor', 'Carbamate']"
CHEMBL1200534,CCOC(=O)[C@H](CCc1ccccc1)N[C@@H](C)C(=O)N1Cc2cc(OC)c(OC)cc2C[C@H]1C(=O)O.Cl,['ACE Inhibitor']
CHEMBL1200668,[Ca+2].[Cl-].[Cl-],"['Antibiotic', 'Antimalarial', 'Antimicrobial', 'Cytoprotective', 'Vasorelaxant', 'Cardiovascular', 'Type 2 Diabetes Treatment', 'H2S Donor', 'Carbonic Anhydrase', 'NMDAR Antagonist', 'Osteoblast Stimulator', 'Hydrogen Sulfide Donor', 'CO2 Hydrase', 'Beta-CA Inhibitor', 'Carbonic Anhydrase IV Inhibitor', 'IFN-Gamma Inhibitor', 'Anion Inhibitor', 'H2S-Releasing', 'DNA Cleaving Agent', 'Carbonic Anhydrase XV Inhibitor', 'HD', 'Glycogen Synthase Activator']"
CHEMBL1237080,CN1C2CCCC1CC(NC(=O)c1nn(C)c3ccccc13)C2.Cl,"['5-HT3 Receptor Antagonist', '5-HT4R Antagonist']"
CHEMBL1495,CN1CCCN=C1COC(=O)C(O)(c1ccccc1)C1CCCCC1,['Antimuscarinic']
CHEMBL152067,CC(C)(C)NCC(O)COc1ccc(NC(=O)NC2CCCCC2)cc1,['VRSA']
CHEMBL1543,N[C@@H](CCC(=O)N[C@@H](CS)C(=O)NCC(=O)O)C(=O)O,[]
CHEMBL1614637,CC(Oc1ccccc1)C(=O)N[C@@H]1C(=O)N2[C@@H]1SC(C)(C)[C@@H]2C(=O)O,['Antibiotic']
CHEMBL1740,CNCC(O)c1ccc(O)c(O)c1,['Beta(3)-Adrenergic Agonist']
CHEMBL2103811,Nc1nc(=O)c2c([nH]1)NCC1CN(c3ccc(C(=O)N[C@@H](CCC(=O)[O-])C(=O)[O-])cc3)CN21.[Ca+2],['Antitumor']
CHEMBL2103829,CN(C)C[C@@H]1CCCC[C@H]1c1cccc(O)c1,[]
CHEMBL2104306,OCCN(CCO)c1nc(-c2ccccc2)c(-c2ccccc2)o1,['Antiplatelet Aggregation Inhibitor']
CHEMBL2107802,Cc1cc(S(C)(=O)=O)c(S(C)(=O)=O)cc1C(=O)NC(=N)N,[]
CHEMBL2220384,CCOC(=O)C1(c2ccccc2)CCC=CC1N(C)C,['Analgesic']
CHEMBL2364638,C[C@@H]1[C@H](c2ccccc2)C[C@H](NC(=O)c2cnc3c(c2)C[C@@]2(C3)C(=O)Nc3ncccc32)C(=O)N1CC(F)(F)F,"['CGRP Receptor Antagonist', 'Migraine Treatment']"
CHEMBL272427,C[C@H](CCC(=O)NCCS(=O)(=O)O)[C@H]1CC[C@H]2[C@@H]3[C@@H](O)C[C@@H]4C[C@H](O)CC[C@]4(C)[C@H]3CC[C@]12C,"['FXR Partial Agonist', 'TGR5 Agonist', 'Insulinotropic', 'NASH', 'CYP3A Substrate', 'Bile Acid Transporter']"
CHEMBL3137321,COc1ccc2c3c1O[C@H]1C(OC(=O)c4ccccc4)=CC[C@@H]4[C@@H](C2)N(C)CC[C@@]341,['Analgesic']
CHEMBL3264610,CC(C)[C@](O)(c1ccc2cc(OC(F)F)c(OC(F)F)cc2c1)c1c[nH]nn1,"['Prostate Cancer', 'CYP17A1 Inhibitor', '17,20-Lyase Inhibitor']"
CHEMBL3392104,Cl.Cl[Te]1(Cl)OCCO1.N,"['Carbonic Anhydrase Inhibitor', 'Antiglaucoma']"
CHEMBL3545211,CCN(CC)Cc1ccc(OCC[C@H]2CCC3C4C(CC[C@@]32C)c2ccc(O)cc2C[C@H]4C)c(OC)c1,[]
CHEMBL384467,C[C@@H]1C[C@H]2[C@@H]3CCC4=CC(=O)C=C[C@]4(C)[C@@]3(F)[C@@H](O)C[C@]2(C)[C@@]1(O)C(=O)CO,"['Anti-Inflammatory', 'PDE4 Inhibitor', 'Glucocorticoid Agonist', 'Cytokine Inhibitor', 'Glucocorticoid Receptor Modulator', 'Glucocorticoid Receptor Ligand', 'GR Agonist', 'Topical Antiinflammatory', 'Neutrophil Chemotaxis Inhibitor', 'Autoimmune Disorder', 'CYP3A4 Inducer', 'Vasoconstrictor', 'PXR Activator', 'Glucocorticoid Modulator', 'Skin Permeation', 'PDE4/7 Inhibitor', 'Human Chymase Inhibitor']"
CHEMBL3914857,C[C@H]1Cc2c(nnn2-c2ncc(F)cn2)CN1C(=O)c1ccnc(C(F)(F)F)c1F,['P2X7 Receptor Antagonist']
CHEMBL4297383,Fc1cc(-c2cccc(-c3nc[nH]n3)c2)cc(F)c1CNC1Cc2ccccc2C1,[]
CHEMBL45305,Cc1ccc(CNCC2(F)CCN(C(=O)c3ccc(F)c(Cl)c3)CC2)nc1,"['Antidepressant', '5-HT 1A Receptor Agonist', '5-HT(1A) Superagonist']"
CHEMBL4594444,C[C@H](O)c1nc(Cn2nc(-c3ccc(Cl)cc3)n(C[C@H](O)C(F)(F)F)c2=O)nn1-c1cccc(Cl)c1,[]
CHEMBL4651083,COCCCOc1cccc(C[S+]([O-])c2nc3cc4c(cc3[nH]2)OCC4)c1C,[]
CHEMBL488025,CC1=C(CC(=O)O)c2cc(F)ccc2/C1=C\c1ccc(S(C)(=O)=O)cc1,"['Anti-Inflammatory', 'AKT Inhibitor', 'PPAR gamma Agonist', 'COX1⧹2 Inhibitor', 'RXR Modulator']"
CHEMBL49,O=C1CC2(CCCC2)CC(=O)N1CCCCN1CCN(c2ncccn2)CC1,"['5-HT 1A Receptor Agonist', '5-HT(1A) Receptor Ligand', 'Tranquilizer', 'RUNX3 Modulator']"
CHEMBL5314923,Cc1cc(OCCCNCC(C)(C)C(N)=O)ccc1Cc1c(O[C@@H]2O[C@H](CO)[C@@H](O)[C@H](O)[C@H]2O)n[nH]c1C(C)C,['SGLT1/SGLT2 Inhibitor']
CHEMBL5314956,CS(=O)(=O)Nc1cccc(N2CCN(CCCCc3coc4cc5c(cc4c3=O)OCO5)CC2)c1.Cl,[]
CHEMBL55,N=C(N)c1ccc(OCCCCCOc2ccc(C(=N)N)cc2)cc1,"['DNA Binding', 'NMDA Receptor Inhibitor', 'PRMT Inhibitor', 'p53-Inhibitor']"
CHEMBL1078685,N#Cc1cc(-c2n[nH]c(-c3ccncc3)n2)ccn1,"['Xanthine Oxidase Inhibitor', 'Hyperuricemia']"
CHEMBL1200434,C[N+](C)(C)CCO.Cn1c(=O)c2[n-]cnc2n(C)c1=O,['Bronchodilator']
CHEMBL1200453,CCCCCCCCCCCCCCCCCCCCCCO,"['Anti-Tuberculosis', 'Antifungal', 'NO Production Inhibitor', 'Anti-Bacterial', 'Fungicidal', 'Antibiotic Adjuvant', 'Nematicidal', 'Quinone Reductase Inducer', 'TRPA1 Agonist', 'Antiacne', 'Cell Wall Inhibitor', 'Psychoactive', 'Membrane Depolarization', 'Acyl Transferase Inhibitor', 'Antibiotic Target']"
CHEMBL1277072,Cc1c(/C=C2\C(=O)Nc3ccc(F)cc32)[nH]c2c1C(=O)N(C[C@H](O)CN1CCOCC1)CCC2,"['Anticancer', 'VEGFR2 Inhibitor', 'FLT3 Inhibitor', 'PDGFRAlpha Inhibitor', 'Receptor Tyrosine Kinase Inhibitor']"
CHEMBL1366933,CN1CCN2c3ncccc3Cc3ccccc3[C@H]2C1,[]
CHEMBL1464,CC(=O)CC(c1ccccc1)c1c(O)c2ccccc2oc1=O,"['Anticoagulant', 'CYP 2C9 Inhibitor']"
CHEMBL1643,NC(=O)c1ncn([C@@H]2O[C@H](CO)[C@@H](O)[C@H]2O)n1,"['Antitumor', 'Antiviral', 'Adenosine Kinase Inhibitor']"
CHEMBL1683,CCCC(=O)O[C@]1(C(=O)CO)CC[C@H]2[C@@H]3CCC4=CC(=O)CC[C@]4(C)[C@H]3[C@@H](O)C[C@@]21C,['Glucocorticoid Receptor Ligand']
CHEMBL2095207,C[N+](C)([11CH3])CCO.[Cl-],"['Organic Cation Transporter', 'Carnitine Transporter', 'Choline Transport Inhibitor', 'Neuronal Choline Transporter Ligand']"
CHEMBL2106780,Cc1ccc(S(=O)(=O)O)cc1.NCCO[N+](=O)[O-],['Vasodilator']
CHEMBL2180604,Cc1cc(C(=O)Nc2cc(Oc3ccc4nc(NC(=O)C5CC5)cn4n3)ccc2C)n(C)n1,"['VEGFR2 Inhibitor', 'PDGFRAlpha Inhibitor']"
CHEMBL230158,CCO[C@H](COc1ccc(C(F)(F)F)cc1)CSc1ccc(OCC(=O)O)c(C)c1,['PPARdelta Antagonist']
CHEMBL253978,Cc1scc2c1N(C(=O)CN1CCN(C)CC1)c1ccccc1NC2=O,[]
CHEMBL3250476,Nc1nc2c(ncn2[C@H]2C[C@H](O)[C@@H](CO)O2)c(=S)[nH]1,['Antiviral']
CHEMBL3301627,CN1Cc2c(Cl)cc(Cl)cc2[C@H](c2cccc(S(=O)(=O)NCCOCCOCCNC(=O)NCCCCNC(=O)NCCOCCOCCNS(=O)(=O)c3cccc([C@@H]4CN(C)Cc5c(Cl)cc(Cl)cc54)c3)c2)C1.Cl.Cl,['NHE3 Inhibitor']
CHEMBL389433,Clc1cccc(C(c2ccc3[nH]cnc3c2)n2ccnc2)c1,"['Aromatase Inhibitor', 'CYP26A1 Inhibitor']"
CHEMBL415049,CCN(CCCOc1ccc2c(Nc3cc(CC(=O)Nc4cccc(F)c4)[nH]n3)ncnc2c1)CCOP(=O)(O)O,"['Anticancer', 'Aurora A/B Kinase Inhibitor']"
CHEMBL4205783,Clc1ccc(-c2nn(Cc3ccccc3)c3c2CCNCC3)cc1,['5-HT(7) Receptor Antagonist']
CHEMBL4297399,O=C(Nc1ncc(SCCN2CCCC2)s1)[C@]1(c2ccc(S(=O)(=O)C3CC3)cc2)C[C@H]1C1CCCCC1,[]
CHEMBL43185,O=C(/C=C/C=C/c1ccc2c(c1)OCO2)N1CCCCC1,"['Anxiolytic', 'GABA A Modulator']"
CHEMBL43686,Cl.c1cscn1,[]
CHEMBL4753998,Cc1cccc(F)c1C(=O)Nc1cnc(-c2cc3c(cc2Cl)OC(F)(F)O3)cn1,"['Acute Pancreatitis', 'SOCE Inhibitor', 'CRAC Channel Inhibitor']"
CHEMBL483,C[C@H](Cn1cnc2c(N)ncnc21)OCP(=O)(O)O,['Antiviral']
CHEMBL488280,CCC(CO[N+](=O)[O-])(CO[N+](=O)[O-])CO[N+](=O)[O-],"['Vasodilator', 'NO-Donor']"
CHEMBL5095034,CS(=O)(=O)N1CCC(c2ccc(-c3ncc4nccnc4c3NC[C@@H]3CNCCO3)cc2)CC1,['SYK Inhibitor']
CHEMBL515,O=C(O)CCCc1ccc(N(CCCl)CCCl)cc1,[]
CHEMBL519846,[N-]=[N+]=N[C@]1(CO)O[C@@H](n2ccc(N)nc2=O)[C@@H](F)[C@@H]1O,"['HIV Inhibitor', 'Anti-RSV', 'RSV RNA Polymerase Inhibitor', 'NRTI']"
CHEMBL550,CC[C@@H]1C(=O)OC[C@@H]1Cc1cncn1C,"['M1 Agonist', 'Cholinergic Agonist', 'GABA(A) Positive Modulator']"
CHEMBL570680,CC(C)(N)CNC(=O)C[C@H]1CC[C@]2(CC1)OO[C@]1(O2)C2CC3CC(C2)CC1C3.Cc1ccc(S(=O)(=O)O)cc1,['Antimalarial']
CHEMBL573352,C#C[C@@]1(O)[C@@H](CO)O[C@@H](n2ccc(N)nc2=O)[C@@H]1O,['RNA Synthesis Inhibitor']
CHEMBL74632,CO[C@@]1(NC(=O)C(C(=O)O)c2ccc(O)cc2)C(=O)N2C(C(=O)O)=C(CSc3nnnn3C)CO[C@@H]21,['Antibiotic']
CHEMBL1003,O=C([O-])[C@H]1/C(=C/CO)O[C@@H]2CC(=O)N21.[K+],"['Beta-Lactamase Inhibitor', 'Beta-lactamase Inhibitor', 'Mycobacterium tuberculosis', 'Cholestatic DILI', 'Beta-Lactamase', 'Penicillin-Binding Protein Inhibitor', 'Carbapenemase Inhibitor']"
CHEMBL1090488,C[C@@H]1CN(C(=O)[C@@H]2CN(C(C)(C)C)C[C@H]2c2ccc(F)cc2F)C[C@H](C)[C@@]1(O)c1ccccc1,"['Melanocortin 4 Receptor Agonist', 'Sexual Dysfunction']"
CHEMBL1201265,C[C@H]1C[C@@H]2[C@H]([C@@H](O)C[C@@]3(C)[C@H]2CC[C@]3(O)C(=O)COC(=O)CCC(=O)O)[C@@]2(C)C=CC(=O)C=C12,[]
CHEMBL1201345,CCCCC(CC)CCC(CC(C)C)OS(=O)(=O)O,[]
CHEMBL1230065,CCCNC(=O)c1cn2ncnc(Nc3cc(C(=O)NC4CC4)ccc3C)c2c1C,"['Anti-Inflammatory', 'p38 MAP Kinase Inhibitor', 'p38Alpha Inhibitor']"
CHEMBL1237102,C[C@@H]1CN([C@H]2CC[C@](C#N)(c3ccc(F)cc3)CC2)CC[C@]1(C(=O)O)c1ccccc1.Cl,[]
CHEMBL1364144,CC(=O)OCC(=O)[C@@]1(O)CC[C@H]2[C@@H]3C[C@H](C)C4=CC(=O)C=C[C@]4(C)[C@H]3[C@@H](O)C[C@@]21C,['Topical Antiinflammatory']
CHEMBL1407356,CC(=O)N1C[C@H](O)C[C@H]1C(=O)O,[]
CHEMBL1764,COc1ccc2c(c1)N(C[C@H](C)CN(C)C)c1ccccc1S2,[]
CHEMBL1922235,COc1ccc(C(=O)Nc2cccc(O)c2NC(=O)c2ccc(N3CCCN(C)CC3)cc2)cc1,"['Factor Xa Inhibitor', 'Anticoagulant']"
CHEMBL200177,CCn1ncnc1COc1nn2c(-c3ccccc3F)nnc2cc1C(C)(C)C,['GABA A Receptor Agonist']
CHEMBL2019090,CCc1c(C)cc(C(=O)NC2(C(=O)O)CCCCC2)c(=O)n1Cc1ccc(F)cc1,['Antipruritic']
CHEMBL2220486,CNC(=O)c1cccc2cc(Oc3ccnc4cc(OCC5(N)CC5)c(OC)cc34)ccc12,"['Anticancer', 'Antiproliferative', 'VEGFR2 Inhibitor', 'Tyrosine Protein Kinase Inhibitor', 'Angiogenesis Inhibitor', 'KDR Inhibitor', 'VEGFR-3 Inhibitor']"
CHEMBL235191,CC(=O)Nc1ccc(C(=O)Nc2ccccc2N)cc1,"['HDACs Inhibitor', 'Histone Deacetylase Inhibitor', 'Beta Cell Protection']"
CHEMBL294199,COc1cc(CNC(=O)CCCC/C=C/C(C)C)ccc1O,['TRPV1 Agonist']
CHEMBL3,CN1CCC[C@H]1c1cccnc1,"['Alpha7-nAChR Agonist', 'Neuronal Nicotinic Receptor Ligand', 'Alpha4Beta2-nAChR Agonist', 'CNS-Active', 'nAChR Ligand', 'Nicotinic Acetylcholine Receptor Antagonist', 'Alpha7 nAChR Antagonist', 'Insecticide', 'Alpha4beta2 nAChR Ligand', 'Alpha7 Nicotinic Acetylcholine Receptor Ligand', 'CYP2A6 Inhibitor', 'nACh Receptor Agonist', 'Smoking Cessation', 'Neuronal nAChR Ligand', 'Nicotine Addiction', 'Organic Cation Transporter', 'Cholinergic Receptor Antagonist', 'Nicotinic Receptor Modulator', 'Nicotinic Ligand', 'Alpha3Beta2 nAChR Positive Allosteric Modulator', 'Alpha4beta2-Selective', 'Neuronal Nicotinic Receptor Antagonist', 'Organic Cation Transporter 2 Inhibitor', 'Cholinergic Channel Activator', 'Neuronal Choline Transporter Ligand']"
CHEMBL3133037,Cc1c(Cc2ccccc2)nnc(N2CCN(c3cnc(C(C)(C)O)cn3)[C@H](C)C2)c1C,['Smoothened Receptor Antagonist']
CHEMBL3545215,CCn1c(C(=O)N(C2CC2)C2CC2)cc2c3c(ncn3C)c(Nc3cc(C)n(C)n3)nc21,['JAK1/JAK2 Inhibitor']
CHEMBL423,CC(C)NCC(O)COc1ccc(CCOCC2CC2)cc1,"['Antihypertensive', 'Beta-Adrenoceptor Antagonist', 'Cardioselective']"
CHEMBL4297183,CN1Cc2cc(Cl)ccc2-n2c(nnc2[C@H]2CC[C@H](Oc3ccccn3)CC2)C1,"['Vasopressin 1a Receptor Antagonist', 'V1a Receptor Antagonist', 'Autism Spectrum Disorder']"
CHEMBL4297293,Clc1ccc(-c2nn(Cc3ccccc3)c3c2CCNCC3)cc1.O=C(O)CC(O)(CC(=O)O)C(=O)O,[]
CHEMBL4297416,Cn1nccc1-c1ccc(Sc2cccc(C3(C(N)=O)CCOCC3)c2)cc1,"['5-Lipoxygenase Inhibitor', '5-LO Inhibitor']"
CHEMBL435966,O=[N+]([O-])c1cncn1CCN1CCOCC1,"['Radiosensitizer', 'Cytotoxin']"
CHEMBL446061,OCCN(CCO)CCO,[]
CHEMBL44884,CC[C@@H](CO)NCCN[C@@H](CC)CO,"['Cytotoxic', 'Antibiotic', 'Antimalarial', 'Anti-Tuberculosis', 'Anti-mycobacterial', 'Efflux Pump Inhibitor', 'Bactericidal', 'Mycobacterium tuberculosis Inhibitor', 'InhA Inhibitor', 'DprE1 Inhibitor', 'Enoyl-ACP Reductase Inhibitor', 'Fatty Acid Synthesis Inhibitor', 'Glutamate Racemase Inhibitor', 'Pantothenate Synthetase Inhibitor', 'CysK1 Inhibitor', 'DNA GyrB Inhibitor']"
CHEMBL485696,Cc1cc(NS(=O)(=O)c2ccc(N)cc2)nc(C)n1,[]
CHEMBL519364,COc1ccc2c(=O)c(C)c(-c3ccccc3)oc2c1CN(C)C,[]
CHEMBL5314597,CCNC(=O)CCC/C=C/C[C@@H]1[C@@H](/C=C/[C@H](CCc2ccccc2)OC(=O)CCCCCO[N+](=O)[O-])[C@H](O)C[C@@H]1O,[]
CHEMBL5314599,CCN(CC)CCOC(=O)C(C)c1ccc(CC(C)C)cc1.Cl,[]
CHEMBL5315120,CCCCC1(CCCC)CN(c2ccccc2)c2cc(SC)c(OCC(=O)N[C@@H](C(=O)N[C@@H](CC)C(=O)O)c3ccc(O)cc3)cc2S(=O)(=O)N1.CCCCC1(CCCC)CN(c2ccccc2)c2cc(SC)c(OCC(=O)N[C@@H](C(=O)N[C@@H](CC)C(=O)O)c3ccc(O)cc3)cc2S(=O)(=O)N1.O.O.O,['ASBT Inhibitor']
CHEMBL590799,CN(C)C(=O)COC(=O)Cc1ccc(OC(=O)c2ccc(NC(=N)N)cc2)cc1,[]
CHEMBL705,CC1=C(/C=C/C(C)=C\C=C\C(C)=C\C(=O)O)C(C)(C)CCC1,"['RORGammat Inverse Agonist', 'Cancer Chemopreventive', 'Chemopreventive', 'LXRBeta Agonist', 'CYP26A1 Inhibitor', 'RBP4 Antagonist', 'Antitrichomonal', 'Retinoid', 'Cellular Differentiation', 'FASN Inhibitor', 'VDR Antagonist', 'RXR Modulator', 'Ornithine Decarboxylase Inhibitor', 'AKR1B1 Inhibitor', 'Cellular Differentiation Inducer', 'RXR Ligand', 'Differentiation-Inducing', 'Retinoid Analog', 'RARAlpha Agonist', 'RXRAlpha Activator', 'RAR Antagonist', 'Retinoidal', 'Nuclear Receptor Agonist', 'Retinoid Receptor Agonist', 'Cancer Preventive']"
CHEMBL1201244,C=CC[N+]1([C@H]2C[C@H]3[C@@H]4CC[C@H]5C[C@H](O)[C@@H](N6CCOCC6)C[C@]5(C)[C@H]4CC[C@]3(C)[C@H]2OC(C)=O)CCCC1,[]
CHEMBL1454910,O=[N+]([O-])c1ccc(O)c2ncccc12,"['Cathepsin Inhibitor', 'Metallo-Beta-Lactamase Inhibitor', 'COMT Inhibitor', 'Dopamine Agent']"
CHEMBL1714,CNC1(c2ccccc2Cl)CCCCC1=O.Cl,"['Analgesic', 'Neuroprotective', 'Acetylcholinesterase Inhibitor', 'Anticonvulsive', 'Antidepressant', 'NMDA Antagonist', 'Butylcholinesterase Inhibitor', 'mGlu5 NAM', '5-HT Agonist', 'Sigma1 Receptor Ligand', 'Enzyme Inhibitor', 'NMDA Receptor Inhibitor', 'NMDA Receptor Ligand', 'Anesthetic', 'Hypnotic', 'NMDA Receptor Blocker', 'CNS Penetration', 'mGlu NAM', 'Intravenous Anesthetic', 'General Anesthetic', 'VGCC Blocker', 'TASK Channel Modulator']"
CHEMBL2042273,COC(=O)[C@H](c1ccccc1Cl)N1CCc2sc(OC(C)=O)cc2C1,['Anti-Platelet']
CHEMBL2103802,CCOc1ccc(Cc2cc([C@@H]3O[C@H](CO)[C@@H](O)[C@H](O)[C@H]3O)ccc2Cl)cc1.C[C@H](O)CO.O,"['Anti-Diabetic', 'SGLT1/SGLT2 Inhibitor']"
CHEMBL2110579,CN(C)N(C)C(=O)[C@@]1(Cc2ccccc2)CCCN(C(=O)[C@@H](Cc2c[nH]c3ccccc23)NC(=O)C(C)(C)N)C1,['Growth Hormone Secretagogue']
CHEMBL2160007,CCOc1nc(N)nc2c1ncn2[C@@H]1O[C@@H]2COP(=O)(OC(C)C)O[C@H]2[C@@]1(C)F,"['HCV NS5b Polymerase Inhibitor', 'Anti-HCV', 'Nucleoside Hydrolase']"
CHEMBL232201,CCc1oc2ccccc2c1C(=O)c1cc(I)c(O)c(I)c1,['Urate Transporter Inhibitor']
CHEMBL2326966,N=C(N)NCCC[C@H](NC(=O)CCC(=O)OC[N+]1(c2cc(=O)c3cccc(-c4ccccc4)c3o2)CCOCC1)C(=O)NCC(=O)N[C@@H](CC(=O)O)C(=O)N[C@@H](CO)C(=O)[O-],[]
CHEMBL23330,NC(=O)c1cc(N2CC2)c([N+](=O)[O-])cc1[N+](=O)[O-],['Nitroreductase']
CHEMBL244888,O=C(N/N=C/c1ccc([N+](=O)[O-])o1)c1ccc(O)cc1,"['Trypanocidal', 'Anti-T.cruzi', 'ICL1 Inhibitor', 'Carcinogenic']"
CHEMBL3545237,C#C[C@]1(O)CCC2C3CCC4CC(O)CC[C@]4(C)C3CC[C@@]21C,[]
CHEMBL3707247,CC(C)Oc1ccc(-c2nc(-c3cccc4c3CC[C@@H]4NCCO)no2)cc1C#N,"['S1P1 Agonist', 'S1P1 Receptor Antagonist', 'Multiple Sclerosis', 'S1P1-R Modulator']"
CHEMBL3833301,CCC1(c2ccccc2)C(=O)NC(=O)NC1=O.CNC(C)CC1CCCCC1,"['Sodium Channel Blocker', 'Neurotoxicity', 'Voltage-Gated Sodium Channel Ligand']"
CHEMBL3989529,CCCCCCCC/C=C\CCCCCCCC(=O)O.NCCO,"['TRPV2 Antagonist', 'Cancer Cell Proliferation Inhibitor']"
CHEMBL435191,O=C1c2c(c3c4ccc(O)cc4n([C@@H]4O[C@H](CO)[C@@H](O)[C@H](O)[C@H]4O)c3c3[nH]c4cc(O)ccc4c23)C(=O)N1NC(CO)CO,['Topoisomerase I Inhibitor']
CHEMBL4435170,[2H]C([2H])([2H])NC(=O)c1nnc(NC(=O)C2CC2)cc1Nc1cccc(-c2ncn(C)n2)c1OC,"['JAK1/JAK2 Inhibitor', 'STAT3 Inhibitor', 'TYK2 Inhibitor', 'Autoimmune Diseases']"
CHEMBL4650321,C=CC(=O)N1CCC(c2ccc(C(N)=O)c(-c3ccc(Oc4ccccc4)cc3)n2)CC1,"['BTK Inhibitor', 'Btk Inhibitor']"
CHEMBL4650365,C[C@@H]1Cc2c(ccc3[nH]ncc23)[C@@H](c2ccc(NC3CN(CCCF)C3)cn2)N1CC(F)(F)F,"['SERD', 'Estrogen Antagonist', 'Estrogen Receptor Degrader']"
CHEMBL4776719,[2H]C1([2H])[C@H]2C[C@@H](Oc3ccc(C(F)(F)F)cn3)[C@H](C2)N1C(=O)c1cccc(F)c1-c1ncccn1,['Orexin-1 Receptor Antagonist']
CHEMBL4802239,C=CC(=O)Nc1cc(Nc2ncc(C(=O)OC(C)C)c(-c3cn(C)c4ccccc34)n2)c(OC)cc1N(C)CCN(C)C.O=C(O)CCC(=O)O,"['Anticancer', 'EGFR Kinase Inhibitor', 'NSCLC Therapy']"
CHEMBL5095220,CCc1cc2ncc(CN3CCN(c4ccc(C(=O)NC)nc4)CC3)cc2[nH]c1=O,['PARP1/2 Inhibitor']
CHEMBL5314970,CCN1C(=O)COc2nc(-c3ccc([C@]4(N)C[C@@H](O)C4)cc3)c(-c3ccccc3)cc21,[]
CHEMBL64894,CN(C)c1ccc(C(=C2C=CC(=[N+](C)C)C=C2)c2ccc(N(C)C)cc2)cc1.[Cl-],"['Anti-Trypanosomal', 'Antiparasitic', 'Trypanocidal', 'Trypanosoma cruzi Inhibitor', 'Anti-Trypanosoma cruzi', 'Anti-T.cruzi', 'Antitrypanosomatid', ""Chagas' Disease Treatment"", 'Anti-Chagas', 'RNA Binding', 'Mitochondrial Function Modulator', 'Mitochondrial Dehydrogenase Inhibitor', 'Antibiotic Resistance', 'Organic Cation Transporter 2 Inhibitor', 'Multidrug Efflux Pump']"
CHEMBL98123,COc1ccc(Cc2nccc3cc(OC)c(OC)cc23)cc1OC.Cl,"['PDE4 Inhibitor', 'Anti-Platelet', 'Vasodilator', 'PDE10a Inhibitor', 'Phosphodiesterase Inhibitor', 'TRPA1 Channel Antagonist', 'PDE Inhibitor', 'cGMP PDE Inhibitor', 'Spasmolytic', 'Histamine Receptor Antagonist', 'OXPHOS Inhibitor', 'PDE4/7 Inhibitor', 'CNS Drug Partitioning', 'Peripheral Vasodilator']"
CHEMBL1067,NC(=O)N1c2ccccc2CC(O)c2ccccc21,['Sodium Channel Blocker']
CHEMBL1131,COc1cc(C)c(/C=C/C(C)=C/C=C/C(C)=C/C(=O)O)c(C)c1C,[]
CHEMBL1200580,O=S([O-])CNc1ccc(S(=O)(=O)c2ccc(NCS(=O)[O-])cc2)cc1.[Na+].[Na+],[]
CHEMBL1374379,CCCCNc1ccc(C(=O)OCCOCCOCCOCCOCCOCCOCCOCCOCCOC)cc1,[]
CHEMBL1590,CN[C@@H](C)[C@@H](O)c1ccccc1,[]
CHEMBL1788396,O=[As](O)(O)c1ccc(NCCNc2ccc([As](=O)(O)O)cc2)cc1,[]
CHEMBL2028663,CC(C)(C)c1nc(-c2cccc(NS(=O)(=O)c3c(F)cccc3F)c2F)c(-c2ccnc(N)n2)s1,"['B-Raf(V600E) Inhibitor', 'Raf Kinase Inhibitor']"
CHEMBL2096895,Nc1ncnc2c1ncn2CCOC[P@@]1(=O)OCC[C@@H](c2cccc(Cl)c2)O1,[]
CHEMBL2103772,CC(=O)SCC(Cc1ccccc1)C(=O)NCC(=O)OCc1ccccc1,[]
CHEMBL2364626,CC(C)(C)Cn1c(N)nc2ccc(-c3[nH]c(C(C)(C)C)nc3-c3ccc(F)cc3)nc21,[]
CHEMBL23832,O=C(O)c1ccccc1Nc1ccccc1,"['AKR1C1 Inhibitor', 'Amyloid Fibril Formation Inhibitor', 'AR Inhibitor', 'LsrK Inhibitor', 'Quorum Sensing']"
CHEMBL2448613,CC(C)COc1ccc(CNC(=O)N(Cc2ccc(F)cc2)C2CCN(C)CC2)cc1.CC(C)COc1ccc(CNC(=O)N(Cc2ccc(F)cc2)C2CCN(C)CC2)cc1.O=C(O)C(O)C(O)C(=O)O,['5-HT(1A) Receptor Antagonist']
CHEMBL316157,O=C(Cc1cccs1)N[C@@H]1C(=O)N2C(C(=O)[O-])=C(C[n+]3ccccc3)CS[C@H]12,"['Antibiotic', 'NDM-1 Inhibitor']"
CHEMBL3391662,Cc1cnc(C(=O)N[C@H]2CCCCC/C=C\[C@@H]3C[C@@]3(C(=O)NS(=O)(=O)C3CC3)NC(=O)[C@@H]3C[C@@H](Oc4nc5ccccc5c5ccccc45)CN3C2=O)cn1,"['HCV Inhibitor', 'HCV NS3 Protease Inhibitor']"
CHEMBL3417258,CC(C)C(=O)OC[C@@]1(CCl)O[C@@H](n2ccc(N)nc2=O)[C@H](F)[C@@H]1OC(=O)C(C)C,"['Anti-RSV', 'RSV RNA Polymerase Inhibitor']"
CHEMBL3651966,C[C@@H]1C[C@H](N)C[C@H](c2ccncc2NC(=O)c2ccc(F)c(-c3c(F)cccc3F)n2)C1,['Pim Kinase Inhibitor']
CHEMBL36994,COc1ccc(C(=O)N2CCCC2=O)cc1,[]
CHEMBL3707307,CCOc1ccc2nc(SCCN3CCOCC3)[nH]c2c1,[]
CHEMBL3833385,COC(=O)N[C@H](C(=O)N1CCC[C@H]1c1nc(-c2ccc3c(c2)O[C@@H](c2cnc(C4CC4)s2)n2c-3cc3cc(-c4c[nH]c([C@@H]5CCCN5C(=O)[C@@H](NC(=O)OC)C(C)C)n4)ccc32)c[nH]1)C(C)C,['HCV NS5b Polymerase Inhibitor']
CHEMBL383824,CO[C@H]1/C=C\C=C(/C)C(=O)NC2=CC(=O)C(NCCN(C)C)=C(C[C@@H](C)C[C@H](OC)[C@H](O)[C@@H](C)/C=C(\C)[C@@H]1OC(N)=O)C2=O,['Hsp-90 Inhibitor']
CHEMBL3931672,CNC(=O)c1c(-c2ccc(F)cc2)oc2cc(N(C)S(C)(=O)=O)c(-c3ccc4c(n3)-c3cc5c(F)cccc5n3CO4)cc12,['HCV NS5b Polymerase Inhibitor']
CHEMBL428676,CN(C)CCN1C(=O)c2cccc3cc(N)cc(c23)C1=O,['Antitumor']
CHEMBL4297185,CC(O)c1cc(C(=O)N[C@@H](C)Cn2ccc(-c3ccc(C#N)c(Cl)c3)n2)n[nH]1,"['Prostate Cancer', 'AR Antagonist', 'AR Inhibitor', 'Androgen Receptor', 'AR Down-regulator', 'AR Dimerization Disruptor', 'AR Ligand-Binding Inhibitor']"
CHEMBL4297440,COc1ccc(NS(=O)(=O)c2c(F)c(F)c(F)c(F)c2F)cc1NC(N)=O,[]
CHEMBL4297454,CCNC(=O)c1cc2c(-c3cc(C(C)(C)O)ccc3Oc3c(C)cc(F)cc3C)cn(C)c(=O)c2[nH]1,['BET Bromodomain Antagonist']
CHEMBL4592045,CCc1cc(F)c2nc(N3CCC(NC4CCOCC4)CC3)c(-c3nc(C)no3)c(C)c2c1,"['Analgesic', 'KOR Antagonist']"
CHEMBL4594261,C[C@]12CC[C@@H]3c4ccc(O)cc4CC[C@H]3[C@@H]1C[C@@H]([18F])[C@@H]2O,"['Estrogen Receptor Ligand', 'Imaging Agent']"
CHEMBL4760665,CCOc1cccnc1Oc1cncc(-c2ncc(C(=O)N[C@H]3CCOC3)cn2)c1,"['DGAT1 Inhibitor', 'NASH Treatment']"
CHEMBL489,CC/C(=C(\c1ccc(O)cc1)c1ccc(OCCN(C)C)cc1)c1ccccc1,"['Aromatase Inhibitor', 'Estrogen Receptor Ligand', 'Growth Inhibitor', 'Antibreast Cancer', 'RORGammat Inverse Agonist', 'SERD', 'Estrogen Receptor Agonist', 'Estrogen Receptor Modulator', 'Estrogen Receptor Degrader', 'Antiestrogen', 'ERAlpha Antagonist', 'Mammary Tumor Inhibitor', 'Estrogen Receptor Binder', 'Fluorescent Probe', 'PLD1/2 Inhibitor', 'Estrogen Receptor Downregulator', 'ERRGamma Inverse Agonist', 'ER Antagonist', 'ERAlpha Degrader', 'ER+ Breast Cancer', 'ERAlpha Modulator', 'Thyroid Cancer', 'Anti-Estrogen', 'Raf-1/MAPK/ERK Inhibitor']"
CHEMBL5314362,C=C1[C@H](CO)[C@@H](O)C[C@@H]1n1cnc2c(=O)[nH]c(N)nc21.O,['Antiviral']
CHEMBL5314566,Cn1nnnc1Cn1nnc2c(N3CC[C@H](O)C3)nc(C(C)(C)C)nc21,[]
CHEMBL681,CCOC(=O)c1cncn1[C@H](C)c1ccccc1,"['Aldosterone Synthase Inhibitor', 'Anesthetic', 'Intravenous Anesthetic', '11Beta-hydroxylase Inhibitor', 'General Anesthetic', 'GABA(A) Positive Modulator', 'Nicotinic Acetylcholine Receptor Inhibitor']"
CHEMBL780,O=C(O)CN(CCN(CC(=O)O)CC(=O)O)CCN(CC(=O)O)CC(=O)O,"['Neuroprotective', 'Iron Chelating', 'NDM-1 Inhibitor', 'Cu Chelator', 'Motility Inhibitor', 'Zinc Chelator']"
CHEMBL914,CC(C)(C(=O)O)c1ccc(C(O)CCCN2CCC(C(O)(c3ccccc3)c3ccccc3)CC2)cc1,"['Antimicrobial', 'Antiallergy', 'H1 Receptor Antagonist', 'Antihistamine', 'CYP2J2 Inhibitor', 'HERG Inhibitor']"
CHEMBL91704,CN1CCN(C(=O)N[C@@H](Cc2ccccc2)C(=O)N[C@H](/C=C/S(=O)(=O)c2ccccc2)CCc2ccccc2)CC1,"['Anti-Trypanosomal', 'Trypanocidal', 'Cysteine Protease Inhibitor']"
CHEMBL1185,CN(C)CCc1c[nH]c2ccc(C[C@H]3COC(=O)N3)cc12,"['5-HT(1B/1D) Agonist', 'Anti-Migraine']"
CHEMBL1200384,CCC(=O)OCC(=O)[C@@]1(OC(=O)CC)[C@@H](C)C[C@H]2[C@@H]3CCC4=CC(=O)C=C[C@]4(C)[C@@]3(F)[C@@H](O)C[C@@]21C,"['Anti-Inflammatory', 'Topical Antiinflammatory']"
CHEMBL1200667,CCN(CC)CCOc1ccc(/C(=C(/Cl)c2ccccc2)c2ccccc2)cc1.O=C(O)CC(O)(CC(=O)O)C(=O)O,[]
CHEMBL1201196,Clc1ccc(C(Cn2ccnc2)OCc2csc3c(Cl)cccc23)c(Cl)c1,['Antifungal']
CHEMBL1201274,CC(C)NC[C@H](O)COc1ccc(CCOCC2CC2)cc1,"['Beta-Adrenoceptor Antagonist', 'Cardioselective']"
CHEMBL1201303,Cc1cc(/C=C/c2ccc3cc(N(C)C)ccc3[n+]2C)c(C)n1-c1ccccc1,[]
CHEMBL1201731,Cl.OC(CNCC(O)C1CCc2cc(F)ccc2O1)C1CCc2cc(F)ccc2O1,[]
CHEMBL1537,CC1(C)S[C@@H]2[C@H](NC(=O)[C@H](NC(=O)N3CCNC3=O)c3ccccc3)C(=O)N2[C@H]1C(=O)O,"['Antibiotic', 'Antibiotic Sensitizer']"
CHEMBL1697825,CCCCN(CCCC)CCNc1nc(-c2ccccc2)no1,[]
CHEMBL1732,CN1C[C@H](C(=O)N[C@]2(C)O[C@@]3(O)[C@@H]4CCCN4C(=O)[C@H](Cc4ccccc4)N3C2=O)C[C@@H]2c3cccc4[nH]cc(c34)C[C@H]21,"['5-HT 1A Receptor Agonist', '5-HT2A Receptor Ligand', '5-HT6 Receptor Ligand', '5-HT6 Agonist', 'Adenylyl Cyclase Inhibitor', 'Drug Design', 'Biased Ligand', 'Psychotropic', 'h5-HT1D Receptor Ligand', 'Serotonin Receptor', 'Anti-Migraine', 'D-2 Dopamine Receptor Imaging Agent', 'H1 Receptor Ligand']"
CHEMBL1771,COC(=O)[C@H](c1ccccc1Cl)N1CCc2sccc2C1,"['Antithrombotic', 'Anti-Platelet', 'Anti-Thrombotic', 'P2Y Receptor Ligand', 'Platelet Activation Inhibitor', 'Sickle Cell Disease', 'TarO Inhibitor', 'P2Y Inhibitor']"
CHEMBL189959,CCCCCCCC/C=C/CCCCCCCC(=O)OCC(O)COP(=O)(O)O,"['ATX Inhibitor', 'LPA1 Antagonist', 'Autotaxin Inhibitor', 'PPAR-gamma Ligand', 'Adipogenesis/Lipogenesis Inhibitor', 'Hair-Growth Stimulant', 'Neuropathic Pain Attenuator', 'GPR174 Agonist']"
CHEMBL1950553,Nc1nc(OCCc2ccc(Cl)cc2)nc2c1ncn2[C@@H]1O[C@H](CO)[C@@H](O)[C@H]1O,"['A2 Adenosine Receptor Agonist', 'Coronary Vasodilator', 'A2BAR Agonist']"
CHEMBL206834,Cc1ccc(NC(=O)c2ccc(CN3CC[C@H](N(C)C)C3)c(C(F)(F)F)c2)cc1Nc1nccc(-c2cncnc2)n1,"['Bcr-Abl Inhibitor', 'Abl 1 Inhibitor']"
CHEMBL2104585,CC(C)c1cc2c(cc1S(=O)(=O)O)[C@@]1(C)CCC[C@@](C)(C(=O)O)[C@@H]1CC2,[]
CHEMBL2104985,N.Nc1nc(N)c2nc(CNc3ccc(C(=O)N[C@@H](CCCNC(=O)c4ccccc4C(=O)O)C(=O)O)cc3)cnc2n1,['FPGS Inhibitor']
CHEMBL214796,FC(F)(F)c1ccc(Nc2ncnc3cc(-c4ncccc4C(F)(F)F)ccc23)cc1,"['TRPV1 Antagonist', 'Pain Treatment']"
CHEMBL2325741,NC1(C(=O)N[C@@H](CCO)c2ccc(Cl)cc2)CCN(c2nc[nH]c3nccc2-3)CC1,"['Anticancer', 'AKT Inhibitor', 'AKT Degrader', 'CRBN-Recruiting']"
CHEMBL317094,CCOC(=O)[C@H](CCc1ccccc1)N[C@@H](C)C(=O)N1C(=O)N(C)C[C@H]1C(=O)O,"['Antihypertensive', 'Angiotensin Converting Enzyme Inhibitor']"
CHEMBL360861,Cn1c(NCCN(CCO)CCCc2ccc([N+](=O)[O-])cc2)cc(=O)n(C)c1=O,['Class III Antiarrhythmic']
CHEMBL361812,O=C(O)CCn1c2c(c3ccccc31)C[C@H](NS(=O)(=O)c1ccc(F)cc1)CC2,['CRTH2 Antagonist']
CHEMBL3707243,C[N+]1(C)CCC(OC(=O)C(O)(c2ccccc2)C2CCCC2)C1.Cc1ccc(S(=O)(=O)[O-])cc1.O,"['Muscarinic Receptor Antagonist', 'Bronchodilator']"
CHEMBL3833368,CC1(C)[C@@H]2CC[C@@]1(CS(=O)(=O)O)C(=O)C2.CNCc1ccc(-c2[nH]c3cc(F)cc4c3c2CCNC4=O)cc1,['PARP1/2 Inhibitor']
CHEMBL4297598,C[C@@H](C(=O)Nc1ccc(Cl)cc1)C1CCC(c2ccnc3ccc(F)cc23)CC1,"['IDO1 Inhibitor', 'Cancer Immunotherapy']"
CHEMBL4594270,CC(C)(NC(=O)O[C@@H]1CN2CCC1CC2)c1csc(-c2ccc(F)cc2)n1.O=C(O)CC(O)C(=O)O,[]
CHEMBL4594431,CNC(=O)c1cccc(-c2ccc3c(N4C5CCC4COC5)nc(N4CCOC[C@@H]4C)nc3n2)c1,"['PI3 Kinase Inhibitor', 'mTORC1 Inhibitor', 'mTORC2 Inhibitor']"
CHEMBL469448,OC[C@H]1OC(O)[C@@H](O)[C@@H](O)[C@@H]1O,['Glucose Uptake Stimulator']
CHEMBL4802155,Nc1nnc(CN[C@@H]2C[C@H]2c2ccc(OCc3ccccc3)cc2)o1,[]
CHEMBL49943,c1ccc(C(CCN2CCCCC2)c2ccccc2)cc1,[]
CHEMBL5095417,CC1(C)SC(Nc2ccccc2O)=N[C@@H]1C(=O)O,[]
CHEMBL517140,CNC(=O)c1ccc(Oc2ccc3c(c2)CCN(C2CCC2)CC3)nc1,"[""Alzheimer's Disease"", 'H3 Receptor Antagonist']"
CHEMBL5314569,COc1cc(C(=O)c2cnc(-c3c[nH]c4ccccc34)[nH]2)cc(OC)c1OC.Cl,"['Anticancer', 'Tubulin Inhibitor']"
CHEMBL5314570,COc1cc2c(Oc3ccc4[nH]c(C)cc4c3F)ccnc2cc1OCC1(N)CC1.Cl.Cl,[]
CHEMBL582912,CC/C=C(\C(=O)N[C@@H]1C(=O)N2C(C(=O)O)=C(COC(N)=O)CS[C@H]12)c1csc(N)n1,"['Antibiotic', 'PBP2 Inhibitor']"
CHEMBL656,COc1ccc2c3c1O[C@H]1C(=O)CC[C@@]4(O)[C@@H](C2)N(C)CC[C@]314,"['Analgesic', 'Opioid Receptor Ligand', 'OCT1 Substrate', 'TLR4 Antagonist', 'MRGPRX2 Agonist', 'Opiate']"
CHEMBL65717,Cc1cc2c(OCC(O)CNC(C)C)cccc2[nH]1,"['Positive Inotropic', 'Beta-Adrenergic Receptor Ligand']"
CHEMBL704,Nc1ccc(O)c(C(=O)O)c1,[]
CHEMBL1141,[I-].[K+],"['Antibiotic', 'Antimalarial', 'Antimicrobial', 'Neuroprotective', 'Carbonic Anhydrase Inhibitor', 'Antihypertensive', 'Anti-Trypanosomal', 'Vasodilator', 'PDE10a Inhibitor', 'Cytoprotective', 'Vasorelaxant', 'Cardioprotective', 'Cardiovascular', 'CA I Inhibitor', 'Insulin Secretagogue', 'Type 2 Diabetes Treatment', 'Matriptase Inhibitor', 'CD73 Inhibitor', 'H. pylori', 'Tau Phosphorylation Inhibitor', 'H2S Donor', 'Carbonic Anhydrase', 'Amnesia-Reversal', 'NMDAR Antagonist', 'Osteoblast Stimulator', 'Hydrogen Sulfide Donor', 'Mood Disorder', 'Insulin Release Stimulator', 'CO2 Hydrase', 'Beta-CA Inhibitor', 'GPR39 Agonist', 'Carbonic Anhydrase IV Inhibitor', 'IFN-Gamma Inhibitor', 'Cu Chelator', 'Anion Inhibitor', 'H2S-Releasing', 'DNA Cleaving Agent', 'Carbonic Anhydrase XV Inhibitor', 'Tau Protein Inhibitor', 'HD', 'Glycogen Synthase Activator']"
CHEMBL1173655,CN(C)C/C=C/C(=O)Nc1cc2c(Nc3ccc(F)c(Cl)c3)ncnc2cc1O[C@H]1CCOC1,"['Anticancer', 'Antiproliferative', 'Apoptosis Inducer', 'EGFR Kinase Inhibitor', 'VEGFR2 Inhibitor', 'G2/M Phase Arrest', 'EGFR Degradation Facilitator', 'c-Met Degradation Facilitator']"
CHEMBL1200618,CC(C)(C(=O)O)c1ccc(C(O)CCCN2CCC(C(O)(c3ccccc3)c3ccccc3)CC2)cc1.Cl,"['Antimicrobial', 'Antiallergy', 'H1 Receptor Antagonist', 'Antihistamine', 'CYP2J2 Inhibitor', 'HERG Inhibitor']"
CHEMBL1201293,CC(=O)NCCCS(=O)(=O)O,[]
CHEMBL1207745,CC#CCC(C)[C@H](O)/C=C/[C@@H]1[C@H]2c3cccc(CCCC(=O)O)c3O[C@H]2C[C@H]1O,"['Antiplatelet Aggregation Inhibitor', 'Thromboxane A2 Receptor Antagonist', 'Prostacyclin Receptor Agonist', 'DP1 Antagonist', 'Prostanoid Receptor Ligand']"
CHEMBL1236682,COc1cc(F)c(F)c(Nc2ccc(I)cc2F)c1NS(=O)(=O)C1(C[C@H](O)CO)CC1,['MEK1 Inhibitor']
CHEMBL12948,CC1CCC(NC(=O)N(CCCl)N=O)CC1,"['Anticancer', 'Antitumor']"
CHEMBL1377,CC(C)NC(=N)NC(=N)Nc1ccc(Cl)cc1,['Antimalarial']
CHEMBL157138,CCN(CC)C(=O)N[C@H]1C=C2c3cccc4[nH]cc(c34)C[C@H]2N(C)C1,"['5-HT2A/2C Agonist', 'Dopamine Receptor Agonist', '5-HT6 Receptor Ligand', '5-HT6 Agonist', 'NDM-1 Inhibitor', 'Adenylyl Cyclase Inhibitor', 'Hallucinogenic', 'Psychotropic', 'Neuropeptide Y5 Receptor Ligand', 'Psychotomimetic', 'Serotonin Receptor', 'Anti-Migraine', 'Epigenetic Cancer Therapy']"
CHEMBL2103844,NCCNc1ccc(NCCN)c2c1C(=O)c1ccncc1C2=O.O=C(O)/C=C\C(=O)O.O=C(O)/C=C\C(=O)O,[]
CHEMBL2104519,Cc1cc(O)c(C2CC3CCC2(C)C3(C)C)cc1C,[]
CHEMBL2105711,CCc1ccc(Cc2ccc3c(c2)[C@]2(OC3)O[C@H](CO)[C@@H](O)[C@H](O)[C@H]2O)cc1.O,"['Anti-Diabetic', 'SGLT1/SGLT2 Inhibitor']"
CHEMBL2107781,O=C([O-])[C@H](O)[C@@H](O)C(=O)[O-].[Na+].[Na+],[]
CHEMBL2178422,N[C@@H]1c2cccnc2[C@H](OC(=O)N2CCC(n3c(=O)[nH]c4ncccc43)CC2)CC[C@H]1c1cccc(F)c1F,['CGRP Receptor Antagonist']
CHEMBL242948,NCCC(=O)N[C@@H](Cc1c[nH]cn1)C(=O)O,['IL-15 Inhibitor']
CHEMBL3187365,CN1CC2c3ccccc3Oc3ccc(Cl)cc3C2C1,[]
CHEMBL3301672,CCCCCC/C=C\CCCCCCCCCC(=O)N[C@H]1[C@H](OC[C@H]2O[C@H](OP(=O)([O-])[O-])[C@H](NC(=O)CC(=O)CCCCCCCCCCC)[C@@H](OCCCCCCCCCC)[C@@H]2O)O[C@H](COC)[C@@H](OP(=O)([O-])[O-])[C@@H]1OCC[C@@H](CCCCCCC)OC.[Na+].[Na+].[Na+].[Na+],[]
CHEMBL3348963,CCOC(=O)[C@@H](N)Cc1ccc(-c2cc(O[C@H](c3ccc(Cl)cc3-n3ccc(C)n3)C(F)(F)F)nc(N)n2)cc1.O=C(O)CNC(=O)c1ccccc1,['TPH1 Inhibitor']
CHEMBL3695568,COCC(=O)Nc1cc(COc2ccc(NC(=O)Nc3cc(C(C)(C)C)nn3-c3ccc(C)cc3)c3ccccc23)ccn1,['p38 MAP Kinase Inhibitor']
CHEMBL4073443,Cc1cc(Nc2cc(N)ncn2)c(=O)n2c1C(=O)NC21CCCCC1,"['Anticancer', 'MNK1/2 Inhibitor', 'eIF4E Phosphorylation Inhibitor']"
CHEMBL412309,CC[C@@]1(O)C(=O)OCc2c1cc1n(c2=O)Cc2c-1nc1ccc(O)cc1c2[Si](C)(C)C(C)(C)C,['Cytotoxic']
CHEMBL414157,CCCn1c(=O)c2[nH]c(C34CCC(CCC(=O)O)(CC3)CC4)nc2n(CCC)c1=O,"['A2A Adenosine Receptor Antagonist', 'Diuretic']"
CHEMBL44,O=c1c(-c2ccc(O)cc2)coc2cc(O)cc(O)c12,"['Antioxidant', 'Neuraminidase Inhibitor', 'Osteogenic', 'Flavonoid', 'FabG4 Inhibitor', 'Oncogene Inhibitor', 'ERbeta-Selective', 'Antidipsotropic', 'Procoagulant Inhibitor']"
CHEMBL4594384,O=C(CNC(=O)c1ccc(C2=NO[C@@](c3cc(Cl)c(F)c(C(F)(F)F)c3)(C(F)(F)F)C2)c2ccccc12)NCC(F)(F)F,[]
CHEMBL4594419,CC(=O)N[C@@H]1C[C@H](NC(C)(C)C)CC[C@@H]1N1CC[C@H](Nc2ncnc3cc(C(C)(C)C)nn23)C1=O,[]
CHEMBL5314388,CCN1CCC(Oc2c(C#N)ncc3[nH]c4ncccc4c23)CC1,['Chk1 Inhibitor']
CHEMBL5314909,CNC(=O)COc1cc(Cl)c(Cc2ccc(O)c(C(C)C)c2)c(Cl)c1,[]
CHEMBL5315119,CC[C@@H]1CN(C(=O)NCC(F)(F)F)C[C@@H]1c1cnc2cnc3[nH]ccc3n12.CC[C@@H]1CN(C(=O)NCC(F)(F)F)C[C@@H]1c1cnc2cnc3[nH]ccc3n12.O,['JAK1/JAK2 Inhibitor']
CHEMBL8145,O=c1c(-c2ccc(O)cc2)coc2cc(O)ccc12,"['Antioxidant', 'PPAR gamma Agonist', 'Lipoxygenase Inhibitor', 'MIF Inhibitor', 'Osteogenic', 'ALDH-2 Inhibitor', 'FabG4 Inhibitor', 'ERbeta-Selective', 'Antidipsotropic', 'ERbeta-Selective Ligand']"
CHEMBL856,CCC1(c2ccccc2)C(=O)NCNC1=O,"['Anticonvulsive', 'Sodium Channel Inhibitor', 'Sodium Channel Binder', 'Neurotoxicity', 'Voltage-Gated Sodium Channel Ligand']"
CHEMBL1200437,C=C[C@H]1CN2CC[C@H]1C[C@@H]2[C@@H](O)c1ccnc2ccc(OC)cc12.O=C(O)[C@H](O)[C@@H](O)[C@H](O)[C@H](O)CO,"['Cytotoxic', 'Antimalarial', 'Anti-Tuberculosis', 'Antimicrobial', 'Antiplasmodial', 'CYP3A4 Inhibitor', 'CYP51 Inhibitor', 'MDR-Modulator', 'CYP450 Inhibitor', 'Aldosterone Synthase Inhibitor', 'Antiamoebic', 'Ebola Virus Inhibitor', 'Spermicidal', 'Anti-Dengue', 'Organic Cation Transporter', 'OATP Inhibitor', 'Microbicidal', 'Organic Cation Transporter 2 Inhibitor']"
CHEMBL1200980,C1CNCCN1.C[C@]12CC[C@@H]3c4ccc(OS(=O)(=O)O)cc4CC[C@H]3[C@@H]1CCC2=O,[]
CHEMBL1201124,NC(CO)(CO)CO.O=C(c1ccccc1)c1ccc2n1CCC2C(=O)O,[]
CHEMBL1201341,CCOP(=O)(OCC)SCC[N+](C)(C)C,['Acetylcholinesterase Inhibitor']
CHEMBL1255901,C/C=C1\[C@H]2C=C(C)C[C@@]1(N)c1ccc(=O)[nH]c1C2,"['Antioxidant', 'Neuroprotective', 'Acetylcholinesterase Inhibitor', ""Alzheimer's Disease"", ""Alzheimer's"", 'AChE Inhibitor', 'Cognition-Enhancer', 'Butylcholinesterase Inhibitor', 'Antialzheimer', 'Metal Chelator', 'Anticholinesterase', 'ChEs Inhibitor', 'Multi-Functional', 'Cu Chelator', 'Multitarget-Directed Ligand', 'Anti-Acetylcholinesterase', 'Foam Cell Formation Inhibitor']"
CHEMBL127643,CCCCc1cc2ccccc2c(OCCN(C)C)n1,[]
CHEMBL1291,CC(=O)Oc1c(C)cc(OCC(O)CNC(C)C)c(C)c1C,[]
CHEMBL1514715,CCNCC.O=S(=O)(O)c1cc(O)ccc1O,[]
CHEMBL1520,CCCc1nc(C)c2c(=O)nc(-c3cc(S(=O)(=O)N4CCN(CC)CC4)ccc3OCC)[nH]n12,"['PDE 5 Inhibitor', 'Erectile Dysfunction', 'PDE Inhibitor', 'ED Treatment', 'Erectile Dysfunction Treatment']"
CHEMBL1743259,CCc1nn(CCCN2CCN(c3cccc(Cl)c3)CC2)c(=O)n1CC,['5-HT 1A Receptor Agonist']
CHEMBL2068839,Cc1ccc(COC(=O)N2CC[C@H](CNc3ncccn3)[C@H](F)C2)cc1,"['NR2B-Selective NMDA Antagonist', 'Antiallodynic']"
CHEMBL2105733,CNCc1ccc(-c2[nH]c3cc(F)cc4c3c2CCNC4=O)cc1.O=P(O)(O)O,"['Anticancer', 'PARP1/2 Inhibitor']"
CHEMBL2107784,COc1cccc2c1c(O)c(C(=O)N(C)c1ccc(C(F)(F)F)cc1)c(=O)n2C,['Autoimmune Disorder Treatment']
CHEMBL2110849,CC(C)N(CCC(c1ccccc1)c1ccccc1)C(C)C,['Antiarrhythmic']
CHEMBL249420,CCCN[C@@H]1CCc2nc(N)sc2C1,"['Dopamine Receptor Agonist', 'D2 Receptor Partial Agonist', 'Anti-Parkinson', 'Alpha 1-Adrenoceptor Agonist', 'Dopamine D2 Agonist', 'D3 Receptor Ligand', 'D2 Agonist', 'Dopamine D3/D4 Agonist', 'D3 Agonist', 'Beta-Arrestin Biased', 'Alpha-Synuclein Aggregation Inhibitor']"
CHEMBL297453,O=C(O[C@@H]1Cc2c(O)cc(O)cc2O[C@@H]1c1cc(O)c(O)c(O)c1)c1cc(O)c(O)c(O)c1,"['NF-kappa B Inhibitor', 'DYRK1A Inhibitor', 'Radical Scavenger', 'Enoyl-ACP Reductase Inhibitor', 'Fatty Acid Synthesis Inhibitor', 'PKM2 Activator', 'FabI-Inhibitor', 'HCV Entry Inhibitor', 'FAS Inhibitor', 'Amyloid Fibril Formation Inhibitor', 'AD Treatment', 'Antiadipogenic', 'FASN Inhibitor', 'PKM2 Inhibitor', 'MET Inhibitor', 'Ubiquitin-Proteasome System Inhibitor', 'Alpha-synuclein Aggregation Inhibitor', 'PGAM1 Inhibitor', 'HO-1 Inducer', 'AGE Inhibitor', 'FabG4 Inhibitor', 'Alpha-Synuclein Aggregation Inhibitor', 'Anti-HSV']"
CHEMBL310671,O=C1NS(=O)(=O)c2ccccc21,"['Carbonic Anhydrase Inhibitor', 'Cancer Selective']"
CHEMBL3112866,C[C@H]1Cc2ccccc2N1C(=O)Cc1nc(N2CCOCC2)cc(=O)[nH]1,"['PI3KBeta Inhibitor', 'PTEN-Deficient Tumors']"
CHEMBL319144,O=P(O)(O)C(O)(Cc1cnc2ccccn12)P(=O)(O)O,"['Farnesyl-Protein Transferase Inhibitor', 'Bone Resorption Inhibitor', 'FPPSase Inhibitor', 'Geranylgeranyl Pyrophosphate Synthase Inhibitor', 'Prenyl-transferase Inhibitor', 'Neurodegeneration', 'Protein Prenylation Inhibitor']"
CHEMBL3545231,c1ccc(-c2nnc(O[C@@H]3C4CC5C[C@H]3CN(C5)C4)s2)cc1,[]
CHEMBL4206033,C[C@H]1C[C@@H](n2c(Nc3ccc(OC(F)(F)F)cc3)nc3cc(CCC(=O)O)ccc32)CC(C)(C)C1,[]
CHEMBL4300049,CCOCCCCCCN1C[C@H](O)[C@@H](O)[C@@H](O)[C@H]1C,"['Dengue Inhibitor', 'Glucosylceramide Synthase/ Glucosylceramidase Inhibitor']"
CHEMBL432481,C[C@]1(C(=O)O)CSC(c2ccc(O)cc2O)=N1,"['Iron Chelating', 'Nephrotoxicity']"
CHEMBL445813,O=C(NC1CCNCC1)c1n[nH]cc1NC(=O)c1c(Cl)cccc1Cl,"['Anticancer', 'CDK1/CDK2 Inhibitor', 'CDK9 Inhibitor', 'CDK4/6 Inhibitor', 'CDK14 Inhibitor', 'Ototoxicity']"
CHEMBL4468815,Cc1ccc2nc(N3CCS(=O)(=O)c4ccccc4C3)nc(NCC3(N)COC3)c2c1,['RSV Fusion Protein Inhibitor']
CHEMBL453,Cc1noc(NS(=O)(=O)c2ccc(N)cc2)c1C,"['Endothelin A Receptor Antagonist', 'ETA-Receptor Antagonist', 'ETB Receptor Antagonist']"
CHEMBL4594275,N#CCC1CCN(c2nc(Nc3ccc(N4CCC(O)CC4)cc3)c3c(=O)[nH]ncc3n2)CC1,[]
CHEMBL4650733,N=C(NC(=N)N1CCCC1)Nc1ccc(OC(F)(F)F)cc1,[]
CHEMBL5314480,C#C[C@@](C)(O)COc1cc(-c2ccc(N3CC4CC(C3)N4Cc3ccc(OC)nc3)nc2)c2c(C#N)cnn2c1,[]
CHEMBL568,O=C1Nc2ccc(Cl)cc2C(c2ccccc2)=NC1O,[]
CHEMBL577,C[C@H](N[C@@H](CCc1ccccc1)C(=O)O)C(=O)N1CCC[C@H]1C(=O)O,"['Antihypertensive', 'ACE Inhibitor', 'Angiotensin Converting Enzyme Inhibitor']"
CHEMBL608806,CCOC(=O)[C@@H]1C2CCC(C[C@@H]1OC(=O)c1ccccc1)N2C,"['Dopamine Transporter Ligand', 'Cocaine Abuse']"
CHEMBL1200725,Clc1ccc(C(Cn2ccnc2)OCc2csc3c(Cl)cccc23)c(Cl)c1.O=[N+]([O-])O,['Antifungal']
CHEMBL1200787,CC(COc1ccccc1)N(CCCl)Cc1ccccc1.Cl,[]
CHEMBL1201037,Cl.NCCCC(N)(C(=O)O)C(F)F.O,"['Antitrypanosomatid', 'Antikinetoplastid', 'Ornithine Decarboxylase Inhibitor', 'Polyamine Transport Inhibitor', 'Nitroreductase Substrate', 'Anticryptosporidial', 'Chaperonin Inhibitor', 'HSP60/10 Inhibitor', 'Polyamine Biosynthesis Inhibitor']"
CHEMBL1201168,Cc1cc(C(=O)NNCc2ccccc2)no1,[]
CHEMBL1256958,CNC[C@H](O)c1ccc(O)c(O)c1.O=C(O)C(O)C(O)C(=O)O,[]
CHEMBL1431,CN(C)C(=N)NC(=N)N,"['Anti-Diabetic', 'Weight Loss', 'OXPHOS Inhibitor']"
CHEMBL16498,C=C1C[C@H]2C=Nc3cc(OCCCOc4cc5c(cc4OC)C(=O)N4CC(=C)C[C@H]4C=N5)c(OC)cc3C(=O)N2C1,['Endonuclease Inhibitor']
CHEMBL1703,CN(C)C(=N)NC(=N)N.Cl,"['Anti-Diabetic', 'Weight Loss', 'OXPHOS Inhibitor']"
CHEMBL2105738,C[C@]12CC[C@H](O)CC1=CC[C@@H]1[C@@H]2CC[C@]2(C)C(n3cnc4ccccc43)=CC[C@@H]12,"['Prostate Cancer', 'Anti-Androgen', 'Androgen Receptor Modulator', 'AR Antagonist', 'CYP17A1 Inhibitor', 'Androgen Receptor Degrader', 'Androgen Receptor Downregulator', 'Androgen Biosynthesis']"
CHEMBL2110734,COCC[n+]1c2c(n(Cc3cnccn3)c1C)C(=O)c1ccccc1C2=O,['Anti-Tuberculosis']
CHEMBL2146126,[LiH],"['Antimalarial', 'Antimicrobial', 'Neuroprotective', 'Carbonic Anhydrase Inhibitor', 'Antihypertensive', 'Anti-Trypanosomal', 'Vasodilator', 'PDE10a Inhibitor', 'Cytoprotective', 'Vasorelaxant', 'Cardioprotective', 'Cardiovascular', 'CA I Inhibitor', 'Type 2 Diabetes Treatment', 'CD73 Inhibitor', 'Nootropic', 'H. pylori', 'Tau Phosphorylation Inhibitor', 'H2S Donor', 'Carbonic Anhydrase', 'Amnesia-Reversal', 'NMDAR Antagonist', 'Osteoblast Stimulator', 'Hydrogen Sulfide Donor', 'Mood Disorder', 'Insulin Release Stimulator', 'CO2 Hydrase', 'Beta-CA Inhibitor', 'Carbonic Anhydrase IV Inhibitor', 'IFN-Gamma Inhibitor', 'Cu Chelator', 'Anion Inhibitor', 'H2S-Releasing', 'DNA Cleaving Agent', 'Carbonic Anhydrase XV Inhibitor', 'Tau Protein Inhibitor', 'HD', 'Glycogen Synthase Activator']"
CHEMBL2424780,CCCCOc1nc(N)c2c(n1)N(Cc1cccc(CN3CCCC3)c1)CC(=O)N2,"['Immunomodulator', 'TLR7/8 Agonist', 'Hepatitis B']"
CHEMBL3039502,C[C@H](Nc1ncnc2nc[nH]c12)c1cc2cccc(Cl)c2c(=O)n1-c1ccccc1,"['PI3KDelta-Gamma Inhibitor', 'Immuno-Oncology']"
CHEMBL3039526,CN1CCC(C(=O)c2cccc(NC(=O)c3c(F)cc(F)cc3F)n2)CC1.CN1CCC(C(=O)c2cccc(NC(=O)c3c(F)cc(F)cc3F)n2)CC1.O=C(O)CCC(=O)O,[]
CHEMBL372764,CCCCCCCCCCCCCCCCCCOP(=O)([O-])OC1CC[N+](C)(C)CC1,"['Anti-Leishmanial', 'Antiprotozoan']"
CHEMBL3900409,Cn1c(=O)oc2ccc(-c3ccc(C[C@@H](C#N)NC(=O)[C@@H]4CNCCCO4)cc3)cc21,['COPD']
CHEMBL3989559,COc1ccnc(C[S+]([O-])c2nc3cc(OC(F)F)ccc3[n-]2)c1OC.O.[Na+],[]
CHEMBL4297459,O=C1CCC(N2C(=O)c3cccc(CNC(=O)C4CC4)c3C2=O)C(=O)N1,"['Protein Degradation', 'GSPT1/2 Degrader']"
CHEMBL4297605,O=C(CN1CCC(CN2Cc3ccccc3C2=O)CC1)c1ccc(F)cc1,[]
CHEMBL4303470,CC(C)Oc1ccc(C(=O)N[C@H](CNC(=O)CN(C)C)Cc2ccc(-c3cn4cccc([C@H](C)O)c4n3)cc2)cc1Cl,[]
CHEMBL4594292,CN1CCC(COc2cnc(-c3cccc(Cn4nc(-c5cccc(C#N)c5)ccc4=O)c3)nc2)CC1.Cl.O,['cMET Inhibitor']
CHEMBL461343,N=C(NO)N/N=C/c1c(Cl)cccc1Cl,[]
CHEMBL4650233,O=C(CNC(=O)c1sc(C2=NO[C@@](c3cc(Cl)c(F)c(Cl)c3)(C(F)(F)F)C2)c2c1CCC2)NCC(F)F,[]
CHEMBL488436,Cc1ncc(-c2ccnc(Nc3ccc(S(C)(=O)=O)cc3)n2)n1C(C)C,['CDK Inhibitor']
CHEMBL5095241,O=C(NOCCO)c1cc2scnc2c(F)c1Nc1ccc(I)cc1F,['MEK1 Inhibitor']
CHEMBL5314526,C[C@]1(c2ccc(-c3[nH]c4cc(F)cc5c4c3CONC5=O)cc2)CCCN1,"['Anticancer', 'PARP1/2 Inhibitor', 'DDR Kinase Inhibitor']"
CHEMBL5316155,CC(C)(C)[Si](F)(c1ccc(C(=O)NC[C@@H](NC(=O)CC[C@@H](C(=O)O)N2CCN(CC(=O)O)CCN(CC(=O)O)CCN(CC(=O)O)CC2)C(=O)N[C@H](CCCCNC(=O)CCC(=O)NCCC[C@@H](NC(=O)CC[C@H](NC(=O)N[C@@H](CCC(=O)O)C(=O)O)C(=O)O)C(=O)O)C(=O)O)cc1)C(C)(C)C,[]
CHEMBL545,CCO,['Lipophilicity Modulator']
CHEMBL730,O=[N+]([O-])OCC(CO[N+](=O)[O-])O[N+](=O)[O-],"['Vasodilator', 'NO-Donor']"
CHEMBL772,COC(=O)[C@H]1[C@H]2C[C@@H]3c4[nH]c5cc(OC)ccc5c4CCN3C[C@H]2C[C@@H](OC(=O)c2cc(OC)c(OC)c(OC)c2)[C@@H]1OC,"['Cytotoxic', 'P-glycoprotein Inhibitor', 'MDR-Reversal', 'CYP3A4 Inhibitor', 'P-gp Modulator', 'Efflux Pump Inhibitor', 'MDR-Modulator', 'CYP450 Inhibitor', 'P-glycoprotein Substrate', 'VMAT-2 Inhibitor', 'EPI', 'Pgp-ATPase Stimulator']"
CHEMBL91238,CC(C)NNC(=O)COc1ccc(Cl)cc1,[]
CHEMBL995,CCCCc1nc(Cl)c(CO)n1Cc1ccc(-c2ccccc2-c2nnn[n-]2)cc1.[K+],"['Antihypertensive', 'Vasorelaxant', 'Cardioprotective', 'Angiotensin Antagonist', 'AT1 Receptor Antagonist', 'AT1 Blocker']"
CHEMBL1200572,O=[Mg],"['Antimalarial', 'Carbonic Anhydrase Inhibitor', 'Anti-Trypanosomal', 'CA I Inhibitor', 'Type 2 Diabetes Treatment', 'H. pylori', 'Carbonic Anhydrase', 'Osteoblast Stimulator', 'CO2 Hydrase', 'Beta-CA Inhibitor', 'Neurotoxicity', 'Carbonic Anhydrase IV Inhibitor', 'Beta-AR Agonist', 'Anion Inhibitor', 'DNA Cleaving Agent', 'Carbonic Anhydrase XV Inhibitor', 'HD']"
CHEMBL1200636,CN(C)CCC=C1c2ccccc2C=Cc2ccccc21.Cl,"['Analgesic', 'Anticonvulsive', 'Antidepressant', 'Neuroleptic', '5-HT6 Receptor Ligand', '5-HT(7) Receptor Antagonist', 'GABA Uptake Inhibitor', 'Norepinephrine Transporter Inhibitor', 'H1 Receptor Antagonist', 'Serotonin Receptor Ligand', '5-HT6 Agonist', 'Adenylyl Cyclase Inhibitor', 'Histamine H1 Receptor Antagonist', 'Anticholinergic', 'Sedative', 'Anti-Allergic', 'Organic Cation Transporter', 'Histamine H(1) Receptor Ligand', 'GIRK Channel Inhibitor', 'ASM Inhibitor', 'Serotonin Receptor', 'UGT Inhibitor', 'CNS Drug Partitioning', 'Orexigenic', 'H1 Receptor Ligand', 'Thymoleptic', 'Opiate-Like']"
CHEMBL1200930,COCCCOc1ccnc(C[S+]([O-])c2nc3ccccc3[n-]2)c1C.[Na+],[]
CHEMBL1232767,F,"['Antibiotic', 'Antimalarial', 'Antimicrobial', 'Neuroprotective', 'Carbonic Anhydrase Inhibitor', 'Antihypertensive', 'Anti-Trypanosomal', 'Vasodilator', 'PDE10a Inhibitor', 'Cytoprotective', 'Vasorelaxant', 'Cardioprotective', 'Cardiovascular', 'CA I Inhibitor', 'Type 2 Diabetes Treatment', 'Matriptase Inhibitor', 'CD73 Inhibitor', 'Nootropic', 'H. pylori', 'H2S Donor', 'Carbonic Anhydrase', 'NMDAR Antagonist', 'Osteoblast Stimulator', 'Mood Disorder', 'Insulin Release Stimulator', 'CO2 Hydrase', 'Beta-CA Inhibitor', 'Carbonic Anhydrase IV Inhibitor', 'IFN-Gamma Inhibitor', 'Cu Chelator', 'Anion Inhibitor', 'H2S-Releasing', 'DNA Cleaving Agent', 'Carbonic Anhydrase XV Inhibitor', 'Tau Protein Inhibitor', 'HD', 'Glycogen Synthase Activator']"
CHEMBL1235535,OCc1cccnc1,[]
CHEMBL1373,NC(=O)C[S+]([O-])C(c1ccccc1)c1ccccc1,[]
CHEMBL1627201,C[S@+]([O-])CCCCN=C=S,"['Nrf2-ARE Activator', 'Phase II Enzyme Inducer', 'TRPA1 Activator', 'Neurogenic', 'Radioprotector']"
CHEMBL165790,CC(C)Oc1ccc2c(=O)c(-c3ccccc3)coc2c1,['Osteogenesis Inducer']
CHEMBL1697763,O=C1CN(/N=C/c2ccc([N+](=O)[O-])o2)C(=O)N1CO,"['MitoNEET Ligand', 'Carcinogenic', 'Dopamine Agent']"
CHEMBL1743261,CC1COC2(c3ccccc3Cl)c3cc(Cl)ccc3NC(=O)CN12,[]
CHEMBL1773903,CC(=O)O[C@H]1CC(C)(C)C(=C=C/C(C)=C/C=C/C(C)=C/C=C(C)/C=C/C=C(\C)C(=O)C[C@@]23O[C@]2(C)C[C@@H](O)CC3(C)C)[C@](C)(O)C1,[]
CHEMBL2104788,O=C(O)c1ccccc1O.c1c[nH]cn1,[]
CHEMBL2364574,C[C@H]1c2cccc([O-])c2C(=O)C2=C(O)[C@]3(O)C(=O)C(C(N)=O)=C(O)[C@@H](N(C)C)[C@@H]3[C@@H](O)[C@@H]21.C[C@H]1c2cccc([O-])c2C(=O)C2=C(O)[C@]3(O)C(=O)C(C(N)=O)=C(O)[C@@H](N(C)C)[C@@H]3[C@@H](O)[C@@H]21.[Ca+2],"['Antibiotic', 'RNA Ligand']"
CHEMBL3128043,Cc1nc(Nc2n[nH]c3c2CN(C(=O)N[C@H](CN(C)C)c2ccccc2)C3(C)C)c2sccc2n1,"['Antiproliferative', 'PAK1 Inhibitor', 'Anti-Migration', 'PAK4 Signaling Inhibitor', 'ER Stress Inducer', 'PAK Inhibitor']"
CHEMBL3646221,O=C(O)CNC(=O)c1ncc(-c2cccc(Cl)c2)cc1O,"['HIF PHD Inhibitor', 'Prolyl-4-Hydroxylase Inhibitor', 'HIF Prolyl-Hydroxylase Inhibitor', 'PHD2 Inhibitor', 'Anemia Treatment', 'FTO Inhibitor', 'Nucleic Acid Demethylase Inhibitor', '2OG Oxygenase Inhibitor', 'Collagen Prolyl 4-Hydroxylase Inhibitor', 'Renal Anemia', 'Erythropoiesis Stimulator']"
CHEMBL372795,CN[C@@H]1[C@H](O[C@H]2[C@H](O[C@H]3[C@H](O)[C@@H](O)[C@H](N=C(N)N)[C@@H](O)[C@@H]3N=C(N)N)O[C@@H](C)[C@]2(O)C=O)O[C@@H](CO)[C@H](O)[C@H]1O,"['Antibiotic', 'Antifungal', 'Antimicrobial', 'Bactericidal', 'Mycobacterium tuberculosis Inhibitor', 'NDM-1 Inhibitor', 'Chitin Synthetase Inhibitor', 'DHPS Inhibitor', 'miR-21 Inhibitor', 'Genetic Disease', 'Antibiotic Resistance', 'Antialgal', 'Antiurease', 'Multidrug Efflux Pump']"
CHEMBL3976807,Cc1cc(N2C(=O)NC(=O)C2(C)C)cc(C)c1CCS(=O)(=O)N1CCC2(CC1)N=C(c1ccc(OC(F)(F)F)cc1)NC2=O,['CGRP Receptor Antagonist']
CHEMBL3990047,CNc1ncc(-c2ccc3c(=O)c(C(=O)O)cn(C4CC4)c3c2C)cc1C,['Antibiotic']
CHEMBL416898,Clc1ccc(C(c2ccc(Cl)cc2)C(Cl)(Cl)Cl)cc1,[]
CHEMBL422,CN1CCN(CCCN2c3ccccc3Sc3ccc(C(F)(F)F)cc32)CC1,['Anti-Glioblastoma']
CHEMBL4297147,CC(O)C(=O)O.O=C(CCCN1CCC(O)(c2ccc(Cl)cc2)CC1)c1ccc(F)cc1,['Dopamine D2 Receptor Antagonist']
CHEMBL4297310,Cc1ccccc1CN1C(=O)C2=C(CCN(Cc3ccccc3)C2)N2CCN=C12,"['Antitumor', 'TRAIL Sensitizer', 'HsClpP Agonist']"
CHEMBL4297420,[223Ra],"['Neuroprotective', 'Osteoblast Stimulator', 'CO2 Hydrase', 'Beta-CA Inhibitor', 'Anion Inhibitor', 'DNA Cleaving Agent', 'Carbonic Anhydrase XV Inhibitor', 'Tau Protein Inhibitor', 'HD', 'Glycogen Synthase Activator']"
CHEMBL4297649,CC(C)COc1cc(F)cc(-c2ccc(C(=O)NS(=O)(=O)c3ccccc3)c(N3C[C@@H](C)CC3(C)C)n2)c1,[]
CHEMBL4446378,CO[C@H]1/C=C/C[C@H](C)[C@@H](C)S(=O)(=O)NC(=O)c2ccc3c(c2)N(C[C@@H]2CC[C@H]21)C[C@@]1(CCCc2cc(Cl)ccc21)CO3,"['Anticancer', 'Apoptosis', 'MCL-1/BCL-2 Inhibitor']"
CHEMBL4594250,Cc1ccc(C(=O)OCc2ccc([C@@H](CN)C(=O)Nc3ccc4cnccc4c3)cc2)c(C)c1,"['ROCK II Inhibitor', 'Glaucoma Treatment']"
CHEMBL4594262,CCOC(=O)C1=C(COCCN)NC(C)=C(C(=O)OC)C1c1ccccc1Cl.O=C(O)c1ccccc1,['Ca2+ Antagonist']
CHEMBL4594378,C[C@@H](Nc1nc(N[C@H](C)C(F)(F)F)nc(-c2cccc(Cl)n2)n1)C(F)(F)F.C[C@@H](Nc1nc(N[C@H](C)C(F)(F)F)nc(-c2cccc(Cl)n2)n1)C(F)(F)F.O.O=C(O)CC(O)(CC(=O)O)C(=O)O,"['Mutant IDH1/2 Inhibitor', 'Glioma Treatment']"
CHEMBL463,Nc1ccc(C(=O)NCC(=O)O)cc1,['PHM Inhibitor']
CHEMBL467058,CCCCCCCC(=O)OC[C@@H](O)[C@@H](OC)[C@@H]1OC(C(=O)O)=C[C@H](NC(=N)N)[C@H]1NC(C)=O,"['Neuraminidase Inhibitor', 'Influenza Inhibitor']"
CHEMBL48449,C[C@@]12C(=O)OC(=O)[C@]1(C)[C@H]1CC[C@@H]2O1,[]
CHEMBL5,CCn1cc(C(=O)O)c(=O)c2ccc(C)nc21,"['Antibiotic', 'Quinolone Antibiotic']"
CHEMBL5095062,C[C@H]1CNC(=O)c2cnn3cc4c(nc23)N(Cc2cc(F)cnc2O1)[C@@H]1CCC[C@@H]1O4,"['Anticancer', 'TRK Kinase Inhibitor']"
CHEMBL5095079,Cc1n[nH]c(C)c1-c1cnn(C2(CC#N)CN(c3cc(F)c(C(=O)N[C@@H](C)C(F)(F)F)cc3F)C2)c1,[]
CHEMBL5095196,Nc1ncc(-c2cnn(C3CCNCC3)c2)cc1-c1nnc(CC2CC2)o1,"['T Cell Immunity', 'PKCTheta Modulator', 'GLK Inhibitor']"
CHEMBL512351,COc1ccc(NC(=O)c2ccc(C(=N)N(C)C)cc2)c(C(=O)Nc2ccc(Cl)cn2)c1,['Factor Xa Inhibitor']
CHEMBL1075834,C#CCOc1ccc(/C=C/C(=O)Nc2ccccc2C(=O)O)cc1OC,['Anti-Fibrotic']
CHEMBL1083390,O=S(=O)(c1ccccc1)c1cnc2c(N3CCNCC3)cccc2c1,"['5-HT(6) Receptor Antagonist', '5-HT6 Receptor Ligand', '5-HT2A Receptor Inverse Agonist', 'Glioprotective']"
CHEMBL118218,CC1=C(CO)C2=C(C)C3(CC3)[C@@](C)(O)C(=O)C2=C1,[]
CHEMBL1200622,C[C@H](/C=C/[C@H](C)C(C)(C)O)[C@H]1CC[C@H]2/C(=C/C=C3C[C@@H](O)C[C@H](O)C3)CCC[C@]12C,"['Vitamin D Analogue', 'Vitamin D3 Agonist']"
CHEMBL1200922,CCC(C)C(C)(COC(N)=O)COC(N)=O,['Anticonvulsive']
CHEMBL1505,CN(C)CCc1c[nH]c2ccc(CS(=O)(=O)N3CCCC3)cc12,"['5-HT(1B/1D) Agonist', 'Anti-Migraine']"
CHEMBL15605,c1cscn1,[]
CHEMBL1673159,CC1CCC(C(=O)N(c2cc(-c3ccccc3)sc2C(=O)[O-])C2CCC(O)CC2)CC1.[Na+],"['HCV NS5b Polymerase Inhibitor', 'HCV Inhibitor', 'NS5B RdRp Inhibitor']"
CHEMBL1741037,C[C@@H](Oc1ccc(Oc2cnc3ccc(Cl)cc3n2)cc1)C(=O)O,['Antitumor']
CHEMBL1750,Nc1nc(Cl)nc2c1ncn2[C@@H]1O[C@H](CO)[C@@H](O)[C@@H]1F,['PDE2 Inhibitor']
CHEMBL1779046,O=C(O[C@H]1CN2CCC1CC2)N(Cc1cc(F)c(F)c(F)c1)c1cccc(F)c1,[]
CHEMBL1812161,CC(C)=CCC/C(C)=C/CC/C(C)=C/CC[C@@](C)(O)CCC1=C(C)C(=O)C(C)=C(C)C1=O,['Neuronal Differentiation']
CHEMBL2104095,C[N+](C)(C)CCO.O=C([O-])c1ccccc1O,[]
CHEMBL2105107,C[C@H](CC#CC(C)(C)O)[C@H]1CC[C@@H]2/C(=C/C=C3C[C@@H](O)C[C@H](O)C3)CCC[C@@]21C,"['Vitamin D Analogue', 'Vitamin D3 Agonist']"
CHEMBL2105372,CCN(CC)CC(C)OC(=O)C1CCCCC1(O)C1CCCCC1,[]
CHEMBL2107763,Cc1cc(=O)oc2cc(O[C@@H]3SC[C@@H](O)[C@H](O)[C@H]3O)ccc12,['Venous Antithrombotic']
CHEMBL2365940,C[N+]1(C)[C@@H]2CC[C@H]1C[C@H](CC(C#N)(c1ccccc1)c1ccccc1)C2,"['Muscarinic Receptor Antagonist', 'COPD Treatment', 'mAChR Antagonist']"
CHEMBL286494,Cc1cc(O)c2c(=O)c3c(O)cc(O)c4c5c(O)cc(O)c6c(=O)c7c(O)cc(C)c8c1c2c(c34)c(c78)c65,[]
CHEMBL3039597,CNC(C)[C@@H]1CC[C@@H](N)[C@@H](O[C@H]2[C@H](O)[C@@H](O[C@H]3OC[C@](C)(O)[C@H](NC)[C@H]3O)[C@H](N)C[C@@H]2N)O1.CN[C@@H]1[C@@H](O)[C@@H](O[C@@H]2[C@@H](O)[C@H](O[C@H]3O[C@H](C(C)N)CC[C@H]3N)[C@@H](N)C[C@H]2N)OC[C@]1(C)O.CN[C@@H]1[C@@H](O)[C@@H](O[C@@H]2[C@@H](O)[C@H](O[C@H]3O[C@H](CN)CC[C@H]3N)[C@@H](N)C[C@H]2N)OC[C@]1(C)O,"['Antibiotic', 'Antifungal', 'Antimicrobial', 'Anti-Bacterial', 'MRSA', 'FAS Inhibitor', 'RNA Binding', 'Ribosome Inhibitor', 'DHPS Inhibitor', 'RNA Ligand', 'Ribosome Binding', 'Protease-Resistant', 'Antibiotic Resistance', 'Aminoglycoside', 'Nonsense Mutation Suppressor']"
CHEMBL308148,CC(=O)NC1(c2ccccc2)CCN(CC[C@H](CN(C)C(=O)c2ccccc2)c2ccc(Cl)c(Cl)c2)CC1,"['NK1/NK3 Antagonist', 'Neurokinin Receptor Antagonist', 'NK(2) Antagonist']"
CHEMBL3181841,Cl.Cn1cc(C(=O)[C@@H]2CCc3[nH]cnc3C2)c2ccccc21,['IBS Therapy']
CHEMBL323348,COC(=O)c1ccccc1C(=O)OC,[]
CHEMBL34259,CN(Cc1cnc2nc(N)nc(N)c2n1)c1ccc(C(=O)N[C@@H](CCC(=O)O)C(=O)O)cc1,[]
CHEMBL3545164,C[C@@H](Oc1nnc(-c2ccncc2)n1C)c1cc(-c2cccc(Cl)c2)on1,['IMPDH Inhibitor']
CHEMBL3545366,CCn1c(=O)c(-c2cc[nH]n2)cc2c(C)nc(N)nc21,['PI3K-Alpha Inhibitor']
CHEMBL3590187,CCC(=O)O[C@]1(C(=O)CO)CC[C@H]2[C@@H]3CCC4=CC(=O)CC[C@]4(C)[C@H]3CC[C@@]21C,"['Progesterone Receptor Agonist', 'Progesterone Receptor Ligand', 'Progesterone Receptor Modulator']"
CHEMBL3818875,CNc1nc(C)nc(N[C@H]2CCC[C@@H](C(=O)NCc3ccc(C#N)cc3C(F)(F)F)C2)n1,[]
CHEMBL3989752,CN(C)CCC=C1c2ccccc2OCc2c1oc1ccccc21,['Antidepressant']
CHEMBL3989830,CC(C)CC(N(C)C)C1(c2ccc(Cl)cc2)CCC1.Cl.O,[]
CHEMBL415768,C=C1CC[C@@H]2[C@](C)(CO)[C@H](O)CC[C@@]2(C)[C@@H]1CCC1=CCOC1=O,"['Anti-Inflammatory', 'Antiasthma']"
CHEMBL420,N=C(N)N/N=C/c1c(Cl)cccc1Cl,[]
CHEMBL4296717,CN(C)Cc1ccc(S(=O)(=O)n2ccc(/C=C/C(=O)NO)c2)cc1,"['HDACs Inhibitor', 'Histone Deacetylase Inhibitor']"
CHEMBL4297165,CCN(CC)CCCC(C)Nc1ccnc2cc(Cl)ccc12.Cl.Cl,"['Cytotoxic', 'Antimalarial', 'Antiplasmodial', 'Antiamoebic', 'Falcipain Inhibitor', 'Spasmolytic', 'PfDHODH Inhibitor', 'S Phase Arrest']"
CHEMBL4297223,O.O.O.O=C(c1ccc(NS(=O)(=O)c2cccc3cccnc23)cc1)N1CCN(CC2CC2)CC1.O=C(c1ccc(NS(=O)(=O)c2cccc3cccnc23)cc1)N1CCN(CC2CC2)CC1.O=S(=O)(O)O,[]
CHEMBL4297256,CC(C)(C(=O)NC1C2CC3CC1CC(C(N)=O)(C3)C2)N1CCN(c2ccc(C(F)(F)F)cn2)CC1,['11betaHSD1 Inhibitor']
CHEMBL4303611,O=C(/C=C/c1ccc2ccc(C(F)(F)F)cc2n1)c1ccncc1,['Anti-Bacterial']
CHEMBL461522,Cc1c(N(C)CS(=O)(=O)O)c(=O)n(-c2ccccc2)n1C,"['Anti-Inflammatory', 'Antiulcerous', 'Sickle Cell Disease', 'Platelet Anti-Aggregatory']"
CHEMBL4802139,Cc1cc(OCP(=O)(O)O)cc(C)c1Cc1ccc(O)c(Cc2ccccc2)c1,"['Cholesterol Lowering', 'Liver-Selective', 'Thyroid Hormone Receptor Agonist']"
CHEMBL4804173,Nc1c(F)ccc2cnc(-n3ccc4ccncc43)cc12,[]
CHEMBL5314492,CCCCCCCCCCn1cc(CCC(N)(CO)CO)nn1,['S1P1 Agonist']
CHEMBL535607,C[C@@H]1CN(Cc2ccc(F)cc2)CCN1C(=O)COc1ccc(Cl)cc1NC(N)=O.Cl,"['CCR1 Antagonist', 'Anti-Arthritis']"
CHEMBL571209,Cn1cc(C[C@@H](N)C(=O)O)c2ccccc21,"['Anticancer', 'Prodrug', 'Immunomodulator', 'IDO1 Inhibitor', 'Cancer Immunotherapy', 'IDO Inhibitor', 'TDO-2 Inhibitor', 'Immunotherapeutic', 'KMO Inhibitor', 'Indoleamine 2,3-Dioxygenase Inhibitor', 'Platelet Activation Inhibitor', 'IDO-1 Inhibitor', 'IDO2 Inhibitor', 'KAT II Inhibitor', 'hIDO1/hTDO Inhibitor', 'Immune-chemotherapy', 'Indoximod']"
CHEMBL599552,O=C1/C(=C2\Nc3ccccc3C2=O)Nc2ccccc21,[]
CHEMBL807,CC12CC3CC(C)(C1)CC(N)(C3)C2,[]
CHEMBL1016,CCOc1nc2cccc(C(=O)O)c2n1Cc1ccc(-c2ccccc2-c2nnn[nH]2)cc1,"['Hypotensive', 'Angiotensin Receptor Antagonist', 'AII Antagonist']"
CHEMBL1084173,O=C(O)/C(=C/c1ccccc1)c1ccccc1.OCc1cc([C@@H](O)CNCCCCCCOCCOCc2c(Cl)cccc2Cl)ccc1O,['Beta(3)-Adrenergic Agonist']
CHEMBL1200799,CC(C)OC(=O)CCC/C=C\C[C@@H]1[C@@H](/C=C/[C@@H](O)COc2cccc(C(F)(F)F)c2)[C@H](O)C[C@@H]1O,"['Antiglaucoma', 'Ocular Hypotensive']"
CHEMBL1201198,Cc1cccn2c(=O)c(-c3nnn[nH]3)cnc12,['Antiallergy']
CHEMBL1201729,CCCCc1oc2ccc(NS(C)(=O)=O)cc2c1C(=O)c1ccc(OCCCN(CCCC)CCCC)cc1.Cl,['NLRP3 Inhibitor']
CHEMBL1229211,C[C@@H]1CCO[C@H]2Cn3cc(C(=O)NCc4ccc(F)cc4F)c(=O)c(O)c3C(=O)N12,"['HIV Integrase Inhibitor', 'Antiretroviral', 'Integrase Inhibitor', 'Hydrogen Sulfide Donor']"
CHEMBL1234,CC(=O)N(O)CCCCCNC(=O)CCC(=O)N(O)CCCCCNC(=O)CCC(=O)N(O)CCCCCN.CS(=O)(=O)O,"['Histone Demethylase Inhibitor', 'Iron Chelating', 'Siderophore']"
CHEMBL1237046,CN(C)[C@@H]1C(O)=C(C(=O)NCN2CCCC2)C(=O)[C@@]2(O)C(O)=C3C(=O)c4c(O)cccc4[C@@](C)(O)[C@H]3C[C@@H]12,['Antibiotic']
CHEMBL1293,CC1=C(/C=C/C(C)=C/C=C/C(C)=C/C=C/C=C(C)/C=C/C=C(C)/C=C/C2=C(C)CCCC2(C)C)C(C)(C)CCC1,['sRBP-TTR Inhibitor']
CHEMBL1356,O=C([O-])c1ccccc1.[Na+],[]
CHEMBL1550,CC1=C(C/C=C(\C)CCC[C@H](C)CCC[C@H](C)CCCC(C)C)C(=O)c2ccccc2C1=O,"['Neuronal Differentiation', 'Mitochondrial Dysfunction Treatment']"
CHEMBL16225,c1cc[nH]c1,"['CD47-SIRPAlpha Modulator', 'Phagocytosis Enhancer']"
CHEMBL1628688,COc1nc(C)cnc1NS(=O)(=O)c1cccnc1-c1ccc(-c2nnco2)cc1,[]
CHEMBL1690,CCN(CCO)CCCC(C)Nc1ccnc2cc(Cl)ccc12.O=S(=O)(O)O,"['Antimalarial', 'Antiplasmodial', 'Spasmolytic']"
CHEMBL2057301,CC(=O)[C@H]1CC[C@H]2[C@@H]3CC[C@H]4C[C@@H](O)CC[C@]4(C)[C@H]3CC[C@]12C,"['Anticonvulsive', 'Anxiolytic', 'GABA A Modulator', 'GABA-A Receptor Ligand', 'GABA A Receptor Agonist', 'Anesthetic', 'VGLUT Inhibitor', 'GABAergic', 'GABA(A) Receptor Potentiator', '11Beta-hydroxylase Inhibitor', 'GABA(A) Receptor Inhibitor', 'Neuroactive Steroid', 'GABA(A) Positive Modulator']"
CHEMBL2062163,C[C@H]1[C@H](c2ccccc2)OCCN1C.O=C(O)C(O)C(O)C(=O)O,[]
CHEMBL2103876,Cc1ccc2c(NC[C@](O)(CC(C)(C)c3cc(F)cc4c3OCC4)C(F)(F)F)cccc2n1,"['Anti-Inflammatory', 'Glucocorticoid Agonist', 'GR Agonist']"
CHEMBL2103878,NC(=O)c1ccc(Oc2ccc(CNCCC3CCOCC3)cc2F)nc1,['Opioid Antagonist']
CHEMBL2104969,O=C(O)c1ccc(CCCc2c(CCNS(=O)(=O)Cc3ccccc3C(F)(F)F)n(C(c3ccccc3)c3ccccc3)c3ccc(Cl)cc23)cc1,['cPLA(2) Inhibitor']
CHEMBL2106217,CCNC(C)Cc1cccc(C(F)(F)F)c1.Cl,[]
CHEMBL211456,CN[C@@H](C)[C@H](O)c1ccccc1,[]
CHEMBL218227,O=C(/C=C(\O)c1nc[nH]n1)c1ccc(Cc2ccc(F)cc2)o1,"['Antiviral', 'HIV Integrase Inhibitor', 'RNase H Inhibitor']"
CHEMBL228814,Cc1ccc(C(=O)N(CCCN)[C@@H](c2nc3cc(Cl)ccc3c(=O)n2Cc2ccccc2)C(C)C)cc1,"['Anticancer', 'KSP Inhibitor', 'Eg5 Inhibitor', 'Anti-Mitotic']"
CHEMBL2364637,CC(C)OC(=O)[C@H](C)N[P@](=O)(CO[C@H](C)Cn1cnc2c(N)ncnc21)Oc1ccccc1.CC(C)OC(=O)[C@H](C)N[P@](=O)(CO[C@H](C)Cn1cnc2c(N)ncnc21)Oc1ccccc1.O=C(O)/C=C/C(=O)O,[]
CHEMBL252518,C[C@H]1[C@@H](O)O[C@@H]2O[C@]3(C)CC[C@H]4[C@H](C)CC[C@@H]1[C@@]24OO3,"['Anticancer', 'Cytotoxic', 'Antibiotic', 'Antitumor', 'Anti-Inflammatory', 'Antiviral', 'Antimalarial', 'Anti-Tuberculosis', 'Antifungal', 'Apoptosis Inducer', 'Antimicrobial', 'Anti-mycobacterial', 'Anti-Cancer', 'Anti-Leishmanial', 'Antiplasmodial', 'Anti-Trypanosomal', 'Histone Deacetylase Inhibitor', 'Antiparasitic', 'Anti-Angiogenic', 'Apoptosis', 'Trypanocidal', 'Biofilm Inhibitor', 'Immunosuppressive', 'Growth Inhibitor', 'HMG-CoA Reductase Inhibitor', 'Chemosensitizer', 'Anti-Malaria', 'Iron Chelating', 'HDAC1/2 Inhibitor', 'DNA Topoisomerase I Inhibitor', 'Mycobacterium tuberculosis Inhibitor', 'Aminopeptidase A Inhibitor', 'Phosphodiesterase Inhibitor', 'NO-Donor', 'Cholesterol Synthesis Inhibitor', 'Mitochondrial-Targeting', 'Falcipain Inhibitor', 'DNA Methyltransferase Inhibitor', 'Anti-HCMV', 'Antileukemia', 'Anti-HSV-1', 'NDH-2 Inhibitor', 'CYP3A4 Inducer', 'Dual-Stage', 'PfNDH2 Inhibitor', 'Hypercholesterolemia', 'ROS', 'CYP2B1 Inducer']"
CHEMBL348475,COc1cc2c(cc1OC)CN(CCc1ccc(NC(=O)c3cc(OC)c(OC)cc3NC(=O)c3cnc4ccccc4c3)cc1)CC2,"['P-glycoprotein Inhibitor', 'MDR-Reversal', 'P-gp Modulator', 'Multidrug Resistance Reversal', 'MDR-Modulator', 'BCRP Inhibitor', 'MRP1 Inhibitor', 'ABCB1 Inhibitor', 'Cytotoxicity', 'ABCG2 Modulator', 'Reversal Agent', 'Pgp-ATPase Stimulator', 'P-gp/BCRP Inhibitor']"
CHEMBL3707245,O=C(O)CNc1cccc(CN(Cc2ccc(-n3cccn3)cc2)S(=O)(=O)c2cccnc2)n1,"['Ocular Hypotensive', 'EP2 Agonist']"
CHEMBL439338,CC(C)(C)c1nc(N2CCN(CCCSc3nccc(O)n3)CC2)cc(C(F)(F)F)n1,['D3-Receptor Antagonist']
CHEMBL51,O=C(c1ccc(F)cc1)C1CCN(CCn2c(=O)[nH]c3ccccc3c2=O)CC1,"['5-HT2A Receptor Antagonist', '5-HT2A Receptor Ligand', 'Serotonin Receptor', 'Glioblastoma Treatment']"
CHEMBL1096927,CC(C)=CCC[C@](C)(O)[C@@H]1CC=C(C)CC1,[]
CHEMBL1200370,O=C(OOC(=O)c1ccccc1)c1ccccc1,[]
CHEMBL1200813,CCCC(=O)Nc1ccc(OCC(O)CNC(C)C)c(C(C)=O)c1.Cl,['Beta-Adrenoceptor Blocker']
CHEMBL1200822,CC(=O)O.O=C(NCC1CCCCN1)c1cc(OCC(F)(F)F)ccc1OCC(F)(F)F,['Antiarrhythmic']
CHEMBL1201089,CN(C)CCOC(c1ccccc1)c1ccccc1.O=C(O)CC(O)(CC(=O)O)C(=O)O,['Alpha-Adrenolytic']
CHEMBL1201189,[13NH3],"['Neuroprotective', 'Osteoblast Stimulator', 'CO2 Hydrase', 'Beta-CA Inhibitor', 'Anion Inhibitor', 'DNA Cleaving Agent', 'Carbonic Anhydrase XV Inhibitor', 'Tau Protein Inhibitor', 'HD', 'Glycogen Synthase Activator']"
CHEMBL134,Clc1cccc(Cl)c1NC1=NCCN1,"['Hypotensive', 'Alpha 1-Adrenoceptor Agonist', 'Alpha2-Adrenoceptor Agonist']"
CHEMBL1463,Nc1nc(=O)[nH]cc1F,[]
CHEMBL1944698,CN1C/C=C/CCOc2cccc(c2)-c2ccnc(n2)Nc2cccc(c2)C1,"['JAK1/JAK2 Inhibitor', 'CDK Inhibitor', 'FLT3 Inhibitor']"
CHEMBL2105676,CC(OC(=O)c1ccc(Cc2c([O-])c3ccccc3oc2=O)cc1)(C(F)(F)F)C(F)(F)F.[Na+],[]
CHEMBL231068,O=c1[nH]c2ccccc2n1CCN1CCN(c2cccc(C(F)(F)F)c2)CC1,[]
CHEMBL3121539,CC1=CC[C@H](C(=O)N(c2cc(C#CC(C)(C)C)sc2C(=O)O)[C@H]2CC[C@](O)(CO[C@H]3CCOC3)CC2)CC1,['NS5B RdRp Inhibitor']
CHEMBL3137315,Cn1c(C2(NC(=O)c3ccc4c(C5CCCC5)c(-c5ncc(Br)cn5)n(C)c4c3)CCC2)nc2ccc(/C=C/C(=O)[O-])cc21.[Na+],['HCV NS5b Polymerase Inhibitor']
CHEMBL3668014,COc1cc(F)c(-n2c(=O)[nH]c3csc(C(=O)O)c3c2=O)cc1OCc1c(OC)ccc(F)c1F,[]
CHEMBL3989480,O=C([O-])CC(O)(CC(=O)[O-])C(=O)[O-].O=C([O-])CC(O)(CC(=O)[O-])C(=O)[O-].[Mg+2].[Mg+2].[Mg+2],"['ATP Citrate Lyase Inhibitor', 'ALKBH5 Inhibitor']"
CHEMBL4297467,Nc1ccc(/C=C/C(=O)NCc2cc3cc(-c4ccc(C(=O)N5CCC(F)(F)CC5)cc4)cc(-c4ccc(F)cc4)c3o2)cn1,[]
CHEMBL493,CC(C)C[C@H]1C(=O)N2CCC[C@H]2[C@]2(O)O[C@](NC(=O)[C@@H]3C=C4c5cccc6[nH]c(Br)c(c56)C[C@H]4N(C)C3)(C(C)C)C(=O)N12,"['Zika Virus Protease Inhibitor', 'Prolactin-Inhibitor']"
CHEMBL5314430,Cc1[nH]nc2c1N=C(c1ccccc1Cl)c1cnc(N3CCOCC3)cc1N2,[]
CHEMBL5314575,C=C(C)[C@@H]1CC[C@]2(NCCN3CCS(=O)(=O)CC3)CC[C@]3(C)[C@H](CC[C@@H]4[C@@]5(C)CC=C(C6=CC[C@@](CF)(C(=O)O)CC6)C(C)(C)[C@@H]5CC[C@]43C)[C@@H]12.CS(=O)(=O)O,"['Antiviral', 'HIV Maturation Inhibitor']"
CHEMBL549344,CCc1nc2c(N)nc3ccccc3c2n1CCCCNS(C)(=O)=O,['TLR7/8 Agonist']
CHEMBL608,CC(C)(Sc1cc(C(C)(C)C)c(O)c(C(C)(C)C)c1)Sc1cc(C(C)(C)C)c(O)c(C(C)(C)C)c1,"['Anti-Inflammatory', 'Antioxidant', 'VCAM-1 Inhibitor']"
CHEMBL75133,CC(/C=C/[C@@H]1C[C@]1(C)c1ccc2c(c1)C(C)(C)CCC2(C)C)=C\C(=O)O,[]
CHEMBL91829,CN(C)C[C@@H]1CCn2cc(c3ccccc32)C2=C(C(=O)NC2=O)c2cn(c3ccccc23)CCO1,"['GSK-3beta Inhibitor', 'Protein Kinase Inhibitor', 'Protein Kinase C Inhibitor']"
CHEMBL99,CC(/C=C/C(=O)NO)=C\[C@@H](C)C(=O)c1ccc(N(C)C)cc1,"['HDACs Inhibitor', 'Histone Deacetylase Inhibitor']"
CHEMBL1020,Cc1ccc(C(=O)c2ccc(CC(=O)O)n2C)cc1,"['Anti-Inflammatory', 'CXCR1 Inhibitor']"
CHEMBL1136,CC[C@H]1OC(=O)[C@H](C)C(=O)[C@H](C)[C@@H](O[C@@H]2O[C@H](C)C[C@H](N(C)C)[C@H]2O)[C@](C)(OC)C[C@@H](C)C(=O)[C@H](C)[C@H]2N(CCCCn3cnc(-c4cccnc4)c3)C(=O)O[C@]12C,"['Antibiotic', 'Ribosome Inhibitor', 'HldE Kinase Inhibitor', 'LPS Heptosylation Inhibitor', 'Gram Negative']"
CHEMBL1200468,CCOC(=O)CC(SP(=S)(OC)OC)C(=O)OCC,[]
CHEMBL1200987,CCCCc1ncc(/C=C(\Cc2cccs2)C(=O)O)n1Cc1ccc(C(=O)O)cc1.CS(=O)(=O)O,"['Angiotensin Receptor Antagonist', 'Hypertension']"
CHEMBL1201295,Cc1ccc(C(=O)Oc2ccc(C(O)CNC(C)(C)C)cc2OC(=O)c2ccc(C)cc2)cc1,[]
CHEMBL1236475,O=C1N[C@H](O)CCN1[C@@H]1O[C@H](CO)[C@@H](O)[C@H]1O,[]
CHEMBL1237044,COc1cccc(C2(O)CCCCC2CN(C)C)c1,['Opioid Analgesic']
CHEMBL1257040,CN1CCN(CCCN2c3ccccc3Sc3ccc(C(F)(F)F)cc32)CC1.Cl.Cl,"['Anti-Glioblastoma', 'NDH-2 Inhibitor', 'Thymoleptic']"
CHEMBL1267,CC(O)c1ccc(CCOc2ccc(CC3SC(=O)NC3=O)cc2)nc1,"['Hypoglycemic', 'PPAR gamma Agonist', 'Hypolipidemic', 'PPAR Gamma Modulator', 'PPAR-gamma Ligand', 'Insulin-Sensitizing', 'sEH/PPARGamma Modulator', 'Glucose Tolerance', 'FFAR2 Agonist']"
CHEMBL1540,Nc1nc(O)c2ncn(CCC(CO)CO)c2n1,['Antiviral']
CHEMBL167731,NCCNc1ccc(NCCN)c2c1C(=O)c1ccncc1C2=O,[]
CHEMBL18442,c1cc(CN2CCCNCCNCCCNCC2)ccc1CN1CCCNCCNCCCNCC1,"['Anti-HIV-1', 'HIV Inhibitor', 'CXCR-4 Antagonist', 'HIV-2 RT Inhibitor']"
CHEMBL2104753,COc1ccc2nc(COc3ccc(CC4SC(=O)NC4=O)cc3)n(C)c2c1,"['Hypolipidemic', 'FFAR2 Agonist', 'Peroxisome Proliferator-Activated Receptor Agonist']"
CHEMBL2106822,CCN(CC)Cc1nccn1-c1ccc([N+](=O)[O-])cc1C(=O)c1ccccc1Cl,[]
CHEMBL2107357,CC1(C)CNc2cc(NC(=O)c3cccnc3NCc3ccncc3)ccc21.O=P(O)(O)O.O=P(O)(O)O,[]
CHEMBL2397450,OC[C@H]1O[C@@H](c2cc(Cc3cc4cccccc-4c3)ccc2O)[C@H](O)[C@@H](O)[C@@H]1O,"['Anti-Diabetic', 'SGLT1/SGLT2 Inhibitor']"
CHEMBL245807,O=C1Nc2ccccc2C1(c1ccc(O)cc1)c1ccc(O)cc1,"['Anticancer', 'Antiproliferative', 'Translation Initiation Inhibitor']"
CHEMBL256563,C[C@](C#N)(COc1cc(C#N)ccc1C(F)(F)F)NC(=O)c1ccc(SC(F)(F)F)cc1,['Anthelmintic']
CHEMBL3187503,CC(C)c1noc(N2CCC(COc3ccc(-c4ccc(S(C)(=O)=O)cc4)nc3)CC2)n1,['GPR119 Agonist']
CHEMBL3989762,CC[C@@H]1[C@@H](O)N2[C@H]3C[C@@]45c6ccccc6N(C)[C@H]4[C@@H]2C[C@H]1C3[C@H]5OC(=O)CCl,[]
CHEMBL4101487,O=C(O)c1ccc([C@H]2C[C@@H](NC(=O)C3(c4ccc5c(c4)OC(F)(F)O5)CC3)c3ccc(OC(F)F)cc3O2)cc1,"['Cystic Fibrosis', 'CFTR Corrector']"
CHEMBL4297305,Nc1ncnc2c1ncn2CCNCCCCCO,[]
CHEMBL4297449,CC(C)N1CCC(N2CCCN(c3cccc(C(=O)Nc4ccncc4)n3)CC2)CC1,[]
CHEMBL442218,O=C1N[C@H](C(=O)O)CS1,[]
CHEMBL443014,COC(COC(N)=O)C1=C(N2CC2)C(=O)C(C)=C(N2CC2)C1=O,['Antileukaemic']
CHEMBL4594296,Cc1cc(C(=O)N(C)C)cc(NC(=O)[C@H]2CCC(=O)N2C2CCN(Cc3ccc(Cl)c(C)c3)CC2)n1.Cl.Cl,[]
CHEMBL473417,CS(=O)(=O)c1ccc(C(=O)Nc2ccc(Cl)c(-c3ccccn3)c2)c(Cl)c1,"['Hedgehog Pathway Inhibitor', 'Smoothened Receptor Antagonist', 'Hedgehog Signal Inhibitor', 'SMO Inhibitor']"
CHEMBL497939,O=c1cccc2n1C[C@@H]1CNC[C@H]2C1,"['Analgesic', 'Neuronal Nicotinic Receptor Ligand', 'Alpha4Beta2-nAChR Agonist', 'nAChR Ligand', 'nACh Receptor Agonist', 'Anti-Influenza A', 'Smoking Cessation', 'Neuronal nAChR Ligand', 'Alpha3Beta2 nAChR Positive Allosteric Modulator', 'Alpha4Beta2 nAChR Modulator']"
CHEMBL5095036,C=CCn1c(=O)c2cnc(Nc3ccc(N4CCN(C)CC4)cc3)nc2n1-c1ccc2c(n1)[C@@](O)(CC)CC2,"['Cancer', 'Wee1 Kinase Inhibitor']"
CHEMBL5095069,C#C[C@H]1CC[C@H]2[C@@H]3CCC4=CC(=O)CC[C@]4(C)[C@H]3CC[C@]12C,"['Aromatase Inhibitor', 'Progesterone Receptor Agonist', 'Selective Androgen Receptor Modulator', '17 alpha-hydroxylase/C17,20-lyase Inhibitor', 'AKT/mTOR Inhibitor', 'P-glycoprotein Inducer', 'Osteoblast Stimulator']"
CHEMBL5095244,O=C(Nc1ccnc(C(F)(F)F)c1)c1cnn(-c2cccc3c(=O)[nH]ccc23)c1C(F)(F)F,[]
CHEMBL5314571,Cc1cc(-c2nc(C(=O)Nc3cc4oc(N5CCOCC5)nc4nc3N3CC[C@@H](O)C3)co2)ccn1.O=C(O)/C=C\C(=O)O,"['IRAK-4 Inhibitor', 'Hematologic Malignancies']"
CHEMBL5314593,C/C(=N\NC(=O)c1cccc(S(=O)(=O)N2CCN(C)CC2)c1)c1cc(Cl)ccc1O.CS(=O)(=O)O,"['LSD1 Inhibitor', 'Histone Demethylase Inhibitor']"
CHEMBL5314935,O=C(O)c1cc2c(Cl)c(N3CCN(S(=O)(=O)c4c(Cl)cccc4Cl)CC3)ccc2o1,[]
CHEMBL56337,CC(/C=C1\SC(=S)N(CC(=O)O)C1=O)=C\c1ccccc1,['Aldose Reductase Inhibitor']
CHEMBL66092,CCN(C(=O)c1c(O)c2c(Cl)cccc2n(C)c1=O)c1ccccc1,['Autoimmune Disorder Treatment']
CHEMBL812,CN(C)C(=O)Oc1ccc[n+](C)c1.[Br-],"['Acetylcholinesterase Inhibitor', 'AChE Inhibitor', 'Butylcholinesterase Inhibitor', 'Neuromuscular Blocker', 'Carbamate']"
CHEMBL1064,CCC(C)(C)C(=O)O[C@H]1C[C@@H](C)C=C2C=C[C@H](C)[C@H](CC[C@@H]3C[C@@H](O)CC(=O)O3)[C@H]21,"['Antimalarial', 'Hypocholesterolemic', 'HMG-CoA Reductase Inhibitor', 'Dengue Inhibitor', 'Cholesterol Lowering', 'Squalene Synthetase Inhibitor', 'Cholesterol Synthesis Inhibitor', 'Lipid Lowering', 'Anti-Osteoporotic', 'Anti-Hyperlipidemic', 'Cell Adhesion Inhibitor', 'LFA-1/ICAM Inhibitor', 'PPAR Gamma Modulator', 'Geranylgeranyl Pyrophosphate Synthase Inhibitor', 'HMGR Inhibitor', 'Bone Formation Stimulator', 'OATP Inhibitor', 'Hepatoselective', 'BMP-2 Up-regulator', 'TASK Channel Modulator', 'Statin']"
CHEMBL1199080,CC[N+](C)(C)Cc1ccccc1Br,[]
CHEMBL1200345,O=C([O-])CCC(=O)O.[Na+],"['Histone Demethylase Inhibitor', 'HIF PHD Inhibitor', 'FTO Inhibitor', 'Pyruvate Carboxylase Inhibitor', 'Collagen Prolyl 4-Hydroxylase Inhibitor']"
CHEMBL1200600,CC(=O)[C@@]1(O)CC[C@H]2[C@@H]3C[C@H](C)C4=CC(=O)C=C[C@]4(C)[C@@]3(F)[C@@H](O)C[C@@]21C,"['Anti-Inflammatory', 'Topical Antiinflammatory', 'CYP3A4 Inducer']"
CHEMBL1200810,C=C1/C(=C\C=C2/CCC[C@]3(C)[C@@H]([C@H](C)/C=C/[C@H](C)C(C)C)CC[C@@H]23)C[C@@H](O)C[C@@H]1O,[]
CHEMBL1213353,CC[N+]1(CC)CCC(=C(c2ccccc2)c2ccccc2)C1C.[Br-],[]
CHEMBL1664,CC(C)CN(C[C@@H](OP(=O)(O)O)[C@H](Cc1ccccc1)NC(=O)O[C@H]1CCOC1)S(=O)(=O)c1ccc(N)cc1,['HIV Protease Inhibitor']
CHEMBL1741040,CCCC[C@@H](NC(=O)[C@@H](Cc1cn(C(=O)OC)c2ccccc12)NC(=O)[C@H](CC(C)(C)C)NC(=O)N1[C@H](C)CCC[C@@H]1C)C(=O)O,['Endothelin A Receptor Antagonist']
CHEMBL1746,O=C([O-])CCCc1ccccc1.[Na+],['GHB Binding Ligand']
CHEMBL1908906,CNc1ccc(/C=C/c2ccc(OCCOCCOCCF)cc2)cc1,"[""Alzheimer's Disease"", ""Alzheimer's"", 'PET Tracer', 'Beta-Amyloid Plaque Imaging', 'PET Ligand', 'Beta-Amyloid Imaging Agent', 'Theranostic', 'Amyloid Imaging Agent', 'Tau Imaging']"
CHEMBL203266,COc1ccc(CN2CCNCC2)c(OC)c1OC,[]
CHEMBL2110588,CCCCCCCC(=O)N[C@H](CN1CCCC1)[C@H](O)c1ccc2c(c1)OCCO2,"['Glucosylceramide Synthase/ Glucosylceramidase Inhibitor', 'Metabolic Disease Treatment']"
CHEMBL3137305,CNC(=O)c1ccc(Nc2ncc(C(F)(F)F)c(NCc3nccnc3N(C)S(C)(=O)=O)n2)cc1.Cl,"['Anti-Angiogenic', 'FAK Signaling Inhibitor']"
CHEMBL3622820,N#CCC1(n2cc(-c3ncnc4[nH]ccc34)cn2)CN(C2CCN(C(=O)c3ccnc(C(F)(F)F)c3F)CC2)C1,"['JAK1/JAK2 Inhibitor', 'Immunomodulator', 'TYK2 Inhibitor']"
CHEMBL3747513,Cc1cc2c(C(N)=O)cccc2n1-c1nc2c(c(NCc3ccccc3)n1)COCC2,"['Proteasome Inhibitor', 'NSCLC', 'p97 Inhibitor', 'VCP Inhibitor', 'ERAD Inhibitor']"
CHEMBL393220,CC(C)c1c(C(=O)Nc2ccccc2)c(-c2ccccc2)c(-c2ccc(F)cc2)n1CC[C@@H](O)C[C@@H](O)CC(=O)[O-].CC(C)c1c(C(=O)Nc2ccccc2)c(-c2ccccc2)c(-c2ccc(F)cc2)n1CC[C@@H](O)C[C@@H](O)CC(=O)[O-].[Ca+2],"['HMG-CoA Reductase Inhibitor', 'Squalene Synthetase Inhibitor', 'Cholesterol Synthesis Inhibitor', 'Lipid Lowering', 'Anti-Hyperlipidemic', 'Organic Anion Transporter', 'LDL Receptor Up-regulator', 'SREBPs Inhibitor', 'Lipid Modulator', 'OATP Inhibitor', 'Hypercholesterolemia', 'Hepatoselective', 'PCSK9 Modulator', 'Statin', 'Ras-PDEDelta Inhibitor']"
CHEMBL3989410,COc1ccc2c(c1)c(CC(=O)[O-])c(C)n2C(=O)c1ccc(Cl)cc1.O.O.O.[Na+],"['Anti-Inflammatory', 'Analgesic', 'COX2 Inhibitor', 'MDR-Modulator', 'AKR1C1 Inhibitor', 'Nitric Oxide Donor']"
CHEMBL407,CCOC(=O)c1ncn2c1CN(C)C(=O)c1cc(F)ccc1-2,"['Anxiolytic', 'GABA-A Receptor Ligand', 'Benzodiazepine-Receptor Ligand']"
CHEMBL4081711,CC[C@@H]1[C@H](F)C(=O)N[C@@H]1COc1nccc2cc(C(N)=O)c(OC)cc12,[]
CHEMBL4117187,COc1ccc2c(c1)c(CN1CCN(C)CC1)cn2S(=O)(=O)c1ccccc1Br,"['Cognition-Enhancer', '5-HT(6) Receptor Antagonist']"
CHEMBL417,COc1cccc2c1C(=O)c1c(O)c3c(c(O)c1C2=O)C[C@@](O)(C(=O)CO)C[C@@H]3O[C@H]1C[C@H](N)[C@@H](O)[C@H](C)O1,"['Anticancer', 'Cytotoxic', 'Antitumor', 'Antiproliferative', 'Apoptosis Inducer', 'Antioxidant', 'Cytostatic', 'Anti-Cancer', 'Antiplasmodial', 'Apoptosis', 'Prodrug', 'DNA Topoisomerase II Inhibitor', 'DNA Intercalating', 'DNA Binding', 'DNA-Binding', 'Chemopreventive', 'Mitochondrial-Targeting', 'DNA Synthesis Inhibitor', 'G-Quadruplex DNA Binder', 'DNA-Cleavage', 'Multidrug Resistance', 'Lysosome-Targeting', 'p53 Activation', 'Resveratrol Analogues', 'CYP3A4 Inducer', 'UGT Inhibitor']"
CHEMBL4303379,C[C@H](N)C(=O)N[C@@]1(C(=O)O)C[C@@H](Sc2nnc[nH]2)[C@H]2[C@H](C(=O)O)[C@H]21,['mGlu2 Antagonist']
CHEMBL502620,CC[C@@]1(O)C[C@H](O[C@H]2C[C@H](N(C)C)[C@H](O[C@H]3C[C@H](O)[C@H](O[C@H]4CCC(=O)[C@H](C)O4)[C@H](C)O3)[C@H](C)O2)c2c(cc3c(c2O)C(=O)c2c(O)cccc2C3=O)[C@H]1C(=O)OC,[]
CHEMBL5095238,Cc1cc(F)c2[nH]c(=O)n(C3CCN(C4CCOCC4)CC3)c2c1,[]
CHEMBL513,O=NN(CCCl)C(=O)NCCCl,['Antitumor']
CHEMBL52609,Cc1cn([C@H]2C[C@H](O)[C@@H](CO)O2)c(=O)[nH]c1=O,"['Antiviral', 'Anti-Tuberculosis', 'Anti-HIV-1', 'Thymidine Phosphorylase Inhibitor', 'Thymidine Kinase Inhibitor', 'Antiherpes', 'TMPKmt Inhibitor', 'Anti-Herpes', 'Organic Cation Transporter', 'HSV-1 TK Inhibitor', 'TP Inhibitor', 'CHB Therapeutic']"
CHEMBL5315054,CCOc1ccc(Cc2cc([C@]34OC[C@](CO)(O3)[C@@H](O)[C@H](O)[C@H]4O)ccc2Cl)cc1.O=C1CC[C@@H](C(=O)O)N1,['SGLT1/SGLT2 Inhibitor']
CHEMBL606,CCCCC(C)(O)C/C=C/[C@H]1[C@H](O)CC(=O)[C@@H]1CCCCCCC(=O)OC,['Antifertility']
CHEMBL628,CC(=O)CCCCn1c(=O)c2c(ncn2C)n(C)c1=O,['PDE4/7 Inhibitor']
CHEMBL748,C[n+]1ccccc1/C=N/O.[Cl-],"['AChE Inhibitor', 'Acetylcholinesterase Reactivator', 'Reactivator', 'Blood-Brain Barrier', 'AChE', 'Antidote', 'Blood-Brain Barrier Penetration', 'Neuroactive', 'Soman Intoxication Therapy', 'Reactivates AChE', 'Nerve Agent Antidote']"
CHEMBL1200964,CN(C)CCC=C1c2ccccc2CCc2ccccc21.Cl,"['Analgesic', 'Anticonvulsive', 'Antidepressant', 'Antipsychotic', '5-HT2A Receptor Antagonist', '5-HT6 Receptor Ligand', '5-HT(7) Receptor Antagonist', 'GABA Uptake Inhibitor', 'Triple Re-uptake Inhibitor', 'Norepinephrine Transporter Inhibitor', 'H1 Receptor Antagonist', 'Hypnotic', '5-HT6 Agonist', '5-HT2A Receptor Inverse Agonist', 'Adenylyl Cyclase Inhibitor', 'hERG K+ Channel Blocker', 'Histamine H1 Receptor Antagonist', 'CNS Stimulant', 'Sedative', '5-HT Uptake Inhibitor', 'Organic Cation Transporter', 'Psychotropic', 'Histamine H(1) Receptor Ligand', 'Norepinephrine Uptake Inhibitor', 'Tranquilizing', 'CYP2J2 Inhibitor', 'GIRK Channel Inhibitor', 'Antispermatogenic', 'ASM Inhibitor', 'Serotonin Receptor', 'UGT Inhibitor', 'HBV Entry Inhibitor', 'Blood-Brain Barrier Permeability', 'CNS Drug Partitioning', 'Orexigenic', 'Benzodiazepine Affinity', 'H1 Receptor Ligand', 'Thymoleptic', 'Opiate-Like']"
CHEMBL1201108,Cc1nc2c([nH]1)-c1ccccc1N(C(=O)c1ccc(NC(=O)c3ccccc3-c3ccccc3)cc1)CC2.Cl,[]
CHEMBL1201765,CC(C)C(=O)Oc1ccc(CO)cc1[C@H](CCN(C(C)C)C(C)C)c1ccccc1.O=C(O)/C=C/C(=O)O,[]
CHEMBL1378,CCSc1ccc2c(c1)N(CCCN1CCN(C)CC1)c1ccccc1S2,[]
CHEMBL13828,O=c1[nH]c2ccccc2n1CCCN1CCN(C(c2ccccc2)c2ccccc2)CC1,['P2X3/P2X2/3 Receptor Antagonist']
CHEMBL1567328,COc1ccc2[n-]c([S+]([O-])Cc3ncc(C)c(OC)c3C)nc2c1.COc1ccc2[n-]c([S+]([O-])Cc3ncc(C)c(OC)c3C)nc2c1.[Mg+2],[]
CHEMBL1614641,C[C@H](C(=O)O)c1ccc2oc(-c3ccc(F)cc3)nc2c1,[]
CHEMBL1679,Nc1nc(=O)c2c([nH]1)NCC(CNc1ccc(C(=O)N[C@@H](CCC(=O)O)C(=O)O)cc1)N2C=O,[]
CHEMBL1721515,O=C(O)CN1CCN(CC(=O)O)CCN(CC(=O)O)CCN(CC(=O)O)CC1,"['Neuroprotective', 'Iron Chelating']"
CHEMBL1892201,CCCCC1C(=O)NN(c2ccccc2)C1=O,['Anticonvulsive']
CHEMBL190044,CCC(COC(=O)c1cc(OC)c(OC)c(OC)c1)(c1ccccc1)N(C)C,[]
CHEMBL203125,O=CN(O)CCCP(=O)(O)O,"['Antimalarial', 'DXR Inhibitor', 'DOXP Reductoisomerase Inhibitor']"
CHEMBL2074972,COC(=O)C1=C(C)NC(C)=C(C(=O)OC2CCCN(Cc3ccccc3)C2)C1c1cccc([N+](=O)[O-])c1,"['Ca2+ Antagonist', 'Coronary Vasodilator', 'MDR1 Inhibitor', 'QT Prolongation', 'L-type Channel Inhibitor', 'CaL Channel Inhibitor']"
CHEMBL2103764,CO/N=C(\C(=O)N[C@@H]1C(=O)N2C(C(=O)O)=C(C)CS[C@H]12)c1csc(N)n1,"['Antibiotic', 'Bactericidal', 'Mycobacterium tuberculosis', 'PBP2 Inhibitor', 'Organic Anion Transport Inhibitor', 'Antibiotic Resistance']"
CHEMBL2103823,O=C([N-]S(=O)(=O)c1ccc(Br)s1)c1ccc(Cl)cc1Cl.[Na+],[]
CHEMBL2105242,CCN(CC)c1nc(=NN)nc(N(CC)CC)[nH]1,[]
CHEMBL2105322,O=C(O)CSC(SCC(=O)O)SCC(=O)O,['CXCL12 Ligand']
CHEMBL2107729,O=C(Nc1ccc(S(=O)(=O)N2CCOCC2)cc1)c1cc(Cl)ccc1NS(=O)(=O)c1ccc(Cl)s1,[]
CHEMBL2107821,NCC[C@@H](O)c1cccc(OCC2CCCCC2)c1,[]
CHEMBL255066,CCOC(=O)COc1ccc2c(C)c(CCN(CC)CC)c(=O)oc2c1Cl,[]
CHEMBL278398,CN1CCC2=C(C1)C(c1ccccc1)c1ccccc12,['H1 Receptor Antagonist']
CHEMBL3137333,CNCC(=O)OCc1cccnc1N(C)C(=O)OC(C)[n+]1cnn(C[C@](O)(c2cc(F)ccc2F)[C@@H](C)c2nc(-c3ccc(C#N)cc3)cs2)c1.O=S(=O)([O-])O,['Antifungal']
CHEMBL3358920,O=C(O)C[C@H]1CCc2c1[nH]c1ccc(OCc3ccc(C4CCCC4)c(C(F)(F)F)c3)cc21,"['S1P1 Agonist', 'S1P1 Receptor Antagonist', 'Colitis Treatment']"
CHEMBL367149,CC/C=C\C/C=C\C/C=C\C/C=C\C/C=C\C/C=C\CCC(=O)O,['Antiallergy']
CHEMBL384200,CCCCCCCCCCCCCCCCCCCCCCCCCC(=O)N[C@@H](CO[C@H]1O[C@H](CO)[C@H](O)[C@H](O)[C@H]1O)[C@H](O)[C@H](O)CCCCCCCCCCCCCC,['Immune Stimulant']
CHEMBL3989695,CNC(=O)c1cnn(-c2nc(N)c3ncn([C@@H]4O[C@H](CO)[C@@H](O)[C@H]4O)c3n2)c1.O,['Adenosine A2 Receptor Ligand']
CHEMBL424133,Cc1ccc(Cn2nc(CCCc3ccc(OC(C)(C)C(=O)O)cc3)nc2O)cc1,"['PPAR Alpha/Gamma Agonist', 'NASH']"
CHEMBL4297526,COC(=O)CC[C@@H]1N=C(c2ccccn2)c2cc(Br)ccc2-n2c(C)cnc21,['Benzodiazepine Receptor Agonist']
CHEMBL46423,CC(C)c1cccc(C(C)C)c1NC(=O)NCC1(c2ccc(N(C)C)cc2)CCCC1,"['ACAT1 Inhibitor', 'Hypocholesterolemic']"
CHEMBL4650278,CCN(C(=O)c1cc(F)ccc1Oc1cncnc1N1CC2(CCN(C[C@H]3CC[C@H](NS(=O)(=O)CC)CC3)CC2)C1)C(C)C.CCN(C(=O)c1cc(F)ccc1Oc1cncnc1N1CC2(CCN(C[C@H]3CC[C@H](NS(=O)(=O)CC)CC3)CC2)C1)C(C)C.O=C(O)/C=C/C(=O)O.O=C(O)/C=C/C(=O)O.O=C(O)/C=C/C(=O)O,[]
CHEMBL481958,CC(=O)[C@]1(N)Cc2c(O)c3c(c(O)c2[C@@H](O[C@H]2C[C@H](O)[C@H](O)CO2)C1)C(=O)c1ccccc1C3=O.Cl,['Antitumor']
CHEMBL494480,CCN(CC)C(=O)c1ccc(C2=CC3(CCNCC3)Oc3cccc(O)c32)cc1,"['Analgesic', 'Delta Opioid Receptor Agonist']"
CHEMBL520642,Nc1nc(/C(=N/O)C(=O)N[C@@H]2C(=O)N3C(C(=O)O)=C(/C=C4\CCN([C@@H]5CCNC5)C4=O)CS[C@H]23)ns1,['Antibiotic']
CHEMBL70663,Cc1cc(C)c(Nc2ccnc(Nc3ccc(C#N)cc3)n2)c(C)c1,"['Anti-HIV-1', 'HIV-1 PR/RT Inhibitor', 'HIV NNRTI', 'Reverse Transcriptase Inhibitor']"
CHEMBL74415,CCCCCc1cc(O)c2c(c1)OC(C)(C)c1ccc(C)cc1-2,"['CB2 Agonist', 'CB2 Ligand', 'CB1 Agonist', 'Adenylyl Cyclase Inhibitor', 'Cannabinoid', 'CB(2) Receptor Ligand']"
CHEMBL1200659,CCOC(=O)[C@H](CCc1ccccc1)N[C@@H](C)C(=O)N1CCC[C@H]1C(=O)O.O=C(O)/C=C\C(=O)O,[]
CHEMBL1200736,O=C([O-])[O-].[Mg+2],"['Antimalarial', 'Carbonic Anhydrase Inhibitor', 'CA I Inhibitor', 'H. pylori', 'Carbonic Anhydrase', 'CO2 Hydrase', 'Beta-CA Inhibitor', 'Carbonic Anhydrase IV Inhibitor', 'Anion Inhibitor', 'Carbonic Anhydrase XV Inhibitor']"
CHEMBL1200796,O.O=P1(N(CCCl)CCCl)NCCCO1,[]
CHEMBL1201098,CO[C@@]1(NC(=O)C2SC(=C(C(N)=O)C(=O)[O-])S2)C(=O)N2C(C(=O)[O-])=C(CSc3nnnn3C)CS[C@@H]21.[Na+].[Na+],['Antibiotic']
CHEMBL1201289,CCCCCCCCCCCCCCCC(=O)O[C@@H]1[C@@H](O)[C@@H](O)[C@@H]([C@H](NC(=O)[C@@H]2C[C@@H](CCC)CN2C)[C@H](C)Cl)O[C@@H]1SC,[]
CHEMBL1236936,O=C(O)CCCCN(CCc1ccccc1OCc1ccc(CCc2ccccc2)cc1)Cc1ccc(C(=O)O)cc1,['sGC Activator']
CHEMBL135,C[C@]12CC[C@@H]3c4ccc(O)cc4CC[C@H]3[C@@H]1CC[C@@H]2O,"['Estrogen Receptor Ligand', '17beta-HSD Inhibitor', 'Estrogen Receptor Agonist', 'Anti-Osteoporotic', 'CYP1B1 Inhibitor', 'Antiestrogenic', 'Estrogen Receptor Binder', 'ERBeta Agonist', 'Estrogen Receptor-beta Agonist', 'Uterotrophic', 'Mitogenic', 'Organic Anion Transporter 1 Substrate', 'Pgp-ATPase Stimulator']"
CHEMBL1420319,CC(C)(C)c1ccc(Oc2ccc(N)cn2)cc1,[]
CHEMBL1439973,CC(C)(O)C(Cl)(Cl)Cl,[]
CHEMBL1441059,CC(C)(C)NCC(O)c1ccc(O)c(CO)c1.CC(C)(C)NCC(O)c1ccc(O)c(CO)c1.O=S(=O)(O)O,"['Beta(3)-Adrenergic Agonist', 'Bronchodilator']"
CHEMBL1496,CC(C)c1nc(N(C)S(C)(=O)=O)nc(-c2ccc(F)cc2)c1/C=C/[C@@H](O)C[C@@H](O)CC(=O)O,"['HMG-CoA Reductase Inhibitor', 'Hypercholesterolemia', 'Statin', 'Ras-PDEDelta Inhibitor']"
CHEMBL1733174,CCOc1cc(N)c(Cl)cc1C(=O)NCC1CN(Cc2ccc(F)cc2)CCO1.O=C(O)CC(O)(CC(=O)O)C(=O)O,['Gastrokinetic']
CHEMBL1738757,CNC(=O)c1cc(Oc2ccc(NC(=O)Nc3cc(C(C)(C)C)nn3-c3ccc4ncccc4c3)c(F)c2)ccn1,[]
CHEMBL2104445,CCOc1c(N)c2c(c(OCC)c1OCC)C(C1c3c(cc4c(c3OC)OCO4)CCN1C)OC2=O,[]
CHEMBL2104462,COc1ccc2c(=O)c3ccccc3oc2c1CN1CCCCC1,[]
CHEMBL2104970,NC(=O)C1=C(O)C[C@@H]2C[C@@H]3Cc4cccc(O)c4C(=O)C3=C(O)[C@]2(O)C1=O,[]
CHEMBL2105359,C=C1C[C@H]2[C@@H]3CCC4=CC(=O)C=C[C@]4(C)[C@H]3[C@@H](O)C[C@]2(C)[C@@]1(O)C(=O)CO,"['Anti-Inflammatory', 'Glucocorticoid Modulator', 'PDE4/7 Inhibitor']"
CHEMBL2105736,CC[C@H](C)[C@@H]1C(=O)N[C@H](C2Cc3ccccc3C2)C(=O)N1[C@@H](C(=O)N1CCOCC1)c1ccc(C)nc1C.O=S(=O)(O)c1ccccc1,['Oxytocin Receptor Antagonist']
CHEMBL2181776,Cn1c(-c2ccccn2)c(C2CCCC2)c2ccc(C(=O)NC3(C(=O)Nc4ccc(/C=C/C(=O)O)cc4)CCC3)cc21,['HCV NS5b Polymerase Inhibitor']
CHEMBL267648,CCn1cc(C(=O)O)c(=O)c2cc(F)c(N3CCN(C)CC3)cc21,"['Antibiotic', 'Quinolone Antibiotic']"
CHEMBL267894,CCC1(CCC(C)C)C(=O)NC(=O)NC1=O,"['Anticonvulsive', 'Neurotoxicity']"
CHEMBL285674,Clc1ccc2c(c1)C(c1ccccc1)=NCc1nncn1-2,['Anticonvulsive']
CHEMBL3039529,C#Cc1cnc2nc(O)n(C(CC)CC)c2n1,[]
CHEMBL3039531,Cc1c(F)cccc1NC(=O)Nc1ccc(Cl)c(S(=O)(=O)[C@H]2CCCNC2)c1O,"['CNS Penetrant', 'CXCR2/CXCR1 Antagonist']"
CHEMBL3249110,COc1cccc2c1C(=O)c1c(O)c3c(c(O)c1C2=O)C[C@@](O)(CCO)C[C@@H]3O[C@H]1C[C@H](N)[C@H](O)[C@H](C)O1,"['Anticancer', 'Cytotoxic', 'Antitumor', 'DNA-Cleavage', 'Lysosome-Targeting', 'RNA Synthesis Inhibitor', 'Resveratrol Analogues']"
CHEMBL3301593,Nc1ccc(C#Cc2cnn3c(C(F)(F)F)cc(-c4ccc(C(F)(F)F)cc4)nc23)cn1,[]
CHEMBL3545076,Cn1cc(-c2ccc(F)c(C(F)(F)F)c2)nc1C1CCN(c2ncnc3[nH]ncc23)CC1,[]
CHEMBL363295,CC(CC(c1ccccc1)c1ccccc1)NC(C)(C)C,[]
CHEMBL374223,CCCCCCCCCCCC(=O)O[C@H](CCCCCCCCCCC)CC(=O)N[C@H]1[C@H](OC[C@H]2O[C@H](OP(=O)(O)O)[C@H](NC(=O)C[C@H](O)CCCCCCCCCCC)[C@@H](O)[C@@H]2O)O[C@H](CO)[C@@H](OP(=O)(O)O)[C@@H]1O,[]
CHEMBL4297498,FC(F)(F)c1cccc(C2=CCN(CCc3ccc4ccncc4c3)CC2)c1,[]
CHEMBL447664,Cc1cc(Cn2nnc3c(-c4ccco4)nc(N)nc32)ccc1N,"['A2A Adenosine Receptor Antagonist', 'Parkinson Disease']"
CHEMBL455917,OC(O)C(Cl)(Cl)Cl,['Mutagen']
CHEMBL459,C[C@](N)(Cc1ccc(O)c(O)c1)C(=O)O,[]
CHEMBL4594293,CC#CC(=O)N1CCC[C@H]1c1nc(-c2ccc(C(=O)Nc3ccccn3)cc2)c2c(N)nccn12.O=C(O)/C=C\C(=O)O,['BTK Inhibitor']
CHEMBL4594417,CC1(C)C(=O)N(c2ccc(C#N)c(C(F)(F)F)c2F)C(=S)N1c1ccc(CCCc2ncco2)nc1,"['Androgen Receptor Antagonist', 'Anti-Androgen']"
CHEMBL470888,COc1nc(N)c2ncn([C@@H]3O[C@H](CO)[C@@H](O)[C@H]3O)c2n1,['Coronary Vasodilator']
CHEMBL4802130,CC(C)NC(=O)COc1cccc(-c2nc(Nc3ccc4[nH]ncc4c3)c3ccccc3n2)c1.CS(=O)(=O)O,['Glucose Transporter Inhibitor']
CHEMBL522987,Cc1cc(F)ccc1[C@H]1CNCCN1C(=O)N(C)[C@H](C)c1cc(C(F)(F)F)cc(C(F)(F)F)c1,"['NK1/NK3 Antagonist', 'NK(1) Antagonist']"
CHEMBL5314406,COc1ccc(C)cc1NC(=O)Nc1nc2ccc(Nc3ncnc4cc(OCCCN5CCN(C)CC5)c(OC)cc34)cc2s1,[]
CHEMBL5314413,COc1cc2ncc3c(c2cc1-c1cn(C)nc1C)n(-c1c(F)cncc1OC)c(=O)n3C,[]
CHEMBL5314494,CC(C)c1ccc(N(C)c2ccc3c(c2)OCC[C@H]3CNc2cnccc2C(=O)O)cc1,[]
CHEMBL596,CCC(=O)N(c1ccccc1)C1CCN(CCc2ccccc2)CC1,"['Analgesic', 'Opioid Receptor Agonist', 'Mu Opioid Receptor Agonist']"
CHEMBL9,CCn1cc(C(=O)O)c(=O)c2cc(F)c(N3CCNCC3)cc21,"['Antibiotic', 'Quinolone Antibiotic']"
CHEMBL107430,CC1(C)CCC(C)(C)c2c1cc(C(=O)Nc1cc(F)c(C(=O)O)c(F)c1)c(O)c2Cl,['Retinoid Receptor Agonist']
CHEMBL1148,Cc1cccc(Nc2ccncc2S(=O)(=O)NC(=O)NC(C)C)c1,['Anti-Inflammatory']
CHEMBL1163,COC(=O)N[C@H](C(=O)N[C@@H](Cc1ccccc1)[C@@H](O)CN(Cc1ccc(-c2ccccn2)cc1)NC(=O)[C@@H](NC(=O)OC)C(C)(C)C)C(C)(C)C,"['Antiviral', 'HIV Protease Inhibitor', 'HIV Maturation Inhibitor', 'Anti-AIDS']"
CHEMBL1201082,CNCCC(Oc1ccc(C(F)(F)F)cc1)c1ccccc1.Cl,[]
CHEMBL1232510,CC[C@H]1OC(=O)[C@@](C)(F)C(=O)[C@H](C)[C@@H](O[C@@H]2O[C@H](C)C[C@H](N(C)C)[C@H]2O)[C@](C)(OC)C[C@@H](C)C(=O)[C@H](C)[C@H]2N(CCCCn3cc(-c4cccc(N)c4)nn3)C(=O)O[C@]12C,['Antibiotic']
CHEMBL1233598,N=C1N[C@H]2[C@H](CS[C@H]2CCCCC(=O)O)N1,[]
CHEMBL1332546,CCC(C(=O)OCCOCCN(CC)CC)c1ccccc1,['Anticonvulsive']
CHEMBL1337,O=C1CCCC(=O)C1C(=O)c1ccc(C(F)(F)F)cc1[N+](=O)[O-],['HPPD-Inhibitor']
CHEMBL1380,Nc1nc(NC2CC2)c2ncn([C@H]3C=C[C@@H](CO)C3)c2n1,"['Antiviral', 'Anti-HIV-1']"
CHEMBL1417019,Cl.Cl.O=C1c2c(O)ccc(O)c2C(=O)c2c(NCCNCCO)ccc(NCCNCCO)c21,"['Antitumor', 'DNA Binder', 'Hypoxia-Activated']"
CHEMBL1596,CC1(C)S[C@@H]2[C@H](NC(=O)C(C(=O)Oc3ccc4c(c3)CCC4)c3ccccc3)C(=O)N2[C@H]1C(=O)O,[]
CHEMBL1654,O=P([O-])(O)C(O)(Cc1cccnc1)P(=O)(O)O.[Na+],"['Farnesyl-Protein Transferase Inhibitor', 'Trypanosoma brucei Inhibitor', 'Bone Resorption Inhibitor', 'FPPSase Inhibitor', 'Geranylgeranyl Pyrophosphate Synthase Inhibitor', 'gammadelta T Cell Activator', 'Prenyl-transferase Inhibitor', 'Neurodegeneration', 'Bisphosphonates', 'Anticryptosporidial', 'Hepatocellular Carcinoma Inhibitor', 'Protein Prenylation Inhibitor', 'Calcium Chelator', 'Isoprenoid Biosynthesis Inhibitor']"
CHEMBL1671,CC(C)NCC(O)COc1cccc2ccccc12.Cl,"['5-HT 1A Receptor Agonist', 'Vasodilator', 'Antiarrhythmic', '5-HT(1A) Receptor Antagonist', 'Hypotensive', 'Beta-Adrenoceptor Blocker', '5-HT(1B/1D) Agonist', 'Beta-Adrenergic Antagonist', 'Beta-Adrenergic Receptor Ligand', 'Beta-Adrenoceptor Antagonist', 'Lipophilicity', 'Glioblastoma Inhibitor', 'Oral Bioavailability', 'Anti-Melanoma', 'Serotonin Release Inhibitor', 'Negative Inotropic', '5-HT1A Receptor Inhibitor', 'CNS Drug Partitioning', 'hBChE Inhibitor']"
CHEMBL1672973,Cc1cc(-c2ccccc2[C@@H](C)OC[C@H](O)CNC(C)(C)Cc2ccc(Cl)c(F)c2)ccc1C(=O)O,"['Bone Anabolic', 'Calcilytic']"
CHEMBL1708,Cl.Fc1ccc([C@@H]2CCNC[C@H]2COc2ccc3c(c2)OCO3)cc1,"['Antidepressant', 'Efflux Pump Inhibitor', 'Serotonin Re-uptake Inhibitor', 'Antibiotic Potentiator', 'PET Tracer', 'NorA Inhibitor', 'Dopamine Reuptake Inhibitor', 'Myeloperoxidase Inhibitor', 'SERT Ligand', 'GRK-2 Inhibitor', 'Ebola Virus Inhibitor', 'Heart Failure', 'Kv1.3 Inhibitor', 'Serotoninergic Agonist', 'EPI', 'Spermicidal', 'Imaging Agent', 'CYP2J2 Inhibitor', 'Norepinephrine-Serotonin Reuptake Inhibitor', 'Glutamic Acid Receptor Agonist', 'NSRI', 'CNS Drug Partitioning']"
CHEMBL1788386,CC(C)=CC1C(C(=O)OCN2C(=O)C3=C(CCCC3)C2=O)C1(C)C,[]
CHEMBL21,Nc1ccc(S(N)(=O)=O)cc1,"['Antibiotic', 'Carbonic Anhydrase Inhibitor', 'CA IX Inhibitor', 'CA I Inhibitor', 'Carbonic Anhydrase IV Inhibitor', 'Carbonic Anhydrase XV Inhibitor']"
CHEMBL2103739,CCOCCn1c(N2CCCN(C)CC2)nc2ccccc21.O=C(O)/C=C/C(=O)O.O=C(O)/C=C/C(=O)O,[]
CHEMBL2105002,CC(CC(C#N)(c1ccccc1)C(C)C)N(C)C,[]
CHEMBL2106261,CCOC(=O)C(c1c(O)c2ccccc2oc1=O)c1c(O)c2ccccc2oc1=O,[]
CHEMBL2106997,CCC(c1ccccc1)c1noc(CCN(CC)CC)n1,[]
CHEMBL310555,Oc1cccc2cccnc12,"['Glutaminyl Cyclase Inhibitor', 'COMT Inhibitor', 'CD47-SIRPAlpha Modulator', 'Phagocytosis Enhancer']"
CHEMBL315838,COc1ccc(C(=O)Nc2ccccc2CCC2CCCCN2C)cc1,['Antiarrhythmic']
CHEMBL3426621,C[C@H]1CNCCCN1S(=O)(=O)c1cccc2cncc(F)c12,"['GSK-3beta Inhibitor', 'AKT Inhibitor', 'Protein Kinase Inhibitor', 'CDK Inhibitor', 'DYRK1A Inhibitor', 'Src Inhibitor', 'RSK1 Inhibitor', 'CK1Alpha Inhibitor']"
CHEMBL3545351,Nc1cc(Cl)ccc1C(=O)CC(N)C(=O)O,[]
CHEMBL366460,O=c1c(-c2ccccc2)coc2ccccc12,"['Gastroprotective', 'FabG4 Inhibitor', 'CYP4F2 Inhibitor']"
CHEMBL3707313,CC(C)(C)c1cc(-c2cc(-c3ccc(C(=O)O)cc3)ccc2OCCO)ccc1N1CCCC1,[]
CHEMBL402001,O=P(O)(O)OC[C@H]1O[C@H](O)[C@@H](O)[C@@H](O)[C@@H]1O,[]
CHEMBL404520,CN(C)[C@@H]1C(O)=C(C(N)=O)C(=O)[C@@]2(O)C(O)=C3C(=O)c4c(O)ccc(Cl)c4[C@@](C)(O)[C@H]3C[C@@H]12,"['Antibiotic', 'Efflux Pump Inhibitor']"
CHEMBL4097139,CC(C)Cc1ccc(-c2nc(-c3ccc(CN4CC(C(=O)O)C4)c(F)c3)no2)cc1,"['Immunomodulator', 'S1P1 Agonist', 'S1P3-Sparing']"
CHEMBL4297336,C[11C](=O)O,"['Toxic', 'Neurotoxicity']"
CHEMBL4297369,CC(=O)Nc1ccc(C(=O)NC(C)(C)C)cc1,[]
CHEMBL4297540,N#CCCCSC(=N)N,['Aldehyde Dehydrogenase Inhibitor']
CHEMBL4297595,N#CCCNc1nonc1-c1nc2ccccc2n1CC(=O)c1ccc(NC(=O)[C@@H](N)CCCCN)cc1,[]
CHEMBL4297606,COc1ccc(-c2cc(=O)c3c(OC)cc(OCC(=O)O)cc3o2)cc1OC,[]
CHEMBL4594267,COc1cccc2c1CCOC2C1=NCCN1,"['Alpha 2-Adrenoceptor Antagonist', 'Alpha 1-Adrenoceptor Agonist']"
CHEMBL4761468,C=CC(=O)Nc1cc(Nc2nccc(-c3cn(C4CC4)c4ccccc34)n2)c(OC)cc1N(C)CCN(C)C,"['Anticancer', 'EGFR Kinase Inhibitor']"
CHEMBL5095260,C[C@@H]1COCCN1c1cc([C@]2(O)C[C@H]3CC[C@@H](C2)O3)c2cnn(-c3cc[nH]n3)c2n1,['ATR Inhibitor']
CHEMBL5095412,CN1CC[C@]2(C)c3cc(OC(=O)Nc4ccccc4)ccc3N(C)[C@H]12.O=C(O)C(O)C(O)C(=O)O,[]
CHEMBL552212,CCC[C@H](Nc1nc(-c2ccc(NC(=O)NCC)c(OC)c2)ncc1C)c1cccnc1,[]
CHEMBL65375,Cl.N=C1CCCN1Cc1[nH]c(=O)[nH]c(=O)c1Cl,"['Thymidine Phosphorylase Inhibitor', 'TP Inhibitor']"
CHEMBL675,NCCCC(O)(P(=O)([O-])O)P(=O)(O)O.[Na+],"['Antiparasitic', 'Farnesyl-Protein Transferase Inhibitor', 'Trypanosoma cruzi Inhibitor', 'Osteoporosis Treatment', 'Trypanosoma brucei Inhibitor', 'Bone Resorption Inhibitor', 'Geranylgeranyl Pyrophosphate Synthase Inhibitor', 'Bone Resorption', 'Bone-Targeting', 'Antibiotic Resistance', 'Anti-Osteoclast Formation', 'Bisphosphonates', 'Protein Prenylation Inhibitor', 'Calcium Chelator']"
CHEMBL696,CCC1(C)CC(=O)NC1=O,"['Anticonvulsive', 'Sedative Hypnotic', 'Neurotoxicity']"
CHEMBL754,O=C([O-])P(=O)([O-])[O-].[Na+].[Na+].[Na+],"['Antimalarial', 'Carbonic Anhydrase Inhibitor', 'Anti-Trypanosomal', 'CA I Inhibitor', 'Antiherpes', 'Cytomegalovirus Inhibitor', 'Carbonic Anhydrase', 'NaPi2b Inhibitor', 'Bone-Targeting', 'CO2 Hydrase', 'Beta-CA Inhibitor', 'Antibiotic Resistance', 'Anti-AIDS', 'Intestinal Permeability', 'Organic Anion Transporter 1 Substrate', 'Carbonic Anhydrase XV Inhibitor', 'Herpesvirus Polymerase Inhibitor']"
CHEMBL91,Clc1ccc(COC(Cn2ccnc2)c2ccc(Cl)cc2Cl)c(Cl)c1,"[""Alzheimer's Disease""]"
CHEMBL107874,CCCCCCCCCCCCC(=O)O,"['Anticancer', 'Cytotoxic', 'Antibiotic', 'Anti-Inflammatory', 'Anti-Tuberculosis', 'Antimicrobial', 'Antioxidant', 'Cytostatic', 'Anti-mycobacterial', 'Anti-Diabetic', 'COX2 Inhibitor', 'Anti-Trypanosomal', 'PTP1b Inhibitor', 'AChE Inhibitor', 'DNA GyraseB Inhibitor', 'Trypanocidal', 'Prodrug', 'Aromatase Inhibitor', 'PPAR gamma Agonist', 'Antialzheimer', 'Anti-Bacterial', 'Growth Inhibitor', 'GPR40/FFA1 Agonist', 'Efflux Pump Inhibitor', 'Herbicide', 'Immune Stimulant', 'DNA Polymerase Inhibitor', 'SHP2 Inhibitor', 'Phospholipase A2 Inhibitor', 'FFA1 Agonist', 'Cell Growth Inhibitor', 'Osteoclastogenesis Inhibitor', 'Fatty Acid Synthesis Inhibitor', 'Immune Modulator', 'Dynamin I GTPase Inhibitor', 'Nematicidal', 'IL-8 Inhibitor', 'Spore Germination Inhibitor', 'RBP4 Antagonist', 'FASII Inhibitor', 'TRPA1 Agonist', 'Metabolic Disease Treatment', 'GTPase Inhibitor', 'GPR84 Antagonist', 'PPARGamma Antagonist', 'Antiacne', 'Anti-Trichomonas', 'Antiglycation', 'TLR2 Inhibitor', 'Hepatic Steatosis', 'aFABP Inhibitor', 'TRPV2 Antagonist', 'NAFLD', 'PPAR Modulator', 'Nephrotoxic', 'Organic Anion Transport Inhibitor', 'Organic Anion Transporter 1 Substrate', 'Cell Membrane Depolarizer', 'GPR84 Inhibitor']"
CHEMBL1096146,CCC/N=C1\S/C(=C\c2ccc(OC[C@H](O)CO)c(Cl)c2)C(=O)N1c1ccccc1C,['S1P1 Agonist']
CHEMBL1096643,CCN(CC)CCC1(c2ccccc2)CCC(=O)NC1=O,[]
CHEMBL1097999,CCNc1cc(O)c2c(c1)/C=C/C[C@H](O)[C@H](O)C(=O)/C=C\[C@@H](C)[C@H](C)OC2=O,"['MEK1 Inhibitor', 'TAK1-Inhibitor']"
CHEMBL1200539,O=C([O-])[O-].[Ca+2],"['Antimalarial', 'Carbonic Anhydrase Inhibitor', 'CA I Inhibitor', 'H. pylori', 'Carbonic Anhydrase', 'CO2 Hydrase', 'Beta-CA Inhibitor', 'Carbonic Anhydrase IV Inhibitor', 'Anion Inhibitor', 'Carbonic Anhydrase XV Inhibitor']"
CHEMBL1378024,CCCc1cc(C(N)=S)ccn1,"['Antibiotic', 'Anti-mycobacterial', 'Mycolic Acid Biosynthesis Inhibitor']"
CHEMBL1650559,CN[C@@H]1[C@@H](O)[C@@H](O[C@@H]2[C@@H](O)[C@H](O[C@H]3OC(CNCCO)=CC[C@H]3N)[C@@H](N)C[C@H]2NC(=O)[C@@H](O)CCN)OC[C@]1(C)O,['Antibiotic']
CHEMBL1672,COCC1=C(C(=O)O)N2C(=O)[C@@H](NC(=O)/C(=N\OC)c3csc(N)n3)[C@H]2SC1,['Antibiotic']
CHEMBL19019,O=C1CC[C@@]2(O)[C@H]3Cc4ccc(O)c5c4[C@@]2(CCN3CC2CC2)[C@H]1O5,"['Analgesic', 'Kappa Opioid Agonist', 'Opioid Receptor Ligand', 'Opioid Receptor Agonist', 'Opioid Antagonist', 'Mu Opioid Receptor Antagonist', 'Narcotic-Antagonist', 'KOR Antagonist', 'Antitrichomonal', 'MOR Antagonist', 'Glutathione Reductase Inhibitor', 'Opiate Receptor', 'TLR4 Antagonist', 'GI Motility']"
CHEMBL1914489,CC(=O)Nc1cccc2c1c(Sc1ccc(Cl)cc1)c(C)n2CC(=O)O,['CRTH2 Antagonist']
CHEMBL19490,Cc1cc(CC(=O)O)n(C)c1C(=O)c1ccc(Cl)cc1,"['Anti-Inflammatory', 'Analgesic']"
CHEMBL2104910,CC(C)=CC(=O)NS(=O)(=O)c1ccc(N)cc1,[]
CHEMBL2105965,CC1=C(c2ccc(O)cc2)[C@H](c2ccc(OCCN3CCCCC3)cc2)Oc2cc(O)ccc21.Cl,"['SERD', 'Estrogen Receptor Degrader']"
CHEMBL2106439,CCCCCCCCCCCCCCCC(=O)OCCC1CCN(CCCN2c3ccccc3Sc3ccc(S(=O)(=O)N(C)C)cc32)CC1,[]
CHEMBL24991,C[S+](CCC(N)C(=O)[O-])C[C@H]1O[C@@H](n2cnc3c(N)ncnc32)[C@H](O)[C@@H]1O,"['Riboswitch Ligand', 'AdoMet-DC Inhibitor']"
CHEMBL312443,Oc1noc2c1CCNC2,['GABA Uptake Inhibitor']
CHEMBL3301612,COC(=O)N[C@@H](C)CNc1nccc(-c2cn(C(C)C)nc2-c2cc(Cl)cc(NS(C)(=O)=O)c2F)n1,"['B-Raf(V600E) Inhibitor', 'RAF Inhibitor']"
CHEMBL3545333,CN1C(=O)C(F)=C[C@]2(C)C3CC[C@@]4(C)C(CC[C@@H]4C(=O)NCc4nc5ncccc5[nH]4)C3CCC12,['5Alpha-Reductase Inhibitor']
CHEMBL4078588,Cc1ccc(Cc2cc3c(=O)n([C@H]4CCCC[C@@H]4O)cnc3c3ccccc23)cn1,"['M1 mAChR PAM', 'Muscarinic Receptor Modulator']"
CHEMBL4297435,COC(=O)c1nc(C(F)(F)F)n2c1CN(C(=O)C[C@H](N)Cc1cc(F)c(F)cc1F)CC2,['DPPIV Inhibitor']
CHEMBL4297523,COc1ccc2[nH]cc(CCNC(=O)c3cc(=O)cco3)c2c1,[]
CHEMBL4297655,CCCCCCCC/C=C\CCCCCCCCCCCC(=O)OCC(COC(=O)CCCCCCCCCCC/C=C\CCCCCCCC)OC(=O)CCCCCCCCCCC/C=C\CCCCCCCC,[]
CHEMBL4802158,C[C@H](CCCC(C)(C)O)[C@H]1CC[C@H]2[C@@H]3CC=C4C[C@@H](OS(=O)(=O)O)CC[C@]4(C)[C@H]3CC[C@]12C,['HMGCR Degrader']
CHEMBL5314598,CCN(CC)CCOC(=O)C(C)c1ccc(CC(C)C)cc1,[]
CHEMBL59356,C[C@H](C#Cc1ccc(Cc2ccc(F)cc2)s1)N(O)C(N)=O,"['5-Lipoxygenase Inhibitor', '5-LOX/COX Inhibitor']"
CHEMBL701,NCC(CC(=O)O)c1ccc(Cl)cc1,['GABAB Agonist']
CHEMBL104943,NCCO,['Neuronal Choline Transporter Ligand']
CHEMBL1091644,C[C@]1(O)C[C@@H](c2nc(-c3ccc4ccc(-c5ccccc5)nc4c3)c3c(N)nccn32)C1,['IGF-1R Inhibitor']
CHEMBL1192517,CNCCCCOc1ccccc1Cc1ccccc1,"['Antiplatelet Aggregation Inhibitor', 'S2 Serotonergic Receptor Antagonist']"
CHEMBL1200522,COc1ccc(C(=O)CC(=O)c2ccc(C(C)(C)C)cc2)cc1,[]
CHEMBL1200649,CC[C@H]1NC(=O)[C@@H](NC(=O)c2ncccc2O)[C@@H](C)OC(=O)[C@H](c2ccccc2)NC(=O)[C@@H]2CC(=O)[C@H](CS[C@@H]3CN4CCC3CC4)CN2C(=O)[C@H](Cc2ccc(N(C)C)cc2)N(C)C(=O)[C@@H]2CCCN2C1=O,[]
CHEMBL1200798,Cl.O=c1n(CCCN2CCN(c3cccc(Cl)c3)CC2)nc2ccccn12,['5-HT2A Receptor Antagonist']
CHEMBL1207607,O=S(=O)(O)c1ccc(-c2c3nc(c(-c4ccc(S(=O)(=O)O)cc4)c4ccc([nH]4)c(-c4ccc(S(=O)(=O)O)cc4)c4ccc([nH]4)c(-c4ccc(S(=O)(=O)O)cc4)c4nc2C=C4)C=C3)cc1,['Photodynamic Therapy Photosensitizer']
CHEMBL127,C[C@@H](O)[C@H]1C(=O)N2C(C(=O)O)=C(S[C@@H]3CN[C@H](C(=O)N(C)C)C3)[C@H](C)[C@H]12,"['Antibiotic', 'Antimicrobial', 'Bactericidal', 'NDM-1 Inhibitor', 'PBP2 Inhibitor', 'Antibiotic Resistance', 'Drug Efflux Pump Inhibitor', 'Beta-Lactamase', 'Penicillin-Binding Protein Inhibitor']"
CHEMBL1443,CCOc1ccc2ccccc2c1C(=O)N[C@@H]1C(=O)N2[C@@H]1SC(C)(C)[C@@H]2C(=O)O,['Antibiotic']
CHEMBL1487,CC(C)c1c(C(=O)Nc2ccccc2)c(-c2ccccc2)c(-c2ccc(F)cc2)n1CC[C@@H](O)C[C@@H](O)CC(=O)O,"['HMG-CoA Reductase Inhibitor', 'Lipid Lowering', 'Anti-Hyperlipidemic', 'Organic Anion Transporter', 'HMGR Inhibitor', 'SREBPs Inhibitor', 'Lipid Modulator', 'Hepatoselective', 'Statin', 'Ras-PDEDelta Inhibitor']"
CHEMBL1651534,O=C(Nc1cccnn1)N1CCC(=Cc2cccc(Oc3ccc(C(F)(F)F)cn3)c2)CC1,"['Analgesic', 'FAAH Inhibitor']"
CHEMBL1697775,OCCSCCCCCCCCCCSCCO,[]
CHEMBL1738699,Cc1cc(C(N)=O)ccc1-n1c(CCC(=O)O)ccc1-c1ccc(-n2ccnc2)cc1,"['Asthma', 'Asthma Treatment', 'GSNOR Inhibitor']"
CHEMBL1922094,Cc1c(CN2CCN(C(=O)[C@H](C)O)CC2)sc2c(N3CCOCC3)nc(-c3cnc(N)nc3)nc12,"['PI3 Kinase Inhibitor', 'Cancer', 'mTORC1 Inhibitor', 'Cancer Therapy', 'PIKK Inhibitor']"
CHEMBL2010872,CC(C)Cn1c2ccc(Nc3ncccn3)cc2c2c3c(c4c(c21)CCc1nn(C)cc1-4)C(=O)NC3,"['Tyrosine Protein Kinase Inhibitor', 'VEGF-R Inhibitor', 'Tie-2 Kinase Inhibitor', 'FGF Receptor Inhibitor']"
CHEMBL2103839,CO[C@H]1C[C@@H]2CC[C@@H](C)[C@@](O)(O2)C(=O)C(=O)N2CCCC[C@H]2C(=O)O[C@H]([C@H](C)C[C@@H]2CC[C@@H](OP(C)(C)=O)[C@H](OC)C2)CC(=O)[C@H](C)/C=C(\C)[C@@H](O)[C@@H](OC)C(=O)[C@H](C)C[C@H](C)/C=C/C=C/C=C/1C,"['Anticancer', 'mTORC1 Inhibitor', 'S Phase Arrest']"
CHEMBL2111051,C#CCO[C@H]1CN2CCC1CC2,[]
CHEMBL254316,Cc1nnc(C(=O)NC(C)(C)c2nc(C(=O)NCc3ccc(F)cc3)c(O)c(=O)n2C)o1,"['Antiviral', 'HIV Integrase Inhibitor', 'HIV Inhibitor', 'Antiretroviral', 'RNase H Inhibitor', 'Anti-Viral', 'Integrase Inhibitor', 'HIV-1 NC Inhibitor']"
CHEMBL257662,COc1cc2c(c(OC)c1OC)-c1ccc(OP(=O)(O)O)cc1[C@@H](NC(C)=O)CC2,['Cytotoxic']
CHEMBL273348,NC1CCN(c2nc3c(cc2F)c(=O)c(C(=O)O)cn3-c2ccc(F)cc2F)C1,"['Antibiotic', 'Quinolone Antibiotic']"
CHEMBL282686,CCO[C@@H](Cc1ccc(OCCc2ccc(OS(C)(=O)=O)cc2)cc1)C(=O)O,"['PPAR Alpha/Gamma Agonist', 'Dual Agonist']"
CHEMBL296306,OC[C@H]1O[C@@H](O[C@@H]2[C@@H](CO)O[C@](O)(CO)[C@H]2O)[C@H](O)[C@@H](O)[C@H]1O,['Cryptosporidium parvum Inhibitor']
CHEMBL357995,Cc1cc2c(OCC(CNC(C)(C)C)OC(=O)c3ccccc3)cccc2[nH]1,[]
CHEMBL361497,C[C@H]1[C@H](OC(=O)CCC(=O)O)O[C@@H]2O[C@@]3(C)CC[C@H]4[C@H](C)CC[C@@H]1[C@@]24OO3,"['Anticancer', 'Antimalarial', 'Anti-Cancer', 'Antiplasmodial', 'Anti-Angiogenic', 'Biofilm Inhibitor', 'Anti-HCMV', 'Antileukemia', 'Cytochrome bc(1) Inhibitor', 'Drug Delivery', 'CYP3A4 Inducer', 'Dual-Stage', 'Hypercholesterolemia', 'ROS', 'Fast-Killing']"
CHEMBL3753858,c1cc(-c2nc3cc(-c4ccc5[nH]c(-c6ccncc6)nc5c4)ccc3[nH]2)ccn1,[]
CHEMBL397647,C[N+](C)(Cc1ccc(NC(=O)c2ccc(Cl)c(Cl)c2)cc1)C1CCOCC1,"['CCR2 Antagonist', 'Asthma']"
CHEMBL3989866,O=C(NCc1c(F)cc(F)cc1F)c1cn2c(c(O)c1=O)C(=O)N1[C@H]3CC[C@H](C3)O[C@@H]1C2,"['Antiviral', 'HIV Integrase Inhibitor']"
CHEMBL4105630,C[C@@]1(O)CC[C@H]2[C@H](CC[C@@H]3[C@@H]2CC[C@]2(C)[C@@H](C(=O)Cn4cc(C#N)cn4)CC[C@@H]32)C1,"['GABA A Modulator', 'Neuroactive Steroid']"
CHEMBL431701,COc1cc([C@H]2Oc3cc([C@H]4Oc5cc(O)cc(O)c5C(=O)[C@@H]4O)ccc3O[C@@H]2CO)ccc1O,[]
CHEMBL435298,C[C@H](C(=O)O)c1ccc(-c2ccccc2)c(F)c1,"['Anti-Inflammatory', 'Analgesic', 'Antioxidant', 'COX2 Inhibitor', ""Alzheimer's Disease"", 'Amyloid-Beta Aggregation Inhibitor', 'Gamma-Secretase Modulator', 'COX1⧹2 Inhibitor', ""Alzheimer's Treatment"", 'NSAID', 'IL-8 Inhibitor', 'HSA-Binding', 'Biometal Chelator', 'Amyloidogenesis Inhibitor', 'ABeta Inhibitor', 'Inflammatory Diseases', 'Notch Inhibitor', 'Skin Permeation', 'CXCL8 Inhibitor', 'TTR Inhibitor']"
CHEMBL4594396,Nc1ncnc2c1nc(Cl)n2[C@@H]1O[C@H](CO)[C@@H](O)[C@H]1O,"['Spore Germination Inhibitor', 'Histidine Kinase Inhibitor', 'HSP70 Inhibitor', 'Cytotoxicity Protection']"
CHEMBL4650330,Cc1ccn(-c2nc(NC3CCC(F)(F)CC3)cc(N3CCOCC3)n2)n1,[]
CHEMBL4802143,CC(O)(P(=O)(O)O)P(=O)(O)OP(=O)(O)OC[C@H]1O[C@@H](n2ccc(N)nc2=O)[C@@H](O)[C@@H]1O,['Sialyltransferase Inhibitor']
CHEMBL528,CO/N=C(\C(=O)N[C@@H]1C(=O)N2C(C(=O)O)=CCS[C@H]12)c1csc(N)n1,"['Antibiotic', 'PBP2 Inhibitor', 'Antibiotic Resistance']"
CHEMBL5314408,CC(=O)N1CCN(CCOc2cc(OC(C)C)c3c(Nc4c(Cl)cnc5c4OCO5)ncnc3c2)CC1,[]
CHEMBL810,Cn1nnc2c(C(N)=O)ncn2c1=O,"['Antitumor', 'DNA Alkylating Agent', 'Growth-Inhibitory']"
CHEMBL861,CCC1(c2ccccc2)NC(=O)N(C)C1=O,"['Anticonvulsive', 'Sodium Channel Binder', 'Voltage-Gated Sodium Channel Ligand', 'Constitutive Androstane Receptor Agonist']"
CHEMBL1083659,Cc1ccc(-n2nccn2)c(C(=O)N2CCN(c3nc4cc(Cl)ccc4o3)CC[C@H]2C)c1,"['Orexin-1 Receptor Antagonist', 'Insomnia Treatment']"
CHEMBL1201231,C[C@]12C=CC(=O)C=C1CC[C@@H]1[C@@H]2[C@@H](O)C[C@@]2(C)[C@H]1CC[C@]2(O)C(=O)COP(=O)(O)O,['Anti-Inflammatory']
CHEMBL1201747,CN1CCC(=C2c3ccccc3CCn3c(C=O)cnc32)CC1,[]
CHEMBL1218,CCC(=O)NCC[C@@H]1CCc2ccc3c(c21)CCO3,"['Melatoninergic Agonist', 'Metabolic Disease Treatment', 'Sleep Disorder Treatment', 'MT2 Agonist']"
CHEMBL1452696,CC(C)=CCC1C(=O)N(c2ccccc2)N(c2ccccc2)C1=O,['Prostaglandin Synthase Inhibitor']
CHEMBL1614725,CC(C)(O)CC(=O)NCCn1ccc2ncnc(Nc3ccc(Oc4cccc(C(F)(F)F)c4)c(Cl)c3)c21,['EGFR/HER2 Inhibitor']
CHEMBL1754,CCN1CC(CCN2CCOCC2)C(c2ccccc2)(c2ccccc2)C1=O,[]
CHEMBL17879,CCCCC1(CCCC)CS(=O)(=O)c2ccc(N(C)C)cc2[C@@H](c2ccc(OCc3ccc(C[N+]45CCN(CC4)CC5)cc3)cc2)[C@H]1O.[Cl-],['ASBT Inhibitor']
CHEMBL2105750,C=C[C@@H]1C[C@]1(NC(=O)[C@@H]1C[C@@H](Oc2cc(-c3ccccc3)nc3cc(OC)ccc23)CN1C(=O)[C@@H](CC(=O)N1CCCCC1)C(C)(C)C)C(=O)NS(=O)(=O)C1CC1,"['HCV Inhibitor', 'HCV NS3 Protease Inhibitor', 'NS3-4A Protease Inhibitor']"
CHEMBL2107455,CS(=O)(=O)Nc1cc2occ(NC=O)c(=O)c2cc1Oc1ccccc1,[]
CHEMBL2387144,COc1cccc(/C=N/N(C(=O)C(F)(F)F)c2ccc(C)cc2C)c1,[]
CHEMBL272621,C[C@H](CCC(=O)O)[C@H]1CC[C@H]2[C@@H]3C[C@H](O)[C@@H]4C[C@H](O)CC[C@]4(C)[C@H]3CC[C@]12C,"['Pro-Apoptotic', 'Hepatoprotective', 'FXR Partial Agonist', 'TGR5 Agonist', 'PPARAlpha/Delta Agonist', 'Migration Inhibitor', 'Spore Germination Inhibitor', 'Insulinotropic', 'VDR Antagonist', 'Mitotic Arrest', 'FXR Modulator', 'NASH', 'FXR Ligand', 'Cholestatic Liver Diseases', 'Antisteatotic']"
CHEMBL3545313,CC(C)(CCCCCC(O)CCCCCC(C)(C)C(=O)O)C(=O)O,['Hypolipidemic']
CHEMBL3647420,CCOc1cc2ncc(C#N)c(Nc3ccc(OCc4ccccn4)c(Cl)c3)c2cc1NC(=O)/C=C/[C@H]1CCCN1C,"['Anticancer', 'EGFR Kinase Inhibitor', 'Kinase Inhibitor', 'HER1/HER2 Inhibitor']"
CHEMBL3681419,Cc1onc(-c2ccc(F)cc2)c1COc1ccc(C(=O)N2CCS(=O)(=O)CC2)cn1,[]
CHEMBL374975,CC(=O)O[C@H]1C[C@@]2(C)[C@@H](C[C@@H](O)[C@H]3[C@@]4(C)CC[C@@H](O)[C@@H](C)[C@@H]4CC[C@@]32C)/C1=C(\CCC=C(C)C)C(=O)O,['Anti-mycobacterial']
CHEMBL4297215,O=C1c2c(O)c(=O)ccn2N([C@@H]2c3ccccc3SCc3c2ccc(F)c3F)[C@@H]2COCCN12,"['PA Endonuclease Inhibitor', 'RdRp Inhibitor']"
CHEMBL437,Nc1ccc(S(=O)(=O)Nc2nccs2)cc1,['Dihydropteroate Synthase Inhibitor']
CHEMBL4594382,O=P(O)(O)O.[2H]C1([2H])C([C@@H](CC#N)n2cc(-c3ncnc4[nH]ccc34)cn2)C([2H])([2H])C([2H])([2H])C1([2H])[2H],['JAK1/JAK2 Inhibitor']
CHEMBL4802147,C=C(C[C@H](NC(=O)c1ccc(CCc2ccc3nc(N)nc(N)c3c2)cc1)C(=O)O)C(=O)O,[]
CHEMBL5314396,CNC1CN(c2cc(N)nc(CC(C)C)n2)C1,"['Histamine H4 R Antagonist', 'Atopic Dermatitis']"
CHEMBL5314518,C=CC(=O)N1CCN(c2c(C#N)c(=O)n(-c3c(C)ccnc3C(C)C)c3nc(-c4c(N)c(F)c(F)c(F)c4F)c(Cl)cc23)CC1,"['Anticancer', 'Cancer Treatment', 'KRAS G12D Inhibitor']"
CHEMBL5314965,C#CC[C@@H](O)/C=C/C=C/C#C[C@@H](O)CCCC(=O)OC(C)C,[]
CHEMBL813,CCCCc1ncc(/C=C(\Cc2cccs2)C(=O)O)n1Cc1ccc(C(=O)O)cc1,"['Angiotensin Receptor Antagonist', 'Hypertension']"
CHEMBL865,Cc1onc(-c2ccccc2)c1-c1ccc(S(N)(=O)=O)cc1,"['COX2 Inhibitor', 'COX1⧹2 Inhibitor']"
CHEMBL904,COC(=O)[C@H](c1ccccc1)[C@H]1CCCCN1.Cl,"['Serotonin Transporter Inhibitor', 'Dopamine Transporter Ligand', 'Serotonin Transporter Ligand', 'Norepinephrine Transporter Inhibitor', 'Dopamine Reuptake Inhibitor', 'Nootropic', 'Amnesia-Reversal', 'Norepinephrine Uptake Inhibitor', 'Cocaine Antagonist', 'CNS Drug Partitioning']"
CHEMBL90593,C[C@]12CC[C@H](O)CC1=CC[C@@H]1[C@@H]2CC[C@]2(C)C(=O)CC[C@@H]12,"['Aromatase Inhibitor', '17beta-HSD Inhibitor', 'TGR5 Agonist', '17 alpha-hydroxylase/C17,20-lyase Inhibitor', 'SHBG Ligand', 'Androgenic', 'Organic Anion Transporter 1 Substrate', 'CBG Binding Affinity']"
CHEMBL1091250,O=C1/C(=C2\Nc3ccc(S(=O)(=O)O)cc3C2=O)Nc2ccc(S(=O)(=O)O)cc21,[]
CHEMBL1097279,CSCCNc1nc(SCCC(F)(F)F)nc2c1ncn2[C@@H]1O[C@H](COP(=O)([O-])OP(=O)([O-])C(Cl)(Cl)P(=O)([O-])[O-])[C@@H](O)[C@H]1O.[Na+].[Na+].[Na+].[Na+],"['Anti-Platelet', 'P2Y Receptor Antagonist', 'P2Y2 Agonist', 'Anti-Thrombotic', 'P2Y Receptor Ligand']"
CHEMBL1200338,CC(N/C(=N\C#N)Nc1ccncc1)C(C)(C)C.O,"['Hypotensive', 'KATP Channel Opener', 'Potassium Channel Opener', 'Urge Urinary Incontinence']"
CHEMBL1200981,COc1cccc2c1C(=O)c1c(O)c3c(c(O)c1C2=O)C[C@@](O)(C(=O)CO)C[C@@H]3O[C@H]1C[C@H](N)[C@@H](O)[C@H](C)O1.Cl,"['Anticancer', 'Cytotoxic', 'Antitumor', 'Cytostatic', 'Anti-Cancer', 'DNA Topoisomerase II Inhibitor', 'DNA Intercalating', 'DNA Binding', 'Chemopreventive', 'Mitochondrial-Targeting', 'G-Quadruplex DNA Binder', 'DNA-Cleavage', 'Multidrug Resistance', 'Lysosome-Targeting', 'RNA Synthesis Inhibitor', 'p53 Activation', 'Resveratrol Analogues', 'CYP3A4 Inducer', 'UGT Inhibitor']"
CHEMBL1201346,O=C(O)CCNC(=O)c1ccc(/N=N/c2ccc(O)c(C(=O)O)c2)cc1,['Sirt5 Inhibitor']
CHEMBL13,COCCc1ccc(OCC(O)CNC(C)C)cc1,['Beta-Adrenoceptor Blocker']
CHEMBL142464,CCNCCCNC/C=C\CNCCCNCC,"['Antitumor', 'Polyamine Metabolism']"
CHEMBL1611,O=C1N=C([O-])NC1(c1ccccc1)c1ccccc1.[Na+],"['Anticonvulsive', 'Muscle-Relaxant']"
CHEMBL1644695,[I-].[Na+],"['Antibiotic', 'Antimalarial', 'Antimicrobial', 'Neuroprotective', 'Carbonic Anhydrase Inhibitor', 'Antihypertensive', 'Anti-Trypanosomal', 'Vasodilator', 'PDE10a Inhibitor', 'Cytoprotective', 'Vasorelaxant', 'Cardioprotective', 'Cardiovascular', 'CA I Inhibitor', 'Insulin Secretagogue', 'Type 2 Diabetes Treatment', 'Matriptase Inhibitor', 'CD73 Inhibitor', 'Nootropic', 'H. pylori', 'Tau Phosphorylation Inhibitor', 'H2S Donor', 'Carbonic Anhydrase', 'Amnesia-Reversal', 'NMDAR Antagonist', 'Osteoblast Stimulator', 'Hydrogen Sulfide Donor', 'Mood Disorder', 'Insulin Release Stimulator', 'CO2 Hydrase', 'Beta-CA Inhibitor', 'GPR39 Agonist', 'Carbonic Anhydrase IV Inhibitor', 'IFN-Gamma Inhibitor', 'Cu Chelator', 'Anion Inhibitor', 'H2S-Releasing', 'DNA Cleaving Agent', 'Carbonic Anhydrase XV Inhibitor', 'Tau Protein Inhibitor', 'HD', 'Glycogen Synthase Activator']"
CHEMBL1655,CN(C)CCOc1ccc(/C(=C(/CCCl)c2ccccc2)c2ccccc2)cc1,"['Ebola Virus Inhibitor', 'NPC1 Inhibitor', 'Thyroid Cancer']"
CHEMBL206031,Cc1nc(COc2ccc(C[C@H](NC(=O)O[C@H]3CO[C@H]4OCC[C@H]43)[C@H](O)CN(CC(C)C)S(=O)(=O)c3ccc4c(c3)OCO4)cc2)cs1,['HIV Protease Inhibitor']
CHEMBL2107384,COC[C@@H](c1ccc(C(F)(F)F)cc1)N1CCN(C2(C)CCN(C(=O)c3c(C)ncnc3C)CC2)C[C@@H]1C.O=C(O)/C=C\C(=O)O,"['HIV Inhibitor', 'CCR5 Receptor Antagonist']"
CHEMBL2110666,N#C[C@@H]1C[C@H](F)CN1C(=O)[C@@H](N)C(c1ccc(F)cc1)c1ccc(F)cc1,['DPPIV Inhibitor']
CHEMBL222287,CC[C@H]1C[C@H]2C[C@H]3c4[nH]c5ccc(OC)cc5c4CCN(C2)[C@@H]13,[]
CHEMBL235668,N=C1CCCN1Cc1[nH]c(=O)[nH]c(=O)c1Cl,"['Thymidine Phosphorylase Inhibitor', 'TP Inhibitor']"
CHEMBL236345,Cn1cc(NC(=O)c2cc(NC(=O)c3ccc(/C=C/c4cnc5ccccc5c4)cc3)cn2C)cc1C(=O)NCCN1CCOCC1,['Antibiotic']
CHEMBL3545328,O=C(Nc1ccc(-c2ccnc(Nc3ccc(N4CCOCC4)cc3)n2)cc1)C1CCCN1,['JAK1/JAK2 Inhibitor']
CHEMBL3770459,CN1C(=O)c2c(nn(Cc3ccc(-c4cccc(F)n4)cc3)c2Nc2ccccc2)N2C1=N[C@@H]1CCC[C@@H]12.O=P(O)(O)O,"['PDE1A Inhibitor', 'Cognitive Impairment']"
CHEMBL3989406,C[C@H](N[C@@H](CCc1ccccc1)C(=O)O)C(=O)N1CCC[C@H]1C(=O)O.O.O,"['Antihypertensive', 'ACE Inhibitor', 'Angiotensin Converting Enzyme Inhibitor']"
CHEMBL3989933,N=C(N)NCCC[C@@H](N)C(=O)O.O=C(O)C[C@H]1CCc2c1[nH]c1ccc(OCc3ccc(C4CCCC4)c(C(F)(F)F)c3)cc21,[]
CHEMBL4163691,C=CC(=O)Nc1cccc(Oc2nc(Nc3ccc(N4CCN(C)CC4)cc3)nc3ccoc23)c1,"['EGFR Kinase Inhibitor', 'EGFR-TKI', 'IPF Treatment']"
CHEMBL4297849,C[C@@H]1CN(c2nc(-n3ccc(OCCC4(C(F)(F)F)CC4)n3)ccc2C(=O)NS(=O)(=O)c2ccccc2)C(C)(C)C1,[]
CHEMBL461101,CC1=NN(c2ccc(C)c(C)c2)C(=O)/C1=N\Nc1cccc(-c2cccc(C(=O)O)c2)c1O,[]
CHEMBL477,Nc1ncnc2c1ncn2[C@@H]1O[C@H](CO)[C@@H](O)[C@H]1O,"['Cytostatic', 'Antiplatelet Aggregation Inhibitor', 'Adenosine Receptor Antagonist', 'Cardiovascular', 'Adenosine Kinase Inhibitor', 'Adenosine Receptor Agonist', 'Antiherpetic', 'Adenosine Deaminase Inhibitor', 'Coronary Vasodilator', 'Adenylyl Cyclase Inhibitor', 'Adenosine A2A Agonist', 'gGAPDH Inhibitor', 'Spore Germination Inhibitor', 'Histidine Kinase Inhibitor', 'HSP70 Inhibitor', 'FGFR3 Inhibitor', 'ENT1 Inhibitor', 'Electron Transport Inhibitor', 'PI 4-Kinase Inhibitor', 'Cytotoxicity Protection']"
CHEMBL4789639,[2H]C([2H])([2H])NC(=O)c1cnc(NC(=O)C2CC2)cc1Nc1cccc(-c2ncc(F)cn2)c1OC,['TYK2 Inhibitor']
CHEMBL5095049,C1=C/COCc2cc(ccc2OCCN2CCCC2)Nc2nccc(n2)-c2cccc(c2)COC/1.O=C(O)CC(O)(CC(=O)O)C(=O)O,"['JAK1/JAK2 Inhibitor', 'FLT3 Inhibitor']"
CHEMBL5095091,COCCOc1cc(F)c(N2CCN(c3nc4c(nnn4C)c(=O)[nH]3)CC2)c(F)c1,[]
CHEMBL5314394,COc1cc2c(cc1S(=O)(=O)c1ccc(OCc3ccc(Cl)cc3)cc1)CCN(C)CC2,[]
CHEMBL5314531,Cn1c(Nc2cc(I)ccc2F)c(C(=O)NOCCO)c2cccnc21,['MEK1 Inhibitor']
CHEMBL967,CN1C(=O)C(O)N=C(c2ccccc2)c2cc(Cl)ccc21,[]
CHEMBL1200843,CC[C@@H](CO)NC(=O)[C@@H]1C=C2c3cccc4[nH]cc(c34)C[C@H]2N(C)C1.O=C(O)/C=C\C(=O)O,"['5-HT2A Receptor Ligand', 'Alpha 1-Adrenoceptor Ligand', 'Dopamine Receptor Agonist', 'Adenylyl Cyclase Inhibitor', 'Serotonin Receptor', 'Anti-Migraine']"
CHEMBL1201319,C[C@H](N)[C@H](O)c1cccc(O)c1,[]
CHEMBL1201752,C/C(=C\c1csc(C)n1)[C@@H]1C[C@@H]2O[C@]2(C)CCC[C@H](C)[C@H](O)[C@@H](C)C(=O)C(C)(C)[C@@H](O)CC(=O)N1,"['Cytotoxic', 'Microtubule Stabilizer', 'Cancer Cell Proliferation Inhibitor']"
CHEMBL1547,Cc1ncc(C[n+]2csc(CCO)c2C)c(N)n1,"['Cancer', 'Transketolase Inhibitor']"
CHEMBL1595,COc1ccc2c3c1O[C@H]1[C@@H](O)CC[C@H]4[C@@H](C2)N(C)CC[C@@]341,"['Analgesic', 'OCT1 Substrate', 'Pgp Substrate', 'Nociceptin Agonist', 'MRGPRX2 Agonist']"
CHEMBL1614650,CC[C@@]1(O)C(=O)OCc2c1cc1n(c2=O)Cc2c-1nc1cc(F)c(C)c3c1c2[C@@H](N)CC3,[]
CHEMBL16503,O=C(O)CCCCCCCNC(=O)c1ccccc1O,"['Gastrointestinal Absorption Enhancer', 'Heparin Delivery']"
CHEMBL1693,CCN(CC)C(C)C(=O)c1ccccc1.Cl,[]
CHEMBL182,Nc1nc2c(ncn2COC(CO)CO)c(=O)[nH]1,"['Antiviral', 'Antiherpetic', 'Anti-Herpes']"
CHEMBL19236,COc1nc(C)nc(Cl)c1NC1=NCCN1,[]
CHEMBL1964546,Nc1ccc2cc3ccc(N)cc3nc2c1.O=S(=O)(O)O,['HCV IRES Inhibitor']
CHEMBL2104907,CCNC1=NC(=O)C(c2ccccc2)O1,['Anticonvulsive']
CHEMBL2104957,CC(C)(C)CC(C)(C)c1cc(Cc2cc(C(C)(C)CC(C)(C)C)cc(-n3nc4ccccc4n3)c2O)c(O)c(-n2nc3ccccc3n2)c1,[]
CHEMBL2110938,OC(c1ccccc1)(c1ccccc1)C1CCCCN1,[]
CHEMBL216981,CC[C@@H](Nc1c(Nc2cccc(C(=O)N(C)C)c2O)c(=O)c1=O)c1ccc(C)o1,"['CXCR2/CXCR1 Antagonist', 'Cancer Immunotherapy']"
CHEMBL2315212,CCCC(CCC)C(=O)[O-].CCCC(CCC)C(=O)[O-].[Mg+2],"['Anti-Inflammatory', 'Anticonvulsive', 'Anti-Epileptic']"
CHEMBL231884,COc1ccc(-c2cc(=O)c3c(O)cc(O[C@@H]4O[C@H](CO[C@@H]5O[C@@H](C)[C@H](O)[C@@H](O)[C@H]5O)[C@@H](O)[C@H](O)[C@H]4O)cc3o2)cc1O,[]
CHEMBL260046,Cn1c(COP(=O)(NCCBr)NCCBr)cnc1[N+](=O)[O-],"['Hypoxia-Activated Prodrug', 'Radiopharmaceutical']"
CHEMBL266497,O=C1NC(=O)[C@@]2(CCOc3ccc(F)cc32)N1,"['Aldose Reductase Inhibitor', 'AKR1B1 Inhibitor', 'Insulin Release Stimulator']"
CHEMBL271227,CC(=O)O[C@H]1CC[C@@]2(C)C(=CC[C@@H]3[C@@H]2CC[C@]2(C)C(c4cccnc4)=CC[C@@H]32)C1,"['CYP17A1 Inhibitor', '17 alpha-hydroxylase/C17,20-lyase Inhibitor']"
CHEMBL304253,Cc1ccc(NC2=NCCN2)c(Cl)c1,['Hypotensive']
CHEMBL3359265,Cc1nc2ccc(C(=O)N3CCC4(CC3)CC(=O)c3c(cnn3C(C)C)C4)cc2[nH]1,"['Acetyl-CoA Carboxylase Inhibitor', 'ACC1/2 Inhibitor', 'T2DM Treatment', 'ACC Inhibitor']"
CHEMBL362558,O=C1NC(=O)C(c2cnc3ccccn23)=C1c1cn2c3c(cc(F)cc13)CN(C(=O)N1CCCCC1)CC2,['GSK-3beta Inhibitor']
CHEMBL365795,CC(C(=O)O)c1ccc(C(=O)c2ccccc2)s1,"['Anti-Inflammatory', 'IL-8 Inhibitor', 'CXCR1 Inhibitor']"
CHEMBL405821,NC(=O)C(c1ccccc1)(c1ccc(F)cc1)c1ccc(F)cc1,['Sickle Cell Disease']
CHEMBL413965,O=C(O)Cc1ccc(-c2ccccc2)cc1,['Anti-Inflammatory']
CHEMBL4297182,COCCN1C(=O)O[C@@]2(C[C@H]3O[C@]2(C)n2c4ccccc4c4c5c(c6c7ccccc7n3c6c42)C(=O)NC5)C1=O,['Antipancreatic Cancer']
CHEMBL4297254,CS(=O)(=O)O.N=C(NCCCCc1ccc(OCC(O)CO)cc1)NC(=O)c1nc(Cl)c(N)nc1N,['ENaC Blocker']
CHEMBL4297427,O[C@]1(c2ncccn2)C[C@H]2CC[C@@H](C1)N2C(c1ccccc1Cl)c1ccccc1Cl,"['Antitussive', 'Nociceptin Receptor Ligand', 'Depression']"
CHEMBL442687,O=c1oc2cc(O)ccc2s1,['MIF Inhibitor']
CHEMBL4549658,C[C@H]1CCN1c1nc(N2C[C@@H]3[C@@H](CC(=O)O)[C@@H]3C2)cc(C(F)(F)F)n1,['Metabolic Disorder']
CHEMBL4740383,Cc1c(C#N)cccc1-c1cc(-c2cn(Cc3cccc(C(C)(C)O)n3)nn2)nc(N)n1,[]
CHEMBL496634,CC/C=C\C/C=C\C/C=C\C/C=C\C/C=C\CCCCCC(=O)O,"['Antiallergy', 'Pancreatic Beta-cell Proliferation', 'OXE Receptor Antagonist']"
CHEMBL5095063,COc1cc(N2CCNC[C@@H]2C)ncc1-c1cnc(N)c(O[C@H](C)c2c(Cl)ccc(F)c2Cl)c1,['Anticancer']
CHEMBL5095093,O=C1CO[C@H](c2cn(-c3ccc(Br)cc3)nc2-c2ccc(F)cc2)N1CCc1ccc2[nH]c(=O)[nH]c2c1,[]
CHEMBL522038,CCOC(=O)CN[C@@H](C(=O)N1CC[C@H]1C(=O)NCc1ccc(/C(N)=N\O)cc1)C1CCCCC1,['Thrombin-Inhibitor']
CHEMBL5314504,Cc1cc(/C=C/C#N)cc(C)c1-c1cccc2c(N)nc(Nc3ccc(C#N)cc3)nc12,['HIV NNRTI']
CHEMBL589390,Cc1ccc2c(c1)c1c(n2CCc2ccc(C)nc2)CCN(C)C1,"['5-HT(6) Receptor Antagonist', '5-HT(7) Receptor Antagonist']"
CHEMBL796,COC(=O)C(c1ccccc1)C1CCCCN1,"['Dopamine Transporter Inhibitor', 'Dopamine Transporter Ligand', 'Serotonin Transporter Ligand', 'Norepinephrine Transporter Inhibitor', 'Dopamine Reuptake Inhibitor', 'Nootropic', 'Amnesia-Reversal', 'Norepinephrine Uptake Inhibitor', 'CNS Drug Partitioning']"
CHEMBL92870,Cc1cccc(C)c1NC(=O)CN1CCN(CCCC(c2ccc(F)cc2)c2ccc(F)cc2)CC1,[]
CHEMBL98,O=C(CCCCCCC(=O)Nc1ccccc1)NO,"['HDACs Inhibitor', 'Histone Deacetylase Inhibitor']"
CHEMBL1090479,CCn1cc(-c2ccnc3[nH]c(-c4cccc(CN(C)C)c4)cc23)c(-c2ccc(NC(=O)N(C)C)cc2)n1,[]
CHEMBL1095292,CC[N+](C)(C)Cc1ccccc1Br.Cc1ccc(S(=O)(=O)[O-])cc1,[]
CHEMBL1169,Nc1ccc(C(=O)O)c(O)c1,[]
CHEMBL1189025,C=C(Br)C(=O)Nc1cc(C(=O)Nc2cc(C(=O)Nc3cc(C(=O)Nc4cc(C(=O)NCCNC(=N)N)n(C)c4)n(C)c3)n(C)c2)n(C)c1,['DNA Minor Groove Binder']
CHEMBL1200951,CCCCCCC(=O)OCCN1CCN(CCCN2c3ccccc3Sc3ccc(C(F)(F)F)cc32)CC1,[]
CHEMBL1201167,COc1ccccc1OCCNCC(O)COc1cccc2[nH]c3ccccc3c12.O=P(O)(O)O,"['Beta(3)-Adrenergic Agonist', 'Beta-Adrenergic Antagonist', 'Anti-Melanoma']"
CHEMBL1201863,Cc1c(OCC(F)(F)F)ccnc1C[S@@+]([O-])c1nc2ccccc2[nH]1,"['H+/K+-ATPase Inhibitor', 'Potassium-Competitive Acid Blocker', 'FASN Inhibitor', 'Insulin Degrading Enzyme Inhibitor']"
CHEMBL1256734,CC1(C)S[C@@H]2[C@H](NC(=O)C(c3ccccc3)S(=O)(=O)O)C(=O)N2[C@H]1C(=O)O,['Beta-Lactamase Inhibitor']
CHEMBL1331216,CN1[C@@H]2CC[C@H]1C[C@@H](OC(=O)[C@H](CO)c1ccccc1)C2,"['Analgesic', '5-HT(1A) Receptor Ligand', 'D2 Dopamine Receptor Ligand', 'Muscarinic Receptor Antagonist', '5-HT2A Receptor Ligand', 'CNS Penetrant', '5-HT6 Receptor Ligand', '5-HT7 Receptor Ligand', 'Gastric Antisecretory', 'Histamine H3 Receptor Ligand', 'Sigma1 Receptor Ligand', 'Partial Agonist', 'H1 Receptor Antagonist', '5-HT(3) Receptor Ligand', 'M1 Muscarinic Receptor Ligand', 'Antimuscarinic', 'Procognitive', 'Adenylyl Cyclase Inhibitor', 'Anticholinergic', 'Nootropic', 'Muscarinic M1 Agonist', 'Spasmolytic', 'Myorelaxant', 'Dopamine Modulator', 'Lipophilicity', 'M1 Antagonist', 'Cognitive Impairment', 'h5-HT1D Receptor Ligand', 'Antihistamine', 'M5 Antagonist', 'Cholinergic Receptor Antagonist', 'M1AChR Agonist', 'Sigma-1 Receptor', 'Urinary Bladder', 'Memory Impairment', 'Parasympatholytic', 'Pan-Muscarinic Antagonist', 'Muscarinic Receptor Modulator', 'D5 Receptor Ligand', 'D-2 Dopamine Receptor Imaging Agent', 'Glycine Receptor Modulator', 'H1 Receptor Ligand']"
CHEMBL1411,C[C@@H](O)CCCCn1c(=O)c2c(ncn2C)n(C)c1=O,[]
CHEMBL1450,O=C1C(O)=C([C@H]2CC[C@H](c3ccc(Cl)cc3)CC2)C(=O)c2ccccc21,[]
CHEMBL2104094,OC(c1ccc(Cl)cc1)c1cc2ccccc2o1,[]
CHEMBL2106667,COS(=O)(=O)[O-].COc1cc(N)cn[n+]1-c1ccccc1,[]
CHEMBL2107309,Cc1sc[n+](CC(=O)c2ccccc2)c1C.[Cl-],[]
CHEMBL224436,CO[C@@H]1[C@@H](O[C@@H]2O[C@H](C)[C@@H](O[C@H]3C[C@@](C)(O)[C@@H](OC(=O)CC(C)C)[C@H](C)O3)[C@H](N(C)C)[C@H]2O)[C@@H](CC=O)C[C@@H](C)[C@@H](O)/C=C/C=C/C[C@@H](C)OC(=O)C[C@H]1OC(C)=O,['Antibiotic']
CHEMBL250270,COC(=O)C1=C(C)NC(C)=C(C(=O)OC(C)(C)CN(C)CCC(c2ccccc2)c2ccccc2)C1c1cccc([N+](=O)[O-])c1,"['QT Prolongation', 'L-type Channel Inhibitor', 'CaL Channel Inhibitor', 'Alpha-Adrenolytic']"
CHEMBL250892,N[C@H](Cc1ccc(N(CCCl)CCCl)cc1)C(=O)O,[]
CHEMBL264241,CCCCCOc1ccc(-c2ccc(-c3ccc(C(=O)N[C@H]4C[C@@H](O)[C@@H](O)NC(=O)[C@@H]5[C@@H](O)[C@@H](C)CN5C(=O)[C@H]([C@@H](C)O)NC(=O)[C@H]([C@H](O)[C@@H](O)c5ccc(O)cc5)NC(=O)[C@@H]5C[C@@H](O)CN5C(=O)[C@H]([C@@H](C)O)NC4=O)cc3)cc2)cc1,"['Antifungal', 'Beta-1,3-Glucan Synthase Inhibitor', 'Glucan Synthase Inhibitor', 'Cell Wall Biosynthesis']"
CHEMBL31,COc1c(N2CCNC(C)C2)c(F)cc2c(=O)c(C(=O)O)cn(C3CC3)c12,"['Antibiotic', 'Anti-mycobacterial', 'DNA GyraseB Inhibitor', 'Mycobacterium tuberculosis Inhibitor', 'Antipneumococcal']"
CHEMBL3188267,CNC(=O)c1ccc(-c2cnc3ncc(Cc4ccc5ncccc5c4)n3n2)cc1F,['cMET Inhibitor']
CHEMBL3716057,COc1cc(C(C)C)c(Oc2cnc(N)nc2N)cc1S(N)(=O)=O,"['P2X3/P2X2/3 Receptor Antagonist', 'Pain Treatment']"
CHEMBL3950712,COc1cc(N)c(Cl)cc1C(=O)NCC1CCN(CCCn2ccnn2)CC1,"['5-HT4 Receptor Agonist', 'Amyloid Cascade Modulator']"
CHEMBL39677,c1ccc2nc3ccccc3cc2c1,['QR2 Inhibitor']
CHEMBL4094894,CC(C)c1cccc([C@H](C)C2CC2)c1O,['General Anesthetic']
CHEMBL4297269,CN1C(=O)[C@@H](NC(=O)[C@H](CCC(F)(F)F)[C@H](CCC(F)(F)F)C(N)=O)N=C(c2ccccc2)c2ccccc21,['Notch Inhibitor']
CHEMBL4297419,CCCCCCCC(C(=O)c1ccccc1)N1CCCC1,"['Dopamine Transporter Inhibitor', 'Norepinephrine Transporter Inhibitor', 'Monoamine Uptake Inhibitor']"
CHEMBL4650367,CC(=O)N[C@@H](Cc1c[nH]c2ccccc12)C(=O)N[C@@H](CCC(=O)C=[N+]=[N-])C(=O)OC(C)C,"['Prodrug', 'Tumor-Targeting']"
CHEMBL4790100,Nc1ncc(-c2ccncc2)nc1Nc1ccc2[nH]ccc2c1,[]
CHEMBL5072826,[Ca+2].[H-].[H-],"['Antimalarial', 'Antimicrobial', 'Neuroprotective', 'Vasodilator', 'Cytoprotective', 'Vasorelaxant', 'Cardioprotective', 'Cardiovascular', 'Type 2 Diabetes Treatment', 'H2S Donor', 'Carbonic Anhydrase', 'Amnesia-Reversal', 'NMDAR Antagonist', 'Osteoblast Stimulator', 'Hydrogen Sulfide Donor', 'Mood Disorder', 'CO2 Hydrase', 'Beta-CA Inhibitor', 'Carbonic Anhydrase IV Inhibitor', 'IFN-Gamma Inhibitor', 'Cu Chelator', 'Anion Inhibitor', 'H2S-Releasing', 'DNA Cleaving Agent', 'Carbonic Anhydrase XV Inhibitor', 'Tau Protein Inhibitor', 'TASK Channel Modulator', 'HD', 'Glycogen Synthase Activator']"
CHEMBL5314491,CC(C)C[C@@H]1NC(=O)[C@@H](Cc2ccccc2)NC(=O)[C@H](CCN)NC(=O)[C@@H](NC(=O)[C@H](CN)NC(=O)[C@@H](NC(=O)C[C@H](CN)c2cccc(Cl)c2)[C@@H](C)O)CCNC(=O)[C@H]([C@@H](C)O)NC(=O)[C@H](CCN)NC(=O)[C@H](CCN)NC1=O,"['Antibiotic', 'Nephrotoxicity']"
CHEMBL622,CCc1cccc2c3c([nH]c12)C(CC)(CC(=O)O)OCC3,"['Anti-Inflammatory', 'Analgesic', 'Dopamine Agent']"
CHEMBL643,CC(CN1c2ccccc2Sc2ccccc21)N(C)C,"['AChE Inhibitor', 'Butylcholinesterase Inhibitor', 'Trypanothione Reductase Inhibitor', 'MDR-Modulator', 'BChE Inhibitor']"
CHEMBL75880,C1CCC(C(CC2CCCCN2)C2CCCCC2)CC1,[]
CHEMBL1000,O=C(O)COCCN1CCN(C(c2ccccc2)c2ccc(Cl)cc2)CC1,"['GABA Uptake Inhibitor', 'H1 Receptor Antagonist', 'hERG Channel Inhibitor', 'Histamine H1 Receptor Antagonist', 'Histone Deacetylase-6 Inhibitor', 'Histamine Receptor Antagonist', 'H4 Receptor Antagonist', 'IKr Channel Blocker', 'Antihistamine', 'HERG Inhibitor', 'CNS Drug Partitioning', 'Histamine H1-Receptor Agonist']"
CHEMBL1697838,COCCOc1cnc(NS(=O)(=O)c2ccccc2)nc1,[]
CHEMBL177591,CN(C)C(=O)O,"['Glycine Agonist', 'hPAT1 Substrate']"
CHEMBL1870796,CC(C)(C)C(=O)NCCCC(=O)O,[]
CHEMBL1922660,CCOc1ccc(-c2ccc(Cn3c(CC(C)(C)C(=O)O)c(SC(C)(C)C)c4cc(OCc5ccc(C)cn5)ccc43)cc2)cn1,"['FLAP Inhibitor', 'Leukotriene Biosynthesis Inhibitor']"
CHEMBL1951143,CCCCc1nc(C)c(CC(=S)N(C)C)c(=O)n1Cc1ccc(-c2ccccc2-c2nnn[nH]2)cc1,"['Antihypertensive', 'AT1 Receptor Antagonist']"
CHEMBL2058833,CC1(C)c2nc(-c3ccc(F)cc3)c(Nc3ccc(F)cc3)n2CCN1C(=O)CN,['Antimalarial']
CHEMBL2105348,CO[C@H]1O[C@H](CNC(=O)N(CCCl)N=O)[C@@H](O)[C@H](O)[C@H]1O,[]
CHEMBL2105756,COc1cc2nccc(Oc3ccc(NC(=O)Nc4cc(C)on4)c(Cl)c3)c2cc1OC.Cl.O,['VEGFR2 Inhibitor']
CHEMBL2106191,O=S(=O)([O-])c1cc(O)ccc1O.O=S(=O)([O-])c1cc(O)ccc1O.[Ca+2],[]
CHEMBL2106323,O.OC[C@H]1O[C@@H](O[C@H]2[C@H](O)[C@@H](O)[C@H](O)O[C@@H]2CO)[C@H](O)[C@@H](O)[C@H]1O,"['Immune Response Modulator', 'Cryptosporidium parvum Inhibitor']"
CHEMBL2106325,Cc1ccc2c(c1)[C@]13CCCC[C@@H]1[C@H](C2)N(C)CC3,"['OCT1 Substrate', 'MRGPRX2 Agonist', 'Nicotinic Acetylcholine Receptor Inhibitor', 'Estrogen-Dependent Diseases']"
CHEMBL2218911,C=C(C)[C@@H]1CC[C@]2(C(=O)O)CC[C@]3(C)[C@H](CC[C@@H]4[C@@]5(C)CC[C@H](OC(=O)CC(C)(C)C(=O)O)C(C)(C)[C@@H]5CC[C@]43C)[C@@H]12.CNC[C@H](O)[C@@H](O)[C@H](O)[C@H](O)CO.CNC[C@H](O)[C@@H](O)[C@H](O)[C@H](O)CO,[]
CHEMBL289469,CN1C2CCCC1CC(NC(=O)c1nn(C)c3ccccc13)C2,"['5-HT3 Receptor Antagonist', '5-HT4R Antagonist']"
CHEMBL298817,C[C@@H](n1cnc2cc(Cl)ccc2c1=O)[C@](O)(Cn1cncn1)c1ccc(F)cc1F,['Antifungal']
CHEMBL3039525,CN1CCN(C2CCN(C(=O)Nc3cc(Oc4ccc(NC(=O)C5(C(=O)Nc6ccc(F)cc6)CC5)c(F)c4)ccn3)CC2)CC1,"['VEGFR2 Inhibitor', 'cMET Inhibitor']"
CHEMBL3039598,CCC(=O)O[C@@H](O[P@](=O)(CCCCc1ccccc1)CC(=O)N1C[C@H](C2CCCCC2)C[C@H]1C(=O)O)C(C)C,['Angiotensin Converting Enzyme Inhibitor']
CHEMBL350719,CCC(=O)C(C[C@H](C)N(C)C)(c1ccccc1)c1ccccc1,[]
CHEMBL3604010,CNC(C)C(=O)c1ccc2c(c1)OCO2,"['Norepinephrine Transporter Inhibitor', 'Psychotomimetic']"
CHEMBL4297302,CCS(=O)(=O)c1ccc(Oc2cc(O[C@@H](C)CO)cc(C(=O)Nc3ccn(C)n3)c2)cn1.CS(=O)(=O)O,['Glucokinase Activator']
CHEMBL4297461,COc1cccc2[nH]c3c4c(c5c(c3c12)C(=O)N(CN1CCN(C)CC1)C5=O)CCC4,[]
CHEMBL4301162,COC(=O)[C@H](c1ccccc1)[C@H]1CCCCN1C(=O)OC[n+]1cccc(C(=O)N[C@@H](CO)C(=O)O)c1,[]
CHEMBL4594423,CN1CC[C@H](c2c(OP(=O)(O)O)cc(O)c3c(=O)cc(-c4ccccc4Cl)oc23)[C@H](O)C1,"['Antiproliferative', 'CDK Inhibitor', 'CDK9 Inhibitor', 'Cyclin-Dependent Kinase Inhibitor']"
CHEMBL4633785,O=C(O)c1c(F)ccc2c1OB(O)[C@@H]1C[C@H]21,"['Beta-Lactamase Inhibitor', 'Beta-lactamase Inhibitor']"
CHEMBL4802244,COC[C@H]1CN(C(=O)[C@]2(F)CN(C3CCCC3)C[C@H]2c2ccc(OC)cc2)C[C@@H]1c1ccc(C(F)(F)F)cc1N1CCC(C(=O)O)CC1.O=P(O)(O)O,[]
CHEMBL5095032,Cl.O=C(N[C@@H]1CN2CCC1CC2)c1n[nH]c2ccccc12,['Alpha7-nAChR Agonist']
CHEMBL52885,Cn1cc(C2=C(c3cn(C)c4cc([N+](=O)[O-])ccc34)C(=O)NC2=O)c2ccccc21,['Protein Kinase C Inhibitor']
CHEMBL5314601,CCCCCCCCCCCCOS(=O)(=O)O.Cc1nc(Nc2ncc(C(=O)Nc3c(C)cccc3Cl)s2)cc(N2CCN(CCO)CC2)n1,['DDR2 Inhibitor']
CHEMBL916,CCCCS(=O)(=O)N[C@@H](Cc1ccc(OCCCCC2CCNCC2)cc1)C(=O)O,"['Factor Xa Inhibitor', 'Antiplatelet Aggregation Inhibitor', 'Antithrombotic', 'GPIIb/IIIa Antagonist', 'Fibrinogen Receptor Antagonist', 'Integrin Inhibitor', 'GPIIb-IIIa Inhibitor', 'Integrin Ligand', 'Alphav Integrin Inhibitor', 'Cell Adhesion', 'Antiaggregatory', 'Dual Antithrombotic']"
CHEMBL1200396,CCCCN1CCCCC1C(=O)Nc1c(C)cccc1C.Cl,"['Antiarrhythmic', 'Local Anesthetic', 'CYP3A Substrate', 'TASK Channel Modulator', 'Local Anaesthetic']"
CHEMBL1200675,CN(C)CCOc1ccc(/C(=C(/CCCl)c2ccccc2)c2ccccc2)cc1.O=C(O)CC(O)(CC(=O)O)C(=O)O,"['ERRGamma Inverse Agonist', 'Thyroid Cancer']"
CHEMBL1200701,Cc1onc(-c2c(Cl)cccc2Cl)c1C(=O)N[C@@H]1C(=O)N2[C@@H]1SC(C)(C)[C@@H]2C(=O)[O-].O.[Na+],['Antibiotic']
CHEMBL1201304,CC1(C)C(/C=C/C=C/C=C/C=C2\N(CCCCS(=O)(=O)O)c3ccc4ccccc4c3C2(C)C)=[N+](CCCCS(=O)(=O)[O-])c2ccc3ccccc3c21,['Bone-Targeting']
CHEMBL1230609,COc1cc2c(Oc3ccc(NC(=O)C4(C(=O)Nc5ccc(F)cc5)CC4)cc3F)ccnc2cc1OCCCN1CCOCC1,"['Anticancer', 'Cytotoxic', 'Antitumor', 'Antiproliferative', 'VEGFR2 Inhibitor', 'cMET Inhibitor', 'FLT3 Inhibitor', 'Multi-target Kinase Inhibitor', 'Anti-Migratory']"
CHEMBL146428,N=C1NC(=O)N2CC12,[]
CHEMBL1728,CCn1cc(C(=O)O)c(=O)c2cc(F)c(N3CCNC(C)C3)c(F)c21.Cl,"['Antibiotic', 'Antialzheimer', 'ChEs Inhibitor', 'Quinolone Antibiotic']"
CHEMBL1773,CCCCCOC(=O)Nc1nc(=O)n([C@@H]2O[C@H](C)[C@@H](O)[C@H]2O)cc1F,[]
CHEMBL2105680,CO[C@H]1/C=C/O[C@@]2(C)Oc3c(C)c([O-])c4c(O)c(cc(O)c4c3C2=O)NC(=O)/C(C)=C\C=C\[C@H](C)[C@H](O)[C@@H](C)[C@@H](O)[C@@H](C)[C@H](OC(C)=O)[C@@H]1C.[Na+],['Antibiotic']
CHEMBL2107315,CC[C@@]1(O)C(=O)OCc2c1cc1n(c2=O)Cc2c-1nc1ccccc1c2CCNC(C)C.Cl,['Cytotoxic']
CHEMBL215645,CCN(C)C(=O)Oc1cccc([C@H](C)N(C)C)c1.O=C(O)C(O)C(O)C(=O)O,['Acetylcholinesterase Inhibitor']
CHEMBL251940,N#Cc1ccc2c(c1)N(CCCN1CCC(O)CC1)c1ccccc1S2,"['Breast Cancer Inhibitor', 'Anti-Glioblastoma']"
CHEMBL307177,O=C(Nc1ccc(Cl)c(Cl)c1)NS(=O)(=O)c1ccc2c(c1)CCO2,[]
CHEMBL368591,CCC(O)C(CC(C)N(C)C)(c1ccccc1)c1ccccc1,['Antiarrhythmic']
CHEMBL383675,Oc1cccc(-c2c3nc(c(-c4cccc(O)c4)c4ccc([nH]4)c(-c4cccc(O)c4)c4ccc([nH]4)c(-c4cccc(O)c4)c4nc2CC4)C=C3)c1,[]
CHEMBL389621,C[C@]12CCC(=O)C=C1CC[C@@H]1[C@@H]2[C@@H](O)C[C@@]2(C)[C@H]1CC[C@]2(O)C(=O)CO,"['Anti-Inflammatory', 'Neuroprotective', 'BACE-1 Inhibitor', 'Butylcholinesterase Inhibitor', 'ChEs Inhibitor', 'GR Agonist', 'FXR Modulator', 'CYP3A4 Inducer', 'Glucocorticoid Modulator', 'CYP3A Substrate', 'PDE4/7 Inhibitor', 'Human Chymase Inhibitor']"
CHEMBL408194,COC1=CC(c2cc3ccccc3[nH]2)=N/C1=C\c1[nH]c(C)cc1C,['Antimalarial']
CHEMBL4303214,CNC(=O)c1c(C)oc2cc(Oc3ncnc4cc(OC)c(OC)cc34)ccc12,['VEGFR2 Inhibitor']
CHEMBL4650827,CCN(C(=O)c1cc(F)ccc1Oc1cncnc1N1CC2(CCN(C[C@H]3CC[C@H](NS(=O)(=O)CC)CC3)CC2)C1)C(C)C,[]
CHEMBL4803710,CNC(=O)c1cnc(NC(=O)C2CC2)cc1Nc1cccc(-c2ncc(F)cn2)c1OC,"['JAK1/JAK2 Inhibitor', 'TYK2 Inhibitor', 'Autoimmune Diseases']"
CHEMBL556578,CN1CC[C@]23c4c5ccc(O)c4O[C@H]2[C@@H](O)C=C[C@H]3[C@H]1C5.Cl,"['Analgesic', 'Antinociceptive', 'Kappa Opioid Agonist', 'Opioid Receptor Ligand', 'Opioid Receptor Agonist', 'Mu Opioid Receptor Agonist', 'Opioid Antagonist', 'Opioid', 'Narcotic-Antagonist', 'MOR Agonist', 'Opioid Analgesic', 'Spasmolytic', 'Antitrichomonal', 'NPFF1 Antagonist', 'Delta Antagonist', 'MOR Antagonist', 'Narcotic Analgesic', 'DOR Antagonist', 'Narcotic Agonist', 'Delta-Antagonist', 'OCT1 Substrate', 'Tranquilizing', 'Nociceptin Agonist', 'Opiate Receptor', 'TLR4 Antagonist', 'kappa-Opioid Receptor', 'MRGPRX2 Agonist', 'Opioid Agonist-Antagonist', 'Hyperglycemic', 'Opiate', 'Mu Antagonist', 'Mu-Agonist', 'GI Motility']"
CHEMBL776,CC(C)NCC(O)c1cc(O)cc(O)c1,['Beta(3)-Adrenergic Agonist']
CHEMBL86882,CCNCC(O)c1cccc(O)c1,['Beta(3)-Adrenergic Agonist']
CHEMBL1014,CCOc1nc2cccc(C(=O)OC(C)OC(=O)OC3CCCCC3)c2n1Cc1ccc(-c2ccccc2-c2nn[nH]n2)cc1,"['Angiotensin Receptor Antagonist', 'Neddylation Inhibitor']"
CHEMBL1123,CCN(CC)CCOC(=O)C1(C2CCCCC2)CCCCC1,[]
CHEMBL1139,CCCCC[C@H](O)/C=C/[C@@H]1[C@H]2C/C(=C/CCCC(=O)O)O[C@H]2C[C@H]1O,"['Antiplatelet Aggregation Inhibitor', 'Bronchodilator', 'Ocular Hypotensive', 'DP1 Antagonist', 'Prostanoid Receptor Ligand']"
CHEMBL1187833,OC(c1ccccc1)(c1ccccc1)C12CC[N+](CCOCc3ccccc3)(CC1)CC2,['Muscarinic Receptor Antagonist']
CHEMBL1189150,[NH-]c1c[n+](N2CCOCC2)no1,[]
CHEMBL1200402,CCOC(=O)C1=C(COCCN)NC(C)=C(C(=O)OC)C1c1ccccc1Cl.O=S(=O)(O)c1ccccc1,"['Ca2+ Antagonist', 'CYP3A4 Inducer', 'PXR Activator']"
CHEMBL1201014,C[C@]12C=CC(=O)C=C1CC[C@@H]1[C@@H]2[C@@H](O)C[C@@]2(C)[C@H]1CC[C@]2(O)C(=O)COP(=O)([O-])[O-].[Na+].[Na+],[]
CHEMBL1201063,CCCNCC(O)COc1ccccc1C(=O)CCc1ccccc1.Cl,"['Antiarrhythmic', 'Multidrug Resistance Reversal', 'MDR-Modulator', 'Antiglaucoma', 'HIV-1 Capsid Inhibitor', 'FPR2 Agonist', 'Glioblastoma Inhibitor', 'Pks13 Inhibitor', 'TP Inhibitor', 'Negative Inotropic', 'Systemic Sclerosis']"
CHEMBL1276310,CO[C@@]1(NC(=O)C(C(=O)O)c2ccsc2)C(=O)N2[C@@H](C(=O)O)C(C)(C)S[C@@H]21,['Antibiotic']
CHEMBL1398126,Cl.N=C(N)NC(=O)c1nc(Cl)c(N)nc1N.O.O,"['Analgesic', 'Anti-Metastatic', 'uPA-uPAR Inhibitor']"
CHEMBL1575,C[C@]12CC[C@@H]3c4ccc(OC(=O)N(CCCl)CCCl)cc4CC[C@H]3[C@@H]1CC[C@@H]2O,[]
CHEMBL1594,CC(C)(CO)[C@@H](O)C(=O)NCCC(=O)O,['PanK Inhibitor']
CHEMBL1684950,CC(C)c1ccc(CC(=O)N[C@H](C)c2ccc(OCC(F)(F)F)cn2)cc1,['T-Type Calcium Channel Inhibitor']
CHEMBL1697766,CN1CCN(CCCN2c3ccccc3Sc3ccccc32)CC1,[]
CHEMBL1755,Cc1nc2c([nH]1)-c1ccccc1N(C(=O)c1ccc(NC(=O)c3ccccc3-c3ccccc3)cc1)CC2,[]
CHEMBL1818442,Cl.Clc1ccc([C@]23CNC[C@H]2C3)cc1Cl,"['Analgesic', 'Antidepressant', 'Triple Re-uptake Inhibitor', 'Monoamine Transporter Inhibitor']"
CHEMBL1823241,O=C(CCCCCCCCC(=O)Oc1ccc2c3c1O[C@H]1[C@@H](O)CC[C@@]4(O)[C@@H](C2)N(CC2CCC2)CC[C@]314)Oc1ccc2c3c1O[C@H]1[C@@H](O)CC[C@@]4(O)[C@@H](C2)N(CC2CCC2)CC[C@]314,['Opioid Receptor Ligand']
CHEMBL2013119,COc1cc(OC)c(/C=C/S(=O)(=O)Cc2ccc(OC)c(NCC(=O)[O-])c2)c(OC)c1.[Na+],"['Anticancer', 'Mitotic Inhibitor', 'Cyclin D1-CDK4 Inhibitor']"
CHEMBL2105039,c1ccc(CN(CCN2CCCC2)c2ccccc2)cc1,[]
CHEMBL221886,CN[C@@H]1[C@@H](O)[C@@H](O[C@@H]2[C@@H](O)[C@H](O[C@H]3OC(CN)=CC[C@H]3N)[C@@H](N)C[C@H]2N)OC[C@]1(C)O,"['Antibiotic', 'Antimicrobial', 'Protein Synthesis Inhibitor', 'Ribosome Inhibitor', 'DHPS Inhibitor', 'Nonsense Mutation', 'Antiquorum-Sensing', ""Decaprenylphosphoryl-Beta-D-ribose 2'-Oxidase Inhibitor"", 'Ribosome Binding', 'Protease-Resistant', 'Electron Transport Inhibitor', 'Genetic Disease', 'Antibiotic Resistance', 'Inhibitor', 'Nephrotoxicity', 'Aminoglycoside', 'Nonsense Mutation Suppressor']"
CHEMBL305666,CC[C@@]1(O)C(=O)OCc2c1cc1n(c2=O)Cc2c-1nc1cc3c(cc1c2CN1CCN(C)CC1)OCCO3,[]
CHEMBL3139186,Cc1nc(N2CCN(C)CC2)c2nc(-c3ccccc3Cl)n(C3CCOCC3)c2n1,"['CB2 Agonist', 'Chronic Pain Treatment']"
CHEMBL3185229,O.O.O.O.O.O.[Cl-].[Cl-].[Mg+2],"['Antimalarial', 'Carbonic Anhydrase Inhibitor', 'Type 2 Diabetes Treatment', 'Carbonic Anhydrase', 'CO2 Hydrase', 'Beta-CA Inhibitor', 'Carbonic Anhydrase IV Inhibitor', 'Anion Inhibitor', 'DNA Cleaving Agent', 'Carbonic Anhydrase XV Inhibitor', 'HD', 'Glycogen Synthase Activator']"
CHEMBL3234237,Fc1ccc(CN2CCC(Nc3ccc(C(F)(F)F)nn3)CC2)cc1F,[]
CHEMBL34124,COc1ccc2c(c1OCc1ccccc1)C[C@@H](C(=O)O)N(C(=O)C(c1ccccc1)c1ccccc1)C2,"['Analgesic', 'AT1 Receptor Ligand', 'AT2 Receptor Agonist', 'AT2 Receptor Antagonist']"
CHEMBL3586404,CO[C@H]1CC[C@H](N2C(=O)CNc3ncc(-c4ccc(C(C)(C)O)nc4)nc32)CC1,['mTOR Kinase Inhibitor']
CHEMBL3827379,C=C(C)[C@@H]1CC[C@]2(NCCN3CCS(=O)(=O)CC3)CC[C@]3(C)[C@H](CC[C@@H]4[C@@]5(C)CC=C(c6ccc(C(=O)O)cc6)C(C)(C)[C@@H]5CC[C@]43C)[C@@H]12,"['Antiviral', 'HIV Maturation Inhibitor']"
CHEMBL3916929,CNC(=O)C[C@H]1COc2cc(F)ccc2N1C(=O)c1ccc2c(c1)NC(=O)CO2,"['Organ Protection', 'Mineralocorticoid Receptor Modulator']"
CHEMBL3987016,CCS(=O)(=O)Nc1ccc(Oc2ccc(F)cc2F)c(-c2cn(C)c(=O)c3[nH]ccc23)c1,"['BET Inhibitor', 'Bromodomain Inhibitor', 'BET Bromodomain Antagonist', 'Oncology']"
CHEMBL3989567,Cc1onc(-c2ccccc2)c1C(=O)N[C@@H]1C(=O)N2[C@@H]1SC(C)(C)[C@@H]2C(=O)[O-].O.[Na+],['Antibiotic']
CHEMBL4066936,COC(=O)Nc1c(N)nc(-c2nn(Cc3ccccc3F)c3ncc(F)cc23)nc1N,"['Hypertension', 'sGC Stimulator', 'Pulmonary Hypertension']"
CHEMBL419792,CN[C@@H]1Cc2cccc3[nH]c(=O)n(c23)C1,"['Dopamine Receptor Agonist', 'Dopamine D2 Agonist', 'Serotoninergic Agonist', 'D2/D3 Agonist']"
CHEMBL4297587,Cc1[nH]c(/C=C2\C(=O)Nc3ccc(F)cc32)c(C)c1C(=O)N[C@H]1CCN(C(=O)N(C)C)C1,"['Antitumor', 'VEGFR2 Inhibitor']"
CHEMBL4297620,NC(=O)OC[C@H](N)Cc1ccccc1,[]
CHEMBL4297865,C=CC(=O)Nc1cccc(Oc2nc(Nc3ccc(N4CCN(C)CC4)c(F)c3)nc3[nH]ccc23)c1,"['EGFR Kinase Inhibitor', 'NSCLC', 'EGFR-TKI']"
CHEMBL4298147,CS(=O)(=O)O.C[C@@H](C(=O)Nc1ccc(Cl)cc1)C1CCC(c2ccnc3ccc(F)cc23)CC1,"['IDO1 Inhibitor', 'Cancer Immunotherapy']"
CHEMBL435883,CC#CCC(C)[C@H](O)/C=C/[C@@H]1[C@H]2c3cccc(CCCC(=O)[O-])c3O[C@H]2C[C@H]1O.[Na+],"['Antiplatelet Aggregation Inhibitor', 'Thromboxane A2 Receptor Antagonist', 'Prostacyclin Receptor Agonist', 'DP1 Antagonist', 'IP Receptor Agonist', 'Prostanoid Receptor Ligand']"
CHEMBL45024,C[S+](C)CC[C@H](N)C(=O)O,"['Voltage-Gated Calcium Channel Ligand', 'Riboswitch Ligand']"
CHEMBL452231,COc1cc([C@@H]2c3cc4c(cc3[C@@H](O[C@@H]3O[C@@H]5CO[C@@H](c6cccs6)O[C@H]5[C@H](O)[C@H]3O)[C@H]3COC(=O)[C@H]23)OCO4)cc(OC)c1O,"['Antitumor', 'DNA Topoisomerase II Inhibitor']"
CHEMBL4650225,CO[C@]1(CN2CCN3CCCC[C@@H]3C2)/C=C/C[C@H](C)[C@@H](C)S(=O)(=O)NC(=O)c2ccc3c(c2)N(C[C@@H]2CC[C@H]21)C[C@@]1(CCCc2cc(Cl)ccc21)CO3,['MCL-1/BCL-2 Inhibitor']
CHEMBL491,CC(C)(O)C(=O)Nc1ccc([N+](=O)[O-])c(C(F)(F)F)c1,[]
CHEMBL5314429,COc1cc2nccc(Oc3ccc(NC(=O)c4cc5c(n(-c6ccccc6)c4=O)CCCC5=O)nc3)c2cc1OC,"['cMET Inhibitor', 'Osteogenic']"
CHEMBL5314470,CN(C)C/C=C/C(=O)Nc1cc2c(Nc3ccc(F)c(Cl)c3)ncnc2cc1OC(F)F,"['EGFR Kinase Inhibitor', 'EGFR Degradation Facilitator', 'c-Met Degradation Facilitator']"
CHEMBL5314572,CS(=O)(=O)O.Cc1cc(-c2nc(C(=O)Nc3cc4oc(N5CCOCC5)nc4nc3N3CC[C@@H](O)C3)co2)ccn1,"['IRAK-4 Inhibitor', 'Hematologic Malignancies']"
CHEMBL5316163,CS(=O)(=O)Nc1cccc(N2CCN(CCCCc3coc4cc5c(cc4c3=O)OCO5)CC2)c1,[]
CHEMBL715,Cc1cc2c(s1)Nc1ccccc1N=C2N1CCN(C)CC1,['Neuroleptic']
CHEMBL729,Cc1cccc(C)c1OCC(=O)N[C@@H](Cc1ccccc1)[C@@H](O)C[C@H](Cc1ccccc1)NC(=O)[C@H](C(C)C)N1CCCNC1=O,['HIV Protease Inhibitor']
CHEMBL90,NCCc1c[nH]cn1,"['Histamine H3 Receptor Ligand', 'Histamine H3 Receptor Agonist', 'Carbonic Anhydrase Activator', 'Fluorescent Probe', 'H3R Agonist', 'Histamine H4R Agonist', 'H4 Receptor Antagonist', 'AGE Inhibitor', 'Histamine H1-Receptor Agonist']"
CHEMBL1200638,CN(C)CC[C@@H](c1ccc(Br)cc1)c1ccccn1.O=C(O)/C=C\C(=O)O,[]
CHEMBL1200832,CN(C/C=C/C#CC(C)(C)C)Cc1cccc2ccccc12.Cl,['Antifungal']
CHEMBL1200854,CCCCCCCCCC(=O)OCCN1CCN(CCCN2c3ccccc3Sc3ccc(C(F)(F)F)cc32)CC1,[]
CHEMBL1200969,C[C@]12C=CC(=O)N[C@@H]1CC[C@@H]1[C@@H]2CC[C@]2(C)[C@@H](C(=O)Nc3cc(C(F)(F)F)ccc3C(F)(F)F)CC[C@@H]12,"['5Alpha-Reductase Inhibitor', '17beta-hydroxysteroid Dehydrogenase Inhibitor']"
CHEMBL1201101,C[C@]12CC[C@H]3[C@@H](CCC4=CC(=O)CC[C@@]43C)[C@@H]1CC[C@@H]2OC(=O)CCC1CCCC1,[]
CHEMBL1201740,Cc1cn(-c2cc(NC(=O)c3ccc(C)c(Nc4nccc(-c5cccnc5)n4)c3)cc(C(F)(F)F)c2)cn1.Cl.O,"['Bcr-Abl Inhibitor', 'Cholesterol Lowering']"
CHEMBL1236107,Cn1cc(-c2ccc3nnc(Sc4ccc5ncccc5c4)n3n2)cn1,"['cMET Inhibitor', 'Aldehyde Oxidase Inhibitor']"
CHEMBL155625,OCc1c[nH]c2ccccc12,[]
CHEMBL16264,CCOCC,['Lipophilicity Modulator']
CHEMBL166937,CN(CC(N)=O)C(=O)N(CCCl)N=O,['Antitumor']
CHEMBL169,C[C@H]1[C@H](C)CC[C@]2(C(=O)O)CC[C@]3(C)C(=CC[C@@H]4[C@@]5(C)CC[C@H](O)C(C)(C)[C@@H]5CC[C@]43C)[C@H]12,"['Anticancer', 'Cytotoxic', 'Anti-Inflammatory', 'Apoptosis Inducer', 'Neuroprotective', 'Anti-HIV-1', 'Anti-Diabetic', 'COX2 Inhibitor', 'Anti-Cancer', 'NF-kappa B Inhibitor', 'Alpha-glucosidase Inhibitor', 'Apoptosis', 'PTP1b Inhibitor', 'Glycogen Phosphorylase Inhibitor', 'Protein Tyrosine Phosphatase 1B Inhibitor', 'LOX Inhibitor', 'HCV Entry Inhibitor', 'SENP Inhibitor', 'AKR1B1 Inhibitor', 'Topoisomerase IB Inhibitor', 'DNA Polymerase Beta Inhibitor', 'Insulin Pathway Modulator', 'Motility Inhibitor']"
CHEMBL1950576,CN[C@@H]1[C@H](O[C@H]2[C@H](O[C@H]3[C@H](O)[C@@H](O)[C@H](NC(=N)N)[C@@H](O)[C@@H]3NC(=N)N)O[C@@H](C)[C@]2(O)CO)O[C@@H](CO)[C@H](O)[C@H]1O,"['Antibiotic', 'Antimicrobial', 'Aminoglycoside', 'Nonsense Mutation Suppressor', 'Antiurease']"
CHEMBL1951071,COc1ccc(C[C@@H](C)NC[C@H](O)c2ccc(O)c(NC=O)c2)cc1.O=C(O)C(O)C(O)C(=O)O,"['Beta(3)-Adrenergic Agonist', 'Bronchodilator']"
CHEMBL2010507,CNC(C)Cc1ccccc1OC,[]
CHEMBL2062263,NCCS.O=C(O)C(O)C(O)C(=O)O,[]
CHEMBL2105167,COc1ccc2c(c1)C(O)(CCCN(C)C)c1ccccc1S2,['Trypanothione Reductase Inhibitor']
CHEMBL2105729,CC(C)(C)c1nc(-c2cccc(NS(=O)(=O)c3c(F)cccc3F)c2F)c(-c2ccnc(N)n2)s1.CS(=O)(=O)O,"['B-Raf(V600E) Inhibitor', 'Raf Kinase Inhibitor']"
CHEMBL2151197,CCNC(=O)[C@H]1C[C@@](F)(c2ccc(CN3CCCC3)c(F)c2)C1,[]
CHEMBL25202,CC1(C)CCC(C)(C)c2cc(NC(=O)c3ccc(C(=O)O)cc3)ccc21,"['Retinoidal', 'Retinoid Receptor Agonist']"
CHEMBL297792,Cc1ccc(C#Cc2ccc(S(=O)(=O)N[C@H](Cc3c[nH]c4ccccc34)C(=O)O)s2)cc1,"['MMP-2/MMP-8 Inhibitor', 'Collagenase-1 Inhibitor', 'MMP-9 Inhibitor', 'Gelatinase Inhibitor']"
CHEMBL3188386,Cc1cc(-c2ncc(CC(=O)Nc3ccc(-c4cnccn4)cn3)cc2C)ccn1,"['Wnt Pathway Inhibitor', 'Porcupine Inhibitor']"
CHEMBL3545407,O=[N+]([O-])OC[C@H]1O[C@@H](n2cnc3c(NC4CCCC4)ncnc32)[C@H](O)[C@@H]1O,[]
CHEMBL4297349,C[C@@H]1NC(=O)[C@H](CC(=O)O)NC1=O,[]
CHEMBL4297527,O=C(Nc1c(Cl)c[n+]([O-])cc1Cl)c1ccc(OC(F)F)c2oc3ccncc3c12,['PDE4 Inhibitor']
CHEMBL4297600,NC(=O)c1ccn(-c2cnc(NC[C@]3(c4ncccc4F)C[C@H](F)C3)nc2)c1,[]
CHEMBL465026,CN1CCOC(c2ccccc2)c2ccccc2C1,['CNS Drug Partitioning']
CHEMBL5095201,CC(C)[C@H](N)C(=O)OCCCC(=O)O,[]
CHEMBL5314577,Cc1cc(-n2nc3c(c2-n2ccn(-c4ccc5c(cnn5C)c4F)c2=O)[C@H](C)N(C(=O)c2cc4cc([C@H]5CCOC(C)(C)C5)ccc4n2[C@@]2(c4noc(=O)[n-]4)C[C@@H]2C)CC3)cc(C)c1F.Cc1cc(-n2nc3c(c2-n2ccn(-c4ccc5c(cnn5C)c4F)c2=O)[C@H](C)N(C(=O)c2cc4cc([C@H]5CCOC(C)(C)C5)ccc4n2[C@@]2(c4noc(=O)[n-]4)C[C@@H]2C)CC3)cc(C)c1F.[Ca+2],[]
CHEMBL5314931,COc1ncc(-c2ccc(Cl)cc2)cc1[C@@H](c1ccccc1)[C@@](O)(CCN(C)C)c1cccc2ccccc12,['Anti-Tuberculosis']
CHEMBL5316167,Cn1ccc(S(=O)(=O)N2CCC[C@@H](Nc3nccc(-c4c(-c5cccc(OCOP(=O)(O)O)c5)nc5occn45)n3)C2)n1,['B-Raf(V600E) Inhibitor']
CHEMBL53366,Cc1nccn1CCC(C(N)=O)(c1ccccc1)c1ccccc1,['Antimuscarinic']
CHEMBL551978,CCOc1ccc(/C=C2\NCCc3cc(OCC)c(OCC)cc32)cc1OCC,[]
CHEMBL59990,O=P1(N(CCCl)CCCl)NC(SCCS(=O)(=O)O)CCO1,[]
CHEMBL747,CC1(C)N=C(N)N=C(N)N1c1ccc(Cl)cc1,"['Antimalarial', 'Dihydrofolate Inhibitor', 'DHFR Inhibitor', 'Influenza Inhibitor', 'RSV Inhibitor', 'Leukemia Inhibitor']"
CHEMBL848,Nc1cccc2c1CN(C1CCC(=O)NC1=O)C2=O,"['Antiproliferative', 'Anti-Cancer', 'NF-kappa B Inhibitor', 'TNF-Alpha Inhibitor', 'Angiogenesis Inhibitor', 'STAT3 Inhibitor', 'PROTAC', 'Immunomodulatory', 'CML Treatment', 'MNK1/2 Inhibitor', 'Antimultiple Myeloma', 'Protein Degradation', 'EGFR Degrader', 'Protein Degrader', 'AKT Degrader', 'CDK12 Inhibitor', 'Multiple Myeloma Treatment', 'BCR-ABL Degrader', 'Hepatocellular Carcinoma', 'Antimyeloma', 'GSPT1/2 Degrader', 'MDM2 Degrader', 'Cereblon E3 Ligase Modulator', 'Tumor Angiogenesis Inhibitor']"
CHEMBL88055,Oc1ccc(C(O)C2CCCCN2)cc1O,[]
CHEMBL1034,O=C([O-])Cc1ccccc1Nc1c(Cl)cccc1Cl.[Na+],"['Anti-Inflammatory', 'Analgesic', 'COX2 Inhibitor', 'Cyclooxygenase Inhibitor', 'NSAID', 'LOX Inhibitor', '15-LOX-1 Inhibitor', 'Anti-Arthritis', 'Antipyretic', 'Insulin-Sensitizing', 'CXCR1 Inhibitor', 'Membrane Permeability', 'Antiulcerogenic']"
CHEMBL1200482,CCN1CCN(C(=O)N[C@@H](C(=O)N[C@@H]2C(=O)N3C(C(=O)[O-])=C(CSc4nnnn4C)CS[C@H]23)c2ccc(O)cc2)C(=O)C1=O.[Na+],"['Antibiotic', 'OAT1 Inhibitor', 'Nephrotoxic', 'Trans-sialidase Inhibitor', 'Organic Anion Transport Inhibitor', 'Antibiotic Sensitizer', 'Carbapenemase Inhibitor']"
CHEMBL1201012,CC1(C)O[C@@H]2C[C@H]3[C@@H]4C[C@H](F)C5=CC(=O)CC[C@]5(C)[C@H]4[C@@H](O)C[C@]3(C)[C@]2(C(=O)CO)O1,"['Anti-Inflammatory', 'Glucocorticoid Agonist']"
CHEMBL1201773,CC(=O)Oc1cc2c(s1)CCN(C(C(=O)C1CC1)c1ccccc1F)C2.Cl,"['Anti-Platelet', 'P2Y Inhibitor']"
CHEMBL1231574,CN1c2c([nH]c(N)nc2=O)NC[C@@H]1CNc1ccc(C(=O)N[C@@H](CCC(=O)O)C(=O)O)cc1,[]
CHEMBL1254025,CO/N=C1/C[C@@H](CO)N(C(=O)c2ccc(-c3ccccc3C)cc2)C1,[]
CHEMBL1269258,CC(C)N(Cc1ccccc1)C(=O)CN1C(=O)[C@@H](Cc2c[nH]c3ccccc23)c2nnc(-c3ccccc3)n2-c2ccccc21,"['Obesity Treatment', 'CCK2 Agonist', 'Weight Loss']"
CHEMBL1311,O=[N+]([O-])O[C@@H]1CO[C@H]2[C@@H]1OC[C@@H]2O,['Glutathione Reductase Inhibitor']
CHEMBL1622638,Cc1cc2nc3ccc(N(C)C)cc3[s+]c2cc1N,['HCV IRES Inhibitor']
CHEMBL1697753,CC(=O)Oc1ccccc1C(=O)O.NCCCCC(N)C(=O)O,[]
CHEMBL1908377,Cc1cc(/C=C/c2ccc3cc(N(C)C)ccc3[n+]2C)c(C)n1-c1ccccc1.Cc1cc(/C=C/c2ccc3cc(N(C)C)ccc3[n+]2C)c(C)n1-c1ccccc1.O=C([O-])c1cc2ccccc2c(Cc2c(O)c(C(=O)[O-])cc3ccccc23)c1O,[]
CHEMBL2051960,CN1CC(O)C2=C/C(=N/NC(N)=O)C(=O)C=C21,[]
CHEMBL2104979,FC(F)(F)C(F)(F)C(F)(F)C(F)(F)F,['Convulsant']
CHEMBL321582,CC(C)(Cc1c[nH]c2ccccc12)NCC(O)COc1ccccc1C#N,"['Antihypertensive', 'Vasodilator', 'Cytochrome P450 2D6 Inhibitor', 'Beta-Adrenergic Antagonist']"
CHEMBL3259907,Cc1nc2ccccc2c(-c2ccc3c4c(ccnc24)CCO3)c1[C@H](OC(C)(C)C)C(=O)O,"['HIV Integrase Inhibitor', 'HIV-1', 'Integrase Inhibitor']"
CHEMBL3746329,O=C(O)C1(Sc2ccnc3ccc(Br)cc23)CCC1,['hURAT1 Inhibitor']
CHEMBL3988900,[O-2].[Zn+2],"['Antibiotic', 'Antimalarial', 'Antimicrobial', 'Neuroprotective', 'Antihypertensive', 'Anti-Trypanosomal', 'Vasodilator', 'PDE10a Inhibitor', 'Cytoprotective', 'Vasorelaxant', 'Cardioprotective', 'Cardiovascular', 'CA I Inhibitor', 'Type 2 Diabetes Treatment', 'CD73 Inhibitor', 'Nootropic', 'Tau Phosphorylation Inhibitor', 'H2S Donor', 'Carbonic Anhydrase', 'Amnesia-Reversal', 'NMDAR Antagonist', 'Osteoblast Stimulator', 'Hydrogen Sulfide Donor', 'Mood Disorder', 'Insulin Release Stimulator', 'CO2 Hydrase', 'Beta-CA Inhibitor', 'GPR39 Agonist', 'Carbonic Anhydrase IV Inhibitor', 'IFN-Gamma Inhibitor', 'Cu Chelator', 'Anion Inhibitor', 'H2S-Releasing', 'DNA Cleaving Agent', 'Carbonic Anhydrase XV Inhibitor', 'Tau Protein Inhibitor', 'TASK Channel Modulator', 'HD', 'Glycogen Synthase Activator']"
CHEMBL4277900,CC1=Nc2c(F)cc(-c3nc(Nc4ccc(C5CCN(C)CC5)cn4)ncc3F)cc2C12CCCC2,"['BBB Penetrant', 'CDK4/6 Inhibitor', 'GBM Treatment']"
CHEMBL4297391,CCCCCCCCCCCCCCCC(=O)OC[C@H](COC(=O)[C@H](C)NC(=O)CC[C@@H](NC(=O)[C@H](C)NC(=O)[C@@H](C)O[C@@H]([C@H](O[C@@H]1O[C@H](CO)[C@@H](O)[C@H](O)[C@H]1NC(C)=O)[C@H](O)CO)[C@H](C=O)NC(C)=O)C(N)=O)OC(=O)CCCCCCCCCCCCCCC,[]
CHEMBL445472,C[C@]12CC[C@H](O)C[C@@H]1CC[C@@H]1[C@@H]2CC[C@]2(C)C(=O)[C@H](Br)C[C@@H]12,"['Anesthetic', 'G6PD Inhibitor', 'Organic Anion Transporter 1 Substrate']"
CHEMBL4594400,Cn1cc(-c2cnc3cnn(S(=O)(=O)c4cnc5ccc(-c6cnn(C)c6)cn45)c3c2)cn1,['cMET Inhibitor']
CHEMBL4650340,O=C(O)c1cccc(CN2CN(C3CCCCC3)C3(CCN(CCCC(=O)c4ccccc4)CC3)C2=O)c1,[]
CHEMBL5095029,CO[C@@H]1COCC[C@@H]1N[C@@H]1CC[C@@](C(=O)N2C[C@@H]3C[C@H]2CN3c2cc(C(F)(F)F)ncn2)(C(C)C)C1,['CCR2 Antagonist']
CHEMBL5095094,CC(C)c1c2cc(-c3nc(Nc4ccc(N5CCNCC5)cn4)ncc3F)ccc2nn1C,"['CDK4/6 Inhibitor', 'GBM Treatment']"
CHEMBL549386,CCOP(=O)(OCC)C(C)NC(=O)N(CCCl)N=O,['Antitumor']
CHEMBL64195,O=C(CCCl)NCc1ccccc1,[]
CHEMBL770,c1ccc(CC2=NCCN2)cc1,"['Alpha 1-Adrenoceptor Agonist', 'Imidazoline I2 Receptor Ligand']"
CHEMBL7890,COC(=O)[C@@H](N)CCCNC(=N)N[N+](=O)[O-],"['nNOS Inhibitor', 'Neuronal NO Synthase Inhibitor']"
CHEMBL829,CC(CN(C)C)CN1c2ccccc2Sc2ccccc21,"['AChE Inhibitor', 'Butylcholinesterase Inhibitor', 'Trypanothione Reductase Inhibitor', 'MDR-Modulator']"
CHEMBL84158,CCN(CC)CCNC(=O)c1cc(S(C)(=O)=O)ccc1OC,['Antiarrhythmic']
CHEMBL89598,C=CC(N)CCC(=O)O,['GABA-T Inhibitor']
CHEMBL103667,Cc1ccc(-n2nc(C(C)(C)C)cc2NC(=O)Nc2ccc(OCCN3CCOCC3)c3ccccc23)cc1,"['Anti-Inflammatory', 'Kinase Inhibitor', 'p38 MAP Kinase Inhibitor', 'MAPK/ERK Pathway Inhibitor', 'p38alpha Inhibitor', 'Src Inhibitor', 'Autoimmune Diseases', 'Type II Inhibitor', 'Selective Kinase Inhibitor']"
CHEMBL1200991,CC1(C)S[C@@H]2[C@H](NC(=O)C(C(=O)Oc3ccc4c(c3)CCC4)c3ccccc3)C(=O)N2[C@H]1C(=O)[O-].[Na+],[]
CHEMBL1201011,CCOC(=O)[C@H](CCc1ccccc1)N[C@@H](C)C(=O)N1Cc2ccccc2C[C@H]1C(=O)O.Cl,"['Antihypertensive', 'ACE Inhibitor', 'Angiotensin Converting Enzyme Inhibitor']"
CHEMBL1233182,CCC(=O)NS(=O)(=O)c1ccc(NC(=O)COc2ccc(Cl)cc2C(=O)c2cc(Cl)cc(C#N)c2)c(C)c1,"['HIV-1 PR/RT Inhibitor', 'HIV NNRTI']"
CHEMBL1237082,CNC1(C)C2CCC(C2)C1(C)C.Cl,[]
CHEMBL1951914,CCN(C(=O)Cc1ccc(S(C)(=O)=O)cc1)C1CCN(CC[C@@H](c2cc(F)cc(F)c2)C2CCN(S(C)(=O)=O)CC2)CC1,"['CCR5 Receptor Antagonist', 'hERG Affinity']"
CHEMBL2158051,CN[C@@H](C)C(=O)N[C@H]1CN(C(=O)CC(C)C)CC[C@H]2CC[C@@H](C(=O)NC(c3ccccc3)c3ccccc3)N2C1=O,"['Anticancer', 'Apoptosis Inducer', 'Pro-Apoptotic', 'XIAP Inhibitor', 'XIAP BIR3 Inhibitor', 'Smac Mimetic', 'cIAP1/2 Inhibitor']"
CHEMBL301267,CCO[C@H]1O[C@@H]2O[C@@]3(C)CC[C@H]4[C@H](C)CC[C@@H]([C@H]1C)[C@@]24OO3,"['Anticancer', 'Cytotoxic', 'Antitumor', 'Antimalarial', 'Antifungal', 'Anti-mycobacterial', 'Anti-Cancer', 'Anti-Leishmanial', 'Antiplasmodial', 'Anti-Trypanosomal', 'Antiparasitic', 'Anti-Angiogenic', 'Apoptosis', 'Biofilm Inhibitor', 'Growth Inhibitor', 'NO-Donor', 'Cholesterol Synthesis Inhibitor', 'Antileukemia', 'CYP3A4 Inducer', 'Anti-CMV', 'PfNDH2 Inhibitor', 'Hypercholesterolemia', 'ROS']"
CHEMBL3334624,Cc1cc(C[C@@H](OC(=O)N2CCC(N3CCc4ccccc4NC3=O)CC2)C(=O)N2CCC(N3CCOCC3)CC2)cc(C)c1O,"['CGRP Receptor Antagonist', 'Migraine']"
CHEMBL337450,N#C[C@H]1[C@H](O)[C@@H](CO)O[C@H]1n1ccc(N)nc1=O,['Antitumor']
CHEMBL3545403,CNCc1ccc(C)c(NC(=O)c2ccc(Nc3nc(-c4ccccc4)c4ccccc4n3)cc2)c1,[]
CHEMBL37161,COC(=O)Nc1nc2cc(Sc3ccccc3)ccc2[nH]1,[]
CHEMBL377559,C=CCNc1c(O)cc2c(O)c1C[C@@H](C)C[C@H](OC)[C@H](O)[C@@H](C)/C=C(\C)[C@H](OC(N)=O)[C@@H](OC)/C=C\C=C(/C)C(=O)N2.Cl,[]
CHEMBL3989686,CN1CCCC[C@H]1CCc1ccccc1NC(=O)/C=C/c1ccccc1,[]
CHEMBL4297473,Cc1occc1C(=O)Nc1nn(Cc2ccc(C(F)(F)F)cc2)c2ccccc12,['CRAC Channel Inhibitor']
CHEMBL4297588,CCCCC1(CCCC)CN(c2ccccc2)c2cc(SC)c(OCC(=O)N[C@@H](C(=O)N[C@@H](CC)C(=O)O)c3ccc(O)cc3)cc2S(=O)(=O)N1,[]
CHEMBL4299960,O=O.[O-][Cl+]O.[O-][Cl+]O.[O-][Cl+]O.[O-][Cl+]O,"['Carbonic Anhydrase Inhibitor', 'Anti-Trypanosomal', 'CA I Inhibitor', 'H. pylori', 'Carbonic Anhydrase', 'NaPi2b Inhibitor', 'CO2 Hydrase', 'Beta-CA Inhibitor', 'Carbonic Anhydrase IV Inhibitor', 'Anion Inhibitor', 'Carbonic Anhydrase XV Inhibitor']"
CHEMBL487182,COc1cc2c(cc1OC)[C@@H]1Cc3ccc(OC)c(OC)c3CN1CC2,"['Antipsychotic', '5-HT 1A Receptor Agonist', 'Dopamine D2 Receptor Antagonist', 'Mitotic Inhibitor', 'D1 Dopamine Receptor Agonist', 'Tissue Factor Inhibitor', 'MDR Pump Inhibitor']"
CHEMBL493982,CCOC(=O)N[C@@H]1CC[C@@H]2[C@@H](C1)C[C@H]1C(=O)O[C@H](C)[C@H]1[C@H]2/C=C/c1ccc(-c2cccc(F)c2)cn1,"['Anti-Platelet', 'Thrombin Receptor Antagonist', 'PAR1 Antagonist']"
CHEMBL5095257,COCCN(CCCCC1=CC=C2CCCN=C2N1)CC[C@H](Nc1ncnc2ccccc12)C(=O)O,[]
CHEMBL516,CN1CCC(=C2c3ccccc3C=Cc3ccccc32)CC1,"['Neuroleptic', 'H1 Receptor Antagonist', 'Anticholinergic', 'SET7 Inhibitor', 'Serotonin Receptor', 'Orexigenic', 'H(1)/5-HT(2A) Receptor Antagonist', 'Opiate-Like']"
CHEMBL5314384,C#CCOc1ccc(Nc2nc(Nc3ccc(C)c(S(=O)(=O)NC(=O)CC)c3)ncc2F)cc1,[]
CHEMBL575448,C[C@@]1(C(=O)Nc2ccc(F)nc2)CCCN1c1nc(Nc2cc(C3CC3)n[nH]2)c2cccn2n1,"['IGF-1R Inhibitor', 'ABCC2 Inhibitor']"
CHEMBL589092,O=C(O)Cc1sc(-c2ccccc2)nc1-c1ccc(Cl)cc1,['CRTH2 Antagonist']
CHEMBL596802,CCCN1CCC(c2cccc(S(C)(=O)=O)c2)CC1,[]
CHEMBL621,O=c1n(CCCN2CCN(c3cccc(Cl)c3)CC2)nc2ccccn12,"['5-HT2A Receptor Antagonist', '5-HT Ligand']"
CHEMBL923,O=P(O)(O)C(O)(Cc1cccnc1)P(=O)(O)O,"['Farnesyl-Protein Transferase Inhibitor', 'Trypanosoma brucei Inhibitor', 'Bone Resorption Inhibitor', 'FPPSase Inhibitor', 'gammadelta T Cell Activator', 'Prenyl-transferase Inhibitor', 'Neurodegeneration', 'Hepatocellular Carcinoma Inhibitor', 'Protein Prenylation Inhibitor']"
CHEMBL1098,CCCCN1CCCCC1C(=O)Nc1c(C)cccc1C,"['Antiarrhythmic', 'Sodium Channel Blocker', 'Local Anesthetic', 'CYP3A Substrate', 'TASK Channel Modulator', 'Local Anaesthetic']"
CHEMBL1200544,CC1=C(C(=O)O)N2C(=O)[C@@H](NC(=O)[C@H](N)c3ccccc3)[C@H]2SC1.O,"['Antibiotic', 'Mycobacterium tuberculosis']"
CHEMBL1201182,CO[C@H]1C[C@@H]2CC[C@@H](C)[C@@](O)(O2)C(=O)C(=O)N2CCCC[C@H]2C(=O)O[C@H]([C@H](C)C[C@@H]2CC[C@@H](OC(=O)C(C)(CO)CO)[C@H](OC)C2)CC(=O)[C@H](C)/C=C(\C)[C@@H](O)[C@@H](OC)C(=O)[C@H](C)C[C@H](C)/C=C/C=C/C=C/1C,"['mTORC1 Inhibitor', 'Glutaminase Inhibitor', 'S Phase Arrest']"
CHEMBL1213250,Cn1c(N)c(NC(=O)NCCN)c[n+]1CC1=C(C(=O)O)N2C(=O)[C@@H](NC(=O)/C(=N\OC(C)(C)C(=O)[O-])c3nsc(N)n3)[C@H]2SC1.O=S(=O)(O)O,['Antibiotic']
CHEMBL1256472,Cl.Nc1ccn([C@@H]2O[C@H](CO)[C@@H](O)[C@@H]2O)c(=O)n1,"['Cytotoxic', 'Antitumor', 'Cytostatic', 'Prodrug', 'Antiherpes', 'Uridine-Deoxyuridine Phosphorylase Inhibitor', 'Calcium Modulator', 'Anti-PDAC']"
CHEMBL1256819,Cl.c1ccc(CN(CC2=NCCN2)c2ccccc2)cc1,"['Alpha 1-Adrenoceptor Agonist', 'Adrenergic Agonist']"
CHEMBL1467,Oc1ncnc2[nH]ncc12,[]
CHEMBL1569487,CN1C(C(=O)Nc2ccccn2)=C(O)c2sc(Cl)cc2S1(=O)=O,"['Anti-Inflammatory', 'Analgesic']"
CHEMBL1623,Cc1cccc(CN2CCN(C(c3ccccc3)c3ccc(Cl)cc3)CC2)c1,[]
CHEMBL1670,Clc1ccc(C(c2ccccc2Cl)C(Cl)Cl)cc1,[]
CHEMBL1908364,O=C1CC[C@@](c2ccccc2)(C2CCN(Cc3ccccc3)CC2)C(=O)N1,['CXCR3 Antagonist']
CHEMBL2105634,CO[C@]1(C(=O)N[C@@H]2CC[C@@]3(C)[C@@H](CC[C@@H]4[C@@H]3CC[C@]3(C)[C@@H]([C@H](C)CCCC(C)C)CC[C@@H]43)C2)C[C@H](O)[C@@H](NC(C)=O)[C@H]([C@H](O)[C@H](O)CO)O1,['Sialyltransferase Inhibitor']
CHEMBL2107027,O=C([O-])CCCCCCCNC(=O)c1ccccc1O.[Na+],"['Gastrointestinal Absorption Enhancer', 'Heparin Delivery']"
CHEMBL2110651,C[N+]1(CCC(O)(c2ccccc2)c2cccs2)CCOCC1,['Anticholinergic']
CHEMBL2111081,Cc1sc[n+](CC(=O)c2ccccc2)c1C,[]
CHEMBL2170582,CNC(=O)COc1cccc(Nc2ncc(F)c(Nc3ccc4c(c3)NC(=O)C(F)(F)O4)n2)c1,['Mast Cell Inhibitor']
CHEMBL253896,COc1cc(O)c(CC=C(C)C)c(O)c1C(=O)/C=C/c1ccc(O)cc1,"['Thioredoxin Reductase Inhibitor', 'Anti-Oxidative']"
CHEMBL298734,NC(=O)N1CCC(CC(=O)N2CCC([C@H]3c4ncc(Br)cc4CCc4cc(Cl)cc(Br)c43)CC2)CC1,"['Antitumor', 'Farnesyl-Protein Transferase Inhibitor', 'FPT Inhibitor']"
CHEMBL3182733,CCCN[C@H]1CCc2nc(N)sc2C1.Cl.Cl.O,"['Dopamine Receptor Agonist', 'D2 Receptor Partial Agonist', 'Anti-Parkinson', 'D2 Agonist', 'Dopamine-Autoreceptor Agonist', 'Beta-Arrestin Biased', 'Alpha-Synuclein Aggregation Inhibitor']"
CHEMBL3304244,Cc1nn(-c2ncccc2CO)cc1CN1CCC2(CC1)OCC(F)(F)c1cc(Cl)sc12,['NOP Receptor Antagonist']
CHEMBL3545376,COc1cc(OC)cc(N(CCNC(C)C)c2ccc3ncc(-c4cnn(C)c4)nc3c2)c1,"['Anticancer', 'FGFR1 Inhibitor', 'FGFR3 Inhibitor']"
CHEMBL359164,Nc1ccn([C@@H]2CO[C@H](CO)O2)c(=O)n1,"['Anti-HIV-1', 'Anti-HBV', 'Reverse Transcriptase Inhibitor', 'HBV Inhibitor', 'HBV Capsid Inhibitor', 'Anti-Herpes', 'NRTI', 'Anti-PDAC', 'Anti-Hepatitis B']"
CHEMBL3621988,Nc1cc(F)ccc1NC(=O)c1ccc(CNC(=O)/C=C/c2cccnc2)cc1,"['Anticancer', 'HDACs Inhibitor', 'Histone Deacetylase Inhibitor', 'NAMPT Inhibitor']"
CHEMBL3707331,C[C@@H](OC[C@@]1(c2ccccc2)CC[C@]2(CCC(=O)N2)CN1)c1cc(C(F)(F)F)cc(C(F)(F)F)c1,"['NK1/NK3 Antagonist', 'NK(1) Antagonist']"
CHEMBL3975308,CC(C)(O)[C@H]1CC[C@H](Nc2ccc3ncc(-c4cccc(C(F)(F)F)c4)n3n2)CC1,[]
CHEMBL419,NCc1ccc(S(N)(=O)=O)cc1,"['Carbonic Anhydrase Inhibitor', 'CA I Inhibitor']"
CHEMBL4297480,O=C(Nc1ccc(F)cc1)c1cnc(SCc2cc(OC(F)(F)F)ccc2B(O)O)nc1,"['CXCR2/CXCR1 Antagonist', 'Inflammatory Disease', 'Chemokine Antagonist']"
CHEMBL4298172,O=C(c1cccnc1-c1ccncc1)N1CCC(O)(Cc2ccccc2)CC1,[]
CHEMBL4800252,COC(=O)Nc1cc(C(F)(F)F)c(-c2nc(N3CCOCC3)c3cc(CN4CCN(S(C)(=O)=O)CC4)cn3n2)cn1,"['Anticancer', 'PI3 Kinase Inhibitor']"
CHEMBL490665,CN(C(=O)/C=C/c1ccoc1)[C@@H]1CC[C@@]2(O)[C@H]3Cc4ccc(O)c5c4[C@@]2(CCN3CC2CC2)[C@H]1O5.Cl,"['Orexin 2 Receptor Ligand', 'Antitrichomonal', 'OX1 Antagonist', 'Opioid Kappa Agonist', 'Antipruritic']"
CHEMBL504535,CCCN1CC(c2ccc(S(C)(=O)=O)cc2)=C(c2ccc(C)cc2)C1=O,"['Anti-Inflammatory', 'COX2 Inhibitor']"
CHEMBL5095178,CC/C=C\C[C@H](O)/C=C/C=C\C/C=C\C/C=C\CCCC(=O)OCC,[]
CHEMBL5095497,COc1cc2cc(-c3ccc(CC(=O)Nc4cc(C(C)(C)C(F)(F)F)no4)cn3)cnc2cc1OC,[]
CHEMBL5314407,Cn1ccc(S(=O)(=O)N2CCC[C@@H](Nc3nccc(-c4c(-c5cccc(OCOP(=O)([O-])[O-])c5)nc5occn45)n3)C2)n1.[Na+].[Na+],['B-Raf(V600E) Inhibitor']
CHEMBL5314940,Cc1cn([C@H]2C[C@H]([18F])[C@@H](CO)O2)c(=O)[nH]c1=O,['Anti-HIV-1']
CHEMBL563,CC(C(=O)O)c1ccc(-c2ccccc2)c(F)c1,"['Anti-Inflammatory', 'Analgesic', 'COX2 Inhibitor', ""Alzheimer's Disease"", 'Amyloid-Beta Aggregation Inhibitor', 'COX1⧹2 Inhibitor', ""Alzheimer's Treatment"", 'NSAID', 'IL-8 Inhibitor', 'Biometal Chelator', 'Amyloidogenesis Inhibitor', 'Notch Inhibitor', 'Skin Permeation', 'TTR Inhibitor']"
CHEMBL691,C#C[C@]1(O)CC[C@H]2[C@@H]3CCc4cc(O)ccc4[C@H]3CC[C@@]21C,"['Estrogen Receptor Ligand', 'SERD', 'Estrogenic', 'Antifertility', 'ERBeta Agonist', 'ERbeta Ligand', 'Imaging Agent', 'Uterotrophic', 'Aldehyde Oxidase Inhibitor', 'ER Selective Ligand', 'Post-Coital Antifertility', 'Pgp-ATPase Stimulator']"
CHEMBL81,O=C(c1ccc(OCCN2CCCCC2)cc1)c1c(-c2ccc(O)cc2)sc2cc(O)ccc12,"['SERM', 'Osteoporosis Treatment', 'Selective Estrogen Receptor Modulator', 'BMP-2 Up-regulator', 'NPP3 Inhibitor']"
CHEMBL827,COC(=O)[C@H](c1ccccc1)[C@H]1CCCCN1,"['Dopamine Transporter Ligand', 'Serotonin Transporter Ligand', 'Norepinephrine Transporter Inhibitor', 'Dopamine Reuptake Inhibitor', 'Nootropic', 'Amnesia-Reversal', 'Norepinephrine Uptake Inhibitor', 'CNS Drug Partitioning']"
CHEMBL877,NC[C@H]1CC[C@H](C(=O)O)CC1,['Fibrinolysis Inhibitor']
CHEMBL105442,O=C(NOCC1CC1)c1ccc(F)c(F)c1Nc1ccc(I)cc1Cl,"['Anticancer', 'MEK1 Inhibitor', 'MEK1/2 Degrader', 'VHL-Recruiting']"
CHEMBL1200748,C[C@@](Cc1ccc(O)c(O)c1)(NN)C(=O)O.O,[]
CHEMBL1201329,O=C1N(Cc2ccccc2)C2C[S+]3CCCC3C2N1Cc1ccccc1,[]
CHEMBL1289110,CN1c2ccccc2C(NCCCCCCC(=O)O)c2ccc(Cl)cc2S1(=O)=O,[]
CHEMBL1322884,CC(C)=CC1C(C(=O)OCc2cccc(Oc3ccccc3)c2)C1(C)C,[]
CHEMBL1697771,O=C(NC(Cc1cc(=O)[nH]c2ccccc12)C(=O)O)c1ccc(Cl)cc1,[]
CHEMBL1697826,CCCC(=O)c1ccc2c(c1)N(CCCN1CCN(C)CC1)c1ccccc1S2,['Trypanothione Reductase Inhibitor']
CHEMBL1933349,COc1ccc2cc(-c3cc(-c4cc(Cl)cc(Cl)c4)nn3[C@@H](C)c3ccc(C(=O)NCCC(=O)O)cc3)ccc2c1,['Glucagon Antagonist']
CHEMBL2104318,O=S(=O)([O-])CCSSCCS(=O)(=O)[O-].[Na+].[Na+],[]
CHEMBL2111100,CCCCCCCCCCCCCCCC(=O)OC[C@H](COP(=O)(O)OCCNC(=O)[C@H](C)NC(=O)CC[C@@H](NC(=O)[C@H](C)NC(=O)[C@@H](C)O[C@H]1[C@H](O)[C@@H](CO)OC(O)[C@@H]1NC(C)=O)C(N)=O)OC(=O)CCCCCCCCCCCCCCC,[]
CHEMBL22097,CN1C(=O)C(O)N=C(c2ccccc2Cl)c2cc(Cl)ccc21,[]
CHEMBL3317857,O=C(O)C[C@@H]1CC[C@H](NC(=O)Cc2cccs2)B(O)O1,['Beta-Lactamase Inhibitor']
CHEMBL3545108,O=C(NCC12CC3CC(CC(C3)C1)C2)c1cc(CCCNCCCO)ccc1Cl,"['P2X7 Receptor Antagonist', 'Interleukin-1beta Inhibitor']"
CHEMBL3686884,CNC(=O)n1ccc2cc(Oc3ccnc(NC(=O)c4ccc(C5CCN(CCO)CC5)cc4)c3)c(OCCOC)cc21,"['VEGFR2 Inhibitor', 'FGFR1 Inhibitor']"
CHEMBL3707239,Cn1c(=O)c2c(ncn2CCOC(=O)c2cccnc2)n(C)c1=O,[]
CHEMBL3707287,O=C([O-])c1cccnc1.O=C([O-])c1cccnc1.O=C([O-])c1cccnc1.[Al+3],[]
CHEMBL3707390,CN1C(=O)N(C)C2C1N(C)C(=O)N2C,[]
CHEMBL3781751,N[C@H]1CC[C@H](N[C@@H]2C[C@H]2c2ccccc2)CC1,"['Anticancer', 'LSD1 Inhibitor', 'Histone Demethylase Inhibitor', 'Multiple Myeloma', 'Leukemic Cell Differentiation', 'AML Therapy']"
CHEMBL3939295,C=CC(=O)Nc1cc(N2CCN(CC)CC2)ccc1Nc1cc(N(C)C(=O)Nc2c(Cl)c(OC)cc(OC)c2Cl)ncn1,['FGFR4 Inhibitor']
CHEMBL395091,CN[C@]1(c2ccccc2Cl)CCCCC1=O,"['Analgesic', 'Neuroprotective', 'Acetylcholinesterase Inhibitor', ""Alzheimer's"", 'NMDA Antagonist', 'Butylcholinesterase Inhibitor', 'Antialzheimer', 'mGlu5 NAM', '5-HT Agonist', 'Enzyme Inhibitor', 'NMDA Receptor Inhibitor', 'NMDA Receptor Ligand', 'Anesthetic', 'Hypnotic', 'NMDA Receptor Blocker', 'CNS Penetration', 'mGlu NAM', 'Intravenous Anesthetic', 'General Anesthetic', 'VGCC Blocker', 'TASK Channel Modulator']"
CHEMBL3989825,CC1(C)N=C(N)N=C(N)N1c1ccc(Cl)cc1.CC1(C)N=C(N)N=C(N)N1c1ccc(Cl)cc1.O=C(O)c1cc2ccccc2c(Cc2c(O)c(C(=O)O)cc3ccccc23)c1O,[]
CHEMBL4297609,Cc1cc(-c2ccccc2)c(C(=O)C(=O)Nc2ccc(N3CCN(c4ncc(F)cn4)CC3)cc2)n1C,[]
CHEMBL4297643,Cc1cccc(/C=N/Nc2cc(N3CCOCC3)nc(OCCc3ccccn3)n2)c1,[]
CHEMBL4594450,CC(C)Cc1ccc(C(C)C(=O)O)cc1.N=C(N)NCCC[C@H](N)C(=O)O,"['Anti-Inflammatory', 'Serotonin Regulator']"
CHEMBL4650223,Cc1ccc(C(=O)Oc2ccc(C(CN(C)C)C3(O)CCCCC3)cc2)cc1.Cl.O.O,[]
CHEMBL5314604,C=CC(=O)N1CCN(c2nc(OC[C@@H]3CCCN3C)nc3c(F)c(-c4nc(N)cc(C)c4C(F)(F)F)c(Cl)cc23)[C@@H](C)C1.O=C(O)CCCCC(=O)O,"['Anticancer', 'KRAS G12D Inhibitor']"
CHEMBL5314963,CC(C)(N)CO.O=C(O)C[C@@H](c1ccc(OC(F)F)nc1)N1CCN(CCCc2ccc3c(n2)NCCC3)C1=O,[]
CHEMBL600,CC(=O)N[C@@H](CS)C(=O)O,"['Diapophytoene Desaturase Inhibitor', 'Wnt3a/Beta-catenin Activator']"
CHEMBL642,CCCC(=O)Nc1ccc(OCC(O)CNC(C)C)c(C(C)=O)c1,['Beta-Adrenoceptor Blocker']
CHEMBL1090090,NC(=O)c1ccc(N(C(N)=O)c2c(F)cccc2F)nc1-c1ccc(F)cc1F,[]
CHEMBL1200398,Clc1ccc(CCC(Cn2ccnc2)Sc2c(Cl)cccc2Cl)cc1.O=[N+]([O-])O,['Antimycotic']
CHEMBL1200656,C[C@@H]1C/C=C/C=C/C=C/C=C/[C@H](O[C@@H]2O[C@H](C)[C@@H](O)[C@H](N)[C@@H]2O)C[C@@H]2O[C@](O)(C[C@@H](O)C[C@H]3O[C@@H]3/C=C/C(=O)O1)C[C@H](O)[C@H]2C(=O)O,['Antifungal']
CHEMBL1200879,CC(=O)CC(c1ccccc1)c1c([O-])c2ccccc2oc1=O.[Na+],"['Anticoagulant', 'CYP 2C9 Inhibitor']"
CHEMBL1200887,COc1cc(C(=O)NCc2ccc(OCCN(C)C)cc2)cc(OC)c1OC.Cl,[]
CHEMBL1201746,C#CCC(Cc1cnc2nc(N)nc(N)c2n1)c1ccc(C(=O)N[C@@H](CCC(=O)O)C(=O)O)cc1,[]
CHEMBL1240705,O=C(O)C1=CC[C@@H]2CC(=O)N12,[]
CHEMBL139367,CCC(CC)[C@H](NC(C)=O)[C@@H]1[C@H](O)[C@@H](C(=O)O)C[C@H]1NC(=N)N,['Neuraminidase Inhibitor']
CHEMBL1585,O=C(CCBr)N1CCN(C(=O)CCBr)CC1,[]
CHEMBL1721885,Cc1[nH]c(/C=C2\C(=O)Nc3ccc(F)cc32)c(C)c1C(=O)NC[C@H](O)CN1CCOCC1,"['VEGFR2 Inhibitor', 'FLT3 Inhibitor']"
CHEMBL1761322,CCS(=O)(=O)CCCC12CCC(c3nnc(-c4ccccc4C(F)(F)F)n3C)(CC1)CC2,"['Metabolic Syndrome', 'HSD1 Inhibitor']"
CHEMBL188921,COc1cc(OC)c(C(=O)CCCN2CCCC2)c(OC)c1,[]
CHEMBL197672,C[C@H](NC(=O)C(=O)Nc1ccccc1C(C)(C)C)C(=O)N[C@@H](CC(=O)O)C(=O)COc1c(F)c(F)cc(F)c1F,"['Anti-Apoptotic', 'Caspase Inhibitor', 'Stroke Treatment', 'Cholestatic Liver Diseases']"
CHEMBL2023898,COC(=O)N[C@H](C(=O)N1CCC[C@H]1c1ncc(-c2ccc(-c3ccc(-c4cnc([C@@H]5CCCN5C(=O)[C@@H](NC(=O)OC)C(C)C)[nH]4)cc3)cc2)[nH]1)C(C)C,"['HCV NS5b Polymerase Inhibitor', 'HCV Inhibitor']"
CHEMBL2103840,CCc1cnn2c(NCc3ccc[n+]([O-])c3)cc(N3CCCC[C@H]3CCO)nc12,"['Anticancer', 'Antiproliferative', 'CDK1/CDK2 Inhibitor', 'Cancer Therapy', 'CDK12 Inhibitor', 'CDK9 Degrader', 'Myeloma']"
CHEMBL2104146,O=C([O-])O.O=S(=O)(O)c1cc(I)c(O)c2ncccc12.[Na+],[]
CHEMBL219568,Nc1nc2[nH]cnc2c(=O)[nH]1,"['DHPS Inhibitor', 'Purine Nucleoside Phosphorylase Inhibitor', 'HPPK Inhibitor', 'Phosphatidylinositol 4-Kinase Inhibitor', 'Ricin Inhibitor']"
CHEMBL3545185,O=C(/C=C\n1cnc(-c2cc(C(F)(F)F)cc(C(F)(F)F)c2)n1)NNc1cnccn1,[]
CHEMBL356359,CCCCN1CCC(CNC(=O)c2c3n(c4ccccc24)CCCO3)CC1,['5-HT4R Antagonist']
CHEMBL3989522,O.O=C([O-])CN(CCN(CC(=O)[O-])CC(=O)[O-])CC(=O)[O-].[Ca+2].[Na+].[Na+],"['Neuroprotective', 'Iron Chelating', 'Neuroprotectant', 'NDM-1 Inhibitor', 'Canavan Disease', 'ANAT Inhibitor', 'Cu Chelator', 'Motility Inhibitor']"
CHEMBL468,O=C1CCC(N2C(=O)c3ccccc3C2=O)C(=O)N1,"['TNF-Alpha Inhibitor', 'Angiogenesis Inhibitor', 'Multiple Myeloma Treatment', 'Hepatocellular Carcinoma', 'GSPT1/2 Degrader', 'TNF-alpha Regulator']"
CHEMBL5095044,Cc1sc(C(=O)c2cncnc2N[C@@H]2CC[C@H](COS(N)(=O)=O)[C@H]2O)cc1[C@@H]1NCCc2ccc(Cl)cc21,"['Anticancer', 'SAE Inhibitor', 'SUMO-Activating Enzyme Inhibitor']"
CHEMBL5095184,CC1=C(OCc2cccc(-c3ccccc3)c2Br)C=C(OCc2cccnc2)C(CN[C@@H](CO)C(=O)OC(C)C)C1,[]
CHEMBL5095404,CNc1nc(N)nc2c1ncn2[C@@H]1O[C@H](COP(=O)(N[C@@H](C)C(=O)OC(C)C)Oc2ccccc2)[C@@H](O)[C@@]1(C)F,['HCV Inhibitor']
CHEMBL578211,CN1C(=O)CC[C@H]1c1cccnc1,"['CYP2A6 Inhibitor', '11Beta-hydroxylase Inhibitor']"
CHEMBL579205,CNc1ccc(-c2nc3ccc(O)cc3s2)cc1F,"[""Alzheimer's Disease"", 'Beta-Amyloid Plaque Imaging', 'Amyloid Imaging Agent', 'Beta-Amyloid Plaque Ligand', 'Imaging Agent', 'Tau Imaging', 'Beta-Amyloid Binding']"
CHEMBL888,Nc1ccn([C@@H]2O[C@H](CO)[C@@H](O)C2(F)F)c(=O)n1,"['Cytostatic', 'Prodrug', 'Anti-PDAC']"
CHEMBL900,Cc1ccccc1C(OCCN(C)C)c1ccccc1,[]
CHEMBL1200809,CN1CCCC(n2nc(Cc3ccc(Cl)cc3)c3ccccc3c2=O)CC1.Cl,"['H3 Receptor Antagonist', 'H1 Receptor Antagonist', 'Histamine Receptor Antagonist', 'Antihistamine', 'Antispermatogenic', 'QT Prolongation', 'HBV Entry Inhibitor', 'L-type Channel Inhibitor', 'CaL Channel Inhibitor']"
CHEMBL1200820,CCN1CCN(C(=O)N[C@@H](C(=O)N[C@@H]2C(=O)N3[C@@H]2SC(C)(C)[C@@H]3C(=O)[O-])c2ccccc2)C(=O)C1=O.[Na+],"['Antibiotic', 'Efflux Pump Inhibitor', 'Antibiotic Adjuvant', 'Beta-Lactamase Inhibitor', 'Antibiotic Potentiator', 'Enzyme Inhibitor', 'Metallo-Beta-Lactamase Inhibitor', 'MBL Inhibitor', 'FabI-Inhibitor', 'Beta-lactamase Inhibitor', 'Antistaphylococcal', 'CYP3A4 Inducer', 'Nephrotoxic', 'Organic Anion Transport Inhibitor', 'Antibiotic Resistance', 'Antibiotic Sensitizer', 'Drug Efflux Pump Inhibitor', 'Beta-Lactamase', 'Carbapenemase Inhibitor']"
CHEMBL1200873,CS(=O)(=O)O.Cc1ccc(N(CC2=NCCN2)c2cccc(O)c2)cc1,"['Alpha 1-Adrenoceptor Agonist', 'Adrenergic Agonist']"
CHEMBL1219,COCCCOc1ccnc(C[S+]([O-])c2nc3ccccc3[nH]2)c1C,[]
CHEMBL1405,C[C@]12CC[C@@H]3c4ccc(O)cc4CC[C@H]3[C@@H]1CCC2=O,"['17beta-HSD Inhibitor', 'CYP1B1 Inhibitor', 'ERBeta Agonist', 'Estrogen Receptor-beta Agonist']"
CHEMBL1422,N[C@@H](CC(=O)N1CCn2c(nnc2C(F)(F)F)C1)Cc1cc(F)c(F)cc1F,"['DPPIV Inhibitor', 'Type 2 Diabetes', 'Dipeptidyl Peptidase-4 Inhibitor', 'T2DM Treatment', 'Insulin Secretion Stimulator']"
CHEMBL1445,C[C@]1(O)CC[C@H]2[C@@H]3CCC4=CC(=O)CC[C@]4(C)[C@@]3(F)[C@@H](O)C[C@@]21C,"['Anti-Inflammatory', 'CYP3A4 Inducer']"
CHEMBL1528134,CN(C)CCCOc1nn(Cc2ccccc2)c2ccccc12.Cl,"['Antiplatelet Aggregation Inhibitor', 'Soluble Guanylate Cyclase Activator']"
CHEMBL1720,Cl.O=C1c2cccc3c2[C@H](CCC3)CN1[C@@H]1CN2CCC1CC2,"['5-HT3 Receptor Antagonist', 'IBS Treatment', '5-HT(3) Receptor Partial Agonist']"
CHEMBL17423,COc1ccc(C(=O)N2CCN(c3ccc4c(c3)CCC(=O)N4)CC2)cc1OC,['Positive Inotropic']
CHEMBL1939499,N#Cc1cc(Cl)cc(Oc2c(Cl)ccc3c2cnn3Cc2n[nH]c3ncccc23)c1,['HIV NNRTI']
CHEMBL2074689,Cl.Cl.Cl.O[C@@H](COc1cccc2ncccc12)CN1CCN([C@@H]2c3ccccc3[C@@H]3[C@H](c4ccccc42)C3(F)F)CC1,"['P-glycoprotein Inhibitor', 'MDR-Reversal', 'CYP3A4 Inhibitor', 'MDR-Reversal Agent', 'MRP1 Modulator', 'Pgp-ATPase Stimulator']"
CHEMBL2103868,COc1cc2nccc(Oc3ccc(NC(=O)C4(C(=O)Nc5ccc(F)cc5)CC4)cc3)c2cc1OC.O=C(O)C[C@H](O)C(=O)O,"['Anticancer', 'VEGFR2 Inhibitor', 'cMET Inhibitor']"
CHEMBL2104089,CC(C)(N)CO.Cn1c(=O)c2[nH]cnc2n(C)c1=O,[]
CHEMBL2104751,COc1ccc2c3c1O[C@H]1C(OC(C)=O)=CC[C@H]4[C@@H](C2)N(C)CC[C@]314,"['Analgesic', 'Opioid Receptor Ligand', 'MRGPRX2 Agonist', 'Opiate']"
CHEMBL2381848,CCC[C@H](Oc1cc(C)c(-n2cc(C(F)(F)F)cn2)c(C)c1)c1ccc(C(=O)NCCC(=O)O)cc1,"['Glucagon Antagonist', 'Tissue Distribution']"
CHEMBL2386081,O=C(O)Cn1c2c(c3cc(F)ccc31)CN(C(=O)c1cccc3ccccc13)CC2,"['CRTH2 Antagonist', 'Asthma', 'Allergic Rhinitis']"
CHEMBL29292,CC(C)C[C@H](NC(=O)[C@@H](O)[C@H](N)Cc1ccccc1)C(=O)O,"['Aminopeptidase A Inhibitor', 'APN Inhibitor']"
CHEMBL3301616,CS(=O)(=O)O.Cc1nc(NNC(=O)[C@H](CC2CCCC2)CN(O)C=O)c(F)c(N2CCN3CCOC[C@@H]3C2)n1,"['Antibiotic', 'Peptide Deformylase Inhibitor']"
CHEMBL3707290,C=C(CCCCCCCCCCCCCCCc1nnn[nH]1)NS(=O)(=O)CCCC(=O)NCCOCCOCC(=O)N[C@@H](CCC(=O)N[C@@H](CCC(=O)NCCOCCOCC(=O)N[C@@H](CCCCNC(=O)CSC[C@H](N)C(=O)O)C(N)=O)C(=O)O)C(=O)O,[]
CHEMBL396290,COc1ccc(/C=C/C(=O)OCCCCO[N+](=O)[O-])cc1OC(=O)CC[C@@H](C)[C@H]1CC[C@H]2[C@@H]3[C@@H](O)C[C@@H]4C[C@H](O)CC[C@]4(C)[C@H]3CC[C@]12C,[]
CHEMBL4162752,O=C(O)CNC(=O)c1ncc(C#CCOc2ccc(Cl)cc2)cc1O,"['Prolyl-4-Hydroxylase Inhibitor', 'Anemia Treatment']"
CHEMBL4206492,O=c1[nH]c(Cc2ccccn2)nc2c1cnn2C1CCOCC1,['PDE9A Inhibitor']
CHEMBL4297087,CCN(CC)CCCOC(=O)C1(c2ccccc2)CC2CCC1C2,['Sigma1 Receptor Antagonist']
CHEMBL4594258,CCCC[C@](C)(CO)Nc1nc(N)nc2cc(F)cnc12,"['TLR7/8 Agonist', 'Hepatitis B']"
CHEMBL4594445,CNCc1cn(S(=O)(=O)c2cccc(F)c2)c(-c2ccc(F)cc2F)c1OC,"['H+/K+-ATPase Inhibitor', 'Potassium-Competitive Acid Blocker', 'Gastric Secretion Inhibitor']"
CHEMBL5199076,Cc1cc2c(C(N)=O)c(N)n(-c3c(C)ccc(O)c3C)c2nc1C,['PKMYT1 Inhibitor']
CHEMBL524004,C[N+]1(C)CCCC(OC(=O)C(O)(c2ccccc2)c2ccccc2)C1,"['Muscarinic Receptor Antagonist', 'Bronchodilator', 'Muscarinic M3 Receptor Antagonist']"
CHEMBL546,C=CCOc1ccccc1OCC(O)CNC(C)C,['Beta-Adrenoceptor Blocker']
CHEMBL590985,Nc1nc(N)c2nc(CNc3ccc(C(=O)N[C@@H](CCCNC(=O)c4ccccc4C(=O)O)C(=O)O)cc3)cnc2n1,"['Dihydrofolate Inhibitor', 'FPGS Inhibitor']"
CHEMBL963,CN1CC[C@]23c4c5ccc(O)c4O[C@H]2C(=O)CC[C@@]3(O)[C@H]1C5,"['Analgesic', 'Opioid Receptor Ligand', 'Opioid Receptor Agonist', 'Opioid Antagonist', 'Opioid', 'MOR Antagonist', 'OCT1 Substrate', 'Opiate Receptor', 'TLR4 Antagonist', 'Opioid Agonist-Antagonist']"
CHEMBL1110,Cc1[nH]cnc1CN1CCc2c(c3ccccc3n2C)C1=O,"['5-HT3 Receptor Antagonist', 'Gastrokinetic', '5-HT(3) Receptor Partial Agonist', 'IBS']"
CHEMBL1194325,O=C(O[C@H]1C[N+]2(CCCOc3ccccc3)CCC1CC2)C(O)(c1cccs1)c1cccs1,"['Muscarinic Receptor Antagonist', 'Bronchodilator', 'COPD Treatment', 'Muscarinic M3 Receptor Antagonist']"
CHEMBL1236970,[Zn+2],"['Antimalarial', 'Antimicrobial', 'Neuroprotective', 'Carbonic Anhydrase Inhibitor', 'Antihypertensive', 'Anti-Trypanosomal', 'Vasodilator', 'PDE10a Inhibitor', 'Cytoprotective', 'Vasorelaxant', 'Cardioprotective', 'Cardiovascular', 'CA I Inhibitor', 'Type 2 Diabetes Treatment', 'CD73 Inhibitor', 'Nootropic', 'H. pylori', 'Tau Phosphorylation Inhibitor', 'H2S Donor', 'Carbonic Anhydrase', 'Amnesia-Reversal', 'NMDAR Antagonist', 'Osteoblast Stimulator', 'Hydrogen Sulfide Donor', 'Mood Disorder', 'Insulin Release Stimulator', 'CO2 Hydrase', 'Beta-CA Inhibitor', 'Carbonic Anhydrase IV Inhibitor', 'IFN-Gamma Inhibitor', 'Cu Chelator', 'Anion Inhibitor', 'H2S-Releasing', 'DNA Cleaving Agent', 'Carbonic Anhydrase XV Inhibitor', 'Tau Protein Inhibitor', 'HD', 'Glycogen Synthase Activator']"
CHEMBL1342,O=C(O)CCCO,['GHB Binding Ligand']
CHEMBL1372,N[C@@H](CCC(=O)N[C@@H](CSSC[C@H](NC(=O)CC[C@H](N)C(=O)O)C(=O)NCC(=O)O)C(=O)NCC(=O)O)C(=O)O,[]
CHEMBL1492500,CN(C)CC/C=C1\c2ccccc2CSc2ccccc21,"['Analgesic', 'Antidepressant', 'MDR-Modulator', 'Psychotropic']"
CHEMBL1743263,CC(C)C[C@H]1C(=O)N2CCC[C@H]2[C@]2(O)O[C@](NC(=O)[C@@H]3C[C@@H]4c5cccc6[nH]cc(c56)C[C@H]4N(C)C3)(C(C)C)C(=O)N12,[]
CHEMBL1747,NC[C@H]1O[C@H](O[C@H]2[C@H](O)[C@@H](O[C@H]3O[C@H](CO)[C@@H](O)[C@H](N)[C@H]3O)[C@H](N)C[C@@H]2N)[C@H](N)C[C@@H]1O,"['Antibiotic', 'Ribosome Inhibitor', 'Ribosome Binding', 'Aminoglycoside']"
CHEMBL1865135,COC1CC(=C(c2cccs2)c2cccs2)C[N+](C)(C)C1,[]
CHEMBL2105053,CCC(=O)C1(c2ccccc2)CCN(CCOCCO)CC1,['Analgesic']
CHEMBL2105212,CCC(C)C(C)C1Nc2cc(Cl)c(S(N)(=O)=O)cc2S(=O)(=O)N1,['Carbonic Anhydrase Inhibitor']
CHEMBL2105612,CCC(Oc1ccccc1)C(=O)N[C@@H]1C(=O)N2[C@@H]1SC(C)(C)[C@@H]2C(=O)O,['Antibiotic']
CHEMBL2106650,O=C1NC2CCCCN2C12CCN(CCCN1c3ccccc3CCc3ccc(Cl)cc31)CC2,[]
CHEMBL2106968,Cc1ccc2c(c1)Sc1ccc(C)cc1S2,[]
CHEMBL2325429,Cc1ccc(C(=O)N(CCCN)[C@@H](c2oc3cc(Cl)ccc3c(=O)c2Cc2ccccc2)C(C)C)cc1,"['Anticancer', 'Eg5 Inhibitor']"
CHEMBL2443262,COc1ccsc1CNCC[C@@]1(c2ccccn2)CCOC2(CCCC2)C1,"['Analgesic', 'Mu Opioid Receptor Agonist', 'MOR Agonist', 'G Protein-Biased']"
CHEMBL29609,Cc1cc(CCCOc2c(C)cc(-c3noc(C(F)(F)F)n3)cc2C)on1,"['Antiviral', 'Antirhinovirus', 'Antipicornavirus', 'Anti-HRV']"
CHEMBL333325,C[C@@H](c1nc(-c2ccc(C#N)cc2)cs1)[C@@](Cn1cncn1)(OCOP(=O)(O)O)c1ccc(F)cc1F,['Antifungal']
CHEMBL3348861,O=C1c2c(O)cc(O)cc2O[C@H](c2cc(O)c(O)c(O)c2)[C@H]1O,"['Amyloid Fibril Formation Inhibitor', 'Flavonoid', 'HO-1 Inducer', 'FabG4 Inhibitor', 'Macrophage', 'NAD⁺ Catabolizing Inhibitor', 'Procoagulant Inhibitor']"
CHEMBL3683575,O=C(c1nn(-c2ccc(CN3CCOCC3)cc2)c2c1CS(=O)(=O)c1c(F)cccc1-2)N1CCOCC1,[]
CHEMBL3833406,CN1CC[C@]23c4c5ccc(O)c4O[C@H]2[C@@H](O)C=C[C@H]3[C@H]1C5.COc1ccc(Cc2nccc3cc(OC)c(OC)cc23)cc1OC.COc1ccc2c3c1OC1[C@@H](O)C=C[C@H]4[C@@H](C2)N(C)CC[C@]314,[]
CHEMBL3989912,Cl.O=C1CC[C@H](N2Cc3c(OCc4ccc(CN5CCOCC5)cc4)cccc3C2=O)C(=O)N1,"['Protein Degrader', 'Multiple Myeloma Treatment', 'Cereblon E3 Ligase Modulator']"
CHEMBL3989941,Cn1c(CCCCCCC(=O)NO)nc2cc(N(CCCl)CCCl)ccc21,"['Antitumor', 'HDACs Inhibitor']"
CHEMBL415,CN(C)CCCN1c2ccccc2CCc2ccc(Cl)cc21,"['Antioxidant', 'Neuroprotective', 'Antidepressant', ""Alzheimer's Disease"", 'AChE Inhibitor', 'Antialzheimer', 'Antineuroinflammatory', 'Chemosensitizer', 'MDR-Modulator', ""Alzheimer's Treatment"", 'Norepinephrine Transporter Inhibitor', 'BBB Permeable', 'Biometal Chelator', 'Cerebro-protective', 'Organic Cation Transporter', 'Psychotropic', 'Dopamine Agent', 'CaL Channel Inhibitor', 'CNS Drug Partitioning']"
CHEMBL417675,CCCCCCCCCCCCCCCC(=O)NCCO,"['FAAH Inhibitor', 'Plant Growth Regulator', 'TRPV2 Antagonist', 'Cancer Cell Proliferation Inhibitor', 'TRPV1 Ligand']"
CHEMBL4298145,CC#CC[C@H](C)[C@H](O)/C=C/[C@@H]1[C@H]2c3cccc(CCCC(=O)[O-])c3O[C@H]2C[C@H]1O.[K+],"['Antiplatelet Aggregation Inhibitor', 'Thromboxane A2 Receptor Antagonist', 'Prostacyclin Receptor Agonist', 'DP1 Antagonist', 'IP Receptor Agonist', 'Prostanoid Receptor Ligand']"
CHEMBL4301914,CC(=O)OP(=O)(O)N(C[C@H]1CN(c2cc(F)c(N3C=CC(=O)CC3)c(F)c2F)C(=O)O1)c1ccon1,['Antibiotic']
CHEMBL4650302,O=C([O-])CC(O)(CC(=O)O)C(=O)O.O=C([O-])CC(O)(CC(=O)O)C(=O)O.O=C([O-])CC(O)(CC(=O)[O-])C(=O)O.[K+].[K+].[Mg+2],[]
CHEMBL480558,CCC(CC)[C@@H](CO)NS(=O)(=O)c1ccc(Cl)s1,['Gamma Secretase Inhibitor']
CHEMBL482811,CN(C(=O)Cc1ccc(Cl)c(Cl)c1)[C@@H]1CCCC[C@H]1N1CCCC1.CS(=O)(=O)O,"['Analgesic', 'Antinociceptive', 'Kappa Opioid Agonist', 'Mu Opioid Receptor Agonist', 'KOR Agonist', 'Sigma1 Receptor Antagonist', 'OX1 Antagonist', 'CME Inhibitor', 'Hydrogen Sulfide Donor', 'Opiate Receptor', 'Opiate Receptor Binder', 'kappa-Opioid Receptor']"
CHEMBL483254,Cc1[nH]c2ccccc2c1CCNCc1ccc(/C=C/C(=O)NO)cc1,"['HDACs Inhibitor', 'Histone Deacetylase Inhibitor']"
CHEMBL506981,COc1cccc(OC)c1-c1cc(C(=O)NC2(C(=O)O)C3CC4CC(C3)CC2C4)nn1-c1ccnc2cc(Cl)ccc12,"['Neurotensin Agonist', 'NTR1 Agonist', 'Neurotensin Receptor Ligand', 'NTS2 Ligand']"
CHEMBL5095041,COc1cc2cc(-c3ccc(CC(=O)Nc4cc(C(C)(C)C(F)(F)F)no4)cn3)cnc2cc1OC.COc1cc2cc(-c3ccc(CC(=O)Nc4cc(C(C)(C)C(F)(F)F)no4)cn3)cnc2cc1OC.O=C(O)CCCCC(=O)O,[]
CHEMBL5314929,O=C1C[C@H](c2cc(F)c(F)c(F)c2)CN1Cn1ncnc1Cl,['P2X7 Receptor Antagonist']
CHEMBL607400,CCC[C@@H]1CC(=O)N([C@@H](CC)C(N)=O)C1,['Antiepileptic']
CHEMBL7568,CCN(CC)CCCC(C)Nc1c2ccc(Cl)cc2nc2ccc(OC)cc12,"['Antimalarial', 'Antiplasmodial', 'S Phase Arrest']"
CHEMBL77305,CC[C@@]1(O)C(=O)OCc2c1cc1n(c2=O)Cc2cc3c([N+](=O)[O-])cccc3nc2-1,['Topoisomerase I Inhibitor']
CHEMBL1098319,O=S(=O)(O)CCS,[]
CHEMBL1200601,CNS(=O)(=O)CCc1ccc2[nH]cc(C3CCN(C)CC3)c2c1.Cl,"['5-HT(1B/1D) Agonist', 'Migraine Treatment']"
CHEMBL1200696,[K+].[O-][Cl+3]([O-])([O-])[O-],"['Antibiotic', 'Antimalarial', 'Antimicrobial', 'Carbonic Anhydrase Inhibitor', 'Anti-Trypanosomal', 'CA I Inhibitor', 'H. pylori', 'Carbonic Anhydrase', 'CO2 Hydrase', 'Beta-CA Inhibitor', 'Carbonic Anhydrase IV Inhibitor', 'Anion Inhibitor', 'Carbonic Anhydrase XV Inhibitor']"
CHEMBL1591,CN(C)[C@@H]1C(O)=C(C(N)=O)C(=O)[C@@]2(O)C(O)=C3C(=O)c4c(O)ccc(Cl)c4[C@@H](O)[C@H]3C[C@@H]12,['Antibiotic']
CHEMBL1615374,Cl.N#Cc1ccc2[nH]cc(CCCCN3CCN(c4ccc5oc(C(N)=O)cc5c4)CC3)c2c1,"['Antidepressant', '5-HT 1A Receptor Agonist', 'Serotonin Re-uptake Inhibitor']"
CHEMBL1619,Nc1nc(Cl)nc2c1ncn2[C@H]1C[C@H](O)[C@@H](CO)O1,['Adenylyl Cyclase Inhibitor']
CHEMBL1697741,CCC1=C(C[C@H]2NCCc3cc(OC)c(OC)cc32)C[C@H]2c3cc(OC)c(OC)cc3CCN2C1,[]
CHEMBL1783282,CCCNC(=O)c1nnc2c(-c3c(F)cccc3OC)cccc2c1N,"['Anxiolytic', 'GABA A Modulator']"
CHEMBL1788393,CCOCCN(Cc1ccc(Oc2ccc([N+](=O)[O-])cc2)cc1)C(=O)C(Cl)Cl,['Antiamebic']
CHEMBL2107723,COc1cc(O)c(C(=O)Nc2nc(C(=O)NCCN(C(C)C)C(C)C)cs2)cc1OC,['ATPase Inhibitor']
CHEMBL2180602,CCN(CC)CCNC(=O)c1c(C)[nH]c2c1CCC/C2=C1/C(=O)Nc2ccc(F)cc21,"['Antitumor', 'VEGFR2 Inhibitor', 'PDGFRAlpha Inhibitor', 'Receptor Tyrosine Kinase Inhibitor', 'c-Kit Inhibitor']"
CHEMBL279785,CNC(=O)[C@@H](NC(=O)[C@H](CC(C)C)[C@H](O)C(=O)NO)C(C)(C)C,"['MMP Inhibitor', 'TACE Inhibitor', 'Matrix Metalloproteinase Inhibitor', 'Nematocide', 'ADAM17 Inhibitor']"
CHEMBL300058,Cc1c(-c2ccc(-c3ccccc3F)cc2)nc2ccc(F)cc2c1C(=O)[O-].[Na+],"['Immunosuppressive', 'DHODH Inhibitor', 'Dihydroorotate Dehydrogenase Inhibitor', 'Anti-Viral', 'hDHODH Inhibitor', 'P-selectin Antagonist']"
CHEMBL3707376,O=C(O)c1cn(C2CC2)c2cc(N3CCC(O)(COc4ccc(N5C[C@H](CO)OC5=O)cc4F)CC3)c(F)cc2c1=O,['Antibiotic']
CHEMBL3989861,CN(C)CC(c1ccc(O)cc1)C1(O)CCCCC1.O.O=C(O)/C=C/C(=O)O,"['Analgesic', 'Opiate-Like']"
CHEMBL4114766,CC(C)(C)/C=C(\C#N)C(=O)N1CCC[C@@H](n2nc(-c3ccc(Oc4ccccc4)cc3F)c3c(N)ncnc32)C1,['BTK Inhibitor']
CHEMBL4297328,O=C(CN1CCOCC1)Nc1ccc(OC2CCN(C3CCC3)CC2)cc1,"['Histamine H3 Receptor Inverse Agonist', 'Sleep Disorder Treatment', 'Wake Promoting']"
CHEMBL4297662,Cn1cnc([N+](=O)[O-])c1C[N+](C)(C)C/C=C/C(=O)Nc1cc2c(Nc3ccc(Cl)c(Br)c3)ncnc2cn1.[Br-],[]
CHEMBL4862963,N#Cc1ccc(O[C@H]2CC[C@H](NC(=O)c3ccc(N4CCC(CN5CCN(c6cc7c(cc6F)C(=O)N(C6CCC(=O)NC6=O)C7=O)CC5)CC4)nn3)CC2)cc1Cl,"['Prostate Cancer', 'PROTAC', 'Androgen Receptor Degrader']"
CHEMBL5095067,COc1ncc(-c2ccc3ncc(OCCN(C)C)c(=O)n3c2)cc1NS(=O)(=O)c1ccc(F)cc1Cl,"['Anticancer', 'PI3 Kinase Inhibitor']"
CHEMBL5314440,CN(C)C/C=C/C(=O)Nc1cc2c(Nc3ccc(OCc4ccccn4)c(Cl)c3)c(C#N)cnc2cc1O[C@H]1CCOC1,['EGFR Kinase Inhibitor']
CHEMBL571,CC(C(=O)O)c1cccc(C(=O)c2ccccc2)c1,"['Anti-Inflammatory', 'Analgesic', 'Antioxidant', 'COX2 Inhibitor', 'mPGES-1 Inhibitor', 'COX1⧹2 Inhibitor', '5-LOX/COX Inhibitor', 'Cyclooxygenase Inhibitor', 'Dual-Inhibitor', 'AKR1C1 Inhibitor', 'Lipoxygenase Inhibitor', 'Lipoperoxidation Inhibitor', 'NSAID', 'LOX Inhibitor', 'IL-8 Inhibitor', 'Organic Anion Transporter', 'HSA-Binding', 'TTR Amyloidogenesis Inhibitor', 'Permeability', 'CXCR1 Inhibitor', 'Beta-Catenin Inhibitor', 'OAT1 Inhibitor', 'Organic Anion Transport Inhibitor', 'Prostaglandin Synthase Inhibitor', 'Gli1 Inhibitor', 'Skin Permeation', 'CXCL8 Inhibitor', 'Dopamine Agent', 'Complement Modulator', 'ACMSD Inhibitor']"
CHEMBL601719,C[C@@H](Oc1cc(-c2cnn(C3CCNCC3)c2)cnc1N)c1c(Cl)ccc(F)c1Cl,"['Anticancer', 'Kinase Inhibitor', 'JAK1/JAK2 Inhibitor', 'cMET Inhibitor', 'ALK Inhibitor', 'Necroptosis Inhibitor', 'NSCLC', 'Oncology', 'Axl Inhibitor', 'MTH1 Inhibitor', 'Anaplastic Lymphoma Kinase Inhibitor', 'Neuroblastoma', 'SHIP2 Inhibitor', 'MET Kinase Inhibitor', 'FOP Treatment', 'c-Met/ALK Inhibitor', 'T Cell Immunity', 'PKCTheta Modulator', 'GLK Inhibitor']"
CHEMBL870,NCCCC(O)(P(=O)(O)O)P(=O)(O)O,"['Antiparasitic', 'Farnesyl-Protein Transferase Inhibitor', 'Trypanosoma cruzi Inhibitor', 'Osteoporosis Treatment', 'Trypanosoma brucei Inhibitor', 'Bone Resorption Inhibitor', 'Bone-Targeting', 'Antibiotic Resistance', 'Anti-Osteoclast Formation', 'Bisphosphonates', 'Calcium Chelator']"
CHEMBL87385,OCCN1CCN(CC/C=C2\c3ccccc3Sc3ccc(Cl)cc32)CC1,"['Antipsychotic', 'MDR-Modulator', 'Dopamine Antagonist', 'Thymoleptic']"
CHEMBL1079742,C#Cc1cccc(Nc2ncnc3cc(OCCOC)c(OCCOC)cc23)c1.Cl,['EGFR Kinase Inhibitor']
CHEMBL1083993,CCCCc1oc2ccccc2c1C(=O)c1cc(I)c(OCCN(CC)CC)c(I)c1.Cl,[]
CHEMBL110458,OC[C@H]1NC[C@H](O)[C@@H](O)[C@H]1O,"['Cytotoxic', 'Apoptosis Inducer', 'Anti-Diabetic', 'EGFR Kinase Inhibitor', 'Alpha-glucosidase Inhibitor', 'Hypoglycemic', 'Angiogenesis Inhibitor', 'Butylcholinesterase Inhibitor', 'Antihyperglycaemic', 'Immunosuppressive', 'Anti-Bacterial', 'NO Donor', 'Cytokine Inhibitor', 'Pharmacologic Chaperone', 'Glycosidase Inhibitor', 'Fluorescent', 'Beta-Glucosidase Inhibitor', 'Beta-Glucocerebrosidase Inhibitor', ""Gaucher's Disease"", 'Beta-Galactofuranosidase Inhibitor', 'Alpha-L-Fucosidase Inhibitor', 'Chaperone', 'Alpha-Galactosidase Inhibitor', 'Alpha-Mannosidase Inhibitor', 'Lysosomal Storage Disorder', 'Insulin-Releasing', 'Fabry Disease', 'Sucrase Inhibitor', 'Maltase Inhibitor', 'Beta-Mannosidase Inhibitor', 'Postprandial Hyperglycemia', 'Pompe Disease', 'GAA Ligand', 'Alpha-l-rhamnosidase Inhibitor', 'Lysosomal Beta-Mannosidase Inhibitor', 'Glycogenolysis Inhibitor']"
CHEMBL1200979,CC(C)(CO)[C@@H](O)C(=O)NCCCO,['PanK Inhibitor']
CHEMBL1236282,CS(=O)(=O)c1ccc([C@@H](O)[C@@H](CO)NC(=O)C(Cl)Cl)cc1,[]
CHEMBL126159,COc1cc2c3c(n(CCCNCCO)c(=O)c2cc1OC)-c1cc2c(cc1C3=O)OCO2,"['Anticancer', 'Cytotoxic', 'Topoisomerase I Inhibitor', 'Top1/2 Inhibitor']"
CHEMBL1318150,CNC(=O)C[C@@H](N)C(=O)N[C@@H](C(=O)N[C@@H]1C(=O)N2[C@@H]1SC(C)(C)[C@@H]2C(=O)O)c1ccc(O)cc1,[]
CHEMBL1525,CC1(C)C(C=C(Cl)Cl)C1C(=O)OCc1cccc(Oc2ccccc2)c1,"['Insecticidal', 'Insecticide']"
CHEMBL1528,[F-].[Na+],"['Antibiotic', 'Antimalarial', 'Antimicrobial', 'Neuroprotective', 'Carbonic Anhydrase Inhibitor', 'Antihypertensive', 'Anti-Trypanosomal', 'Vasodilator', 'PDE10a Inhibitor', 'Cytoprotective', 'Vasorelaxant', 'Cardioprotective', 'Cardiovascular', 'CA I Inhibitor', 'Insulin Secretagogue', 'Type 2 Diabetes Treatment', 'Matriptase Inhibitor', 'CD73 Inhibitor', 'Nootropic', 'H. pylori', 'Tau Phosphorylation Inhibitor', 'H2S Donor', 'Carbonic Anhydrase', 'Amnesia-Reversal', 'NMDAR Antagonist', 'Osteoblast Stimulator', 'Hydrogen Sulfide Donor', 'Mood Disorder', 'Insulin Release Stimulator', 'CO2 Hydrase', 'Beta-CA Inhibitor', 'GPR39 Agonist', 'Carbonic Anhydrase IV Inhibitor', 'IFN-Gamma Inhibitor', 'Cu Chelator', 'Anion Inhibitor', 'H2S-Releasing', 'DNA Cleaving Agent', 'Carbonic Anhydrase XV Inhibitor', 'Tau Protein Inhibitor', 'HD', 'Glycogen Synthase Activator']"
CHEMBL1560,C[C@H](CS)C(=O)N1CCC[C@H]1C(=O)O,"['Antihypertensive', 'ACE Inhibitor', 'Angiotensin Converting Enzyme Inhibitor']"
CHEMBL1691,CC(C)NCC(O)COc1ccc(CCOCC2CC2)cc1.Cl,"['Antihypertensive', 'Beta-Adrenoceptor Blocker', 'Beta-Adrenoceptor Antagonist', 'Cardioselective']"
CHEMBL176,NC[C@H]1O[C@H](O[C@H]2[C@H](O)[C@@H](O[C@H]3O[C@H](CO)[C@@H](O)[C@H](N)[C@H]3O)[C@H](N)C[C@@H]2N)[C@H](N)[C@@H](O)[C@@H]1O,"['Antibiotic', 'Ribosome Inhibitor', 'Ribosome Binding', 'Aminoglycoside', 'Nonsense Mutation Suppressor']"
CHEMBL1956285,Cc1cc(Nc2ccc(S(F)(F)(F)(F)F)cc2)n2nc(C(C)(F)F)nc2n1,"['Antimalarial', 'Dihydroorotate Dehydrogenase Inhibitor', 'Plasmodium falciparum DHODH Inhibitor']"
CHEMBL2104414,CCc1c(CC)c2cc3nc(cnc4cc(OCCOCCOCCOC)c(OCCOCCOCCOC)cc4ncc4nc(cc1[nH]2)C(CCCO)=C4C)C(C)=C3CCCO,[]
CHEMBL2104765,C[C@H](O)C(=O)[C@@]1(C)CC[C@H]2[C@@H]3CCC4=CC(=O)CCC4=C3CC[C@@]21C,['Osteoblast Stimulator']
CHEMBL2104790,COc1ccccc1OCC1CNC(=O)O1,[]
CHEMBL2104932,CC(=O)[C@@]1(O)CC[C@H]2[C@@H]3C[C@H](C(F)(F)F)C4=CC(=O)CC[C@]4(C)[C@H]3CC[C@@]21C,[]
CHEMBL224325,Cc1ccc2c(Cl)cc(Cl)c(O)c2n1,['Antibiotic']
CHEMBL2338801,O=c1[nH]nc(CCc2ccc(C(F)(F)F)cc2)cc1O,['DAAO Inhibitor']
CHEMBL3590674,O=C(c1cc(S(=O)(=O)Nc2ccccc2F)c(F)cc1Cl)N1CCN2CCC[C@@H]2C1,"['Analgesic', 'T-type Ca2+ Channel Blocker']"
CHEMBL3707372,CC[C@@H]1[C@@H]2CN(C(=O)[C@H](C(C)(C)C)NC(=O)O[C@@H]3C[C@H]3CCCCC(F)(F)c3nc4ccc(OC)cc4nc3O2)[C@@H]1C(=O)N[C@]1(C(=O)NS(=O)(=O)C2(C)CC2)C[C@H]1C(C)C,['NS3-4A Protease Inhibitor']
CHEMBL4300945,Cc1cnc(C[S@@+]([O-])c2nc3ccccc3[nH]2)c(C)c1OCC1COC(C)(C)OC1,[]
CHEMBL4541964,O=C(O)Cc1ccc(Cc2cc(-c3cccc(Cl)c3)nc(C(F)(F)F)c2)cc1,[]
CHEMBL4594401,CC1=NN(c2ccc3c(c2)CCCC3)C(=O)/C1=N\Nc1cccc(-c2ccc(C(=O)O)o2)c1O,['LF Inhibitor']
CHEMBL4594448,CCO[C@H]1CCN(Cc2c(OC)cc(C)c3[nH]ccc23)[C@H](c2ccc(C(=O)O)cc2)C1,['Complement Inhibitor']
CHEMBL4650227,Cc1cccc(N2CCN(CCc3ccc4ccccc4n3)CC2)c1.O=C(O)CC(O)(CC(=O)O)C(=O)O,[]
CHEMBL4756476,O=C(c1ccc(Oc2ccccc2)cc1Cl)c1c[nH]c2ncnc(N[C@@H]3CC[C@@H](CO)OC3)c12,['BTK Inhibitor']
CHEMBL4802149,Cc1cc(C2CCCCC2)n(OCOP(=O)(O)O)c(=O)c1,[]
CHEMBL5095097,C[C@H](C#N)Nc1cc(-c2ccc3cc(C#N)cnn23)ncc1C(=O)NC[C@@H](F)C(C)(C)O,['IRAK-4 Inhibitor']
CHEMBL5095251,CC(=O)Nc1nc(F)c(CN2CC[C@H](OCc3noc(C)n3)C[C@@H]2C)s1,['OGA Inhibitor']
CHEMBL5314561,CNC[C@@H]1OCCc2ccsc21.Cl,"['5-HT 1A Receptor Agonist', 'TAAR1 Agonist', 'Schizophrenia Treatment']"
CHEMBL562967,CC(C)C(=O)OC[C@H]1O[C@@H](n2ccc(N)nc2=O)[C@](C)(F)[C@@H]1OC(=O)C(C)C,"['HCV NS5b Polymerase Inhibitor', 'HCV Inhibitor']"
CHEMBL58792,COc1ccccc1N1CCN(CCCC(=O)c2ccc(F)cc2)CC1,[]
CHEMBL6,COc1ccc2c(c1)c(CC(=O)O)c(C)n2C(=O)c1ccc(Cl)cc1,"['Anti-Inflammatory', 'COX2 Inhibitor', 'MDR-Modulator', 'AKR1C1 Inhibitor', 'MRP1 Inhibitor', 'Nitric Oxide Donor', 'CRPC Treatment']"
CHEMBL1108,O=C(CCCN1CC=C(n2c(=O)[nH]c3ccccc32)CC1)c1ccc(F)cc1,[]
CHEMBL1164729,Cc1nc(-c2ccc(OCC(C)C)c(C#N)c2)sc1C(=O)O,"['Xanthine Oxidase Inhibitor', 'Hypouricemic']"
CHEMBL1200359,COc1cnc(NS(=O)(=O)c2ccc(N)cc2)nc1,[]
CHEMBL1200377,CC(N)Cc1ccccc1.NC(CC(=O)O)C(=O)O,[]
CHEMBL1213492,CCN(CC)Cc1ccc2cc(COC(=O)Nc3ccc(C(=O)NO)cc3)ccc2c1,['HDAC6/8 Inhibitor']
CHEMBL142130,CC(=O)[C@@]1(O)CC[C@H]2[C@@H]3C=C(Cl)C4=CC(=O)[C@@H]5C[C@@H]5[C@]4(C)[C@H]3CC[C@@]21C,[]
CHEMBL1475,Cc1cc2cc3c(C)cc(=O)oc3c(C)c2o1,[]
CHEMBL1589,CC(=O)c1ccc(S(=O)(=O)NC(=O)NC2CCCCC2)cc1,[]
CHEMBL1628698,COc1ccc(-c2ccc(OCc3cc(C(=O)NS(=O)(=O)c4ccccc4C)oc3C)cc2)nc1,"['EP4 Receptor Agonist', 'Migraine Treatment']"
CHEMBL1630563,O=[N+]([O-])c1cn2c(n1)OC[C@@H](OCc1ccc(-c3ccc(OC(F)(F)F)cc3)nc1)C2,"['Anti-Tuberculosis', ""Chagas' Disease Treatment""]"
CHEMBL1697851,CC(=O)OCCN1CCN(CCCN2c3ccccc3Sc3ccc(Cl)cc32)CC1,[]
CHEMBL1723,COc1cc2nc(N(C)CCCNC(=O)C3CCCO3)nc(N)c2cc1OC.Cl,"['Antihypertensive', 'Alpha1-Adrenoceptor Antagonist']"
CHEMBL174,CC1(C)S[C@@H]2[C@H](NC(=O)[C@H](N)c3ccccc3)C(=O)N2[C@H]1C(=O)O,['Antibiotic']
CHEMBL1742423,CCOCCn1c(C2CCN(CCc3ccc(C(C)(C)C(=O)O)cc3)CC2)nc2ccccc21,[]
CHEMBL1822792,CN(C[C@@H]1COCCO1)S(=O)(=O)Nc1ccc2ccc3ncc(-c4cnn(C)c4)cc3c(=O)c2c1,"['Anticancer', 'Kinase Inhibitor', 'Cancer']"
CHEMBL1852688,CCN1CCN(c2ccc(Nc3cc(N(C)C(=O)Nc4c(Cl)c(OC)cc(OC)c4Cl)ncn3)cc2)CC1,"['FGFR1 Inhibitor', 'FGFR4 Inhibitor', 'SMO Inhibitor']"
CHEMBL2028019,CN(C)C(=O)N[C@H]1CC[C@H](CCN2CCN(c3cccc(Cl)c3Cl)CC2)CC1,"['D2R Agonist', 'Dopamine D3/D2 Receptor']"
CHEMBL2043437,CN1CC[C@@H](NC(=O)Nc2ccc(C#N)cc2)C[C@@H]1c1nc2ccccc2[nH]1,['Hedgehog Pathway Inhibitor']
CHEMBL2104038,CC(C)OC(=O)OC1CCCCC1,[]
CHEMBL2107574,COC1CC(=C(c2cccs2)c2cccs2)C[N+](C)(C)C1.[Br-],[]
CHEMBL2110670,c1cc2c3c(c1)[C@H]1CCC[C@H]1CN3CCNC2,['5-HT Agonist']
CHEMBL218650,C[C@]1(COc2ccc(N3CCC(Oc4ccc(OC(F)(F)F)cc4)CC3)cc2)Cn2cc([N+](=O)[O-])nc2O1,['Anti-Tuberculosis']
CHEMBL232202,OC[C@H]1O[C@@H](Oc2ccc(O)cc2)[C@H](O)[C@@H](O)[C@@H]1O,"['Antioxidant', 'DPPH Radical Scavenger', 'Tyrosinase Substrate', 'GABA-T Inhibitor', 'Mushroom Tyrosinase Inhibitor']"
CHEMBL249837,C=C1c2cccc(O)c2C(=O)C2=C(O)[C@]3(O)C(=O)C(C(N)=O)=C(O)[C@@H](N(C)C)[C@@H]3[C@@H](O)[C@H]12,"['Antibiotic', 'Efflux Pump Inhibitor']"
CHEMBL322241,CC(C)CN(C[C@@H](O)[C@H](Cc1ccccc1)NC(=O)[C@H](CC(N)=O)NC(=O)c1ccc2ccccc2n1)C(=O)NC(C)(C)C,['HIV Protease Inhibitor']
CHEMBL3545029,CN1CC2CCN(c3ccc(-c4ccc(-n5ncccc5=O)cc4)cc3)C2C1,[]
CHEMBL3678076,CCCCOc1cccc(CCNCC(=O)N(C)C)c1,['MT(1) Agonist']
CHEMBL3707320,CCc1cc2c(cc1N1CCC(N3CCOCC3)CC1)C(C)(C)c1[nH]c3cc(C#N)ccc3c1C2=O.Cl,['ALK Inhibitor']
CHEMBL3907479,Cc1nc2ccc(-n3ncc(C(=O)c4cc5ccccc5[nH]4)c3N)cc2[nH]1,[]
CHEMBL3989562,COc1cc2nc(N3CCN(C(=O)C4CCCO4)CC3)nc(N)c2cc1OC.Cl.O.O,"['Antihypertensive', 'Alpha1-Adrenoceptor Antagonist']"
CHEMBL3989570,CN1[C@@H]2CC[C@H]1C[C@@H](OC(=O)[C@H](CO)c1ccccc1)C2.CN1[C@@H]2CC[C@H]1C[C@@H](OC(=O)[C@H](CO)c1ccccc1)C2.O.O.O=S(=O)(O)O,"['H1 Receptor Antagonist', 'Anticholinergic', 'Spasmolytic', 'Antihistamine', 'Cholinergic Receptor Antagonist', 'Urinary Bladder', 'Pan-Muscarinic Antagonist']"
CHEMBL4228124,COc1ccc2c(c1)CC[C@H](CN(C)CC(=O)O)[C@@H]2c1ccccc1,[]
CHEMBL4303201,COc1cc2c(Oc3ccc4[nH]c(C)cc4c3F)ccnc2cc1OCC1(N)CC1,[]
CHEMBL4439321,COc1cc(F)ccc1-c1ncnc(Nc2cccc(C[S@](C)(=N)=O)c2)n1,['CDK9 Inhibitor']
CHEMBL51483,Cc1cc2c(C(C)C)c(O)c(O)c(C=O)c2c(O)c1-c1c(C)cc2c(C(C)C)c(O)c(O)c(C=O)c2c1O,"['Anticancer', 'BCL-2 Inhibitor']"
CHEMBL52333,CCCn1c(=O)c2nc(C34CC5CC(CC3C5)C4)[nH]c2n(CCC)c1=O,"['A2A Adenosine Receptor Antagonist', 'Adenosine Receptor Antagonist', 'Diuretic']"
CHEMBL5314512,N#CN1C[C@H](n2nc(-c3ccc(Oc4ccc(Cl)cn4)cc3)c(C(N)=O)c2N)CCC12CC2,[]
CHEMBL592054,Cc1oc(-c2ccccc2)nc1COc1ccc(CO/N=C(\CCC(=O)O)c2ccccc2)cc1,"['PPAR gamma Agonist', 'PPAR Alpha/Gamma Agonist']"
CHEMBL92,CC(=O)O[C@@]12CO[C@@H]1C[C@H](O)[C@@]1(C)C(=O)[C@H](O)C3=C(C)[C@@H](OC(=O)[C@H](O)[C@@H](NC(=O)OC(C)(C)C)c4ccccc4)C[C@@](O)([C@@H](OC(=O)c4ccccc4)[C@H]21)C3(C)C,"['Anticancer', 'Cytotoxic', 'Antitumor', 'Antimitotic', 'Microtubule Stabilizer', 'Microtubule Disassembly Inhibitor']"
CHEMBL920,C[N+](C)(C)CCO,"['Organic Cation Transporter', 'Organic Cation Transporter 2 Inhibitor', 'Carnitine Transporter', 'Choline Transport Inhibitor', 'Neuronal Choline Transporter Ligand']"
CHEMBL1075790,CO[C@H]1[C@H](O)[C@H](O[C@H]2CC[C@@]3(C=O)[C@H](CC[C@@H]4[C@@H]3CC[C@]3(C)[C@@H](C5=CC(=O)OC5)CC[C@]43O)C2)O[C@@H](C)[C@@H]1O,"['Cytotoxic', 'Cancer Cell Growth Inhibitor', 'Na(+)/K(+)-ATPase Inhibitor']"
CHEMBL1201734,Cl.Cn1c(CCCC(=O)O)nc2cc(N(CCCl)CCCl)ccc21,['Antitumor']
CHEMBL1213327,CC(C)(COP(=O)(O)OP(=O)(O)OC[C@H]1O[C@@H](n2cnc3c(N)ncnc32)[C@H](O)[C@@H]1OP(=O)(O)O)[C@@H](O)C(=O)NCCC(=O)NCCS,[]
CHEMBL1215,CNC[C@H](O)c1cccc(O)c1,['Beta(3)-Adrenergic Agonist']
CHEMBL1289601,COc1cc2nccc(Oc3ccc(NC(=O)NC4CC4)c(Cl)c3)c2cc1C(N)=O,"['VEGFR2 Inhibitor', 'Tyrosine Protein Kinase Inhibitor']"
CHEMBL1352,O=[N+]([O-])O,"['Antibiotic', 'Antimalarial', 'Antimicrobial', 'Carbonic Anhydrase Inhibitor', 'Anti-Trypanosomal', 'CA I Inhibitor', 'H. pylori', 'Carbonic Anhydrase', 'CO2 Hydrase', 'Beta-CA Inhibitor', 'Carbonic Anhydrase IV Inhibitor', 'Anion Inhibitor', 'Carbonic Anhydrase XV Inhibitor', 'HD']"
CHEMBL14012,CC(C)c1ccccc1OCC1=NCCN1,"['Alpha 1-Adrenoceptor Agonist', 'Alpha2-Adrenoceptor Agonist']"
CHEMBL142635,COc1ccccc1N1CCN(CC(O)COc2cccc3ccccc23)CC1,[]
CHEMBL1492,CN1CCC(OC(c2ccccc2)c2ccccc2)CC1,[]
CHEMBL15245,COC(=O)[C@@H]1[C@H]2C[C@H]3c4[nH]c5ccccc5c4CCN3C[C@@H]2CC[C@@H]1O,"['Analgesic', 'Anticonvulsive', 'Antidepressant', 'Antihypertensive', 'Anxiolytic', 'Alpha1-Adrenoceptor Antagonist', '5-HT 1A Receptor Agonist', 'Antinociceptive', '5-HT2A Receptor Antagonist', 'Neuropathic Pain', '5-HT(1A) Receptor Antagonist', 'Alpha 2-Adrenoceptor Antagonist', 'Alpha 1-Adrenoceptor Ligand', '5-HT Agonist', '5-HT(1B/1D) Agonist', 'Alpha 1-Adrenoceptor Agonist', 'Norepinephrine Transporter Inhibitor', 'Inverse Agonist', 'H1 Receptor Antagonist', 'Cytochrome P450 2D6 Inhibitor', 'Histamine H4 R Antagonist', 'NOP Receptor Agonist', 'Adenylyl Cyclase Inhibitor', ""Alzheimer's Disease Therapeutic"", 'Pro-Cognitive', '5-HT Uptake Inhibitor', 'Noradrenaline Reuptake Inhibitor', 'Pain Blocker', 'h5-HT1D Receptor Ligand', 'Protective', 'Sigma-1 Receptor', '5-HT1A Affinity', 'M5 Positive Allosteric Modulator', 'DP1 Antagonist', 'Serotonin Receptor', 'Pro-Social', 'SerB653 Inhibitor', 'CNS Drug Partitioning', 'Benzodiazepine Affinity', 'D-2 Dopamine Receptor Imaging Agent']"
CHEMBL1618102,CCCC[N+]1(C)[C@@H]2C[C@@H](OC(=O)[C@H](CO)c3ccccc3)C[C@H]1[C@@H]1O[C@@H]12,"['Anticholinergic', 'Spasmolytic', 'Muscarinic M3 Receptor Antagonist', 'Cholinergic Receptor Antagonist']"
CHEMBL1908365,OC[C@H]1O[C@H](O[C@H]2[C@H](O)[C@@H](O)[C@H](O)O[C@@H]2CO)[C@H](O)[C@@H](O)[C@@H]1O,"['Antimigratory', 'Immune Response Modulator', 'Cryptosporidium parvum Inhibitor']"
CHEMBL27810,CCN(CC)C(=O)Nc1ccc(OCC(O)CNC(C)(C)C)c(C(C)=O)c1,['Beta-Adrenoceptor Blocker']
CHEMBL30008,Fc1ccc(C(c2ccc(F)cc2)N2CCN(C/C=C/c3ccccc3)CC2)cc1,[]
CHEMBL333826,Cc1cc(N)c2ccccc2[n+]1CCCCCCCCCC[n+]1c(C)cc(N)c2ccccc21,"['Protein Kinase C Inhibitor', 'K+ Channel Blocker', 'SKCa Channel Blocker', 'K(Ca) Channel Blocker']"
CHEMBL3989647,CC1(C)S[C@@H]2[C@H](NC(=O)[C@H](C(=O)O)c3ccsc3)C(=O)N2[C@H]1C(=O)[O-].O.[Na+],"['Antibiotic', 'Beta-Lactamase Inhibitor', 'Carbapenemase Inhibitor']"
CHEMBL403989,Cc1cc(-c2cc(OC(=O)c3ccccc3)ccc2Cl)cc2nnc(Nc3ccc(OCCN4CCCC4)cc3)nc12,"['VEGFR2 Inhibitor', 'Src Inhibitor']"
CHEMBL4297210,CC(C)(O)c1nc2ccc(Cl)cc2cc1N,['Nurr1 Activator']
CHEMBL4594288,CCOC(=O)C1=C(COCCN)NC(C)=C(C(=O)OC)[C@@H]1c1ccccc1Cl.O=C(O)/C=C\C(=O)O,['Ca2+ Antagonist']
CHEMBL4594295,CNCC1CCCCN1C(=O)Oc1ccc(CNC(=O)CCCC/C=C/C(C)C)cc1OC.Cl,[]
CHEMBL4594381,[2H]C1([2H])C([C@@H](CC#N)n2cc(-c3ncnc4[nH]ccc34)cn2)C([2H])([2H])C([2H])([2H])C1([2H])[2H],"['JAK1/JAK2 Inhibitor', 'Immunomodulator', 'TYK2 Inhibitor', 'JAK/HDAC Inhibitor']"
CHEMBL4650303,CC(C)(C[C@H](N)C(=O)O)C(F)F,"['Chaperonin Inhibitor', 'HSP60/10 Inhibitor']"
CHEMBL4650315,CN(C)CC1CCCCC1(O)c1cccc(O)c1,['Opioid Analgesic']
CHEMBL4650322,C[C@H]([C@H](C(=O)Nc1cc([C@@H](CC(=O)O)C2CC2)ccc1Cl)c1ccc(Cl)cc1)C(F)(F)F,['sGC Activator']
CHEMBL4802154,Cn1ccc2c([C@H](Nc3cc(Cl)c4ncc(C#N)c(NCC(C)(C)C)c4c3)c3cn(C45CC(C4)C5)nn3)cccc2c1=O,[]
CHEMBL511099,Cc1ccc(C23CNCC2C3)cc1,['Monoamine Transporter Inhibitor']
CHEMBL518520,Cc1nnc(C(=O)NC(C)(C)c2nc(C(=O)NCc3ccc(F)cc3)c([O-])c(=O)n2C)o1.[K+],"['Antiviral', 'Anti-HIV-1', 'HIV Integrase Inhibitor', 'HIV Inhibitor', 'Antiretroviral', 'RNase H Inhibitor', 'Anti-Viral', 'HCMV Inhibitor', 'Integrase Inhibitor', 'Anti-TMV', 'pUL89-C Inhibitor', 'HIV-1 NC Inhibitor']"
CHEMBL5314537,C=CC(=O)N1C[C@@H](n2nc(C#Cc3c(F)cc4c(ncn4C4CC4)c3F)c(C(N)=O)c2NC)C[C@@H]1COC,['BTK Inhibitor']
CHEMBL551466,O=C(O[C@H]1C[N+]2(CCCOc3ccccc3)CCC1CC2)C(O)(c1cccs1)c1cccs1.[Br-],"['Muscarinic Receptor Antagonist', 'Bronchodilator', 'COPD Treatment']"
CHEMBL63,COc1ccc(C2CNC(=O)C2)cc1OC1CCCC1,"['PDE4 Inhibitor', 'PDE IV Inhibitor']"
CHEMBL83668,Cc1cccc(N(C)C(=S)Oc2ccc3ccccc3c2)c1,[]
CHEMBL954,CCN(CC)CCOc1ccc(/C(=C(/Cl)c2ccccc2)c2ccccc2)cc1,"['Ebola Virus Inhibitor', 'Estrogen Receptor']"
CHEMBL1126,CC1(C)S[C@@H]2[C@H](NC(=O)Cc3ccccc3)C(=O)N2[C@H]1C(=O)[O-].[Na+],"['Antibiotic', 'Beta-Lactamase Inhibitor']"
CHEMBL1183627,NCCC(=O)NCCSSCCNC(=O)CCN,['Radioprotective']
CHEMBL1187417,CCCCCCCCCCCCC[N+](C)(C)Cc1ccccc1,[]
CHEMBL119,COc1cc(NCc2ccc3nc(N)nc(N)c3c2C)cc(OC)c1OC,"['Dihydrofolate Inhibitor', 'Toxoplasmosis']"
CHEMBL1482,CC(C[N+](C)(C)C)OC(N)=O,"['Cholinergic Agonist', 'hM1 Agonist']"
CHEMBL184238,NC(=O)c1cccc(-c2cccc(OC(=O)NC3CCCCC3)c2)c1,"['FAAH Inhibitor', 'MAGL Inhibitor', 'MGL Inhibitor']"
CHEMBL207197,NCCCC[C@H](NC(=O)[C@@H](Cc1cc(Br)c(O)c(Br)c1)NC(=O)N1CCC(N2Cc3ccccc3NC2=O)CC1)C(=O)N1CCN(c2ccncc2)CC1,"['CGRP Receptor Antagonist', 'Migraine Treatment', 'Migraine']"
CHEMBL2105294,COc1ccc2[n-]c([S+]([O-])Cc3ncc(C)c(OC)c3C)nc2c1.[Na+],"['NHE3 Inhibitor', 'Antiulcerogenic', 'Anti-Ulcer']"
CHEMBL2107815,CCCCC[C@H](O)CC[C@@H]1[C@H]2Cc3cccc(OCC(=O)O)c3C[C@H]2C[C@H]1O.OCCNCCO,[]
CHEMBL2403108,Cc1cc(Nc2ncc(Cl)c(Nc3ccccc3S(=O)(=O)C(C)C)n2)c(OC(C)C)cc1C1CCNCC1,"['ALK Inhibitor', 'Anaplastic Lymphoma Kinase Inhibitor']"
CHEMBL253969,NC(=O)c1c(OCc2c(F)cc(Br)cc2F)nsc1NC(=O)NCCCCN1CCCC1,['TrkA Kinase Inhibitor']
CHEMBL302795,CN1C(C(=O)Nc2ccccn2)=C(O)c2sccc2S1(=O)=O,"['Anti-Inflammatory', 'Analgesic']"
CHEMBL306280,CC[C@@]1(O)CC(=O)OCc2c1cc1n(c2=O)Cc2cc3cc(F)c(F)cc3nc2-1,"['Topoisomerase I Inhibitor', 'Topo-I Inhibitor']"
CHEMBL3137336,Cn1ncc(Cl)c1-c1cc(C(=O)N[C@H](CN)Cc2ccc(F)c(F)c2)oc1Cl,['AKT Inhibitor']
CHEMBL3275586,CC(CN1CCN(CCOCCO)CC1)CN1c2ccccc2Sc2ccccc21,[]
CHEMBL3422109,N#CCCNc1nonc1-c1nc2ccccc2n1CC(=O)c1ccc(N)cc1,[]
CHEMBL3589904,COc1ccc(Cl)c(-c2ccc(NC(=O)c3ccnn3C)nc2N)c1,[]
CHEMBL3989849,C[N+]1(CC(=O)c2ccc(-c3ccccc3)cc2)[C@@H]2CC[C@H]1C[C@@H](OC(=O)[C@H](CO)c1ccccc1)C2,[]
CHEMBL4209441,Cn1cc(Nc2nc(N)nc(-c3cccc(-n4ccc5cc(C6CC6)cc(F)c5c4=O)c3CO)n2)cn1,['BTK Inhibitor']
CHEMBL4297471,Cc1cc(OCCCS(C)(=O)=O)cc(C)c1-c1cccc(COc2cc3c(cn2)[C@H]2[C@@H](C3)[C@@H]2C(=O)O)c1,['GPR40/FFA1 Agonist']
CHEMBL4297500,CC(C)CCC[C@@H](C)[C@H]1CC[C@H]2[C@@H]3CC/C(=N\O)[C@](C)(CCCO)[C@H]3CC[C@]12C,[]
CHEMBL4650325,CC(=O)c1nn(CC(=O)N2[C@H](C(=O)Nc3nc(Br)ccc3C)C[C@@]3(C)C[C@@H]23)c2ccc(-c3cnc(C)nc3)cc12,[]
CHEMBL476323,Cc1nc2cccc(C(F)(F)F)c2c(=O)n1-c1ccc(OCCCN2CCCC2)cc1,['Histamine H3 Receptor Inverse Agonist']
CHEMBL4871106,NC(=O)c1cccc2c(N[C@H](CN3CCC3)c3ccc(Cl)c(C(F)(F)F)c3)ncnc12,"['Anticancer', 'AKT Inhibitor', 'p70S6 Kinase Inhibitor']"
CHEMBL5314608,[2H]C([2H])([2H])NC(=O)c1nnc(NC(=O)[C@@H]2CC23CC3)cc1Nc1ncccc1S(C)(=O)=O,['TYK2 Inhibitor']
CHEMBL6995,CC(=O)Nc1ccc(OCC(O)CNC(C)C)cc1,['Beta-Adrenoceptor Blocker']
CHEMBL8085,NCCCC[C@H](N)C(=O)O,"['Riboswitch Ligand', 'AGE Inhibitor', 'DDAH-1 Inhibitor']"
CHEMBL1082607,O=C(O)c1ccc2ccccc2c1O.OCc1cc(C(O)CNCCCCCCOCCCCc2ccccc2)ccc1O,['Beta(3)-Adrenergic Agonist']
CHEMBL1088751,CNC(=O)c1ccc(C)c(-n2c(C)cc(OCc3ccc(F)cc3F)c(Br)c2=O)c1,"['Anti-Inflammatory', 'p38 MAP Kinase Inhibitor']"
CHEMBL1201112,COc1nc(N)nc2c1ncn2[C@@H]1O[C@H](CO)[C@@H](O)[C@@H]1O,[]
CHEMBL1213456,COc1c(N2C[C@@H](C)C[C@H](N)C2)ccc2c(=O)c(C(=O)O)cn(C3CC3)c12,['Antibiotic']
CHEMBL1339,CCCc1nc(C)c2c(O)nc(-c3cc(S(=O)(=O)N4CCN(CC)CC4)ccc3OCC)nn12.Cl,['PDE 5 Inhibitor']
CHEMBL1601669,C=C1/C(=C\C=C2/CCC[C@]3(C)[C@@H]([C@H](C)CCCC(C)C)CC[C@@H]23)C[C@@H](O)C[C@@H]1O,"['Hedgehog Pathway Inhibitor', 'Vitamin D Analogue', 'VDR Agonist', 'VDR Antagonist', 'Cellular Differentiation Inducer']"
CHEMBL190,Cn1c(=O)c2[nH]cnc2n(C)c1=O,"['Adenosine Receptor Antagonist', 'Bronchodilator', 'Adenosine Receptor Ligand']"
CHEMBL2104708,C[N+](C)(C)NCCC(=O)[O-],"['Gamma-Butyrobetaine Hydroxylase Inhibitor', 'BBOX Inhibitor', 'Carnitine Biosynthesis Inhibitor']"
CHEMBL2107818,COc1cccc2c1C(=O)c1c(O)c3c(c(O)c1C2=O)C[C@@](O)(/C(CO)=N/NC(=O)CCCCCN1C(=O)C=CC1=O)C[C@@H]3O[C@H]1C[C@H](N)[C@H](O)[C@H](C)O1,['Antitumor']
CHEMBL2359248,CC1=C(/C=C/C(C)=C/C=C/C(C)=C/C=C/C=C(C)/C=C/C=C(C)/C=C/C2=C(C)C[C@@H](O)CC2(C)C)C(C)(C)C[C@H](O)C1,[]
CHEMBL30054,O=C(Cn1c(Cl)cnc(NCC(F)(F)c2ccccn2)c1=O)NCc1ncccc1F,['Thrombin-Inhibitor']
CHEMBL3945728,O=C(OC(C(F)(F)F)C(F)(F)F)N1CCN(Cc2ccc(C(F)(F)F)cc2N2CCCC2)CC1,"['MAGL Inhibitor', 'Monoacylglycerol Lipase Inhibitor', 'Neurological Disorder Treatment']"
CHEMBL3989697,Cc1cc2nc3c(=O)[nH]c(=O)nc-3n(C[C@H](O)[C@H](O)[C@H](O)COP(=O)([O-])O)c2cc1C.O.O.[Na+],[]
CHEMBL3989934,Cc1nc2cccc(N)c2c(=O)n1C1CCC(=O)NC1=O,[]
CHEMBL3989972,COc1cn(-c2ccc(-n3cccn3)cc2F)nc(-c2ccnn2-c2ccccc2)c1=O,['PDE10a Inhibitor']
CHEMBL4288984,CC1=C(C)C(=O)O[C@@H]([C@](C)(O)[C@H]2CC[C@H]3[C@@H]4C[C@H]5O[C@]56[C@@H](O)C=CC(=O)[C@]6(C)[C@H]4CC[C@]23C)C1,"['Cytotoxic', 'Antiproliferative', 'NF-kappa B Inhibitor', 'Quinone Reductase Inducer', 'MM', 'RCC', 'Heat Shock Response Inducer']"
CHEMBL4297295,O=C(NCc1ccc(OC(F)(F)F)c(F)c1)[C@H]1CN(c2nc3nc(C4CC4)ncc3s2)CCN1S(=O)(=O)c1ccc(C(F)(F)F)cc1,[]
CHEMBL4297431,CCOc1ccc(Cc2cc([C@@]34OC[C@@](CO)(O3)[C@@H](O)[C@H](O)[C@H]4O)ccc2Cl)cc1F,"['Anti-Diabetic', 'SGLT1/SGLT2 Inhibitor']"
CHEMBL4297656,CCCCCCCC/C=C\CCCCCCCC(=O)OCC(COC(=O)CCCCCCC/C=C\CCCCCCCC)OC(=O)CCCCCCC/C=C\CCCCCCCC,[]
CHEMBL4298137,CC1=C[C@@H]2CN(C(=O)N2OS(=O)(=O)O)[C@@H]1C(N)=O,"['Beta-Lactamase Inhibitor', 'Beta-lactamase Inhibitor', 'PBP2 Inhibitor']"
CHEMBL4468777,COc1ncc(-c2cccc(N3CCN(c4cnc(N)nc4N)CC3)c2)cn1,['Dihydrofolate Inhibitor']
CHEMBL4594217,Cc1ccc([C@@H]2O[C@H](CO)[C@@H](O)[C@H](O)[C@H]2O)cc1Cc1ccc(-c2ccc(F)cc2)s1.O,['SGLT1/SGLT2 Inhibitor']
CHEMBL4650308,Cc1cccc(OC2CCN(Cc3cc(=O)[nH]c(=O)[nH]3)CC2)c1C,[]
CHEMBL4650331,C[S@+]([O-])CCOc1cc(N2CCN(CCn3c(=O)sc4c3nc(N)n3nc(-c5ccco5)nc43)CC2)c(F)cc1F,"['A2A Adenosine Receptor Antagonist', 'Parkinson Disease', 'Depression']"
CHEMBL476960,OCC(CO)N[C@H]1C[C@](O)(CO)[C@@H](O)[C@H](O)[C@H]1O,['Alpha-glucosidase Inhibitor']
CHEMBL5095078,COC[C@@]1(O)CC[C@@]2(C)[C@@H](CC[C@@H]3[C@@H]2CC[C@]2(C)[C@@H](C(=O)Cn4ccnc4)CC[C@@H]32)C1,['GABA A Modulator']
CHEMBL557555,CC(C)(Oc1ccc(C2CC2(Cl)Cl)cc1)C(=O)O,['Hypolipidemic']
CHEMBL641,CNCC[C@@H](Oc1ccccc1C)c1ccccc1,[]
CHEMBL7301,CC1=C(/C=C/C(C)=C/C=C/C(C)=C/C(=O)Nc2ccc(O)cc2)C(C)(C)CCC1,"['Chemopreventive', 'Cyclin D1-CDK4 Inhibitor', 'AR Degrader', 'Retinoid Analog', 'PHM Inhibitor', 'sRBP-TTR Inhibitor', 'sRBP-sRBP Receptor Inhibitor', 'Des1 Inhibitor']"
CHEMBL1070,COc1ccc2cc(CCC(C)=O)ccc2c1,['Anti-Inflammatory']
CHEMBL1162144,CC(=O)C(=O)O,['FTO Inhibitor']
CHEMBL1200865,CCOC(=O)O[C@]1(C(=O)OCCl)CC[C@H]2[C@@H]3CCC4=CC(=O)C=C[C@]4(C)[C@H]3[C@@H](O)C[C@@]21C,['Anti-Inflammatory']
CHEMBL1200952,CN[C@@H](C)Cc1ccccc1.Cl,[]
CHEMBL1201116,CC1(C)S[C@@H]2[C@H](N3C(=O)[C@@H](c4ccccc4)NC3(C)C)C(=O)N2[C@H]1C(=O)O,['Antibiotic']
CHEMBL1358,C[C@]12CC[C@@H]3c4ccc(O)cc4C[C@@H](CCCCCCCCC[S+]([O-])CCCC(F)(F)C(F)(F)F)[C@H]3[C@@H]1CC[C@@H]2O,['Antiestrogen']
CHEMBL1770916,CCC[C@H](N[C@H]1CCc2cc(F)cc(F)c2C1)C(=O)Nc1cn(C(C)(C)CNCC(C)(C)C)cn1,['Gamma Secretase Inhibitor']
CHEMBL1879463,Cn1c(=O)n(-c2ccc(C(C)(C)C#N)cc2)c2c3cc(-c4cnc5ccccc5c4)ccc3ncc21,"['Anti-Trypanosomal', 'mTORC1 Inhibitor', 'Trypanosomiasis', 'ATR Inhibitor', 'mTOR Kinase Inhibitor']"
CHEMBL1889436,C[C@@H]1O[C@@H](O[C@H]2C[C@@H](O)[C@]3(CO)[C@H]4[C@H](O)C[C@]5(C)[C@@H](C6=CC(=O)OC6)CC[C@]5(O)[C@@H]4CC[C@]3(O)C2)[C@H](O)[C@H](O)[C@H]1O.O.O.O.O.O.O.O.O,[]
CHEMBL2105732,CCN(CC)C(=O)[C@@]1(c2ccccc2)C[C@H]1CN.Cl,"['Antidepressant', 'NMDA Antagonist', 'Serotonin Transporter Inhibitor', 'Norepinephrine Transporter Inhibitor', 'OCT1 Substrate', 'SNRI', 'Norepinephrine-Serotonin Reuptake Inhibitor', 'NSRI']"
CHEMBL2146125,[MgH2],"['Neuroprotective', 'Osteoblast Stimulator', 'CO2 Hydrase', 'Beta-CA Inhibitor', 'Anion Inhibitor', 'DNA Cleaving Agent', 'Carbonic Anhydrase XV Inhibitor', 'Tau Protein Inhibitor', 'HD', 'Glycogen Synthase Activator']"
CHEMBL223448,Oc1c(Br)cc(Br)c2cccnc12,"['Antibiotic', 'Biofilm Eradicator']"
CHEMBL238465,Clc1cc(N2C[C@@H]3CN[C@@H]3C2)cnc1Cl,['Analgesic']
CHEMBL245019,NC(=O)c1ncn([C@@H]2O[C@H](CO)[C@@H](O)[C@H]2O)c1O,[]
CHEMBL295124,COc1ccc2cc3[n+](cc2c1OC)CCc1cc2c(cc1-3)OCO2,"['Neuraminidase Inhibitor', 'Cholesterol Lowering', 'LDL Receptor Up-regulator', 'RXRAlpha Activator', 'MDR Pump Inhibitor']"
CHEMBL3039519,COC(=O)N[C@H](C(=O)N1CCC[C@H]1c1nc2cc(-c3csc4c(-c5ccc(-c6c[nH]c([C@@H]7CCCN7C(=O)[C@H](NC(=O)OC)c7ccccc7)n6)cc5)csc34)ccc2[nH]1)C(C)C,['HCV NS5b Polymerase Inhibitor']
CHEMBL316561,CCCN(CCC)C(=O)C(CCC(=O)O)NC(=O)c1ccccc1,['Gastrin Receptor Antagonist']
CHEMBL3301621,c1ccc2cc([C@]34CNC[C@H]3C4)ccc2c1,"['Triple Re-uptake Inhibitor', 'Monoamine Transporter Inhibitor']"
CHEMBL346331,CCC(=O)C(CCN(C)C)(c1ccccc1)c1ccccc1,[]
CHEMBL3647536,CCn1cnc2c(-c3ccc(F)c(-c4ccc(S(=O)(=O)CC)cc4OC)c3)cnnc21,['GABA A PAM']
CHEMBL36591,CC(N)C(=O)OC(C)(C)Cc1ccc(Cl)cc1,[]
CHEMBL3989944,COC(=O)/C=C/C(=O)OCCN1C(=O)CCC1=O,[]
CHEMBL4206119,CCOC(=O)N1CCN(C(=O)[C@H](Cc2cccc(/C(N)=N\O)c2)NS(=O)(=O)c2c(C(C)C)cc(C(C)C)cc2C(C)C)CC1,['uPA-uPAR Inhibitor']
CHEMBL4284604,CCOC(=O)C(C)(C)COS(=O)(=O)ON1C(=O)N2C[C@H]1CC[C@H]2C(N)=O,['Beta-Lactamase Inhibitor']
CHEMBL4297261,Cc1[nH]c2ccc(F)cc2c1-c1nc2c3cccnc3c3ncccc3c2[nH]1,[]
CHEMBL4297417,CN1CC[C@]2(C)c3cc(OC(=O)Nc4ccccc4)ccc3N(C)[C@H]12,"['Acetylcholinesterase Inhibitor', 'Cognition-Enhancer', 'Butylcholinesterase Inhibitor', 'Anticholinesterase']"
CHEMBL4297601,COc1cc(F)c(C(C)C)cc1C1=C(CN2C(=O)O[C@H](c3cc(C(F)(F)F)cc(C(F)(F)F)c3)[C@@H]2C)CC(C)(C)CC1,"['CETP Inhibitor', 'HDL Increase', 'LDL Reduction']"
CHEMBL454950,CN(C)[C@@H]1C(O)=C(C(N)=O)C(=O)[C@@]2(O)C(O)=C3C(=O)c4c(O)cccc4[C@@](C)(O)[C@H]3C[C@@H]12.Cl,"['Antibiotic', 'Efflux Pump Inhibitor', 'FtsZ-Targeting', 'Dicer Inhibitor']"
CHEMBL4650284,O=C1Nc2cc3[nH]nc(-c4ccncc4)c3cc2CN1Cc1ccccc1,[]
CHEMBL473659,CC(C)=CCC[C@](C)(O[C@@H]1O[C@H](CO)[C@@H](O)[C@H](O)[C@H]1O)[C@H]1CC[C@]2(C)[C@@H]1[C@H](O)C[C@@H]1[C@@]3(C)CC[C@H](O[C@@H]4O[C@H](CO)[C@@H](O)[C@H](O)[C@H]4O[C@@H]4O[C@H](CO)[C@@H](O)[C@H](O)[C@H]4O)C(C)(C)[C@@H]3CC[C@]12C,"['Elastase Inhibitor', 'Glioma Growth Inhibitor', 'Hydroxyl Radical Scavenger']"
CHEMBL4802157,Cc1cc(F)ccc1-c1cc(N2C[C@H]3COCCN3C[C@H]2CO)ncc1N(C)C(=O)C(C)(C)c1cc(C(F)(F)F)cc(C(F)(F)F)c1,['NK1/NK3 Antagonist']
CHEMBL4858811,N#Cc1ncc(N2C(=O)C3(CCC3)N(c3ccc(OC4CCNCC4)nc3)C2=S)cc1C(F)(F)F,"['Prostate Cancer', 'Androgen Receptor Antagonist']"
CHEMBL5095082,CC[C@H](OC(C)=O)[C@@H]1C[C@@H](O)[C@H](n2c(=O)sc3cnc(N)nc32)O1,[]
CHEMBL71263,Cc1ccc2c(=O)c3cccc(CC(=O)O)c3oc2c1C,[]
CHEMBL77517,NS(=O)(=O)c1ccc(S(=O)(=O)Nc2cccc3c(Cl)c[nH]c23)cc1,"['Antitumor', 'Carbonic Anhydrase Inhibitor', 'CA IX Inhibitor', 'CA I Inhibitor', 'hCA IX/XII Inhibitor', 'Antiglaucoma', 'Cell-Cycle Inhibitor', 'hCA XII Inhibitor', 'Carbonic Anhydrase IX Inhibitor', 'hCA Inhibitor', 'CA II Inhibitor', 'Carbonic Anhydrase XII Inhibitor', 'Tumor-Associated', 'SRC Kinase Inhibitor', 'Splicing Modulator', 'Tubulin Polymerization Disruptor']"
CHEMBL781,OC1(c2ccc(Cl)cc2)c2ccccc2C2=NCCN21,"['Dopamine Transporter Inhibitor', 'Dopamine Transporter Ligand']"
CHEMBL822,CN(C/C=C/C#CC(C)(C)C)Cc1cccc2ccccc12,['Antifungal']
CHEMBL1009,N[C@@H](Cc1ccc(O)c(O)c1)C(=O)O,[]
CHEMBL1082407,CNC(=O)c1ccc(N2C(=S)N(c3ccc(C#N)c(C(F)(F)F)c3)C(=O)C2(C)C)cc1F,"['Prostate Cancer', 'Androgen Receptor Antagonist', 'Anti-Prostate Cancer', 'CRPC Treatment']"
CHEMBL1200928,CC(=O)[O-].CC(=O)[O-].[Zn+2],[]
CHEMBL1200934,C#C[C@]1(OC(C)=O)CC[C@H]2[C@@H]3CCC4=C/C(=N/O)CC[C@@H]4[C@H]3CC[C@@]21CC,"['Contragestational', 'Uterotrophic']"
CHEMBL1201046,NCc1ccccc1CC(=O)N[C@@H]1C(=O)N2C(C(=O)O)=C(CSc3nnnn3CC(=O)O)CS[C@H]12,['Antibiotic']
CHEMBL1201287,CN(C)CC[C@@H](c1ccc(Br)cc1)c1ccccn1,"['H1 Receptor Antagonist', 'Histamine H1 Receptor Antagonist']"
CHEMBL1201794,Cc1cc2nc3c(=O)[nH]c(=O)nc-3n(C[C@H](O)[C@H](O)[C@H](O)COP(=O)(O)O)c2cc1C,[]
CHEMBL1221,Clc1ccc(CSC(Cn2ccnc2)c2ccc(Cl)cc2Cl)cc1,[]
CHEMBL1256716,COc1ccccc1N1CCN(CCCNc2cc(=O)n(C)c(=O)n2C)CC1.Cl,['5-HT 1A Receptor Agonist']
CHEMBL1280,COc1ccc(CCN(C)CCCC(C#N)(c2ccc(OC)c(OC)c2)C(C)C)cc1OC.Cl,"['Antimalarial', 'Neuroprotective', 'AChE Inhibitor', 'P-glycoprotein Inhibitor', 'MDR-Reversal', 'Antialzheimer', 'CYP3A4 Inhibitor', 'P-gp Modulator', 'Efflux Pump Inhibitor', 'Calcium Channel Blocker', 'Chemosensitizer', 'Multidrug Resistance Reversal', 'Ca2+ Antagonist', 'Mycobacterium tuberculosis Inhibitor', 'MDR-Modulator', 'MRP1 Inhibitor', 'PGP Inhibitor', 'P-glycoprotein Substrate', 'MDR-Reversal Agent', 'ATPase Inhibitor', 'Cathepsin D Inhibitor', 'hERG Channel Inhibitor', 'Multidrug-Resistance Modulator', 'Bradycardic Agent', 'CaV1.3 Antagonist', 'LTCC Inhibitor', 'VEEV Inhibitor', 'Serotonin Release Inhibitor', 'QT Prolongation', 'L-type Channel Inhibitor', 'CaL Channel Inhibitor', 'MRP1 Modulator']"
CHEMBL15870,CC(C(=O)O)c1ccc(N2Cc3ccccc3C2=O)cc1,"['Anti-Inflammatory', 'CXCR1 Inhibitor', 'Beta-Amyloid Binding']"
CHEMBL1697756,C#C[C@]1(O)CC[C@H]2[C@@H]3CCC4=CCCC[C@@H]4[C@H]3C(=C)C[C@@]21CC.C#C[C@]1(O)CC[C@H]2[C@@H]3CCc4cc(O)ccc4[C@H]3CC[C@@]21C,['Uterotrophic']
CHEMBL1716091,CCc1cccc2c3c([nH]c12)[C@@](CC)(CC(=O)O)OCC3,"['Anti-Inflammatory', 'Analgesic', 'Dopamine Agent']"
CHEMBL1788401,COC(=O)Nc1nc2ccc(C(=O)C3CC3)cc2[nH]1,"['Antineoplastic', 'Anti-Filarial']"
CHEMBL2104496,Cc1ncc(C[n+]2csc(CCO)c2C)c(N)n1.O=[N+]([O-])[O-],['Transketolase Inhibitor']
CHEMBL2138684,CN[C@@H]1CCc2[nH]c3ccc(C(N)=O)cc3c2C1.O.O=C(O)CCC(=O)O,['PARP1/2 Inhibitor']
CHEMBL219046,O=C(O)c1c(O)c(Cc2ccc(Cl)cc2)nc2c3c(ccc12)CCCC3,"['Atherosclerosis Treatment', 'P-Selectin Antagonist', 'P-selectin Inhibitor']"
CHEMBL2303614,CC(=O)N[C@@H]1[C@@H](COC[C@@H]2O[C@H](C(=O)O)[C@@H](CO)[C@H](O)[C@H]2O)[C@@H](CS(=O)(=O)O)[C@@H](CO)O[C@H]1CO,[]
CHEMBL23261,COc1cc(OC)nc(O[C@H](C(=O)O)C(OC)(c2ccccc2)c2ccccc2)n1,"['Endothelin A Receptor Antagonist', 'ETA-Receptor Antagonist']"
CHEMBL2419346,CN(C)c1cc2c(cc1Sc1nc3c(N)nccc3n1CCNCC(C)(C)C)OCO2,['Hsp-90 Inhibitor']
CHEMBL3039507,CCOc1ccc(Cc2cc([C@@H]3O[C@H](SC)[C@@H](O)[C@H](O)[C@H]3O)ccc2Cl)cc1,"['Anti-Diabetic', 'SGLT1/SGLT2 Inhibitor', 'Diabetes']"
CHEMBL3137308,NC(=O)c1cnc2[nH]ccc2c1N[C@@H]1[C@@H]2CC3C[C@H]1C[C@@](O)(C3)C2,"['JAK1/JAK2 Inhibitor', 'TYK2 Inhibitor']"
CHEMBL321248,Cn1cnc2[nH]c(=O)[nH]c(=O)c21,[]
CHEMBL3545058,N[C@H](Cc1cc(I)c(Oc2cc(I)c(O)c(I)c2)c(I)c1)C(=O)[O-].O.[Na+],"['Cholesterol Lowering', 'Thyromimetic', 'Liver-Selective', 'Thyroid Hormone Receptor Agonist', 'CYP3A4 Inducer', 'Thyroid Hormone Receptor Ligand', 'PXR Activator', 'Angiogenesis Modulator', 'TRBeta Agonist', 'TLS Inhibitor', 'TTR Inhibitor']"
CHEMBL3601398,COc1cc2c(cc1OC(C)C)[C@H](c1ccc(Cl)cc1)N(c1ccc(N(C)C[C@H]3CC[C@H](N4CCN(C)C(=O)C4)CC3)cc1)C(=O)C2,"['Cancer', 'p53/MDM2 Inhibitor', 'MDM2 Inhibitor', 'Tumor Suppressor']"
CHEMBL3833315,O=P([O-])([O-])[O-].[Al+3],"['Antimalarial', 'Carbonic Anhydrase Inhibitor', 'Anti-Trypanosomal', 'CA I Inhibitor', 'Carbonic Anhydrase', 'NaPi2b Inhibitor', 'CO2 Hydrase', 'Beta-CA Inhibitor', 'Intestinal Permeability', 'Anion Inhibitor', 'Carbonic Anhydrase XV Inhibitor']"
CHEMBL384304,COc1ccc(F)c(F)c1C(=O)c1cnc(NC2CCN(S(C)(=O)=O)CC2)nc1N,['CDK Inhibitor']
CHEMBL3989919,Cc1ccccc1-c1cc(N2CC[N+](C)(COP(=O)(O)O)CC2)ncc1N(C)C(=O)C(C)(C)c1cc(C(F)(F)F)cc(C(F)(F)F)c1.Cl.[Cl-],['NK1/NK3 Antagonist']
CHEMBL3989973,Cl.FC(F)(F)c1ccc(CNc2ccc(Cc3c[nH]c4ncc(Cl)cc34)cn2)cn1,[]
CHEMBL4073292,CN1CCN(c2cccc3c2CCN(C(=O)/C=C/c2c(-n4cnnn4)ccc(Cl)c2F)[C@@H]3C(=O)Nc2ccc(C(=O)O)cc2)C(=O)C1,"['Antithrombotic', 'FXIa Inhibitor']"
CHEMBL4085457,C=CC(=O)N1C[C@H](Nc2ncnc3[nH]ccc23)CC[C@@H]1C,"['JAK1/JAK2 Inhibitor', 'Immunomodulator', 'Covalent Inhibitor', 'TYK2 Inhibitor', 'Autoimmune', 'Autoimmune Diseases']"
CHEMBL4116649,NCc1cc(Oc2cccc(C(=O)N3C[C@@H](O)[C@H](F)C3)c2)nc(C(F)(F)F)c1,"['Fibrosis', 'LOXL2 Inhibitor']"
CHEMBL422648,Cc1oc(=O)oc1CN1CCN(c2cc3c(cc2F)c(=O)c(C(=O)O)c2n3C(C)S2)CC1,['Antibiotic']
CHEMBL42442,COC(=O)Nc1nc2cc([S+]([O-])c3ccccc3)ccc2[nH]1,[]
CHEMBL4650327,O=C(O)Cc1nn(Cc2nc3cc(C(F)(F)F)ccc3s2)c(=O)c2cscc12,['Aldose Reductase Inhibitor']
CHEMBL4876167,CC(C)C(=O)OC[C@H]1O[C@@](C#N)(c2ccc3c(N)ncnn23)[C@H](OC(=O)C(C)C)[C@@H]1OC(=O)C(C)C,"['Prodrug', 'RSV Inhibitor', 'Oral Bioavailability', 'Anti-SARS-CoV-2']"
CHEMBL515408,CC(C)Nc1nc2cc(Cl)c(Cl)cc2n1[C@H]1O[C@@H](CO)[C@H](O)[C@@H]1O,[]
CHEMBL522302,COc1ccc(-n2nnnc2C(F)(F)F)cc1CN[C@H]1CCCN[C@H]1c1ccccc1,"['NK1/NK3 Antagonist', 'Neurokinin Receptor Antagonist', 'Antiemetic']"
CHEMBL539378,COC(=O)c1cnc2n1CCc1ccccc1C2=C1CCN(CCc2ccc(OCc3ccc4ccccc4n3)cc2)CC1,[]
CHEMBL54976,N[C@@H](Cc1c[nH]c2ccccc12)C(=O)O,"['Amyloid Fibril Formation Inhibitor', 'Antifouling', 'PKM2 Inhibitor', 'LAT1 Inhibitor', 'Amino Acid Transporter', 'Platelet Activation Inhibitor', 'GPR139 Antagonist', 'SOS1 Activator', 'IspF Inhibitor', 'LAT-1 Substrate']"
CHEMBL562318,Cn1cc(-c2ccncc2)c(-c2ccc(OCc3ccc4ccccc4n3)cc2)n1,"['PDE10a Inhibitor', 'Schizophrenia', 'PET Tracer']"
CHEMBL602,NCCS,['Radioprotector']
CHEMBL1152,CC(=O)OCC(=O)[C@@]1(O)CC[C@H]2[C@@H]3CCC4=CC(=O)C=C[C@]4(C)[C@H]3[C@@H](O)C[C@@]21C,"['Topical Antiinflammatory', 'FPTase Inhibitor']"
CHEMBL1197051,CC(COc1ccccc1)NC(C)C(O)c1ccc(O)cc1,['Beta(3)-Adrenergic Agonist']
CHEMBL1198,CCCCOc1ccc(OCCCN2CCOCC2)cc1,[]
CHEMBL1200772,CC(=O)CC(c1ccccc1)c1c([O-])c2ccccc2oc1=O.[K+],"['Anticoagulant', 'CYP 2C9 Inhibitor']"
CHEMBL1201754,NC(=O)c1cn(Cc2c(F)cccc2F)nn1,[]
CHEMBL1236962,COc1ncc(-c2ccc3nccc(-c4ccnnc4)c3c2)cc1NS(=O)(=O)c1ccc(F)cc1F,"['Anticancer', 'PI3 Kinase Inhibitor', 'Cancer Therapy']"
CHEMBL1237174,NN,"['Antimalarial', 'Antimicrobial', 'Trypanocidal', 'DHPS Inhibitor', 'Organic Cation Transporter', 'AGE Inhibitor', 'Anion Inhibitor', 'DNA Cleaving Agent']"
CHEMBL1420,C[n+]1ccccc1C=NO,"['AChE Inhibitor', 'Acetylcholinesterase Reactivator', 'Reactivator', 'Blood-Brain Barrier', 'AChE', 'Antidote', 'Blood-Brain Barrier Penetration', 'Neuroactive', 'Soman Intoxication Therapy', 'Reactivates AChE', 'Nerve Agent Antidote']"
CHEMBL15913,Nc1cc[nH]c(=O)n1,['Deoxycytidine Kinase Inhibitor']
CHEMBL1651913,COc1cccc(C(=O)CCN[C@@H](C)[C@H](O)c2ccccc2)c1,[]
CHEMBL1694,CCOC(=O)[C@H](CCc1ccccc1)N[C@H]1CCc2ccccc2N(CC(=O)O)C1=O.Cl,"['Antihypertensive', 'ACE Inhibitor', 'Angiotensin Converting Enzyme Inhibitor']"
CHEMBL2103881,CN[C@@]1(C)[C@@H]2CC[C@@H](C2)C1(C)C,[]
CHEMBL2104859,Cc1ncc(COC(=O)CCC(=O)OCCN(C)C)c(CO)c1O,[]
CHEMBL2105700,COc1nc2ccc(Br)cc2cc1[C@@H](c1ccccc1)[C@@](O)(CCN(C)C)c1cccc2ccccc12.O=C(O)/C=C/C(=O)O,"['Anti-Tuberculosis', 'Menaquinone Biosynthesis Inhibitor']"
CHEMBL2105747,COc1ccc(N2CCOCC2)c2sc(NC(=O)N3CCC(C)(O)CC3)nc12,"['A2A Adenosine Receptor Antagonist', 'Adenosine A2 Receptor Ligand']"
CHEMBL225157,CCOC(=O)C1=CCCC[C@H]1S(=O)(=O)Nc1ccc(F)cc1Cl,"['NO Production Inhibitor', 'NO-Inhibitor', 'Cytokine Inhibitor']"
CHEMBL2303613,CO/N=C(\C(=O)N[C@@H]1C(=O)N2C(C(=O)O)=C(CSc3nc(C)c(CC(=O)O)s3)CS[C@H]12)c1csc(N)n1,"['Antibiotic', 'PBP2 Inhibitor']"
CHEMBL232656,C[C@@H]1CN(Cc2ccc(F)cc2)CCN1C(=O)COc1ccc(Cl)cc1NC(N)=O,"['CCR1 Antagonist', 'Anti-Arthritis']"
CHEMBL270515,CC(C)C[C@H](NC(=O)[C@@H](NC(=O)c1cccc(-c2ccccc2)n1)[C@@H](C)O)B(O)O,['Proteasome Inhibitor']
CHEMBL32573,c1cc2c(c(NC3=NCCN3)c1)CCCC2,"['Antidepressant', 'Alpha 2-Adrenoceptor Antagonist', 'Alpha 1-Adrenoceptor Agonist']"
CHEMBL360216,O=C1NCC(=O)N2CCC[C@@H]12,['Toxic']
CHEMBL38,CC1=C(/C=C/C(C)=C/C=C/C(C)=C/C(=O)O)C(C)(C)CCC1,"['RORGammat Inverse Agonist', 'Cancer Chemopreventive', 'Chemopreventive', 'LXRBeta Agonist', 'CYP26A1 Inhibitor', 'Retinoid', 'Cellular Differentiation', 'FASN Inhibitor', 'VDR Antagonist', 'RXR Modulator', 'Ornithine Decarboxylase Inhibitor', 'AKR1B1 Inhibitor', 'Cellular Differentiation Inducer', 'RXR Ligand', 'Differentiation-Inducing', 'Retinoid Analog', 'RARAlpha Agonist', 'RXRAlpha Activator', 'RAR Antagonist', 'Retinoidal', 'Nuclear Receptor Agonist', 'Retinoid Receptor Agonist', 'Cancer Preventive']"
CHEMBL3989690,CCOC[C@@H]1[C@@H](c2ccc(Cl)c(Cl)c2)C[C@@H]2CC[C@H]1N2C,['Dopamine Transporter Ligand']
CHEMBL3989914,COCCNCc1ccc(-c2cc3nccc(Oc4ccc(NC(=S)NC(=O)Cc5ccc(F)cc5)cc4F)c3s2)nc1,"['VEGFR2 Inhibitor', 'Tyrosine Protein Kinase Inhibitor', 'cMET Inhibitor']"
CHEMBL4130229,Cc1ccc(C(=O)NNC(=O)c2c(C)cccc2Cl)cc1C#Cc1cnc2ccccc2c1,[]
CHEMBL4297109,CC[N+]1(C)[C@@H]2CC(OC(=O)[C@H](CO)c3ccccc3)C[C@H]1[C@@H]1O[C@@H]12.[Br-],"['Muscarinic Receptor Antagonist', 'Bronchodilator', 'Antimuscarinic', 'M3 Receptor Antagonist', 'Anticholinergic', 'Spasmolytic', 'OCT1 Substrate', 'Cholinergic Receptor Antagonist', 'Organic Cation Transporter Substrate', 'MABA']"
CHEMBL4297385,COC[C@@H]1[C@@H](c2ccc(Cl)c(Cl)c2)C[C@@H]2CC[C@H]1N2C,['Dopamine Transporter Ligand']
CHEMBL4297441,CC/C=C\C/C=C\C/C=C\C/C=C\C/C=C\C/C=C\CCC(=O)O[C@@H](C(=O)O[C@H]1C[C@@]2(O)[C@@H](OC(=O)c3ccccc3)[C@@H]3[C@]4(OC(C)=O)CO[C@@H]4C[C@H](O)[C@@]3(C)C(=O)[C@H](OC(C)=O)C(=C1C)C2(C)C)[C@@H](NC(=O)c1ccccc1)c1ccccc1,['Cytotoxic']
CHEMBL4446782,Cc1cc(-n2nc3c(c2-n2ccn(-c4ccc5c(cnn5C)c4F)c2=O)[C@H](C)N(C(=O)c2cc4cc([C@H]5CCOC(C)(C)C5)ccc4n2[C@@]2(c4noc(=O)[nH]4)C[C@@H]2C)CC3)cc(C)c1F,[]
CHEMBL465183,CCCCC/C=C\C/C=C\C/C=C\CCCCCCC(=O)O,"['Spore Germination Inhibitor', 'TRPV2 Antagonist', 'Pancreatic Beta-cell Proliferation', 'OXE Receptor Antagonist']"
CHEMBL5095228,COc1cc(-c2cn(C)c(=O)c(C)c2C)cc(OC)c1CN1CC[C@H](N2CCN(c3ccc(N[C@H]4CCC(=O)NC4=O)cc3F)CC2)C(F)(F)C1,[]
CHEMBL5095507,CCCOC(C(=O)OC1CCNCC1)(c1ccccc1)c1ccccc1,[]
CHEMBL539666,Clc1ccc2c(N3CCN(CCCN4CCN(c5ccnc6cc(Cl)ccc56)CC4)CC3)ccnc2c1.O=P(O)(O)O,['Antimalarial']
CHEMBL550781,CCCCCN(CCCOC)C(=O)[C@@H](CCC(=O)O)NC(=O)c1ccc(Cl)c(Cl)c1,[]
CHEMBL58752,O=[N+]([O-])c1nccn1CC(O)CN1CCCCC1,"['Radiosensitizer', 'Cytotoxin']"
CHEMBL734,CC(=O)NO,"['Metalloproteinase Inhibitor', 'CD47-SIRPAlpha Modulator', 'Phagocytosis Enhancer']"
CHEMBL922,CC(C)(C)C(=O)OCOP(=O)(COCCn1cnc2c(N)ncnc21)OCOC(=O)C(C)(C)C,['Antiviral']
CHEMBL10878,COc1ccc2cccc(CCNC(C)=O)c2c1,"['5-HT2A Receptor Ligand', 'Melatonin Receptor Ligand', 'Melatoninergic Ligand', 'MT2 Antagonist']"
CHEMBL114655,CC(CCc1ccccc1)NC(C)C(O)c1ccc(O)cc1,[]
CHEMBL1200606,Cc1cccc(C)c1OCC(C)N.Cl,['Antiarrhythmic']
CHEMBL1200890,COc1ccc2c3c1O[C@H]1C(=O)CC[C@@]4(O)[C@@H](C2)N(C)CC[C@]314.Cl,"['Analgesic', 'Opioid Receptor Ligand', 'Narcotic-Antagonist', 'OCT1 Substrate', 'Opiate Receptor', 'TLR4 Antagonist', 'MRGPRX2 Agonist', 'Opiate']"
CHEMBL1201141,CC(C)Cc1ccc(C(C)C(=O)O)cc1.NCCCC[C@H](N)C(=O)O,[]
CHEMBL1863513,C/C=C(/C)C(=O)O[C@H]1C(C)=C[C@]23C(=O)[C@@H](C=C(CO)[C@@H](O)[C@]12O)[C@H]1[C@@H](C[C@H]3C)C1(C)C,"['PKC Activator', 'Actinic Keratosis Treatment']"
CHEMBL190461,C=C(C)[C@@H]1CCC(C)=C[C@H]1c1c(O)cc(CCCCC)cc1O,"['CB1 Agonist', 'PPAR Gamma Modulator', 'Antiseizure', 'CB(2) Receptor Ligand']"
CHEMBL205596,C[C@H](CCC(=O)O)[C@H]1CC[C@H]2[C@@H]3[C@H](O)C[C@@H]4C[C@H](O)CC[C@]4(C)[C@H]3C[C@H](O)[C@]12C,"['Pro-Apoptotic', 'FXR Partial Agonist', 'TGR5 Agonist', 'PPARAlpha/Delta Agonist', 'Migration Inhibitor', 'Spore Germination Inhibitor', 'Insulinotropic', 'VDR Antagonist', 'Mitotic Arrest', 'NASH', 'PXR Activator', 'Cholestatic Liver Diseases', 'Antisteatotic']"
CHEMBL2103875,CC(=O)Nc1cccc(-n2c(=O)n(C3CC3)c(=O)c3c(Nc4ccc(I)cc4F)n(C)c(=O)c(C)c32)c1,[]
CHEMBL2111097,CCOC(=O)C1=C(COCCN)NC(C)=C(C(=O)OC)[C@@H]1c1ccccc1Cl,"['Ca2+ Antagonist', 'MR Antagonist']"
CHEMBL2151205,COc1nc(/C=C/c2nc3n(n2)CCC[C@H]3c2ccccc2C(F)(F)F)ccc1-n1cnc(C)c1,"[""Alzheimer's Disease"", 'Gamma-Secretase Modulator']"
CHEMBL219916,O=c1[nH]c2ccccc2n1CCCN1CCC(n2c(=O)[nH]c3cc(Cl)ccc32)CC1,[]
CHEMBL2387080,Cc1nc(-c2cn3c(n2)-c2ccc(-c4cnn(C(C)(C)C(N)=O)c4)cc2OCC3)n(C(C)C)n1,[]
CHEMBL313006,CCC(CC)CC1(C(=O)Nc2ccccc2SC(=O)C(C)C)CCCCC1,"['CETP Inhibitor', 'Cholesterol Ester Transfer Protein Inhibitor', 'HDL-C Modulator']"
CHEMBL3732012,Nc1ncc(-c2cc(N3C[C@@H]4C[C@H]3CO4)nc(N3CCC(F)(F)C3)n2)cc1OC(F)F,[]
CHEMBL3824393,C[N+](C)(C)CCCOc1ccc(-c2c3nc(cc4ccc([nH]4)c(-c4ccc(OCCC[N+](C)(C)C)cc4)c4nc(cc5ccc2[nH]5)C=C4)C=C3)cc1,['Photodynamic']
CHEMBL3940890,Cc1n[nH]c(C)c1CCCOc1cc(C(=O)O)ccc1F,['TTR Tetramer Stabilizer']
CHEMBL3989968,CCOc1ccccc1C(=O)NCc1coc(-c2ccc(OC(F)F)c(OC(C)C)c2)n1,[]
CHEMBL4074884,COC1=C(OC)C(=O)C(CCCCCCCCCC[P+](c2ccccc2)(c2ccccc2)c2ccccc2)=C(C)C1=O.CS(=O)(=O)[O-],[]
CHEMBL4290141,CC1(C)CC(Oc2ccc(-c3ccc(-c4cn[nH]c4)cc3O)nn2)CC(C)(C)N1,"['SMA Treatment', 'Splicing Modulator']"
CHEMBL4298162,CC1(C)C(/C=C/C2=C(Oc3ccc(S(=O)(=O)O)cc3)/C(=C/C=C3/N(CCCCS(=O)(=O)O)c4ccc(S(=O)(=O)O)cc4C3(C)C)CCC2)=[N+](CCCCS(=O)(=O)[O-])c2ccc(S(=O)(=O)O)cc21,['MRP2 Inhibitor']
CHEMBL43128,COc1cc(NC(C)CCCN)c2ncccc2c1.O=P(O)(O)O.O=P(O)(O)O,['Antimalarial']
CHEMBL451930,CC[C@H](C)[C@H]1NC(=O)[C@@H](NC(=O)[C@@H](CC(C)C)N(C)C(=O)[C@@H]2CCCN2C(=O)C(C)=O)[C@@H](C)OC(=O)[C@H](Cc2ccc(OC)cc2)N(C)C(=O)[C@@H]2CCCN2C(=O)[C@H](CC(C)C)NC(=O)[C@@H](C)C(=O)[C@H](C(C)C)OC(=O)C[C@@H]1O,[]
CHEMBL4649457,COc1ccccc1CC[C@@H]1CCc2cc([C@H]3CC[C@](N)(CO)C3)ccc2C1,"['S1P1 Agonist', 'Partial Agonist', 'Autoimmune Disease', 'S1P1-R Modulator', 'Autoimmune Disorder', 'Lymphocyte Reducer']"
CHEMBL490029,CC[C@@H](Oc1cccc(-n2c(C)c(C(=O)c3ccc(OC)cc3)c3ccc(OC(F)(F)F)cc32)c1)C(=O)O,"['PPAR Alpha/Gamma Agonist', 'PPAR Gamma Modulator', 'Dyslipidemia']"
CHEMBL5095088,COCCN1C[C@@H](NC(=O)Nc2c(C)c(-c3cnc(C)nc3)nn2-c2ccccc2)[C@H](c2cccc(F)c2)C1,['TRK Kinase Inhibitor']
CHEMBL531,CCCN1C[C@H](CSC)C[C@@H]2c3cccc4[nH]cc(c34)C[C@H]21,"['5-HT 1A Receptor Agonist', 'Dopamine D2 Receptor Antagonist', 'Dopamine Receptor Agonist', 'Dopamine Antagonist', 'Serotonin Receptor', 'Prolactin-Inhibitor']"
CHEMBL5314556,C=C(C)C(=O)Nc1ccc(-c2c(-c3ccc(Oc4nccc(C)n4)c(F)c3)c3c(N)ncnc3n2C)cc1.Cl,[]
CHEMBL5314563,CN1C(=O)[C@H](CCCCN)NC(=O)[C@H](CCCN)NCc2cccnc2Sc2cccc(-c3ccc(C(=O)O)cc3)c2CNC(=O)[C@@H]1Cc1c[nH]c2ccccc12,[]
CHEMBL5314915,C=C1C[C@@H]2CC[C@H]1[C@@H](C(=O)N1CCC3(CC1)CN(c1ncncc1Oc1ccc(F)cc1C(=O)N(C(C)C)C(C)C)C3)N2,[]
CHEMBL60889,CCOc1cc(N)c(Cl)cc1C(=O)NCC1CN(Cc2ccc(F)cc2)CCO1,['Gastrokinetic']
CHEMBL623,CCc1nn(CCCN2CCN(c3cccc(Cl)c3)CC2)c(=O)n1CCOc1ccccc1,[]
CHEMBL65794,CO/N=C(\C(=O)N[C@@H]1C(=O)N2C(C(=O)[O-])=C(C[n+]3cccc4c3CCC4)CS[C@H]12)c1csc(N)n1,['Antibiotic']
CHEMBL697,CN1C(=O)CC(C)(c2ccccc2)C1=O,['Anticonvulsive']
CHEMBL765,N=C(N)NCCN1CCCCCCC1,[]
